DA_DGUID,DA_ID,Municipality,CSD_DGUID,Census_Year,Municipality_Population_2021,Municipality_Population_2016,Municipality_Pop_Growth_Pct,TNR_SF_Pct,TNR_LF_Pct,Data_Quality_Flag,Population,Population_Density_Reported,Land_Area_km2,Age_15_19,Age_20_24,Age_25_29,Age_30_34,Occupied_Dwellings,Apartment_Duplex,Apartment_Under_5_Storeys,Apartment_5Plus_Storeys,Income_Household_Base_100Pct,Median_Household_Income,Income_Household_Base_25Pct,Average_Household_Income,Tenure_Household_Base,Renter_Households,Population_15Plus_Labour_Status,Labour_Force,Employed,Unemployed,Participation_Rate_Reported,Employment_Rate_Reported,Unemployment_Rate_Reported,Flag_1,Flag_6,Flag_7,Flag_14,Flag_15,Flag_16,Flag_17,Flag_41,Flag_45,Flag_46,Flag_47,Flag_228,Flag_229,Flag_237,Flag_238,Flag_1400,Flag_1402,Flag_2223,Flag_2224,Flag_2225,Flag_2226,Flag_2228,Flag_2229,Flag_2230
2021S051235100029,35100029,Kingston,2021A00053510010,2021,132485,123798,7,1.3,0,00000,355,256.8,1.38,20,25,35,20,150,20,5,0,150,78000,160,94000,160,25,335,205,175,30,61.2,52.2,14.6,,,,,,,,,,,,,,,,,,,,,,,,
2021S051235100030,35100030,Kingston,2021A00053510010,2021,132485,123798,7,2.7,4.3,00000,428,858.6,0.5,20,25,30,45,185,35,5,0,185,73000,170,64500,170,40,285,150,140,0,52.6,49.1,0,,,,,,,,,,,,,,,,,,,,,,,,
2021S051235100031,35100031,Kingston,2021A00053510010,2021,132485,123798,7,2.6,0,00000,377,1685.3,0.22,25,15,35,30,155,15,15,0,155,71000,160,86000,160,30,325,225,195,30,69.2,60,13.3,,,,,,,,,,,,,,,,,,,,,,,,
2021S051235100032,35100032,Kingston,2021A00053510010,2021,132485,123798,7,0.6,4.8,00000,403,3208.6,0.13,20,25,30,30,175,5,0,0,175,81000,170,80000,170,10,295,150,130,20,50.8,44.1,13.3,,,,,,,,,,,,,,,,,,,,,,,,
2021S051235100033,35100033,Kingston,2021A00053510010,2021,132485,123798,7,2.2,0,00000,437,3398.1,0.13,10,25,30,40,180,10,0,0,180,75500,185,87000,185,40,350,235,220,20,67.1,62.9,8.5,,,,,,,,,,,,,,,,,,,,,,,,
2021S051235100035,35100035,Kingston,2021A00053510010,2021,132485,123798,7,0.9,1.9,00000,517,9866.4,0.05,35,50,50,35,220,0,110,60,220,43200,225,48400,225,210,380,205,165,40,53.9,43.4,19.5,,,,,,,,,,,,,,,,,,,,,,,,
2021S051235100036,35100036,Kingston,2021A00053510010,2021,132485,123798,7,4.1,6.4,00000,825,3023.1,0.27,55,55,75,70,365,0,5,250,365,48000,370,60200,370,330,705,340,250,90,48.2,35.5,26.5,,,,,,,,,,,,,,,,,,,,,,,,
2021S051235100040,35100040,Kingston,2021A00053510010,2021,132485,123798,7,0.5,0,00000,471,4978.9,0.09,25,30,45,35,185,30,50,0,185,47600,205,52800,205,165,395,150,90,60,38,22.8,40,,,,,,,,,,,,,,,,,,,,,,,,
2021S051235100041,35100041,Kingston,2021A00053510010,2021,132485,123798,7,1.8,3.6,00000,903,811.2,1.11,50,50,95,105,445,30,25,210,450,61200,435,69600,440,330,765,420,350,65,54.9,45.8,15.5,,,,,,,,,,,,,,,,,,,,,,,,
2021S051235100042,35100042,Kingston,2021A00053510010,2021,132485,123798,7,2.7,2.8,00000,619,1631.1,0.38,40,30,45,30,290,5,60,205,295,52400,290,57600,290,270,510,240,215,30,47.1,42.2,12.5,,,,,,,,,,,,,,,,,,,,,,,,
2021S051235100044,35100044,Kingston,2021A00053510010,2021,132485,123798,7,2,3.1,00000,747,2051.1,0.36,15,50,60,65,395,10,190,5,395,51600,415,60200,420,270,715,335,280,55,46.9,39.2,16.4,,,,,,,,,,,,,,,,,,,,,,,,
2021S051235100045,35100045,Kingston,2021A00053510010,2021,132485,123798,7,3.9,0,00000,316,1434.4,0.22,10,20,30,30,125,10,0,0,130,83000,125,77000,125,15,245,180,155,20,73.5,63.3,11.1,,,,,,,,,,,,,,,,,,,,,,,,
2021S051235100046,35100046,Kingston,2021A00053510010,2021,132485,123798,7,2.6,8,00000,423,2363.1,0.18,15,20,35,50,190,30,0,0,185,83000,190,91000,190,50,370,230,210,15,62.2,56.8,6.5,,,,,,,,,,,,,,,,,,,,,,,,
2021S051235100047,35100047,Kingston,2021A00053510010,2021,132485,123798,7,1.8,4.2,00000,601,2813.7,0.21,35,45,55,60,270,20,100,50,270,50000,295,71500,300,225,575,320,275,45,55.7,47.8,14.1,,,,,,,,,,,,,,,,,,,,,,,,
2021S051235100048,35100048,Kingston,2021A00053510010,2021,132485,123798,7,3,7.3,00000,449,2917.5,0.15,15,30,20,50,235,35,25,0,235,66000,215,70000,215,65,365,230,200,35,63,54.8,15.2,,,,,,,,,,,,,,,,,,,,,,,,
2021S051235100049,35100049,Kingston,2021A00053510010,2021,132485,123798,7,5.9,12.7,00010,608,2799.3,0.22,25,35,65,55,290,55,50,0,285,54800,250,60800,250,120,435,280,215,70,64.4,49.4,25,,,,,,,,,,,,,,,,,,,,,,,,
2021S051235100050,35100050,Kingston,2021A00053510010,2021,132485,123798,7,1.8,1.8,00000,475,3922.4,0.12,20,30,65,65,225,50,55,0,225,62800,240,65000,240,145,460,255,220,40,55.4,47.8,15.7,,,,,,,,,,,,,,,,,,,,,,,,
2021S051235100051,35100051,Kingston,2021A00053510010,2021,132485,123798,7,4.7,4.1,00000,428,2180.3,0.2,10,35,35,50,210,40,25,0,210,58800,205,59600,200,65,330,165,150,15,50,45.5,9.1,,,,,,,,,,,,,,,,,,,,,,,,
2021S051235100052,35100052,Kingston,2021A00053510010,2021,132485,123798,7,10.7,10.6,01010,793,4589.1,0.17,35,190,115,50,440,40,215,75,440,39600,450,54400,450,350,730,415,325,95,56.8,44.5,22.9,,,,,,,,,,,,,,,,,,,,,,,,
2021S051235100053,35100053,Kingston,2021A00053510010,2021,132485,123798,7,5.6,9.4,00000,685,6722.3,0.1,20,75,95,65,465,15,80,315,460,37200,480,47400,480,440,660,395,325,75,59.8,49.2,19,,,,,,,,,,,,,,,,,,,,,,,,
2021S051235100054,35100054,Kingston,2021A00053510010,2021,132485,123798,7,5.1,8.1,00000,453,4713.8,0.1,25,60,70,45,235,15,90,0,235,65500,255,77000,255,150,445,305,265,40,68.5,59.6,13.1,,,,,,,,,,,,,,,,,,,,,,,,
2021S051235100055,35100055,Kingston,2021A00053510010,2021,132485,123798,7,5.3,7.5,00000,505,4383.7,0.12,15,50,60,45,265,30,125,0,265,62000,265,74000,265,165,435,360,305,50,82.8,70.1,13.9,,,,,,,,,,,,,,,,,,,,,,,,
2021S051235100056,35100056,Kingston,2021A00053510010,2021,132485,123798,7,3.5,1.9,00000,469,3585.6,0.13,30,40,40,35,230,15,40,0,230,76000,235,94000,235,100,420,270,255,15,64.3,60.7,5.6,,,,,,,,,,,,,,,,,,,,,,,,
2021S051235100057,35100057,Kingston,2021A00053510010,2021,132485,123798,7,4.7,7.9,00000,469,3401,0.14,20,55,75,45,240,25,70,0,235,66500,270,95000,270,140,485,340,265,75,70.1,54.6,22.1,,,,,,,,,,,,,,,,,,,,,,,,
2021S051235100058,35100058,Kingston,2021A00053510010,2021,132485,123798,7,2.5,9.8,00000,694,2123,0.33,40,50,55,40,320,15,65,10,320,70000,320,98800,320,145,565,325,285,40,57.5,50.4,12.3,,,,,,,,,,,,,,,,,,,,,,,,
2021S051235100059,35100059,Kingston,2021A00053510010,2021,132485,123798,7,2.4,5.5,00000,614,10000,0.06,15,40,150,145,290,0,175,60,290,54000,300,54800,300,270,525,340,295,35,64.8,56.2,10.3,,,,,,,,,,,,,,,,,,,,,,,,
2021S051235100060,35100060,Kingston,2021A00053510010,2021,132485,123798,7,3,6,00000,544,3157.3,0.17,10,30,25,25,335,20,75,150,330,46400,335,61800,335,205,495,180,160,15,36.4,32.3,8.3,,,,,,,,,,,,,,,,,,,,,,,,
2021S051235100061,35100061,Kingston,2021A00053510010,2021,132485,123798,7,3.4,9.9,00000,496,5061.2,0.1,10,50,75,55,325,10,270,35,325,44400,335,52200,335,305,475,280,225,55,58.9,47.4,19.6,,,,,,,,,,,,,,,,,,,,,,,,
2021S051235100062,35100062,Kingston,2021A00053510010,2021,132485,123798,7,2,3.2,00000,1183,2425.2,0.49,35,105,135,100,615,10,125,405,615,49200,625,53200,625,555,925,525,455,70,56.8,49.2,13.3,,,,,,,,,,,,,,,,,,,,,,,,
2021S051235100063,35100063,Kingston,2021A00053510010,2021,132485,123798,7,1.8,2.9,00000,1030,6261.4,0.16,30,75,85,65,565,10,75,425,565,53200,565,59800,565,445,925,430,335,90,46.5,36.2,20.9,,,,,,,,,,,,,,,,,,,,,,,,
2021S051235100064,35100064,Kingston,2021A00053510010,2021,132485,123798,7,1.9,5.5,00000,913,4176.6,0.22,20,105,105,85,575,0,150,395,575,40000,570,49800,570,540,860,425,365,60,49.4,42.4,14.1,,,,,,,,,,,,,,,,,,,,,,,,
2021S051235100065,35100065,Kingston,2021A00053510010,2021,132485,123798,7,3.3,13.2,00010,764,3333.3,0.23,35,70,80,70,365,0,50,240,370,52400,335,58400,340,325,580,390,280,105,67.2,48.3,26.9,,,,,,,,,,,,,,,,,,,,,,,,
2021S051235100069,35100069,Kingston,2021A00053510010,2021,132485,123798,7,2.9,5,00000,772,870.3,0.89,25,50,55,50,410,5,230,0,410,69000,410,82000,410,180,645,340,275,65,52.7,42.6,19.1,,,,,,,,,,,,,,,,,,,,,,,,
2021S051235100072,35100072,Kingston,2021A00053510010,2021,132485,123798,7,0,7.7,00909,651,169.8,3.83,0,0,110,115,50,0,0,50,,,,,55,55,60,10,0,0,16.7,0,0,,,,,,,,,,,,6,6,6,6,,,,,,,,,
2021S051235100073,35100073,Kingston,2021A00053510010,2021,132485,123798,7,1.3,1,00000,768,548.3,1.4,20,50,80,60,395,0,80,155,400,75000,420,82000,425,295,785,455,385,65,58,49,14.3,,,,,,,,,,,,,,,,,,,,,,,,
2021S051235100074,35100074,Kingston,2021A00053510010,2021,132485,123798,7,0,5.9,00000,350,5932.2,0.06,20,50,45,40,145,0,80,0,140,62400,140,61000,140,125,245,175,140,40,71.4,57.1,22.9,,,,,,,,,,,,,,,,,,,,,,,,
2021S051235100075,35100075,Kingston,2021A00053510010,2021,132485,123798,7,4,4.8,00000,698,3416.5,0.2,15,50,55,55,495,5,165,305,495,42400,500,50800,500,480,650,315,240,75,48.5,36.9,23.8,,,,,,,,,,,,,,,,,,,,,,,,
2021S051235100076,35100076,Kingston,2021A00053510010,2021,132485,123798,7,0.6,2.3,00000,471,2314.5,0.2,30,30,20,20,175,0,0,0,175,111000,175,115000,170,0,405,225,170,50,55.6,42,22.2,,,,,,,,,,,,,,,,,,,,,,,,
2021S051235100077,35100077,Kingston,2021A00053510010,2021,132485,123798,7,2.4,4.5,00000,435,1952.4,0.22,25,35,20,20,170,0,0,0,170,113000,165,136000,165,10,380,245,225,20,64.5,59.2,8.2,,,,,,,,,,,,,,,,,,,,,,,,
2021S051235100078,35100078,Kingston,2021A00053510010,2021,132485,123798,7,1.3,0,00000,519,2014.8,0.26,25,35,25,35,225,10,0,0,225,86000,225,110000,225,25,475,310,285,20,65.3,60,6.5,,,,,,,,,,,,,,,,,,,,,,,,
2021S051235100079,35100079,Kingston,2021A00053510010,2021,132485,123798,7,1,0,00000,558,2519.2,0.22,40,20,30,30,205,5,0,0,205,107000,200,118000,200,10,440,260,255,0,59.1,58,0,,,,,,,,,,,,,,,,,,,,,,,,
2021S051235100080,35100080,Kingston,2021A00053510010,2021,132485,123798,7,0,3.6,00000,300,1724.1,0.17,20,15,10,15,115,0,0,0,115,136000,105,128000,105,0,215,130,120,10,60.5,55.8,7.7,,,,,,,,,,,,,,,,,,,,,,,,
2021S051235100081,35100081,Kingston,2021A00053510010,2021,132485,123798,7,0,0,00000,594,2160,0.28,45,15,20,25,240,5,0,0,235,102000,250,110000,250,15,505,255,235,20,50.5,46.5,7.8,,,,,,,,,,,,,,,,,,,,,,,,
2021S051235100082,35100082,Kingston,2021A00053510010,2021,132485,123798,7,1.1,2.3,00000,442,1702,0.26,20,25,20,20,190,5,0,0,185,106000,180,125000,180,0,380,155,140,20,40.8,36.8,12.9,,,,,,,,,,,,,,,,,,,,,,,,
2021S051235100083,35100083,Kingston,2021A00053510010,2021,132485,123798,7,0.5,0,00000,534,2258.9,0.24,25,25,35,30,205,0,0,0,210,116000,205,128000,210,0,465,280,250,30,60.2,53.8,10.7,,,,,,,,,,,,,,,,,,,,,,,,
2021S051235100084,35100084,Kingston,2021A00053510010,2021,132485,123798,7,1.5,2,00000,418,2080.6,0.2,15,5,30,35,200,10,15,50,200,61600,215,72500,215,75,390,215,195,20,55.1,50,9.3,,,,,,,,,,,,,,,,,,,,,,,,
2021S051235100085,35100085,Kingston,2021A00053510010,2021,132485,123798,7,0.6,2.4,00000,348,2286.5,0.15,15,20,15,25,160,5,0,0,160,77500,160,77000,165,25,305,205,175,25,67.2,57.4,12.2,,,,,,,,,,,,,,,,,,,,,,,,
2021S051235100086,35100086,Kingston,2021A00053510010,2021,132485,123798,7,0,4.3,00000,481,1544.1,0.31,25,30,10,15,190,5,5,0,190,126000,185,143000,185,20,420,225,200,25,53.6,47.6,11.1,,,,,,,,,,,,,,,,,,,,,,,,
2021S051235100087,35100087,Kingston,2021A00053510010,2021,132485,123798,7,1,2.2,00000,469,2040.9,0.23,30,25,20,35,190,20,20,0,195,92000,190,88000,190,35,360,220,190,30,61.1,52.8,13.6,,,,,,,,,,,,,,,,,,,,,,,,
2021S051235100088,35100088,Kingston,2021A00053510010,2021,132485,123798,7,1.9,5.3,00000,392,226.5,1.73,20,15,5,5,155,0,5,0,155,152000,150,200000,150,15,320,165,135,30,51.6,42.2,18.2,,,,,,,,,,,,,,,,,,,,,,,,
2021S051235100089,35100089,Kingston,2021A00053510010,2021,132485,123798,7,1.7,3.7,00000,1330,245.4,5.42,85,70,70,65,535,10,5,0,530,112000,520,129500,525,60,1130,680,620,60,60.2,54.9,8.8,,,,,,,,,,,,,,,,,,,,,,,,
2021S051235100090,35100090,Kingston,2021A00053510010,2021,132485,123798,7,0.5,0,00000,593,2481.2,0.24,30,20,20,15,215,0,0,0,210,170000,210,216000,210,0,485,290,260,25,59.8,53.6,8.6,,,,,,,,,,,,,,,,,,,,,,,,
2021S051235100092,35100092,Kingston,2021A00053510010,2021,132485,123798,7,0.4,1.5,00000,716,2007.3,0.36,55,40,45,50,260,10,0,0,265,105000,260,116000,260,50,580,410,360,50,70.7,62.1,12.2,,,,,,,,,,,,,,,,,,,,,,,,
2021S051235100093,35100093,Kingston,2021A00053510010,2021,132485,123798,7,0.5,2.2,00000,463,2134.6,0.22,25,15,15,30,185,5,0,0,180,102000,185,117000,180,15,385,210,185,20,54.5,48.1,9.5,,,,,,,,,,,,,,,,,,,,,,,,
2021S051235100094,35100094,Kingston,2021A00053510010,2021,132485,123798,7,1.1,1.4,00000,727,3001.7,0.24,40,30,50,50,285,5,0,0,285,84000,285,95000,285,50,585,320,285,35,54.7,48.7,10.9,,,,,,,,,,,,,,,,,,,,,,,,
2021S051235100095,35100095,Kingston,2021A00053510010,2021,132485,123798,7,0,0,00000,339,2492.6,0.14,20,15,15,15,135,0,0,0,135,105000,130,142000,130,0,310,205,185,15,66.1,59.7,7.3,,,,,,,,,,,,,,,,,,,,,,,,
2021S051235100096,35100096,Kingston,2021A00053510010,2021,132485,123798,7,1.6,0,00000,645,1846.6,0.35,30,45,30,50,255,5,30,0,255,104000,275,113000,275,55,615,400,370,25,65,60.2,6.3,,,,,,,,,,,,,,,,,,,,,,,,
2021S051235100097,35100097,Kingston,2021A00053510010,2021,132485,123798,7,2.6,1.8,00000,614,3299.3,0.19,40,40,35,35,230,5,5,0,230,93000,225,96000,230,45,500,305,275,30,61,55,9.8,,,,,,,,,,,,,,,,,,,,,,,,
2021S051235100098,35100098,Kingston,2021A00053510010,2021,132485,123798,7,1,4,00000,516,5352.7,0.1,25,35,35,65,300,0,145,105,300,53600,310,64000,310,190,490,280,235,45,57.1,48,16.1,,,,,,,,,,,,,,,,,,,,,,,,
2021S051235100099,35100099,Kingston,2021A00053510010,2021,132485,123798,7,0,0,00000,469,2608.5,0.18,35,15,15,30,175,0,0,0,175,105000,180,117000,185,15,400,240,230,10,60,57.5,4.2,,,,,,,,,,,,,,,,,,,,,,,,
2021S051235100100,35100100,Kingston,2021A00053510010,2021,132485,123798,7,0.7,1.6,00000,569,4476.8,0.13,25,40,45,45,265,5,160,0,270,69500,260,76000,260,170,460,320,260,60,69.6,56.5,18.8,,,,,,,,,,,,,,,,,,,,,,,,
2021S051235100101,35100101,Kingston,2021A00053510010,2021,132485,123798,7,0.9,3.8,00009,307,7524.5,0.04,20,15,20,30,110,0,0,0,110,76500,,,105,30,185,110,105,10,59.5,56.8,9.1,,,,,,,,,,,,,,6,6,,,,,,,,,
2021S051235100102,35100102,Kingston,2021A00053510010,2021,132485,123798,7,0,0,00909,237,6830,0.03,20,15,10,15,95,0,0,0,,,,,90,35,160,100,100,0,62.5,62.5,0,,,,,,,,,,,,6,6,6,6,,,,,,,,,
2021S051235100103,35100103,Kingston,2021A00053510010,2021,132485,123798,7,1.7,4.5,00000,434,2085.5,0.21,15,15,20,20,170,5,5,0,170,113000,165,127000,165,20,385,220,200,20,57.1,51.9,9.1,,,,,,,,,,,,,,,,,,,,,,,,
2021S051235100104,35100104,Kingston,2021A00053510010,2021,132485,123798,7,0,0,00000,622,2459.5,0.25,55,30,15,20,215,5,0,0,215,140000,205,143000,205,0,500,290,270,20,58,54,6.9,,,,,,,,,,,,,,,,,,,,,,,,
2021S051235100105,35100105,Kingston,2021A00053510010,2021,132485,123798,7,0.8,2.9,00000,392,3197.4,0.12,35,25,10,20,135,0,0,0,135,143000,130,176000,130,0,345,190,175,10,55.1,50.7,5.3,,,,,,,,,,,,,,,,,,,,,,,,
2021S051235100106,35100106,Kingston,2021A00053510010,2021,132485,123798,7,0.7,0.9,00000,1344,1564.8,0.86,105,105,45,45,445,5,0,0,450,138000,460,156500,460,15,1135,800,725,70,70.5,63.9,8.8,,,,,,,,,,,,,,,,,,,,,,,,
2021S051235100107,35100107,Kingston,2021A00053510010,2021,132485,123798,7,1,0,00000,570,2066.7,0.28,35,35,10,15,195,5,0,0,195,141000,190,162000,190,0,465,275,245,30,59.1,52.7,10.9,,,,,,,,,,,,,,,,,,,,,,,,
2021S051235100108,35100108,Kingston,2021A00053510010,2021,132485,123798,7,0,0,00000,493,3197.1,0.15,45,20,10,35,160,5,0,0,160,137000,160,148000,160,0,375,240,215,20,64,57.3,8.3,,,,,,,,,,,,,,,,,,,,,,,,
2021S051235100109,35100109,Kingston,2021A00053510010,2021,132485,123798,7,0.5,0,00000,580,2121.4,0.27,60,30,10,25,200,0,0,0,195,143000,190,180000,190,0,455,295,275,20,64.8,60.4,6.8,,,,,,,,,,,,,,,,,,,,,,,,
2021S051235100110,35100110,Kingston,2021A00053510010,2021,132485,123798,7,0.6,0,00000,429,1753.2,0.24,15,15,10,30,170,0,0,0,175,91000,175,95000,175,15,370,160,155,10,43.2,41.9,6.3,,,,,,,,,,,,,,,,,,,,,,,,
2021S051235100111,35100111,Kingston,2021A00053510010,2021,132485,123798,7,2.1,0,00000,363,1250.4,0.29,15,20,25,25,150,10,0,0,145,100000,155,98000,150,25,335,205,185,20,61.2,55.2,9.8,,,,,,,,,,,,,,,,,,,,,,,,
2021S051235100112,35100112,Kingston,2021A00053510010,2021,132485,123798,7,0.6,0,00000,369,1525.4,0.24,20,10,10,10,160,0,0,0,165,98000,170,110000,170,10,340,165,150,20,48.5,44.1,12.1,,,,,,,,,,,,,,,,,,,,,,,,
2021S051235100113,35100113,Kingston,2021A00053510010,2021,132485,123798,7,0.4,5,00000,626,1586,0.39,35,35,35,35,245,5,0,0,245,105000,245,114000,245,25,510,345,320,25,67.6,62.7,7.2,,,,,,,,,,,,,,,,,,,,,,,,
2021S051235100114,35100114,Kingston,2021A00053510010,2021,132485,123798,7,0.9,0,00000,293,2654,0.11,20,20,15,10,110,5,0,0,110,134000,105,138000,105,0,235,135,130,10,57.4,55.3,7.4,,,,,,,,,,,,,,,,,,,,,,,,
2021S051235100115,35100115,Kingston,2021A00053510010,2021,132485,123798,7,1.3,5.4,00000,355,2266.9,0.16,10,10,20,30,150,5,0,0,155,102000,140,110000,140,0,295,170,160,15,57.6,54.2,8.8,,,,,,,,,,,,,,,,,,,,,,,,
2021S051235100116,35100116,Kingston,2021A00053510010,2021,132485,123798,7,0.5,3.8,00000,524,1187.7,0.44,25,35,25,20,205,10,0,0,205,104000,205,122000,205,30,435,255,225,30,58.6,51.7,11.8,,,,,,,,,,,,,,,,,,,,,,,,
2021S051235100119,35100119,Kingston,2021A00053510010,2021,132485,123798,7,1.2,4.8,00000,639,2655.9,0.24,30,25,40,35,255,0,0,0,260,91000,245,88000,245,25,490,335,305,30,68.4,62.2,9,,,,,,,,,,,,,,,,,,,,,,,,
2021S051235100120,35100120,Kingston,2021A00053510010,2021,132485,123798,7,1.1,1.6,00000,705,116.4,6.06,40,45,35,25,260,0,10,0,265,124000,250,166000,255,10,615,420,390,35,68.3,63.4,8.3,,,,,,,,,,,,,,,,,,,,,,,,
2021S051235100122,35100122,Kingston,2021A00053510010,2021,132485,123798,7,1.1,3.9,00000,2601,193.8,13.42,170,105,105,135,925,10,10,0,925,124000,920,138400,920,120,2005,1375,1240,135,68.6,61.8,9.8,,,,,,,,,,,,,,,,,,,,,,,,
2021S051235100124,35100124,Kingston,2021A00053510010,2021,132485,123798,7,1.2,2,00000,1007,1200.1,0.84,55,65,75,85,405,0,5,0,405,89000,410,93600,410,70,885,615,535,80,69.5,60.5,13,,,,,,,,,,,,,,,,,,,,,,,,
2021S051235100125,35100125,Kingston,2021A00053510010,2021,132485,123798,7,0.6,1.3,00000,836,3231.5,0.26,55,45,45,80,310,0,15,0,305,97000,320,99600,325,35,730,500,415,85,68.5,56.8,17,,,,,,,,,,,,,,,,,,,,,,,,
2021S051235100126,35100126,Kingston,2021A00053510010,2021,132485,123798,7,1.4,2.5,00000,881,4731.5,0.19,20,30,50,50,485,0,25,290,490,65500,485,73600,485,335,795,350,300,50,44,37.7,14.3,,,,,,,,,,,,,,,,,,,,,,,,
2021S051235100127,35100127,Kingston,2021A00053510010,2021,132485,123798,7,1.5,4,00000,511,2857.9,0.18,30,20,25,25,200,0,0,0,200,113000,200,125000,200,15,425,250,200,50,58.8,47.1,20,,,,,,,,,,,,,,,,,,,,,,,,
2021S051235100128,35100128,Kingston,2021A00053510010,2021,132485,123798,7,0.7,0,00000,397,3538.3,0.11,15,15,25,25,140,0,0,0,140,125000,150,132000,145,0,315,210,195,20,66.7,61.9,9.5,,,,,,,,,,,,,,,,,,,,,,,,
2021S051235100129,35100129,Kingston,2021A00053510010,2021,132485,123798,7,1.1,4.2,00000,643,1567.1,0.41,25,40,30,25,280,5,0,160,280,70000,285,90000,290,165,565,265,230,30,46.9,40.7,11.3,,,,,,,,,,,,,,,,,,,,,,,,
2021S051235100130,35100130,Kingston,2021A00053510010,2021,132485,123798,7,2.1,1.3,00000,738,2984.2,0.25,20,35,55,35,330,0,35,190,330,66000,330,72400,325,145,485,260,225,35,53.6,46.4,13.5,,,,,,,,,,,,,,,,,,,,,,,,
2021S051235100131,35100131,Kingston,2021A00053510010,2021,132485,123798,7,3,0,00000,292,3935.3,0.07,20,15,20,15,95,0,0,0,100,106000,95,110000,95,10,220,155,140,10,70.5,63.6,6.5,,,,,,,,,,,,,,,,,,,,,,,,
2021S051235100132,35100132,Kingston,2021A00053510010,2021,132485,123798,7,1.9,2.6,00000,749,3321.5,0.23,40,30,60,55,310,0,10,0,315,88000,320,95000,320,40,610,410,395,15,67.2,64.8,3.7,,,,,,,,,,,,,,,,,,,,,,,,
2021S051235100133,35100133,Kingston,2021A00053510010,2021,132485,123798,7,0.4,0,00000,749,2809.5,0.27,40,35,35,35,235,20,0,0,235,91000,250,107000,250,65,520,330,295,35,63.5,56.7,10.6,,,,,,,,,,,,,,,,,,,,,,,,
2021S051235100134,35100134,Kingston,2021A00053510010,2021,132485,123798,7,5.2,9,00000,1435,2227.6,0.64,100,70,90,90,600,45,55,90,600,93000,585,109600,585,210,1205,720,655,70,59.8,54.4,9.7,,,,,,,,,,,,,,,,,,,,,,,,
2021S051235100135,35100135,Kingston,2021A00053510010,2021,132485,123798,7,1.2,5.1,00000,334,635.9,0.53,10,15,30,25,160,5,15,55,160,64000,155,69000,150,95,260,120,100,15,46.2,38.5,12.5,,,,,,,,,,,,,,,,,,,,,,,,
2021S051235100136,35100136,Kingston,2021A00053510010,2021,132485,123798,7,1.6,4.3,00000,763,1353.6,0.56,30,50,70,65,370,0,0,255,370,47600,370,60800,370,310,625,360,275,85,57.6,44,23.6,,,,,,,,,,,,,,,,,,,,,,,,
2021S051235100137,35100137,Kingston,2021A00053510010,2021,132485,123798,7,3.3,1.6,00000,536,2777.2,0.19,30,35,50,40,245,15,20,0,240,68000,255,79500,255,140,465,290,255,35,62.4,54.8,12.1,,,,,,,,,,,,,,,,,,,,,,,,
2021S051235100138,35100138,Kingston,2021A00053510010,2021,132485,123798,7,0.5,0,00000,457,1912.1,0.24,25,15,25,30,200,15,30,0,205,102000,220,122000,220,55,410,275,250,25,67.1,61,9.1,,,,,,,,,,,,,,,,,,,,,,,,
2021S051235100139,35100139,Kingston,2021A00053510010,2021,132485,123798,7,3.2,3.6,00000,295,2408.2,0.12,15,10,20,25,125,10,10,0,120,98000,110,122000,110,15,240,135,135,0,56.3,56.3,0,,,,,,,,,,,,,,,,,,,,,,,,
2021S051235100140,35100140,Kingston,2021A00053510010,2021,132485,123798,7,1.2,2.6,00000,539,3370.9,0.16,35,25,25,25,160,5,0,0,155,107000,155,130000,160,15,360,195,185,10,54.2,51.4,5.1,,,,,,,,,,,,,,,,,,,,,,,,
2021S051235100141,35100141,Kingston,2021A00053510010,2021,132485,123798,7,0.5,4.3,00000,454,2650.3,0.17,20,10,30,30,185,0,5,0,185,98000,185,116000,185,20,360,235,205,35,65.3,56.9,14.9,,,,,,,,,,,,,,,,,,,,,,,,
2021S051235100142,35100142,Kingston,2021A00053510010,2021,132485,123798,7,3.7,10.2,00010,603,4516.9,0.13,35,40,60,45,240,0,0,0,240,75500,220,94000,220,50,495,355,275,80,71.7,55.6,22.5,,,,,,,,,,,,,,,,,,,,,,,,
2021S051235100144,35100144,Kingston,2021A00053510010,2021,132485,123798,7,2.1,2,00000,452,1557,0.29,20,25,30,15,190,5,10,0,195,110000,195,119000,195,40,395,210,160,50,53.2,40.5,23.8,,,,,,,,,,,,,,,,,,,,,,,,
2021S051235100148,35100148,Kingston,2021A00053510010,2021,132485,123798,7,2.2,3.8,00000,805,13879.3,0.06,20,115,100,85,515,0,300,170,510,42000,560,49800,565,425,870,580,495,90,66.7,56.9,15.5,,,,,,,,,,,,,,,,,,,,,,,,
2021S051235100149,35100149,Kingston,2021A00053510010,2021,132485,123798,7,2.9,5.9,00000,719,12145.3,0.06,35,55,90,70,340,0,210,110,340,52800,340,57800,335,320,585,375,310,65,64.1,53,17.3,,,,,,,,,,,,,,,,,,,,,,,,
2021S051235100151,35100151,Kingston,2021A00053510010,2021,132485,123798,7,2.7,2.7,00000,716,2695.8,0.27,45,70,55,45,290,20,0,0,295,92000,305,94000,305,50,560,310,290,20,55.4,51.8,6.5,,,,,,,,,,,,,,,,,,,,,,,,
2021S051235100152,35100152,Kingston,2021A00053510010,2021,132485,123798,7,2.2,0,00000,444,2056.5,0.22,30,30,30,20,185,10,0,0,185,96000,205,122000,205,50,455,305,270,40,67,59.3,13.1,,,,,,,,,,,,,,,,,,,,,,,,
2021S051235100153,35100153,Kingston,2021A00053510010,2021,132485,123798,7,1.5,5.9,00000,475,2715.8,0.17,20,15,25,30,205,0,5,0,200,94000,205,96000,205,40,380,225,200,20,59.2,52.6,8.9,,,,,,,,,,,,,,,,,,,,,,,,
2021S051235100154,35100154,Kingston,2021A00053510010,2021,132485,123798,7,3.6,3.8,00000,479,3354.3,0.14,25,45,65,40,220,15,95,0,220,69000,220,88000,220,120,430,290,250,40,67.4,58.1,13.8,,,,,,,,,,,,,,,,,,,,,,,,
2021S051235100155,35100155,Kingston,2021A00053510010,2021,132485,123798,7,5.5,10.3,00010,434,1825.8,0.24,65,95,55,25,165,25,5,0,165,77500,160,114000,160,80,450,300,220,85,66.7,48.9,28.3,,,,,,,,,,,,,,,,,,,,,,,,
2021S051235100156,35100156,Kingston,2021A00053510010,2021,132485,123798,7,4.1,7.3,00000,946,2180.7,0.43,100,150,150,65,445,25,10,280,445,48000,465,54800,465,405,870,495,380,115,56.9,43.7,23.2,,,,,,,,,,,,,,,,,,,,,,,,
2021S051235100157,35100157,Kingston,2021A00053510010,2021,132485,123798,7,3.8,7.9,00000,563,879.8,0.64,20,60,45,25,260,25,25,110,265,72000,240,78500,240,95,355,165,135,30,46.5,38,18.2,,,,,,,,,,,,,,,,,,,,,,,,
2021S051235100158,35100158,Kingston,2021A00053510010,2021,132485,123798,7,5.2,8.3,00000,350,1977.4,0.18,10,45,50,20,170,30,45,0,175,70500,145,84000,150,70,270,170,150,20,63,55.6,11.8,,,,,,,,,,,,,,,,,,,,,,,,
2021S051235100159,35100159,Kingston,2021A00053510010,2021,132485,123798,7,7,5.1,00000,342,3114.8,0.11,10,25,25,50,170,20,30,0,170,79000,165,96000,160,85,255,170,165,0,66.7,64.7,0,,,,,,,,,,,,,,,,,,,,,,,,
2021S051235100162,35100162,Kingston,2021A00053510010,2021,132485,123798,7,6.8,13.3,00010,253,2402.7,0.11,30,30,25,5,120,20,10,0,120,87000,125,94000,125,55,250,145,110,30,58,44,20.7,,,,,,,,,,,,,,,,,,,,,,,,
2021S051235100163,35100163,Kingston,2021A00053510010,2021,132485,123798,7,7.3,12.5,00010,352,1068.9,0.33,35,25,15,10,135,10,10,0,140,174000,120,196000,120,35,250,115,100,10,46,40,8.7,,,,,,,,,,,,,,,,,,,,,,,,
2021S051235100164,35100164,Kingston,2021A00053510010,2021,132485,123798,7,1.3,0,00000,409,1691.5,0.24,30,35,15,15,155,5,15,0,155,123000,160,172000,155,25,400,280,255,35,70,63.8,12.5,,,,,,,,,,,,,,,,,,,,,,,,
2021S051235100165,35100165,Kingston,2021A00053510010,2021,132485,123798,7,4.5,0,00000,541,1538.7,0.35,15,70,110,70,290,15,85,100,290,48800,320,57200,320,295,520,380,315,65,73.1,60.6,17.1,,,,,,,,,,,,,,,,,,,,,,,,
2021S051235100166,35100166,Kingston,2021A00053510010,2021,132485,123798,7,1.7,3.2,00000,321,2652.9,0.12,25,25,10,15,115,10,5,0,120,178000,135,196000,135,15,290,195,180,15,67.2,62.1,7.7,,,,,,,,,,,,,,,,,,,,,,,,
2021S051235100167,35100167,Kingston,2021A00053510010,2021,132485,123798,7,13.7,13.1,01010,607,3007.9,0.2,75,70,20,15,230,15,25,0,225,143000,235,282000,235,45,505,330,290,40,65.3,57.4,12.1,,,,,,,,,,,,,,,,,,,,,,,,
2021S051235100168,35100168,Kingston,2021A00053510010,2021,132485,123798,7,27.8,23.1,02020,360,2931.6,0.12,60,105,15,5,150,20,20,0,150,74500,140,116000,140,65,360,215,185,30,59.7,51.4,14,,,,,,,,,,,,,,,,,,,,,,,,
2021S051235100169,35100169,Kingston,2021A00053510010,2021,132485,123798,7,14.2,15.4,01010,412,1948.9,0.21,45,65,40,15,170,20,25,0,165,125000,140,244000,140,45,295,155,115,35,52.5,39,22.6,,,,,,,,,,,,,,,,,,,,,,,,
2021S051235100170,35100170,Kingston,2021A00053510010,2021,132485,123798,7,47.7,41.4,04049,293,445.8,0.66,65,155,15,5,140,10,60,0,145,37600,,,95,70,245,160,105,55,65.3,42.9,34.4,,,,,,,,,,,,,,6,6,,,,,,,,,
2021S051235100171,35100171,Kingston,2021A00053510010,2021,132485,123798,7,32.3,31.5,03030,551,4311.4,0.13,70,290,60,35,285,30,100,110,280,41200,245,60800,250,235,495,335,225,105,67.7,45.5,31.3,,,,,,,,,,,,,,,,,,,,,,,,
2021S051235100172,35100172,Kingston,2021A00053510010,2021,132485,123798,7,21.8,22.2,02020,511,6653.6,0.08,30,160,90,55,315,5,145,145,320,35600,300,49200,300,290,425,340,280,55,80,65.9,16.2,,,,,,,,,,,,,,,,,,,,,,,,
2021S051235100173,35100173,Kingston,2021A00053510010,2021,132485,123798,7,7.2,7.1,00000,494,7462.2,0.07,40,110,60,45,245,25,110,0,250,50000,230,62400,230,175,435,295,205,90,67.8,47.1,30.5,,,,,,,,,,,,,,,,,,,,,,,,
2021S051235100174,35100174,Kingston,2021A00053510010,2021,132485,123798,7,6.1,3.8,00000,617,6043.1,0.1,15,30,55,45,210,15,85,0,210,58800,220,77000,220,125,330,250,230,20,75.8,69.7,8,,,,,,,,,,,,,,,,,,,,,,,,
2021S051235100175,35100175,Kingston,2021A00053510010,2021,132485,123798,7,7.4,4.6,00000,553,6768.7,0.08,30,55,85,65,285,45,100,0,280,61200,265,80000,265,170,495,330,280,50,66.7,56.6,15.2,,,,,,,,,,,,,,,,,,,,,,,,
2021S051235100176,35100176,Kingston,2021A00053510010,2021,132485,123798,7,4,8.6,00000,682,7421.1,0.09,25,85,105,65,325,30,155,0,325,57200,330,63600,330,220,555,390,335,60,70.3,60.4,15.4,,,,,,,,,,,,,,,,,,,,,,,,
2021S051235100177,35100177,Kingston,2021A00053510010,2021,132485,123798,7,2.4,3.3,00000,468,3952.7,0.12,10,30,50,50,245,20,120,0,245,58400,255,76500,260,145,425,270,220,55,63.5,51.8,20.4,,,,,,,,,,,,,,,,,,,,,,,,
2021S051235100178,35100178,Kingston,2021A00053510010,2021,132485,123798,7,5.7,13,00010,447,4822,0.09,15,30,55,65,225,40,55,0,230,63200,200,82000,205,115,345,260,225,40,75.4,65.2,15.4,,,,,,,,,,,,,,,,,,,,,,,,
2021S051235100179,35100179,Kingston,2021A00053510010,2021,132485,123798,7,5,3.8,00000,946,1564.9,0.6,45,65,60,45,415,20,235,5,410,44000,450,53800,450,350,730,335,270,60,45.9,37,17.9,,,,,,,,,,,,,,,,,,,,,,,,
2021S051235100180,35100180,Kingston,2021A00053510010,2021,132485,123798,7,3.1,5.3,00000,447,3737.5,0.12,10,40,55,45,225,20,110,5,230,53200,250,66500,250,145,460,270,220,50,58.7,47.8,18.5,,,,,,,,,,,,,,,,,,,,,,,,
2021S051235100181,35100181,Kingston,2021A00053510010,2021,132485,123798,7,3,8.2,00000,709,940.6,0.75,35,40,65,60,335,55,125,0,335,44000,325,51000,320,255,520,275,210,65,52.9,40.4,23.6,,,,,,,,,,,,,,,,,,,,,,,,
2021S051235100182,35100182,Kingston,2021A00053510010,2021,132485,123798,7,8.6,10.5,00010,549,5922.3,0.09,20,30,70,50,290,20,120,45,290,46800,295,66500,295,220,475,270,250,30,56.8,52.6,11.1,,,,,,,,,,,,,,,,,,,,,,,,
2021S051235100183,35100183,Kingston,2021A00053510010,2021,132485,123798,7,4.3,10.8,00010,438,8488.4,0.05,10,50,100,65,255,30,180,0,255,47200,275,54400,275,245,405,300,250,55,74.1,61.7,18.3,,,,,,,,,,,,,,,,,,,,,,,,
2021S051235100184,35100184,Kingston,2021A00053510010,2021,132485,123798,7,8.9,9.8,00000,493,6093.9,0.08,35,80,100,50,260,55,105,0,255,49200,255,58800,255,195,445,300,210,90,67.4,47.2,30,,,,,,,,,,,,,,,,,,,,,,,,
2021S051235100185,35100185,Kingston,2021A00053510010,2021,132485,123798,7,19.8,22.6,01020,489,4851.2,0.1,35,175,85,30,255,30,150,10,250,40400,220,64500,220,165,375,265,195,75,70.7,52,28.3,,,,,,,,,,,,,,,,,,,,,,,,
2021S051235100186,35100186,Kingston,2021A00053510010,2021,132485,123798,7,19.1,22.1,01020,483,2430.8,0.2,65,155,90,40,265,50,140,0,265,48400,250,50400,245,195,435,330,250,80,75.9,57.5,24.2,,,,,,,,,,,,,,,,,,,,,,,,
2021S051235100187,35100187,Kingston,2021A00053510010,2021,132485,123798,7,29.2,38.3,02039,386,3145.9,0.12,55,135,25,20,200,35,70,15,205,44400,,,130,95,190,130,110,25,68.4,57.9,19.2,,,,,,,,,,,,,,6,6,,,,,,,,,
2021S051235100188,35100188,Kingston,2021A00053510010,2021,132485,123798,7,14.4,17.6,01010,501,3266,0.15,35,110,80,50,270,20,110,20,270,43600,265,67000,265,200,490,340,255,90,69.4,52,26.5,,,,,,,,,,,,,,,,,,,,,,,,
2021S051235100189,35100189,Kingston,2021A00053510010,2021,132485,123798,7,44.8,39.7,04030,608,2606.1,0.23,190,270,45,20,280,40,120,0,275,38000,220,72500,220,190,525,390,235,160,74.3,44.8,41,,,,,,,,,,,,,,,,,,,,,,,,
2021S051235100190,35100190,Kingston,2021A00053510010,2021,132485,123798,7,3.8,4,00000,408,5573.8,0.07,5,40,70,45,210,40,55,0,215,65000,215,80000,215,115,375,285,240,45,76,64,15.8,,,,,,,,,,,,,,,,,,,,,,,,
2021S051235100191,35100191,Kingston,2021A00053510010,2021,132485,123798,7,9.1,14.9,00010,372,5662.1,0.07,10,60,55,40,260,20,185,0,265,46000,260,58800,255,205,315,220,185,35,69.8,58.7,15.9,,,,,,,,,,,,,,,,,,,,,,,,
2021S051235100192,35100192,Kingston,2021A00053510010,2021,132485,123798,7,6.8,10.8,00010,574,5851.2,0.1,5,75,140,90,400,45,120,190,400,48000,395,72000,395,345,590,420,370,45,71.2,62.7,10.7,,,,,,,,,,,,,,,,,,,,,,,,
2021S051235100193,35100193,Kingston,2021A00053510010,2021,132485,123798,7,23.2,16.3,02010,554,3639.9,0.15,55,160,100,55,310,15,245,0,310,48800,320,93000,315,280,530,405,320,90,76.4,60.4,22.2,,,,,,,,,,,,,,,,,,,,,,,,
2021S051235100194,35100194,Kingston,2021A00053510010,2021,132485,123798,7,9.4,8.5,00000,502,3483.7,0.14,10,105,125,45,330,15,275,5,330,53600,355,71200,355,310,500,370,305,65,74,61,17.6,,,,,,,,,,,,,,,,,,,,,,,,
2021S051235100195,35100195,Kingston,2021A00053510010,2021,132485,123798,7,4.4,5.2,00000,1130,8939.9,0.13,5,45,100,70,675,5,70,595,675,100000,685,128400,685,420,1050,355,315,35,33.8,30,9.9,,,,,,,,,,,,,,,,,,,,,,,,
2021S051235100196,35100196,Kingston,2021A00053510010,2021,132485,123798,7,5,5.4,00000,510,6710.5,0.08,5,75,65,45,320,5,50,220,325,69000,310,73500,305,265,445,260,225,30,58.4,50.6,11.5,,,,,,,,,,,,,,,,,,,,,,,,
2021S051235100197,35100197,Kingston,2021A00053510010,2021,132485,123798,7,10.4,13.3,01010,403,2169,0.19,20,50,55,35,250,10,70,145,245,72500,225,87000,225,190,310,125,110,15,40.3,35.5,12,,,,,,,,,,,,,,,,,,,,,,,,
2021S051235100198,35100198,Kingston,2021A00053510010,2021,132485,123798,7,12,10.6,01010,502,3405.7,0.15,30,105,80,25,270,5,155,30,275,69000,290,116000,290,185,465,315,275,40,67.7,59.1,12.7,,,,,,,,,,,,,,,,,,,,,,,,
2021S051235100199,35100199,Kingston,2021A00053510010,2021,132485,123798,7,6.7,5.6,00000,527,1997.7,0.26,5,40,45,50,310,5,80,105,315,91000,305,125000,300,105,430,185,170,15,43,39.5,8.1,,,,,,,,,,,,,,,,,,,,,,,,
2021S051235100236,35100236,Kingston,2021A00053510010,2021,132485,123798,7,3.1,2.8,00000,1196,1107.3,1.08,45,110,160,110,590,30,340,0,585,61600,590,72400,590,390,1110,685,585,100,61.7,52.7,14.6,,,,,,,,,,,,,,,,,,,,,,,,
2021S051235100237,35100237,Kingston,2021A00053510010,2021,132485,123798,7,0.8,0.8,00000,1233,335.2,3.68,65,70,55,65,480,5,5,0,485,104000,490,122000,490,35,1070,600,525,75,56.1,49.1,12.5,,,,,,,,,,,,,,,,,,,,,,,,
2021S051235100238,35100238,Kingston,2021A00053510010,2021,132485,123798,7,0.4,10.3,00010,687,6052.9,0.11,70,45,45,50,260,5,70,0,260,38800,245,49200,245,220,435,175,125,55,40.2,28.7,31.4,,,,,,,,,,,,,,,,,,,,,,,,
2021S051235100239,35100239,Kingston,2021A00053510010,2021,132485,123798,7,2.4,6.1,00000,1451,2121.3,0.68,75,85,115,95,700,85,110,0,705,59200,710,67200,710,285,1360,730,580,140,53.7,42.6,19.2,,,,,,,,,,,,,,,,,,,,,,,,
2021S051235100240,35100240,Kingston,2021A00053510010,2021,132485,123798,7,2.6,4.1,00000,858,1360.4,0.63,40,40,35,45,380,15,5,160,375,76000,385,98400,390,110,700,360,350,15,51.4,50,4.2,,,,,,,,,,,,,,,,,,,,,,,,
2021S051235100241,35100241,Kingston,2021A00053510010,2021,132485,123798,7,1.5,1.4,00000,707,2969.3,0.24,55,50,35,25,275,0,0,0,275,109000,280,138000,280,25,625,395,350,45,63.2,56,11.4,,,,,,,,,,,,,,,,,,,,,,,,
2021S051235100242,35100242,Kingston,2021A00053510010,2021,132485,123798,7,0.4,2.4,00000,1411,3270,0.43,105,75,45,70,500,5,0,0,495,108000,505,124000,505,75,1110,675,595,75,60.8,53.6,11.1,,,,,,,,,,,,,,,,,,,,,,,,
2021S051235100243,35100243,Kingston,2021A00053510010,2021,132485,123798,7,1.8,6.5,00000,1129,616.5,1.83,65,80,115,55,550,5,5,315,545,63200,550,104000,550,285,940,495,455,35,52.7,48.4,7.1,,,,,,,,,,,,,,,,,,,,,,,,
2021S051235100244,35100244,Kingston,2021A00053510010,2021,132485,123798,7,2.3,3.6,00000,528,1550.2,0.34,0,10,10,10,340,0,0,305,340,83000,340,98000,340,245,520,115,105,10,22.1,20.2,8.7,,,,,,,,,,,,,,,,,,,,,,,,
2021S051235100263,35100263,Kingston,2021A00053510010,2021,132485,123798,7,0,0,00999,568,534.9,1.06,0,45,90,90,0,0,0,0,,,,,,,,,,,,,,,,,,,,,,,,,6,6,6,6,6,6,6,6,6,6,6,6,6
2021S051235100264,35100264,Kingston,2021A00053510010,2021,132485,123798,7,2.9,4.4,00000,487,17.6,27.69,25,20,20,35,175,0,0,0,175,113000,175,115000,175,25,385,245,200,40,63.6,51.9,16.3,,,,,,,,,,,,,,,,,,,,,,,,
2021S051235100265,35100265,Kingston,2021A00053510010,2021,132485,123798,7,1.2,2.3,00000,458,11,41.82,30,20,15,40,170,0,0,0,165,105000,170,115000,170,20,375,255,230,20,68,61.3,7.8,,,,,,,,,,,,,,,,,,,,,,,,
2021S051235100266,35100266,Kingston,2021A00053510010,2021,132485,123798,7,2.1,4.2,00000,503,18.9,26.66,30,20,30,30,190,0,0,0,190,125000,185,135000,185,15,385,265,230,30,68.8,59.7,11.3,,,,,,,,,,,,,,,,,,,,,,,,
2021S051235100268,35100268,Kingston,2021A00053510010,2021,132485,123798,7,1.9,1.6,00000,642,16.3,39.41,20,20,40,25,260,0,0,0,260,94000,265,113000,265,35,555,380,310,70,68.5,55.9,18.4,,,,,,,,,,,,,,,,,,,,,,,,
2021S051235100269,35100269,Kingston,2021A00053510010,2021,132485,123798,7,7.2,11.3,00010,606,49.2,12.32,20,15,20,45,245,0,0,0,250,95000,235,100000,235,15,510,255,210,45,50,41.2,17.6,,,,,,,,,,,,,,,,,,,,,,,,
2021S051235100270,35100270,Kingston,2021A00053510010,2021,132485,123798,7,1.6,2.7,00000,839,73.7,11.39,70,45,30,35,305,5,0,0,305,128000,305,160000,305,15,725,475,440,25,65.5,60.7,5.3,,,,,,,,,,,,,,,,,,,,,,,,
2021S051235100271,35100271,Kingston,2021A00053510010,2021,132485,123798,7,2.1,3.4,00000,619,95,6.52,20,10,20,20,235,0,60,0,235,79000,225,77500,230,65,395,180,150,30,45.6,38,16.7,,,,,,,,,,,,,,,,,,,,,,,,
2021S051235100272,35100272,Kingston,2021A00053510010,2021,132485,123798,7,1.3,1.8,00000,637,41.1,15.5,45,30,30,40,230,0,0,0,230,119000,235,135000,230,25,535,370,325,50,69.2,60.7,13.5,,,,,,,,,,,,,,,,,,,,,,,,
2021S051235100273,35100273,Kingston,2021A00053510010,2021,132485,123798,7,0,0,00000,506,75,6.75,25,25,30,20,195,5,0,0,195,106000,215,156000,215,20,445,275,245,30,61.8,55.1,10.9,,,,,,,,,,,,,,,,,,,,,,,,
2021S051235100274,35100274,Kingston,2021A00053510010,2021,132485,123798,7,1,1.3,00000,783,42.4,18.45,55,35,35,45,310,15,5,0,310,93000,310,119000,310,15,715,420,365,55,58.7,51,13.1,,,,,,,,,,,,,,,,,,,,,,,,
2021S051235100275,35100275,Kingston,2021A00053510010,2021,132485,123798,7,2.5,7.6,00000,961,170.1,5.65,15,65,80,95,640,0,5,635,640,45200,645,54400,645,645,965,455,405,50,47.2,42,11,,,,,,,,,,,,,,,,,,,,,,,,
2021S051235100280,35100280,Kingston,2021A00053510010,2021,132485,123798,7,0.8,3.2,00000,627,2613.6,0.24,35,30,55,50,245,5,0,0,245,99000,245,117000,245,50,475,300,260,35,63.2,54.7,11.7,,,,,,,,,,,,,,,,,,,,,,,,
2021S051235100282,35100282,Kingston,2021A00053510010,2021,132485,123798,7,1.8,3.6,00000,1113,1354,0.82,60,55,50,60,445,15,0,0,450,124000,460,143000,460,40,985,580,500,75,58.9,50.8,12.9,,,,,,,,,,,,,,,,,,,,,,,,
2021S051235100283,35100283,Kingston,2021A00053510010,2021,132485,123798,7,2.9,0,00909,249,37.7,6.61,15,10,10,15,100,0,0,0,,,,,115,10,265,160,155,0,60.4,58.5,0,,,,,,,,,,,,6,6,6,6,,,,,,,,,
2021S051235100284,35100284,Kingston,2021A00053510010,2021,132485,123798,7,0.8,0,00000,359,1245.2,0.29,10,10,40,75,120,0,0,0,120,97000,135,106000,135,130,275,200,190,15,72.7,69.1,7.5,,,,,,,,,,,,,,,,,,,,,,,,
2021S051235100285,35100285,Kingston,2021A00053510010,2021,132485,123798,7,0,0,09999,31,68.6,0.45,,,,,,,,,,,,,,,,,,,,,,,,,6,6,6,6,6,6,6,6,6,6,6,6,6,6,6,6,6,6,6,6,6
2021S051235100286,35100286,Kingston,2021A00053510010,2021,132485,123798,7,3.7,5.7,00000,400,219.9,1.82,35,30,20,40,135,0,0,0,135,120000,145,158000,145,70,335,205,170,35,61.2,50.7,17.1,,,,,,,,,,,,,,,,,,,,,,,,
2021S051235100287,35100287,Kingston,2021A00053510010,2021,132485,123798,7,3.4,1.5,00000,591,1260.1,0.47,20,45,95,100,260,0,135,0,265,87000,295,97000,300,280,490,435,410,30,88.8,83.7,6.9,,,,,,,,,,,,,,,,,,,,,,,,
2021S051235100288,35100288,Kingston,2021A00053510010,2021,132485,123798,7,0,0,09999,0,0,0.18,,,,,,,,,,,,,,,,,,,,,,,,,6,6,6,6,6,6,6,6,6,6,6,6,6,6,6,6,6,6,6,6,6
2021S051235100289,35100289,Kingston,2021A00053510010,2021,132485,123798,7,1.2,0,00000,940,407.6,2.31,60,40,25,30,345,0,0,0,345,162000,355,209000,355,20,840,600,575,20,71.4,68.5,3.3,,,,,,,,,,,,,,,,,,,,,,,,
2021S051235100290,35100290,Kingston,2021A00053510010,2021,132485,123798,7,3.8,4.3,00000,1098,40.5,27.13,55,45,30,45,445,0,0,0,445,133000,445,148000,440,20,890,465,435,30,52.2,48.9,6.5,,,,,,,,,,,,,,,,,,,,,,,,
2021S051235100294,35100294,Kingston,2021A00053510010,2021,132485,123798,7,1.9,3,00000,671,42.1,15.95,40,35,25,45,265,10,5,0,265,93000,270,117000,270,65,600,365,325,45,60.8,54.2,12.3,,,,,,,,,,,,,,,,,,,,,,,,
2021S051235100295,35100295,Kingston,2021A00053510010,2021,132485,123798,7,1.6,3.2,00000,652,25.2,25.88,25,40,50,50,245,0,0,0,245,106000,240,114000,240,20,555,360,330,30,64.9,59.5,8.3,,,,,,,,,,,,,,,,,,,,,,,,
2021S051235100305,35100305,Kingston,2021A00053510010,2021,132485,123798,7,2.4,1.6,00000,682,14.9,45.79,40,20,40,45,245,0,0,0,250,104000,255,112000,260,20,605,390,365,25,64.5,60.3,6.4,,,,,,,,,,,,,,,,,,,,,,,,
2021S051235100316,35100316,Kingston,2021A00053510010,2021,132485,123798,7,0,0,09999,0,0,0.15,,,,,,,,,,,,,,,,,,,,,,,,,6,6,6,6,6,6,6,6,6,6,6,6,6,6,6,6,6,6,6,6,6
2021S051235100317,35100317,Kingston,2021A00053510010,2021,132485,123798,7,0.8,3.8,00000,957,152.8,6.26,15,40,65,55,525,25,55,315,525,75000,490,90800,495,385,855,425,390,40,49.7,45.6,9.4,,,,,,,,,,,,,,,,,,,,,,,,
2021S051235100318,35100318,Kingston,2021A00053510010,2021,132485,123798,7,1,2.3,00000,4676,2908,1.61,240,225,200,250,1715,15,15,0,1715,110000,1720,125700,1715,320,3685,2205,1980,225,59.8,53.7,10.2,,,,,,,,,,,,,,,,,,,,,,,,
2021S051235100320,35100320,Kingston,2021A00053510010,2021,132485,123798,7,1.5,3.1,00000,1552,791,1.96,90,60,105,125,520,0,0,0,520,143000,495,153500,495,65,1115,790,715,75,70.9,64.1,9.5,,,,,,,,,,,,,,,,,,,,,,,,
2021S051235100321,35100321,Kingston,2021A00053510010,2021,132485,123798,7,0.7,0.8,00000,4448,1117.6,3.98,330,200,190,275,1545,5,0,0,1545,138000,1535,149600,1540,140,3440,2410,2180,230,70.1,63.4,9.5,,,,,,,,,,,,,,,,,,,,,,,,
2021S051235100322,35100322,Kingston,2021A00053510010,2021,132485,123798,7,3.3,6.5,00000,543,41.2,13.18,35,35,15,20,180,0,0,0,180,170000,185,204000,180,15,475,335,300,25,70.5,63.2,7.5,,,,,,,,,,,,,,,,,,,,,,,,
2021S051235100323,35100323,Kingston,2021A00053510010,2021,132485,123798,7,1.5,1.9,00000,1519,790.9,1.92,40,25,55,80,850,0,0,675,855,82000,860,96600,860,540,1460,550,510,35,37.7,34.9,6.4,,,,,,,,,,,,,,,,,,,,,,,,
2021S051235100324,35100324,Kingston,2021A00053510010,2021,132485,123798,7,1.2,3.3,00000,677,2079.9,0.33,45,50,50,50,250,5,0,0,250,96000,235,99000,235,55,470,335,315,20,71.3,67,6,,,,,,,,,,,,,,,,,,,,,,,,
2021S051235100325,35100325,Kingston,2021A00053510010,2021,132485,123798,7,3.3,4,00000,1548,904.5,1.71,50,55,80,70,700,20,0,320,705,75500,715,97200,720,415,1340,705,615,90,52.6,45.9,12.8,,,,,,,,,,,,,,,,,,,,,,,,
2021S051235100328,35100328,Kingston,2021A00053510010,2021,132485,123798,7,2.4,6,00000,663,3068,0.22,15,60,80,65,415,0,415,0,415,53600,400,58400,395,295,585,320,280,40,54.7,47.9,12.5,,,,,,,,,,,,,,,,,,,,,,,,
2021S051235100329,35100329,Kingston,2021A00053510010,2021,132485,123798,7,2.3,5.3,00000,921,3924.2,0.23,50,50,75,90,390,80,0,0,390,81000,380,90800,380,125,770,475,425,45,61.7,55.2,9.5,,,,,,,,,,,,,,,,,,,,,,,,
2021S051235100330,35100330,Kingston,2021A00053510010,2021,132485,123798,7,1.9,1.6,00000,690,544,1.27,35,30,45,50,255,0,0,0,260,113000,255,125000,255,35,540,370,335,35,68.5,62,9.5,,,,,,,,,,,,,,,,,,,,,,,,
2021S051235100331,35100331,Kingston,2021A00053510010,2021,132485,123798,7,2,4.4,00000,4665,1787.2,2.61,265,250,375,505,1665,30,25,20,1660,112000,1675,124700,1675,520,3560,2740,2460,285,77,69.1,10.4,,,,,,,,,,,,,,,,,,,,,,,,
2021S051235180086,35180086,Oshawa,2021A00053518013,2021,175383,159458,10,0,0,00000,267,5124.8,0.05,20,20,20,20,85,5,0,0,85,102000,80,122000,85,0,200,120,115,0,60,57.5,0,,,,,,,,,,,,,,,,,,,,,,,,
2021S051235180087,35180087,Oshawa,2021A00053518013,2021,175383,159458,10,2,2.6,00000,894,6413.2,0.14,70,50,70,65,305,10,0,50,300,87000,305,88000,305,165,695,405,340,60,58.3,48.9,14.8,,,,,,,,,,,,,,,,,,,,,,,,
2021S051235180091,35180091,Oshawa,2021A00053518013,2021,175383,159458,10,1,1.3,00000,1913,9053.5,0.21,105,135,160,150,940,0,15,845,935,48400,945,56000,945,935,1645,805,540,255,48.9,32.8,31.7,,,,,,,,,,,,,,,,,,,,,,,,
2021S051235180094,35180094,Oshawa,2021A00053518013,2021,175383,159458,10,1,4,00000,293,3880.8,0.08,20,20,30,30,100,0,0,0,100,92000,105,106000,105,35,255,140,120,15,54.9,47.1,10.7,,,,,,,,,,,,,,,,,,,,,,,,
2021S051235180097,35180097,Oshawa,2021A00053518013,2021,175383,159458,10,1.1,1.1,00000,950,1957.1,0.49,40,65,65,80,370,5,0,0,370,99000,380,111600,375,40,820,545,465,80,66.5,56.7,14.7,,,,,,,,,,,,,,,,,,,,,,,,
2021S051235180098,35180098,Oshawa,2021A00053518013,2021,175383,159458,10,0.4,2.9,00000,672,4266.7,0.16,40,35,50,55,275,5,50,0,280,79500,280,88000,280,80,575,345,325,20,60,56.5,5.8,,,,,,,,,,,,,,,,,,,,,,,,
2021S051235180099,35180099,Oshawa,2021A00053518013,2021,175383,159458,10,0.7,0,00000,389,2847.7,0.14,20,20,40,25,150,0,0,0,155,102000,150,96000,150,20,330,180,155,25,54.5,47,13.9,,,,,,,,,,,,,,,,,,,,,,,,
2021S051235180101,35180101,Oshawa,2021A00053518013,2021,175383,159458,10,0.6,0,00000,810,1878,0.43,30,35,25,40,360,5,0,155,360,101000,375,112400,375,15,730,275,245,30,37.7,33.6,10.9,,,,,,,,,,,,,,,,,,,,,,,,
2021S051235180102,35180102,Oshawa,2021A00053518013,2021,175383,159458,10,0.3,2.8,00000,925,10693.6,0.09,15,15,20,15,580,0,230,235,580,52000,575,59800,575,535,905,145,120,25,16,13.3,17.2,,,,,,,,,,,,,,,,,,,,,,,,
2021S051235180103,35180103,Oshawa,2021A00053518013,2021,175383,159458,10,1,1.9,00000,360,5538.5,0.07,5,0,0,10,210,0,0,135,210,66000,200,73500,200,190,335,80,60,20,23.9,17.9,25,,,,,,,,,,,,,,,,,,,,,,,,
2021S051235180104,35180104,Oshawa,2021A00053518013,2021,175383,159458,10,1.2,0,00000,338,6179.2,0.05,15,15,20,10,165,0,0,0,165,70000,175,70500,180,180,305,155,125,30,50.8,41,19.4,,,,,,,,,,,,,,,,,,,,,,,,
2021S051235180107,35180107,Oshawa,2021A00053518013,2021,175383,159458,10,2,3.8,00000,514,2155.1,0.24,20,30,35,25,205,25,5,0,205,91000,200,97000,200,30,400,220,185,35,55,46.3,15.9,,,,,,,,,,,,,,,,,,,,,,,,
2021S051235180108,35180108,Oshawa,2021A00053518013,2021,175383,159458,10,3.4,5.4,00000,373,2722.6,0.14,15,10,20,40,150,0,0,0,145,108000,140,124000,140,20,315,200,180,20,63.5,57.1,10,,,,,,,,,,,,,,,,,,,,,,,,
2021S051235180109,35180109,Oshawa,2021A00053518013,2021,175383,159458,10,2,1.9,00000,512,2154.9,0.24,20,25,20,30,195,5,5,0,200,110000,205,134000,205,25,455,205,185,25,45.1,40.7,12.2,,,,,,,,,,,,,,,,,,,,,,,,
2021S051235180112,35180112,Oshawa,2021A00053518013,2021,175383,159458,10,0.9,0,00000,556,2784.2,0.2,35,20,20,35,220,10,10,0,220,113000,215,125000,215,10,440,270,215,55,61.4,48.9,20.4,,,,,,,,,,,,,,,,,,,,,,,,
2021S051235180113,35180113,Oshawa,2021A00053518013,2021,175383,159458,10,1.9,1.9,00000,475,3887.1,0.12,25,25,35,40,210,20,15,0,210,99000,210,120000,210,30,475,340,290,55,71.6,61.1,16.2,,,,,,,,,,,,,,,,,,,,,,,,
2021S051235180114,35180114,Oshawa,2021A00053518013,2021,175383,159458,10,2.3,4.4,00000,637,2839.9,0.22,30,30,30,40,265,10,20,65,265,76500,265,84000,260,100,490,265,235,30,54.1,48,11.3,,,,,,,,,,,,,,,,,,,,,,,,
2021S051235180115,35180115,Oshawa,2021A00053518013,2021,175383,159458,10,1.2,2.5,00000,376,2768.8,0.14,15,15,30,45,165,5,15,0,160,90000,155,79000,155,55,285,195,170,25,68.4,59.6,12.8,,,,,,,,,,,,,,,,,,,,,,,,
2021S051235180116,35180116,Oshawa,2021A00053518013,2021,175383,159458,10,4.3,9.8,00000,539,3632.1,0.15,15,30,45,40,205,15,5,0,210,94000,180,109000,185,45,435,265,205,55,60.9,47.1,20.8,,,,,,,,,,,,,,,,,,,,,,,,
2021S051235180117,35180117,Oshawa,2021A00053518013,2021,175383,159458,10,1.2,0,00000,436,2334,0.19,25,25,30,20,170,10,5,0,170,94000,180,116000,180,15,390,215,180,40,55.1,46.2,18.6,,,,,,,,,,,,,,,,,,,,,,,,
2021S051235180118,35180118,Oshawa,2021A00053518013,2021,175383,159458,10,1.9,4,00000,429,1696.3,0.25,20,5,40,35,205,20,20,0,205,77500,200,94000,200,50,385,205,185,20,53.2,48.1,9.8,,,,,,,,,,,,,,,,,,,,,,,,
2021S051235180121,35180121,Oshawa,2021A00053518013,2021,175383,159458,10,0.7,0,00000,376,5026.7,0.07,20,20,15,40,140,5,0,0,140,92000,140,108000,140,10,295,190,190,0,64.4,64.4,0,,,,,,,,,,,,,,,,,,,,,,,,
2021S051235180122,35180122,Oshawa,2021A00053518013,2021,175383,159458,10,0.9,1.8,00000,637,3939.4,0.16,45,35,45,60,215,10,10,0,215,106000,220,102000,215,15,475,335,290,45,70.5,61.1,13.4,,,,,,,,,,,,,,,,,,,,,,,,
2021S051235180123,35180123,Oshawa,2021A00053518013,2021,175383,159458,10,0,0,00000,591,6375.4,0.09,35,40,45,55,210,0,0,0,205,91000,210,91000,210,45,450,330,280,50,73.3,62.2,15.2,,,,,,,,,,,,,,,,,,,,,,,,
2021S051235180124,35180124,Oshawa,2021A00053518013,2021,175383,159458,10,2.5,0,00909,225,5148.7,0.04,25,10,10,15,75,0,0,0,,,,,70,55,180,120,105,15,66.7,58.3,12.5,,,,,,,,,,,,6,6,6,6,,,,,,,,,
2021S051235180125,35180125,Oshawa,2021A00053518013,2021,175383,159458,10,0,0,00000,787,3553,0.22,55,55,45,55,300,15,5,0,300,97000,310,103000,310,110,635,430,380,50,67.7,59.8,11.6,,,,,,,,,,,,,,,,,,,,,,,,
2021S051235180126,35180126,Oshawa,2021A00053518013,2021,175383,159458,10,0,0,00000,254,5785.9,0.04,10,15,10,35,90,5,0,0,90,102000,90,112000,90,10,210,125,110,15,59.5,52.4,12,,,,,,,,,,,,,,,,,,,,,,,,
2021S051235180127,35180127,Oshawa,2021A00053518013,2021,175383,159458,10,1.9,1.9,00000,631,3554.9,0.18,35,40,35,50,210,10,0,0,210,108000,215,118000,210,35,510,335,300,35,65.7,58.8,10.4,,,,,,,,,,,,,,,,,,,,,,,,
2021S051235180128,35180128,Oshawa,2021A00053518013,2021,175383,159458,10,1.1,0,00000,269,5478.6,0.05,10,15,25,30,90,5,0,0,90,111000,95,112000,95,0,220,170,140,30,77.3,63.6,17.6,,,,,,,,,,,,,,,,,,,,,,,,
2021S051235180129,35180129,Oshawa,2021A00053518013,2021,175383,159458,10,2.8,4.2,00000,941,5414.3,0.17,65,55,75,80,390,5,65,50,390,72500,380,78800,380,195,810,455,370,85,56.2,45.7,18.7,,,,,,,,,,,,,,,,,,,,,,,,
2021S051235180130,35180130,Oshawa,2021A00053518013,2021,175383,159458,10,0,2.5,00000,418,1877,0.22,20,25,20,35,160,10,0,0,160,90000,155,106000,155,15,350,225,205,20,64.3,58.6,8.9,,,,,,,,,,,,,,,,,,,,,,,,
2021S051235180131,35180131,Oshawa,2021A00053518013,2021,175383,159458,10,1.4,0,00000,538,2867.8,0.19,20,30,30,25,220,5,0,0,220,100000,215,117000,215,15,450,255,230,30,56.7,51.1,11.8,,,,,,,,,,,,,,,,,,,,,,,,
2021S051235180132,35180132,Oshawa,2021A00053518013,2021,175383,159458,10,1.6,0,00000,511,4451.2,0.11,25,35,30,40,195,10,0,0,190,95000,200,100000,200,15,460,265,205,60,57.6,44.6,22.6,,,,,,,,,,,,,,,,,,,,,,,,
2021S051235180135,35180135,Oshawa,2021A00053518013,2021,175383,159458,10,0.4,1.5,00000,786,2422.9,0.32,45,55,40,35,260,10,0,0,260,129000,270,170000,270,15,705,470,415,55,66.7,58.9,11.7,,,,,,,,,,,,,,,,,,,,,,,,
2021S051235180137,35180137,Oshawa,2021A00053518013,2021,175383,159458,10,0,0,00000,406,4291.8,0.09,25,30,30,20,120,0,0,0,115,137000,125,142000,125,10,390,250,230,20,64.1,59,8,,,,,,,,,,,,,,,,,,,,,,,,
2021S051235180140,35180140,Oshawa,2021A00053518013,2021,175383,159458,10,0.8,0,00000,317,3847.1,0.08,15,15,20,25,120,5,0,0,120,109000,125,126000,125,10,305,170,150,15,55.7,49.2,8.8,,,,,,,,,,,,,,,,,,,,,,,,
2021S051235180141,35180141,Oshawa,2021A00053518013,2021,175383,159458,10,0.8,0,00000,416,4054.6,0.1,25,35,25,20,130,0,0,0,135,132000,135,160000,140,0,360,210,190,20,58.3,52.8,9.5,,,,,,,,,,,,,,,,,,,,,,,,
2021S051235180142,35180142,Oshawa,2021A00053518013,2021,175383,159458,10,1.6,0,00000,672,890.3,0.75,30,30,45,40,250,20,10,0,250,115000,250,125000,250,50,615,390,340,50,63.4,55.3,12.8,,,,,,,,,,,,,,,,,,,,,,,,
2021S051235180143,35180143,Oshawa,2021A00053518013,2021,175383,159458,10,0,0,00009,254,3537.6,0.07,5,10,10,15,95,5,0,0,95,103000,,,85,0,190,100,80,20,52.6,42.1,20,,,,,,,,,,,,,,6,6,,,,,,,,,
2021S051235180144,35180144,Oshawa,2021A00053518013,2021,175383,159458,10,2.7,2.2,00000,425,1672.6,0.25,10,25,20,25,185,10,10,0,185,105000,175,129000,175,20,370,195,160,35,52.7,43.2,17.9,,,,,,,,,,,,,,,,,,,,,,,,
2021S051235180145,35180145,Oshawa,2021A00053518013,2021,175383,159458,10,0.8,0,00000,623,2888.3,0.22,20,30,40,60,240,10,5,0,240,106000,235,120000,240,35,525,330,290,45,62.9,55.2,13.6,,,,,,,,,,,,,,,,,,,,,,,,
2021S051235180146,35180146,Oshawa,2021A00053518013,2021,175383,159458,10,1.3,1.6,00000,638,2516.8,0.25,30,25,35,35,240,20,0,0,240,107000,240,111000,245,45,550,285,215,75,51.8,39.1,26.3,,,,,,,,,,,,,,,,,,,,,,,,
2021S051235180147,35180147,Oshawa,2021A00053518013,2021,175383,159458,10,0.9,1.8,00000,625,2060.7,0.3,35,25,40,35,230,15,5,0,225,88000,220,98000,220,65,480,280,250,35,58.3,52.1,12.5,,,,,,,,,,,,,,,,,,,,,,,,
2021S051235180148,35180148,Oshawa,2021A00053518013,2021,175383,159458,10,1,6.5,00000,478,1452.4,0.33,20,20,35,35,195,25,5,0,195,78000,165,87000,170,65,310,200,185,20,64.5,59.7,10,,,,,,,,,,,,,,,,,,,,,,,,
2021S051235180149,35180149,Oshawa,2021A00053518013,2021,175383,159458,10,1,0,00000,539,3362.4,0.16,25,25,40,50,210,20,15,0,210,77000,195,95000,195,45,385,230,210,20,59.7,54.5,8.7,,,,,,,,,,,,,,,,,,,,,,,,
2021S051235180150,35180150,Oshawa,2021A00053518013,2021,175383,159458,10,2.6,2,00000,468,3759,0.12,20,30,30,40,195,35,10,0,200,74000,210,80000,210,60,385,230,200,30,59.7,51.9,13,,,,,,,,,,,,,,,,,,,,,,,,
2021S051235180151,35180151,Oshawa,2021A00053518013,2021,175383,159458,10,4,2.8,00000,425,3219.7,0.13,10,15,45,30,150,30,15,0,150,89000,150,94000,150,45,320,225,205,25,70.3,64.1,11.1,,,,,,,,,,,,,,,,,,,,,,,,
2021S051235180152,35180152,Oshawa,2021A00053518013,2021,175383,159458,10,1.8,2.4,00000,355,3460,0.1,15,20,20,35,160,20,15,0,165,81000,170,97000,170,25,355,200,175,25,56.3,49.3,12.5,,,,,,,,,,,,,,,,,,,,,,,,
2021S051235180153,35180153,Oshawa,2021A00053518013,2021,175383,159458,10,3.6,4.2,00000,466,4359.2,0.11,25,30,40,25,190,40,25,0,195,88000,200,97000,205,55,400,290,255,45,72.5,63.8,15.5,,,,,,,,,,,,,,,,,,,,,,,,
2021S051235180154,35180154,Oshawa,2021A00053518013,2021,175383,159458,10,2.1,3.4,00000,525,3857.5,0.14,20,30,45,55,235,50,15,0,235,85000,250,98000,245,70,485,350,295,50,72.2,60.8,14.3,,,,,,,,,,,,,,,,,,,,,,,,
2021S051235180155,35180155,Oshawa,2021A00053518013,2021,175383,159458,10,5.3,3.7,00000,575,5450.2,0.11,30,20,60,50,230,30,15,0,225,83000,225,105000,225,45,500,360,305,55,72,61,15.3,,,,,,,,,,,,,,,,,,,,,,,,
2021S051235180156,35180156,Oshawa,2021A00053518013,2021,175383,159458,10,2.7,8.9,00000,472,2016.2,0.23,20,25,40,35,220,15,15,85,225,53600,225,64000,225,115,415,220,185,40,53,44.6,18.2,,,,,,,,,,,,,,,,,,,,,,,,
2021S051235180157,35180157,Oshawa,2021A00053518013,2021,175383,159458,10,3.6,6.3,00000,443,3345.9,0.13,20,30,45,40,190,25,45,0,190,69000,205,79500,205,100,405,295,225,70,72.8,55.6,23.7,,,,,,,,,,,,,,,,,,,,,,,,
2021S051235180158,35180158,Oshawa,2021A00053518013,2021,175383,159458,10,7.6,7,00000,388,2566.1,0.15,15,20,40,35,170,20,5,0,170,71500,180,77500,185,35,335,185,175,15,55.2,52.2,8.1,,,,,,,,,,,,,,,,,,,,,,,,
2021S051235180159,35180159,Oshawa,2021A00053518013,2021,175383,159458,10,4,7.4,00000,554,2411.8,0.23,40,60,45,55,220,45,45,0,225,69000,215,76000,215,90,435,285,215,70,65.5,49.4,24.6,,,,,,,,,,,,,,,,,,,,,,,,
2021S051235180160,35180160,Oshawa,2021A00053518013,2021,175383,159458,10,4.5,5.3,00000,465,1635,0.28,15,30,40,35,225,25,65,35,225,42400,230,57600,225,130,440,230,195,35,52.3,44.3,15.2,,,,,,,,,,,,,,,,,,,,,,,,
2021S051235180161,35180161,Oshawa,2021A00053518013,2021,175383,159458,10,5.2,5.9,00000,443,1231.9,0.36,20,35,40,40,190,25,35,0,190,70500,205,68000,205,110,370,265,195,70,71.6,52.7,26.4,,,,,,,,,,,,,,,,,,,,,,,,
2021S051235180162,35180162,Oshawa,2021A00053518013,2021,175383,159458,10,5.4,8.2,00000,607,1194.6,0.51,25,40,50,65,295,20,155,0,295,54400,285,60000,285,190,495,290,230,60,58.6,46.5,20.7,,,,,,,,,,,,,,,,,,,,,,,,
2021S051235180166,35180166,Oshawa,2021A00053518013,2021,175383,159458,10,4.6,4.1,00000,488,1342.9,0.36,25,25,35,40,195,5,20,0,190,66000,190,73500,190,60,380,250,215,35,65.8,56.6,14,,,,,,,,,,,,,,,,,,,,,,,,
2021S051235180167,35180167,Oshawa,2021A00053518013,2021,175383,159458,10,4.1,7.1,00000,311,6158.4,0.05,15,10,25,35,170,10,140,0,170,50000,155,62000,160,145,265,160,140,20,60.4,52.8,12.5,,,,,,,,,,,,,,,,,,,,,,,,
2021S051235180169,35180169,Oshawa,2021A00053518013,2021,175383,159458,10,4.1,2.3,00000,327,2684.7,0.12,5,30,15,30,170,10,105,0,170,55600,190,62000,190,120,265,165,140,25,62.3,52.8,15.2,,,,,,,,,,,,,,,,,,,,,,,,
2021S051235180170,35180170,Oshawa,2021A00053518013,2021,175383,159458,10,1,2,00000,428,3636.4,0.12,15,25,45,30,200,25,35,0,195,68000,205,79000,200,65,370,205,185,20,55.4,50,9.8,,,,,,,,,,,,,,,,,,,,,,,,
2021S051235180171,35180171,Oshawa,2021A00053518013,2021,175383,159458,10,2.3,3.6,00000,504,3052.7,0.17,15,30,45,50,215,25,20,0,215,77500,215,88000,215,65,405,275,220,60,67.9,54.3,21.8,,,,,,,,,,,,,,,,,,,,,,,,
2021S051235180172,35180172,Oshawa,2021A00053518013,2021,175383,159458,10,1.6,1.6,00000,716,3558.6,0.2,45,45,75,75,260,15,5,0,260,92000,255,94000,255,90,550,390,320,70,70.9,58.2,17.9,,,,,,,,,,,,,,,,,,,,,,,,
2021S051235180173,35180173,Oshawa,2021A00053518013,2021,175383,159458,10,1.5,1.9,00000,594,5129.5,0.12,35,20,35,50,205,0,20,0,205,96000,200,108000,200,25,465,310,270,45,66.7,58.1,14.5,,,,,,,,,,,,,,,,,,,,,,,,
2021S051235180174,35180174,Oshawa,2021A00053518013,2021,175383,159458,10,2.2,4.4,00000,508,2299.7,0.22,25,25,40,50,185,15,15,0,180,86000,185,90000,185,45,425,245,195,50,57.6,45.9,20.4,,,,,,,,,,,,,,,,,,,,,,,,
2021S051235180175,35180175,Oshawa,2021A00053518013,2021,175383,159458,10,0,0,00000,464,516.9,0.9,25,30,35,45,170,5,25,0,170,86000,170,91000,170,40,350,210,185,15,60,52.9,7.1,,,,,,,,,,,,,,,,,,,,,,,,
2021S051235180177,35180177,Oshawa,2021A00053518013,2021,175383,159458,10,3,6.2,00000,602,8224,0.07,15,35,55,70,330,10,235,65,335,44400,330,47800,330,300,470,245,190,55,52.1,40.4,22.4,,,,,,,,,,,,,,,,,,,,,,,,
2021S051235180179,35180179,Oshawa,2021A00053518013,2021,175383,159458,10,3.9,6.9,00000,506,3807.4,0.13,20,20,40,60,230,20,85,0,235,62400,230,77500,230,125,435,270,215,55,62.1,49.4,20.4,,,,,,,,,,,,,,,,,,,,,,,,
2021S051235180180,35180180,Oshawa,2021A00053518013,2021,175383,159458,10,2.3,2,00000,463,2146.5,0.22,25,25,40,40,210,25,20,0,210,62800,200,77000,200,65,340,230,205,25,67.6,60.3,10.9,,,,,,,,,,,,,,,,,,,,,,,,
2021S051235180181,35180181,Oshawa,2021A00053518013,2021,175383,159458,10,7,12.1,00010,466,1643.7,0.28,20,20,45,30,230,25,45,0,230,64000,215,74500,215,70,380,220,195,30,57.9,51.3,13.6,,,,,,,,,,,,,,,,,,,,,,,,
2021S051235180182,35180182,Oshawa,2021A00053518013,2021,175383,159458,10,2.5,16.2,00010,646,3972.9,0.16,20,25,45,55,365,15,120,140,360,34400,360,45200,360,290,510,160,140,25,31.4,27.5,15.6,,,,,,,,,,,,,,,,,,,,,,,,
2021S051235180183,35180183,Oshawa,2021A00053518013,2021,175383,159458,10,6.9,17.7,00010,446,6482.6,0.07,25,25,25,25,245,25,45,125,245,34800,230,40800,230,190,320,90,60,25,28.1,18.8,27.8,,,,,,,,,,,,,,,,,,,,,,,,
2021S051235180184,35180184,Oshawa,2021A00053518013,2021,175383,159458,10,8.8,16.4,00010,912,2834.9,0.32,35,100,150,125,600,15,215,315,600,40800,545,50800,540,455,750,525,390,135,70,52,25.7,,,,,,,,,,,,,,,,,,,,,,,,
2021S051235180185,35180185,Oshawa,2021A00053518013,2021,175383,159458,10,5.5,11.5,00010,443,3906.5,0.11,10,20,40,40,345,0,25,255,340,26800,340,32800,340,300,380,115,95,25,30.3,25,21.7,,,,,,,,,,,,,,,,,,,,,,,,
2021S051235180186,35180186,Oshawa,2021A00053518013,2021,175383,159458,10,3.2,4.6,00000,611,9011.8,0.07,15,15,30,35,340,10,15,265,345,54800,355,61800,355,135,535,210,200,15,39.3,37.4,7.1,,,,,,,,,,,,,,,,,,,,,,,,
2021S051235180187,35180187,Oshawa,2021A00053518013,2021,175383,159458,10,6.5,9.5,00000,865,2511.6,0.34,30,90,115,80,425,60,95,225,430,62800,430,73600,430,345,790,490,390,95,62,49.4,19.4,,,,,,,,,,,,,,,,,,,,,,,,
2021S051235180188,35180188,Oshawa,2021A00053518013,2021,175383,159458,10,3.7,8.9,00000,474,16808.5,0.03,35,30,25,35,220,15,20,110,215,38800,225,51200,220,210,390,170,105,65,43.6,26.9,38.2,,,,,,,,,,,,,,,,,,,,,,,,
2021S051235180189,35180189,Oshawa,2021A00053518013,2021,175383,159458,10,6.8,11.1,00010,506,6178.3,0.08,30,30,55,60,205,70,65,0,205,66500,220,76000,220,120,450,270,220,50,60,48.9,18.5,,,,,,,,,,,,,,,,,,,,,,,,
2021S051235180190,35180190,Oshawa,2021A00053518013,2021,175383,159458,10,4.7,3.9,00000,496,3250.3,0.15,35,50,50,30,210,55,80,0,210,57200,230,69000,230,135,465,295,235,60,63.4,50.5,20.3,,,,,,,,,,,,,,,,,,,,,,,,
2021S051235180191,35180191,Oshawa,2021A00053518013,2021,175383,159458,10,2.5,1.8,00000,562,5625.6,0.1,25,45,40,50,240,25,40,0,235,79500,225,94000,225,65,470,300,270,30,63.8,57.4,10,,,,,,,,,,,,,,,,,,,,,,,,
2021S051235180192,35180192,Oshawa,2021A00053518013,2021,175383,159458,10,3.7,2.6,00000,867,4202.6,0.21,35,30,40,65,460,10,70,280,465,62800,490,78800,485,335,835,385,345,40,46.1,41.3,10.4,,,,,,,,,,,,,,,,,,,,,,,,
2021S051235180193,35180193,Oshawa,2021A00053518013,2021,175383,159458,10,3.9,9.7,00000,588,4248.6,0.14,25,30,50,40,310,55,40,130,310,50400,290,59600,290,180,465,185,150,35,39.8,32.3,18.9,,,,,,,,,,,,,,,,,,,,,,,,
2021S051235180194,35180194,Oshawa,2021A00053518013,2021,175383,159458,10,5.5,6.2,00000,451,7541.8,0.06,10,25,40,25,330,5,60,230,325,32400,335,43800,335,315,420,145,105,40,34.5,25,27.6,,,,,,,,,,,,,,,,,,,,,,,,
2021S051235180195,35180195,Oshawa,2021A00053518013,2021,175383,159458,10,3.6,4.7,00000,552,2385.5,0.23,20,30,55,50,250,20,105,0,250,56800,270,67000,270,135,470,275,230,45,58.5,48.9,16.4,,,,,,,,,,,,,,,,,,,,,,,,
2021S051235180196,35180196,Oshawa,2021A00053518013,2021,175383,159458,10,1.2,3.3,00000,495,7061.3,0.07,20,30,35,40,245,0,110,65,245,67000,255,75500,250,190,475,285,240,35,60,50.5,12.3,,,,,,,,,,,,,,,,,,,,,,,,
2021S051235180197,35180197,Oshawa,2021A00053518013,2021,175383,159458,10,2,4.1,00000,1055,18444.1,0.06,65,45,70,100,290,0,90,5,295,67000,320,68500,320,295,690,385,315,70,55.8,45.7,18.2,,,,,,,,,,,,,,,,,,,,,,,,
2021S051235180198,35180198,Oshawa,2021A00053518013,2021,175383,159458,10,1.3,5.8,00000,456,5480.8,0.08,20,20,35,40,230,5,80,105,225,54400,215,66000,220,185,415,165,130,35,39.8,31.3,21.2,,,,,,,,,,,,,,,,,,,,,,,,
2021S051235180199,35180199,Oshawa,2021A00053518013,2021,175383,159458,10,2.9,9.5,00000,379,1990.5,0.19,15,30,45,30,170,25,80,0,175,68000,165,70500,165,105,310,190,165,20,61.3,53.2,10.5,,,,,,,,,,,,,,,,,,,,,,,,
2021S051235180200,35180200,Oshawa,2021A00053518013,2021,175383,159458,10,3.8,7.5,00000,501,2736.2,0.18,25,30,45,35,210,40,5,0,210,84000,210,104000,210,30,450,260,235,25,57.8,52.2,9.6,,,,,,,,,,,,,,,,,,,,,,,,
2021S051235180201,35180201,Oshawa,2021A00053518013,2021,175383,159458,10,2.7,2.2,00000,446,2759.9,0.16,20,25,45,40,185,20,0,0,185,79000,190,91000,190,45,345,250,215,35,72.5,62.3,14,,,,,,,,,,,,,,,,,,,,,,,,
2021S051235180202,35180202,Oshawa,2021A00053518013,2021,175383,159458,10,1.1,2.1,00000,465,2913.5,0.16,20,10,30,40,190,20,5,0,190,90000,185,106000,185,40,340,215,205,10,63.2,60.3,4.7,,,,,,,,,,,,,,,,,,,,,,,,
2021S051235180203,35180203,Oshawa,2021A00053518013,2021,175383,159458,10,3.1,2.5,00000,397,3333.3,0.12,10,25,30,35,160,25,0,0,165,92000,160,108000,160,30,320,205,185,25,64.1,57.8,12.2,,,,,,,,,,,,,,,,,,,,,,,,
2021S051235180204,35180204,Oshawa,2021A00053518013,2021,175383,159458,10,3,5.4,00000,553,1099.2,0.5,20,25,50,50,235,40,5,0,230,81000,230,82000,230,55,445,240,210,30,53.9,47.2,12.5,,,,,,,,,,,,,,,,,,,,,,,,
2021S051235180205,35180205,Oshawa,2021A00053518013,2021,175383,159458,10,1.5,2,00000,474,2725.7,0.17,15,20,40,45,200,20,5,0,200,76500,190,99000,190,60,425,245,200,50,57.6,47.1,20.4,,,,,,,,,,,,,,,,,,,,,,,,
2021S051235180206,35180206,Oshawa,2021A00053518013,2021,175383,159458,10,1.3,0,00000,547,2579,0.21,20,10,30,40,225,15,0,0,225,99000,235,103000,235,75,450,230,205,25,51.1,45.6,10.9,,,,,,,,,,,,,,,,,,,,,,,,
2021S051235180207,35180207,Oshawa,2021A00053518013,2021,175383,159458,10,2.4,2.8,00000,657,2474.6,0.27,30,35,45,40,290,20,85,0,290,73000,290,95000,290,105,595,345,300,40,58,50.4,11.6,,,,,,,,,,,,,,,,,,,,,,,,
2021S051235180208,35180208,Oshawa,2021A00053518013,2021,175383,159458,10,0,0,00909,211,3112.1,0.07,10,10,5,15,85,0,0,0,,,,,90,15,205,120,95,20,58.5,46.3,16.7,,,,,,,,,,,,6,6,6,6,,,,,,,,,
2021S051235180209,35180209,Oshawa,2021A00053518013,2021,175383,159458,10,0,0,00000,268,3517.1,0.08,15,20,20,15,100,10,0,0,100,98000,105,116000,100,20,260,155,140,15,59.6,53.8,9.7,,,,,,,,,,,,,,,,,,,,,,,,
2021S051235180210,35180210,Oshawa,2021A00053518013,2021,175383,159458,10,0.6,1.2,00000,941,2151.8,0.44,55,60,55,60,325,15,0,0,325,106000,330,111600,330,85,800,465,435,30,58.1,54.4,6.5,,,,,,,,,,,,,,,,,,,,,,,,
2021S051235180211,35180211,Oshawa,2021A00053518013,2021,175383,159458,10,1.3,2.7,00000,393,2490.5,0.16,15,20,20,15,155,10,0,0,155,98000,150,108000,145,30,325,180,165,15,55.4,50.8,8.3,,,,,,,,,,,,,,,,,,,,,,,,
2021S051235180212,35180212,Oshawa,2021A00053518013,2021,175383,159458,10,1.5,5.9,00000,379,3426.8,0.11,15,15,15,25,130,5,0,0,135,113000,130,130000,130,0,295,120,95,25,40.7,32.2,20.8,,,,,,,,,,,,,,,,,,,,,,,,
2021S051235180213,35180213,Oshawa,2021A00053518013,2021,175383,159458,10,1,6.4,00000,545,1139.5,0.48,25,25,35,20,195,15,0,0,195,94000,170,103000,170,40,390,190,150,40,48.7,38.5,21.1,,,,,,,,,,,,,,,,,,,,,,,,
2021S051235180214,35180214,Oshawa,2021A00053518013,2021,175383,159458,10,3.1,12.9,00010,381,4732.9,0.08,20,25,20,35,130,5,0,0,125,107000,130,114000,130,10,315,215,175,45,68.3,55.6,20.9,,,,,,,,,,,,,,,,,,,,,,,,
2021S051235180215,35180215,Oshawa,2021A00053518013,2021,175383,159458,10,1.6,4.2,00000,487,2327.9,0.21,20,25,25,40,190,5,0,0,190,101000,195,120000,195,10,425,290,265,25,68.2,62.4,8.6,,,,,,,,,,,,,,,,,,,,,,,,
2021S051235180216,35180216,Oshawa,2021A00053518013,2021,175383,159458,10,1.1,4.3,00000,471,2934.6,0.16,15,35,30,50,175,5,5,0,180,97000,185,120000,185,15,400,290,270,10,72.5,67.5,3.4,,,,,,,,,,,,,,,,,,,,,,,,
2021S051235180217,35180217,Oshawa,2021A00053518013,2021,175383,159458,10,4.8,13,00010,559,2110.2,0.26,35,40,40,40,210,5,60,0,205,89000,200,105000,200,50,470,330,260,70,70.2,55.3,21.2,,,,,,,,,,,,,,,,,,,,,,,,
2021S051235180218,35180218,Oshawa,2021A00053518013,2021,175383,159458,10,3.4,11.9,00010,596,4437.8,0.13,25,25,45,45,175,5,5,0,170,101000,165,92000,165,30,355,230,205,25,64.8,57.7,10.9,,,,,,,,,,,,,,,,,,,,,,,,
2021S051235180219,35180219,Oshawa,2021A00053518013,2021,175383,159458,10,0.6,0,00000,419,780.8,0.54,25,30,20,50,160,0,15,0,160,96000,170,112000,170,10,400,255,240,15,63.8,60,5.9,,,,,,,,,,,,,,,,,,,,,,,,
2021S051235180309,35180309,Oshawa,2021A00053518013,2021,175383,159458,10,0.5,0,00000,541,3408.9,0.16,35,25,20,30,190,5,0,0,185,121000,190,144000,190,0,465,260,235,30,55.9,50.5,11.5,,,,,,,,,,,,,,,,,,,,,,,,
2021S051235180310,35180310,Oshawa,2021A00053518013,2021,175383,159458,10,0.4,0,00000,634,3295.2,0.19,35,40,35,30,225,5,0,0,225,133000,235,129000,235,0,485,250,225,20,51.5,46.4,8,,,,,,,,,,,,,,,,,,,,,,,,
2021S051235180311,35180311,Oshawa,2021A00053518013,2021,175383,159458,10,1.8,1.8,00000,678,3896.6,0.17,45,70,40,45,225,15,0,0,225,139000,215,152000,215,20,585,405,345,60,69.2,59,14.8,,,,,,,,,,,,,,,,,,,,,,,,
2021S051235180312,35180312,Oshawa,2021A00053518013,2021,175383,159458,10,1.8,1.1,00000,1071,352.5,3.04,50,50,50,50,380,15,0,0,375,124000,370,149500,370,10,890,580,495,85,65.2,55.6,14.7,,,,,,,,,,,,,,,,,,,,,,,,
2021S051235180313,35180313,Oshawa,2021A00053518013,2021,175383,159458,10,0,0,00000,351,2860.6,0.12,20,15,25,15,125,0,0,0,125,119000,120,116000,120,0,295,175,160,10,59.3,54.2,5.7,,,,,,,,,,,,,,,,,,,,,,,,
2021S051235180314,35180314,Oshawa,2021A00053518013,2021,175383,159458,10,1.8,4.2,00000,566,4008.5,0.14,15,25,45,30,280,0,15,140,285,71000,280,96000,280,165,500,285,225,60,57,45,21.1,,,,,,,,,,,,,,,,,,,,,,,,
2021S051235180315,35180315,Oshawa,2021A00053518013,2021,175383,159458,10,1.3,1.8,00000,557,2166.5,0.26,30,35,30,30,220,0,0,0,225,112000,225,130000,225,15,465,260,205,55,55.9,44.1,21.2,,,,,,,,,,,,,,,,,,,,,,,,
2021S051235180316,35180316,Oshawa,2021A00053518013,2021,175383,159458,10,1.6,1.6,00000,630,1190.9,0.53,25,40,30,20,250,15,0,0,250,133000,235,148000,240,10,520,335,285,50,64.4,54.8,14.9,,,,,,,,,,,,,,,,,,,,,,,,
2021S051235180317,35180317,Oshawa,2021A00053518013,2021,175383,159458,10,2.5,4.3,00000,514,2520.8,0.2,20,40,25,50,200,15,15,0,200,92000,185,112000,185,45,400,250,220,35,62.5,55,14,,,,,,,,,,,,,,,,,,,,,,,,
2021S051235180318,35180318,Oshawa,2021A00053518013,2021,175383,159458,10,1.5,3,00000,608,2833.2,0.21,25,40,55,40,260,5,65,0,260,90000,265,104000,265,85,560,335,285,45,59.8,50.9,13.4,,,,,,,,,,,,,,,,,,,,,,,,
2021S051235180319,35180319,Oshawa,2021A00053518013,2021,175383,159458,10,2.9,2.3,00000,408,2052.3,0.2,25,35,30,20,170,10,45,0,170,78500,180,94000,185,75,350,220,170,45,62.9,48.6,20.5,,,,,,,,,,,,,,,,,,,,,,,,
2021S051235180320,35180320,Oshawa,2021A00053518013,2021,175383,159458,10,1,0,00000,494,4165.3,0.12,25,30,50,50,205,5,95,0,200,62800,220,70500,220,185,455,265,215,50,58.2,47.3,18.9,,,,,,,,,,,,,,,,,,,,,,,,
2021S051235180321,35180321,Oshawa,2021A00053518013,2021,175383,159458,10,0.5,0,00000,565,1687.6,0.33,30,35,25,25,205,5,0,0,210,122000,205,144000,205,0,515,280,240,45,54.4,46.6,16.1,,,,,,,,,,,,,,,,,,,,,,,,
2021S051235180322,35180322,Oshawa,2021A00053518013,2021,175383,159458,10,0.6,0,00000,497,2199.1,0.23,35,30,30,25,185,5,0,0,180,119000,175,156000,175,0,440,300,275,25,68.2,62.5,8.3,,,,,,,,,,,,,,,,,,,,,,,,
2021S051235180324,35180324,Oshawa,2021A00053518013,2021,175383,159458,10,2,2,00000,501,2427.3,0.21,30,25,30,25,200,5,5,0,200,105000,195,127000,195,35,440,275,245,30,62.5,55.7,10.9,,,,,,,,,,,,,,,,,,,,,,,,
2021S051235180325,35180325,Oshawa,2021A00053518013,2021,175383,159458,10,1.3,0,00000,345,2382.6,0.14,20,25,25,25,155,30,25,0,155,65500,160,79500,160,80,330,210,175,40,63.6,53,19,,,,,,,,,,,,,,,,,,,,,,,,
2021S051235180326,35180326,Oshawa,2021A00053518013,2021,175383,159458,10,1.2,0,00000,451,1520.1,0.3,25,35,25,20,160,5,0,0,165,114000,165,122000,165,15,375,210,200,10,56,53.3,4.8,,,,,,,,,,,,,,,,,,,,,,,,
2021S051235180327,35180327,Oshawa,2021A00053518013,2021,175383,159458,10,3.6,3.4,00000,571,2658.3,0.21,20,45,50,50,220,10,20,0,225,91000,230,98000,230,60,475,335,310,25,70.5,65.3,7.5,,,,,,,,,,,,,,,,,,,,,,,,
2021S051235180328,35180328,Oshawa,2021A00053518013,2021,175383,159458,10,2.5,2,00000,428,2409.9,0.18,15,25,45,35,200,15,110,0,200,59600,200,70000,200,135,350,200,165,30,57.1,47.1,15,,,,,,,,,,,,,,,,,,,,,,,,
2021S051235180329,35180329,Oshawa,2021A00053518013,2021,175383,159458,10,2.5,0,00000,424,3886.3,0.11,30,45,45,20,160,10,10,0,160,86000,160,100000,160,60,385,230,200,30,59.7,51.9,13,,,,,,,,,,,,,,,,,,,,,,,,
2021S051235180330,35180330,Oshawa,2021A00053518013,2021,175383,159458,10,2.4,0,00000,606,4356.6,0.14,30,45,60,45,255,15,30,0,250,90000,260,101000,265,55,530,390,335,50,73.6,63.2,12.8,,,,,,,,,,,,,,,,,,,,,,,,
2021S051235180331,35180331,Oshawa,2021A00053518013,2021,175383,159458,10,2.3,4.6,00000,575,874.9,0.66,30,30,35,50,260,10,50,0,260,97000,260,105000,255,65,520,275,205,75,52.9,39.4,27.3,,,,,,,,,,,,,,,,,,,,,,,,
2021S051235180336,35180336,Oshawa,2021A00053518013,2021,175383,159458,10,2.1,3.7,00000,1168,4241.1,0.28,55,65,80,75,430,10,55,0,430,97000,435,100000,435,115,875,505,455,50,57.7,52,9.9,,,,,,,,,,,,,,,,,,,,,,,,
2021S051235180337,35180337,Oshawa,2021A00053518013,2021,175383,159458,10,1.3,5.1,00000,434,3234,0.13,25,25,30,15,155,10,0,0,160,112000,160,164000,160,10,410,275,245,35,67.1,59.8,12.7,,,,,,,,,,,,,,,,,,,,,,,,
2021S051235180338,35180338,Oshawa,2021A00053518013,2021,175383,159458,10,4.5,0,00909,234,2853.7,0.08,10,20,10,10,90,0,0,0,,,,,90,0,230,145,115,25,63,50,17.2,,,,,,,,,,,,6,6,6,6,,,,,,,,,
2021S051235180339,35180339,Oshawa,2021A00053518013,2021,175383,159458,10,0.6,2.3,00000,494,3694.8,0.13,30,35,35,25,165,5,0,0,160,105000,170,123000,170,15,445,220,195,25,49.4,43.8,11.4,,,,,,,,,,,,,,,,,,,,,,,,
2021S051235180607,35180607,Oshawa,2021A00053518013,2021,175383,159458,10,1.1,3.1,00000,754,147.9,5.1,40,35,55,65,265,5,5,0,260,91000,260,105000,265,20,620,390,350,40,62.9,56.5,10.3,,,,,,,,,,,,,,,,,,,,,,,,
2021S051235180608,35180608,Oshawa,2021A00053518013,2021,175383,159458,10,1.7,0,00000,462,3617.9,0.13,20,30,30,30,180,10,15,0,180,98000,185,92000,185,35,385,220,190,35,57.1,49.4,15.9,,,,,,,,,,,,,,,,,,,,,,,,
2021S051235180609,35180609,Oshawa,2021A00053518013,2021,175383,159458,10,2.1,4.3,00000,254,4327.1,0.06,10,10,20,25,95,10,5,0,95,87000,90,106000,95,15,225,135,120,15,60,53.3,11.1,,,,,,,,,,,,,,,,,,,,,,,,
2021S051235180611,35180611,Oshawa,2021A00053518013,2021,175383,159458,10,3.6,0,00000,351,3323.9,0.11,5,20,35,30,140,10,5,0,135,84000,140,106000,145,40,295,195,150,45,66.1,50.8,23.1,,,,,,,,,,,,,,,,,,,,,,,,
2021S051235180613,35180613,Oshawa,2021A00053518013,2021,175383,159458,10,1.4,0,00000,558,593.2,0.94,25,30,40,45,210,0,5,0,210,98000,190,107000,190,25,405,235,220,20,58,54.3,8.5,,,,,,,,,,,,,,,,,,,,,,,,
2021S051235180614,35180614,Oshawa,2021A00053518013,2021,175383,159458,10,0,0,00000,330,6145.3,0.05,20,15,15,40,125,0,5,0,125,92000,130,82000,130,10,255,140,115,30,54.9,45.1,21.4,,,,,,,,,,,,,,,,,,,,,,,,
2021S051235180615,35180615,Oshawa,2021A00053518013,2021,175383,159458,10,2.2,5.7,00000,358,5028.1,0.07,15,25,40,35,140,10,5,0,135,93000,140,106000,140,0,330,175,160,15,53,48.5,8.6,,,,,,,,,,,,,,,,,,,,,,,,
2021S051235180616,35180616,Oshawa,2021A00053518013,2021,175383,159458,10,2.9,0,00000,357,2797.8,0.13,20,40,25,40,140,50,5,0,140,78000,140,86000,135,55,295,165,140,25,55.9,47.5,15.2,,,,,,,,,,,,,,,,,,,,,,,,
2021S051235180617,35180617,Oshawa,2021A00053518013,2021,175383,159458,10,3.5,4.5,00000,433,3918.6,0.11,25,20,20,35,170,45,0,0,170,76500,175,89000,175,55,370,220,190,35,59.5,51.4,15.9,,,,,,,,,,,,,,,,,,,,,,,,
2021S051235180618,35180618,Oshawa,2021A00053518013,2021,175383,159458,10,2.5,1,00000,1078,5846,0.18,70,60,85,95,405,20,55,120,400,67000,400,70400,405,205,825,460,395,65,55.8,47.9,14.1,,,,,,,,,,,,,,,,,,,,,,,,
2021S051235180619,35180619,Oshawa,2021A00053518013,2021,175383,159458,10,6.3,5.3,00909,239,7734.6,0.03,5,10,20,25,80,0,15,0,,,,,80,20,160,110,90,20,68.8,56.3,18.2,,,,,,,,,,,,6,6,6,6,,,,,,,,,
2021S051235180620,35180620,Oshawa,2021A00053518013,2021,175383,159458,10,2.1,2,00000,1105,7727.3,0.14,55,70,75,105,380,0,5,0,380,83000,405,100800,405,50,990,660,565,100,66.7,57.1,15.2,,,,,,,,,,,,,,,,,,,,,,,,
2021S051235180621,35180621,Oshawa,2021A00053518013,2021,175383,159458,10,1.8,3.7,00009,281,3410.2,0.08,5,20,30,25,115,20,15,0,110,86000,,,110,50,190,100,90,10,52.6,47.4,10,,,,,,,,,,,,,,6,6,,,,,,,,,
2021S051235180622,35180622,Oshawa,2021A00053518013,2021,175383,159458,10,1.7,1.7,00000,568,739,0.77,25,30,55,55,240,30,70,0,235,75000,235,97000,235,105,530,305,265,40,57.5,50,13.1,,,,,,,,,,,,,,,,,,,,,,,,
2021S051235180623,35180623,Oshawa,2021A00053518013,2021,175383,159458,10,3.2,2.4,00000,431,4903.3,0.09,30,25,30,40,160,35,0,0,155,88000,175,101000,170,25,410,265,235,35,64.6,57.3,13.2,,,,,,,,,,,,,,,,,,,,,,,,
2021S051235180624,35180624,Oshawa,2021A00053518013,2021,175383,159458,10,3.5,8,00000,485,4385.2,0.11,30,20,30,45,195,0,55,0,200,79000,200,89000,200,65,410,280,230,55,68.3,56.1,19.6,,,,,,,,,,,,,,,,,,,,,,,,
2021S051235180625,35180625,Oshawa,2021A00053518013,2021,175383,159458,10,3,6.3,00000,530,2189.2,0.24,30,45,45,45,200,45,5,0,200,78500,185,92000,185,70,400,250,200,55,62.5,50,22,,,,,,,,,,,,,,,,,,,,,,,,
2021S051235180626,35180626,Oshawa,2021A00053518013,2021,175383,159458,10,1.4,1.9,00000,705,1058.9,0.67,80,50,40,30,220,5,15,0,215,60000,220,68500,220,155,450,210,180,30,46.7,40,14.3,,,,,,,,,,,,,,,,,,,,,,,,
2021S051235180627,35180627,Oshawa,2021A00053518013,2021,175383,159458,10,3.8,3.4,00000,981,214.5,4.57,55,60,65,100,370,55,40,0,365,86000,355,88800,355,115,790,500,430,70,63.3,54.4,14,,,,,,,,,,,,,,,,,,,,,,,,
2021S051235180628,35180628,Oshawa,2021A00053518013,2021,175383,159458,10,1.8,2.3,00000,412,2816.1,0.15,20,15,35,35,170,40,5,0,170,79500,180,89000,180,40,370,195,145,50,52.7,39.2,25.6,,,,,,,,,,,,,,,,,,,,,,,,
2021S051235180629,35180629,Oshawa,2021A00053518013,2021,175383,159458,10,3.4,4.3,00000,420,3940,0.11,20,25,35,45,175,15,30,0,175,70500,180,83000,180,100,395,235,165,65,59.5,41.8,27.7,,,,,,,,,,,,,,,,,,,,,,,,
2021S051235180630,35180630,Oshawa,2021A00053518013,2021,175383,159458,10,4.5,4.1,00000,480,2702.7,0.18,20,35,30,50,200,45,20,0,205,76000,205,89000,200,70,450,275,260,20,61.1,57.8,7.3,,,,,,,,,,,,,,,,,,,,,,,,
2021S051235180631,35180631,Oshawa,2021A00053518013,2021,175383,159458,10,6.5,10.7,00010,545,667,0.82,20,25,55,55,230,35,40,0,235,68500,205,81000,200,85,415,215,195,20,51.8,47,9.3,,,,,,,,,,,,,,,,,,,,,,,,
2021S051235180632,35180632,Oshawa,2021A00053518013,2021,175383,159458,10,2.8,7,00000,522,2660.6,0.2,25,50,40,35,280,10,215,0,280,47600,285,53600,290,220,420,245,215,35,58.3,51.2,14.3,,,,,,,,,,,,,,,,,,,,,,,,
2021S051235180633,35180633,Oshawa,2021A00053518013,2021,175383,159458,10,2.6,6.3,00000,506,2680.1,0.19,15,35,30,35,190,35,0,0,195,86000,175,104000,175,40,415,235,190,45,56.6,45.8,19.1,,,,,,,,,,,,,,,,,,,,,,,,
2021S051235180634,35180634,Oshawa,2021A00053518013,2021,175383,159458,10,2.9,0,00000,316,2917.8,0.11,5,15,25,25,140,15,55,0,140,71000,125,76000,125,75,215,145,125,25,67.4,58.1,17.2,,,,,,,,,,,,,,,,,,,,,,,,
2021S051235180635,35180635,Oshawa,2021A00053518013,2021,175383,159458,10,3.2,1.9,00000,540,2113.5,0.26,40,25,30,50,215,5,70,0,215,69000,220,76500,220,125,480,290,235,55,60.4,49,19,,,,,,,,,,,,,,,,,,,,,,,,
2021S051235180636,35180636,Oshawa,2021A00053518013,2021,175383,159458,10,3.3,8.2,00000,778,3575.4,0.22,45,60,60,70,330,10,180,0,325,51200,340,58200,340,250,600,295,210,85,49.2,35,28.8,,,,,,,,,,,,,,,,,,,,,,,,
2021S051235180637,35180637,Oshawa,2021A00053518013,2021,175383,159458,10,3.2,8.7,00000,669,3121.8,0.21,25,30,55,70,285,35,25,0,285,70500,270,78500,270,95,565,350,290,60,61.9,51.3,17.1,,,,,,,,,,,,,,,,,,,,,,,,
2021S051235180638,35180638,Oshawa,2021A00053518013,2021,175383,159458,10,3.4,7.6,00000,615,4100,0.15,20,35,55,50,260,35,25,0,260,83000,255,89000,255,80,485,300,220,80,61.9,45.4,26.7,,,,,,,,,,,,,,,,,,,,,,,,
2021S051235180639,35180639,Oshawa,2021A00053518013,2021,175383,159458,10,1.5,0,00000,468,3298.1,0.14,10,25,40,40,200,40,0,0,200,78500,210,111000,210,70,425,270,200,70,63.5,47.1,25.9,,,,,,,,,,,,,,,,,,,,,,,,
2021S051235180640,35180640,Oshawa,2021A00053518013,2021,175383,159458,10,3,5.2,00000,580,3675.5,0.16,15,35,55,45,235,20,10,0,235,77500,230,85000,230,65,455,265,215,40,58.2,47.3,15.1,,,,,,,,,,,,,,,,,,,,,,,,
2021S051235180641,35180641,Oshawa,2021A00053518013,2021,175383,159458,10,3.3,9.3,00000,465,2941.2,0.16,15,20,40,35,210,15,35,0,215,73500,210,78500,215,80,390,255,210,45,65.4,53.8,17.6,,,,,,,,,,,,,,,,,,,,,,,,
2021S051235180642,35180642,Oshawa,2021A00053518013,2021,175383,159458,10,0.9,1.8,00000,553,3278,0.17,30,25,65,35,215,15,0,0,215,73000,235,74500,235,135,510,290,215,75,56.9,42.2,25.9,,,,,,,,,,,,,,,,,,,,,,,,
2021S051235180643,35180643,Oshawa,2021A00053518013,2021,175383,159458,10,0.5,8.2,00000,484,2171.4,0.22,20,40,40,40,195,5,20,0,195,86000,190,95000,190,15,420,275,225,50,65.5,53.6,18.2,,,,,,,,,,,,,,,,,,,,,,,,
2021S051235180644,35180644,Oshawa,2021A00053518013,2021,175383,159458,10,3.5,2,00000,509,2279.4,0.22,20,20,50,35,205,25,0,0,200,86000,215,95000,210,55,485,260,220,35,53.6,45.4,13.5,,,,,,,,,,,,,,,,,,,,,,,,
2021S051235180645,35180645,Oshawa,2021A00053518013,2021,175383,159458,10,2.9,7,00000,842,887.1,0.95,40,50,70,70,275,15,0,0,280,102000,270,106000,270,35,595,430,385,45,72.3,64.7,10.5,,,,,,,,,,,,,,,,,,,,,,,,
2021S051235180646,35180646,Oshawa,2021A00053518013,2021,175383,159458,10,0.5,0,00000,480,1940.2,0.25,15,30,30,35,190,15,0,0,195,92000,200,110000,200,35,425,245,200,40,57.6,47.1,16.3,,,,,,,,,,,,,,,,,,,,,,,,
2021S051235180647,35180647,Oshawa,2021A00053518013,2021,175383,159458,10,0.9,3.6,00000,584,1284.6,0.45,35,25,35,30,220,40,0,0,220,102000,220,128000,225,40,550,320,290,35,58.2,52.7,10.9,,,,,,,,,,,,,,,,,,,,,,,,
2021S051235180648,35180648,Oshawa,2021A00053518013,2021,175383,159458,10,0,1.8,00000,596,3609.9,0.17,20,30,30,45,225,15,0,0,230,97000,225,132000,225,50,535,355,315,35,66.4,58.9,9.9,,,,,,,,,,,,,,,,,,,,,,,,
2021S051235180649,35180649,Oshawa,2021A00053518013,2021,175383,159458,10,0.6,2.3,00000,431,2924,0.15,15,25,25,15,170,10,0,0,170,105000,165,145000,170,15,380,175,165,10,46.1,43.4,5.7,,,,,,,,,,,,,,,,,,,,,,,,
2021S051235180650,35180650,Oshawa,2021A00053518013,2021,175383,159458,10,0.9,3.6,00000,544,3049.3,0.18,25,35,35,35,230,25,5,0,225,89000,215,108000,215,50,430,205,175,35,47.7,40.7,17.1,,,,,,,,,,,,,,,,,,,,,,,,
2021S051235180651,35180651,Oshawa,2021A00053518013,2021,175383,159458,10,1.1,2.1,00000,456,1916.8,0.24,25,15,30,45,190,15,10,0,185,91000,190,98000,185,35,415,210,175,30,50.6,42.2,14.3,,,,,,,,,,,,,,,,,,,,,,,,
2021S051235180667,35180667,Oshawa,2021A00053518013,2021,175383,159458,10,1.1,4.3,00000,506,2781.7,0.18,20,15,45,45,185,15,15,0,180,103000,185,104000,180,30,395,270,220,50,68.4,55.7,18.5,,,,,,,,,,,,,,,,,,,,,,,,
2021S051235180668,35180668,Oshawa,2021A00053518013,2021,175383,159458,10,0.5,2,00000,502,4883.3,0.1,25,30,50,50,200,10,25,0,200,90000,205,103000,205,35,465,335,280,60,72,60.2,17.9,,,,,,,,,,,,,,,,,,,,,,,,
2021S051235180669,35180669,Oshawa,2021A00053518013,2021,175383,159458,10,1.4,0,00000,406,2692.3,0.15,20,15,35,30,145,15,5,0,150,114000,155,154000,150,10,380,270,235,30,71.1,61.8,11.1,,,,,,,,,,,,,,,,,,,,,,,,
2021S051235180670,35180670,Oshawa,2021A00053518013,2021,175383,159458,10,0.5,0,00000,662,3896.4,0.17,20,30,40,55,195,35,0,0,195,101000,210,93000,210,45,475,300,255,40,63.2,53.7,13.3,,,,,,,,,,,,,,,,,,,,,,,,
2021S051235180671,35180671,Oshawa,2021A00053518013,2021,175383,159458,10,0,0,00000,339,3557.2,0.1,10,15,20,25,130,15,0,0,130,96000,130,114000,130,25,280,180,145,25,64.3,51.8,13.9,,,,,,,,,,,,,,,,,,,,,,,,
2021S051235180672,35180672,Oshawa,2021A00053518013,2021,175383,159458,10,4.2,5.8,00000,548,4488.1,0.12,15,30,50,60,215,20,5,0,215,91000,205,103000,205,25,405,305,265,35,75.3,65.4,11.5,,,,,,,,,,,,,,,,,,,,,,,,
2021S051235180688,35180688,Oshawa,2021A00053518013,2021,175383,159458,10,1.1,2.1,00000,504,4341.1,0.12,15,25,55,40,180,5,5,0,180,104000,195,117000,195,15,495,340,310,35,68.7,62.6,10.3,,,,,,,,,,,,,,,,,,,,,,,,
2021S051235180689,35180689,Oshawa,2021A00053518013,2021,175383,159458,10,2.5,2.6,00000,720,1198.6,0.6,40,20,40,45,315,10,80,5,315,78000,315,76500,315,135,550,265,235,25,48.2,42.7,9.4,,,,,,,,,,,,,,,,,,,,,,,,
2021S051235180690,35180690,Oshawa,2021A00053518013,2021,175383,159458,10,1.7,3.7,00000,328,4962.2,0.07,20,20,30,20,120,0,5,0,115,100000,110,108000,110,10,250,145,130,20,58,52,13.8,,,,,,,,,,,,,,,,,,,,,,,,
2021S051235180767,35180767,Oshawa,2021A00053518013,2021,175383,159458,10,2.6,5,00909,215,2641.3,0.08,5,10,20,20,75,0,5,0,,,,,80,10,200,145,130,15,72.5,65,10.3,,,,,,,,,,,,6,6,6,6,,,,,,,,,
2021S051235180768,35180768,Oshawa,2021A00053518013,2021,175383,159458,10,2.7,15.1,00010,839,18521,0.05,60,65,65,65,290,5,0,260,295,56800,265,64500,260,260,580,290,190,100,50,32.8,34.5,,,,,,,,,,,,,,,,,,,,,,,,
2021S051235180769,35180769,Oshawa,2021A00053518013,2021,175383,159458,10,2.3,7,00000,490,4693.5,0.1,20,20,45,55,170,0,20,0,170,93000,170,94000,170,30,365,220,175,45,60.3,47.9,20.5,,,,,,,,,,,,,,,,,,,,,,,,
2021S051235180770,35180770,Oshawa,2021A00053518013,2021,175383,159458,10,3,4.1,00000,503,5196.3,0.1,30,40,70,35,195,15,50,0,200,85000,205,99000,205,75,445,255,245,15,57.3,55.1,5.9,,,,,,,,,,,,,,,,,,,,,,,,
2021S051235180771,35180771,Oshawa,2021A00053518013,2021,175383,159458,10,2.5,5,00000,372,3502.8,0.11,20,20,20,30,160,20,70,0,155,68000,160,81000,160,100,320,175,155,15,54.7,48.4,8.6,,,,,,,,,,,,,,,,,,,,,,,,
2021S051235180772,35180772,Oshawa,2021A00053518013,2021,175383,159458,10,2,2,00000,512,3091.8,0.17,30,25,25,40,200,20,55,0,200,76000,195,89000,200,105,460,265,205,65,57.6,44.6,24.5,,,,,,,,,,,,,,,,,,,,,,,,
2021S051235180773,35180773,Oshawa,2021A00053518013,2021,175383,159458,10,5.6,7.5,00000,518,1169.3,0.44,10,25,55,60,270,0,75,125,270,54400,265,68000,270,200,465,305,235,75,65.6,50.5,24.6,,,,,,,,,,,,,,,,,,,,,,,,
2021S051235180774,35180774,Oshawa,2021A00053518013,2021,175383,159458,10,3.4,4.8,00000,543,3923.4,0.14,25,30,45,70,265,30,100,0,265,63600,255,58400,255,155,380,245,200,50,64.5,52.6,20.4,,,,,,,,,,,,,,,,,,,,,,,,
2021S051235180775,35180775,Oshawa,2021A00053518013,2021,175383,159458,10,2,0,00000,475,3305.5,0.14,30,30,50,35,195,30,25,0,195,91000,215,100000,215,95,440,295,255,40,67,58,13.6,,,,,,,,,,,,,,,,,,,,,,,,
2021S051235180776,35180776,Oshawa,2021A00053518013,2021,175383,159458,10,1,4.2,00000,466,3047.7,0.15,15,25,55,45,205,30,30,0,200,83000,195,83000,195,55,380,235,215,25,61.8,56.6,10.6,,,,,,,,,,,,,,,,,,,,,,,,
2021S051235180777,35180777,Oshawa,2021A00053518013,2021,175383,159458,10,3.4,6.8,00000,575,3916.9,0.15,20,35,55,40,235,25,35,0,235,87000,235,97000,235,55,455,305,275,30,67,60.4,9.8,,,,,,,,,,,,,,,,,,,,,,,,
2021S051235180778,35180778,Oshawa,2021A00053518013,2021,175383,159458,10,3.5,10.5,00010,765,2348.1,0.33,25,25,50,65,375,35,120,80,370,55200,360,67200,365,215,655,315,285,30,48.1,43.5,9.5,,,,,,,,,,,,,,,,,,,,,,,,
2021S051235180779,35180779,Oshawa,2021A00053518013,2021,175383,159458,10,0.6,2.2,00000,431,2313.5,0.19,25,30,25,35,170,15,0,0,170,92000,180,91000,175,10,385,200,165,35,51.9,42.9,17.5,,,,,,,,,,,,,,,,,,,,,,,,
2021S051235180780,35180780,Oshawa,2021A00053518013,2021,175383,159458,10,2.5,2.5,00000,418,3695.8,0.11,20,35,35,35,160,15,5,0,160,94000,155,108000,155,25,355,235,200,35,66.2,56.3,14.9,,,,,,,,,,,,,,,,,,,,,,,,
2021S051235180781,35180781,Oshawa,2021A00053518013,2021,175383,159458,10,0.6,2.4,00000,360,4871.4,0.07,15,15,20,30,160,15,30,75,165,56800,180,84000,180,125,340,170,145,25,50,42.6,14.7,,,,,,,,,,,,,,,,,,,,,,,,
2021S051235180782,35180782,Oshawa,2021A00053518013,2021,175383,159458,10,8,5.1,00000,514,5155.5,0.1,25,40,70,50,250,45,135,0,250,50800,265,52800,270,205,460,270,210,65,58.7,45.7,24.1,,,,,,,,,,,,,,,,,,,,,,,,
2021S051235180783,35180783,Oshawa,2021A00053518013,2021,175383,159458,10,4.3,3.7,00000,556,3200.9,0.17,30,40,40,30,225,30,80,50,225,58000,215,70500,215,145,380,195,150,45,51.3,39.5,23.1,,,,,,,,,,,,,,,,,,,,,,,,
2021S051235180784,35180784,Oshawa,2021A00053518013,2021,175383,159458,10,3.5,6.8,00000,482,2944.4,0.16,25,35,40,35,230,5,75,105,230,52800,230,68500,230,175,445,240,165,65,53.9,37.1,27.1,,,,,,,,,,,,,,,,,,,,,,,,
2021S051235180796,35180796,Oshawa,2021A00053518013,2021,175383,159458,10,3.1,4.2,00000,1074,3901.2,0.28,35,50,95,95,580,0,70,465,580,51200,590,57400,590,555,1025,520,430,90,50.7,42,17.3,,,,,,,,,,,,,,,,,,,,,,,,
2021S051235180797,35180797,Oshawa,2021A00053518013,2021,175383,159458,10,1.5,2.9,00000,1063,2868.3,0.37,50,45,80,70,410,40,30,0,410,102000,415,108800,415,60,900,575,485,85,63.9,53.9,14.8,,,,,,,,,,,,,,,,,,,,,,,,
2021S051235180798,35180798,Oshawa,2021A00053518013,2021,175383,159458,10,1.7,1.1,00000,915,2876.5,0.32,40,45,60,65,360,35,5,0,355,94000,375,114800,375,55,900,515,450,70,57.2,50,13.6,,,,,,,,,,,,,,,,,,,,,,,,
2021S051235180799,35180799,Oshawa,2021A00053518013,2021,175383,159458,10,3.4,4.3,00000,1246,2458.1,0.51,85,100,110,95,570,25,110,225,565,51600,560,56000,560,495,950,515,415,100,54.2,43.7,19.4,,,,,,,,,,,,,,,,,,,,,,,,
2021S051235180800,35180800,Oshawa,2021A00053518013,2021,175383,159458,10,1.4,1.2,00000,1525,14279,0.11,70,80,135,170,665,0,40,505,665,55600,680,68000,680,545,1285,735,565,165,57.2,44,22.4,,,,,,,,,,,,,,,,,,,,,,,,
2021S051235180805,35180805,Oshawa,2021A00053518013,2021,175383,159458,10,2.8,6.1,00000,894,11133.3,0.08,55,50,75,85,395,0,15,290,395,58400,385,65200,385,305,710,410,330,80,57.7,46.5,19.5,,,,,,,,,,,,,,,,,,,,,,,,
2021S051235180810,35180810,Oshawa,2021A00053518013,2021,175383,159458,10,1.2,0,00000,864,2691.6,0.32,25,25,35,55,240,20,15,0,240,89000,240,106000,240,35,465,300,260,40,64.5,55.9,13.3,,,,,,,,,,,,,,,,,,,,,,,,
2021S051235180818,35180818,Oshawa,2021A00053518013,2021,175383,159458,10,1.1,2.2,00000,407,3261.2,0.12,20,10,40,35,180,35,0,0,180,80000,190,103000,190,50,390,235,195,35,60.3,50,14.9,,,,,,,,,,,,,,,,,,,,,,,,
2021S051235180842,35180842,Oshawa,2021A00053518013,2021,175383,159458,10,0.9,1.7,00000,689,3163.5,0.22,45,55,45,50,230,5,0,0,230,116000,245,129000,245,10,675,395,320,75,58.5,47.4,19,,,,,,,,,,,,,,,,,,,,,,,,
2021S051235180843,35180843,Oshawa,2021A00053518013,2021,175383,159458,10,1.4,1.9,00000,591,3545.3,0.17,30,40,35,35,215,0,0,5,210,110000,210,119000,210,30,480,275,250,30,57.3,52.1,10.9,,,,,,,,,,,,,,,,,,,,,,,,
2021S051235181003,35181003,Oshawa,2021A00053518013,2021,175383,159458,10,1.1,2.2,00000,473,3398,0.14,25,35,35,35,180,0,0,0,180,102000,175,99000,175,20,370,245,210,35,66.2,56.8,14.3,,,,,,,,,,,,,,,,,,,,,,,,
2021S051235181004,35181004,Oshawa,2021A00053518013,2021,175383,159458,10,0,0,00000,457,5072.1,0.09,30,30,40,40,155,10,5,0,155,87000,170,89000,165,105,425,285,215,70,67.1,50.6,24.6,,,,,,,,,,,,,,,,,,,,,,,,
2021S051235181005,35181005,Oshawa,2021A00053518013,2021,175383,159458,10,0,0,00000,454,2868,0.16,35,30,25,20,155,0,0,0,155,121000,150,122000,145,0,330,165,150,15,50,45.5,9.1,,,,,,,,,,,,,,,,,,,,,,,,
2021S051235181007,35181007,Oshawa,2021A00053518013,2021,175383,159458,10,2.8,2.9,00000,396,37,10.7,20,20,15,25,140,5,5,0,145,135000,130,168000,130,20,330,215,205,10,65.2,62.1,4.7,,,,,,,,,,,,,,,,,,,,,,,,
2021S051235181008,35181008,Oshawa,2021A00053518013,2021,175383,159458,10,3.8,4.7,00000,5004,366.7,13.65,330,415,465,485,1405,5,0,0,1405,102000,1375,113200,1375,600,3520,2580,2125,450,73.3,60.4,17.4,,,,,,,,,,,,,,,,,,,,,,,,
2021S051235181009,35181009,Oshawa,2021A00053518013,2021,175383,159458,10,4.4,2.7,00000,413,18.6,22.24,15,15,35,25,135,5,0,0,135,126000,145,128000,145,30,425,255,220,35,60,51.8,13.7,,,,,,,,,,,,,,,,,,,,,,,,
2021S051235181010,35181010,Oshawa,2021A00053518013,2021,175383,159458,10,4.2,8.1,00000,418,59.3,7.05,25,30,25,20,145,10,5,0,140,132000,140,150000,135,20,345,215,195,20,62.3,56.5,9.3,,,,,,,,,,,,,,,,,,,,,,,,
2021S051235181107,35181107,Oshawa,2021A00053518013,2021,175383,159458,10,1,4.7,00000,1652,1877.7,0.88,120,85,85,95,505,10,0,0,500,127000,485,136500,490,20,1260,830,710,125,65.9,56.3,15.1,,,,,,,,,,,,,,,,,,,,,,,,
2021S051235181108,35181108,Oshawa,2021A00053518013,2021,175383,159458,10,0.5,0,00000,593,5042.5,0.12,30,35,20,50,195,0,0,0,190,127000,200,141000,200,15,435,305,290,15,70.1,66.7,4.9,,,,,,,,,,,,,,,,,,,,,,,,
2021S051235181109,35181109,Oshawa,2021A00053518013,2021,175383,159458,10,0.4,0,00000,783,4019.5,0.19,60,60,45,35,260,0,0,0,260,120000,250,137000,250,15,605,405,330,80,66.9,54.5,19.8,,,,,,,,,,,,,,,,,,,,,,,,
2021S051235181110,35181110,Oshawa,2021A00053518013,2021,175383,159458,10,1.7,5.6,00000,868,2631.9,0.33,55,45,65,75,290,5,0,0,285,114000,290,148000,295,30,760,580,505,75,76.3,66.4,12.9,,,,,,,,,,,,,,,,,,,,,,,,
2021S051235181111,35181111,Oshawa,2021A00053518013,2021,175383,159458,10,7.6,7.9,00000,1488,350.3,4.25,105,315,205,105,605,35,20,0,600,59600,595,94000,595,330,1275,825,640,185,64.7,50.2,22.4,,,,,,,,,,,,,,,,,,,,,,,,
2021S051235181112,35181112,Oshawa,2021A00053518013,2021,175383,159458,10,1.9,0,00000,535,721.3,0.74,15,20,35,35,210,10,0,0,210,95000,220,108000,220,25,485,220,215,0,45.4,44.3,0,,,,,,,,,,,,,,,,,,,,,,,,
2021S051235181113,35181113,Oshawa,2021A00053518013,2021,175383,159458,10,6.9,8.3,00000,731,4284.9,0.17,55,160,105,60,275,0,0,45,275,67000,280,79000,280,165,640,470,380,90,73.4,59.4,19.1,,,,,,,,,,,,,,,,,,,,,,,,
2021S051235181114,35181114,Oshawa,2021A00053518013,2021,175383,159458,10,0.8,3.2,00000,697,1229.5,0.57,30,30,30,30,250,0,0,0,245,142000,250,168000,250,0,580,310,270,40,53.4,46.6,12.9,,,,,,,,,,,,,,,,,,,,,,,,
2021S051235181115,35181115,Oshawa,2021A00053518013,2021,175383,159458,10,0.5,0,00000,702,3358.9,0.21,50,55,40,30,220,10,0,0,220,131000,215,139000,215,30,575,375,320,55,65.2,55.7,14.7,,,,,,,,,,,,,,,,,,,,,,,,
2021S051235181116,35181116,Oshawa,2021A00053518013,2021,175383,159458,10,0.5,1.9,00000,641,6070.1,0.11,50,45,35,45,210,5,0,0,205,118000,200,129000,200,20,510,350,310,40,68.6,60.8,11.4,,,,,,,,,,,,,,,,,,,,,,,,
2021S051235181117,35181117,Oshawa,2021A00053518013,2021,175383,159458,10,1.5,0,00000,706,6366.1,0.11,65,50,40,40,200,10,0,0,200,134000,190,146000,195,10,535,435,370,65,81.3,69.2,14.9,,,,,,,,,,,,,,,,,,,,,,,,
2021S051235181118,35181118,Oshawa,2021A00053518013,2021,175383,159458,10,2.5,4.4,00000,2740,3761.2,0.73,140,135,110,155,1030,20,0,170,1030,100000,1020,112600,1015,425,2150,1250,1080,165,58.1,50.2,13.2,,,,,,,,,,,,,,,,,,,,,,,,
2021S051235181129,35181129,Oshawa,2021A00053518013,2021,175383,159458,10,2.1,4.7,00000,1611,3158.2,0.51,90,85,80,115,530,0,0,55,530,104000,515,111200,520,85,1095,700,565,130,63.9,51.6,18.6,,,,,,,,,,,,,,,,,,,,,,,,
2021S051235181130,35181130,Oshawa,2021A00053518013,2021,175383,159458,10,0.8,1.1,00000,1172,4237.2,0.28,115,70,60,70,375,0,0,0,375,123000,375,131500,380,20,950,655,535,115,68.9,56.3,17.6,,,,,,,,,,,,,,,,,,,,,,,,
2021S051235181131,35181131,Oshawa,2021A00053518013,2021,175383,159458,10,0.9,1.2,00000,3530,3542,1,265,220,195,180,955,15,0,0,955,130000,970,141200,975,170,2710,1850,1570,280,68.3,57.9,15.1,,,,,,,,,,,,,,,,,,,,,,,,
2021S051235181132,35181132,Oshawa,2021A00053518013,2021,175383,159458,10,0.5,0.9,00000,1399,3716.8,0.38,105,85,70,95,445,5,0,0,445,117000,455,131000,455,50,1185,775,655,125,65.4,55.3,16.1,,,,,,,,,,,,,,,,,,,,,,,,
2021S051235181134,35181134,Oshawa,2021A00053518013,2021,175383,159458,10,0.8,1.7,00000,1847,5322.8,0.35,190,125,105,90,490,0,0,0,485,129000,490,134500,490,115,1345,910,790,120,67.7,58.7,13.2,,,,,,,,,,,,,,,,,,,,,,,,
2021S051235181196,35181196,Oshawa,2021A00053518013,2021,175383,159458,10,6.3,0,00000,280,20.5,13.68,15,25,15,15,100,0,0,0,95,108000,110,108000,110,25,295,140,120,20,47.5,40.7,14.3,,,,,,,,,,,,,,,,,,,,,,,,
2021S051235181197,35181197,Oshawa,2021A00053518013,2021,175383,159458,10,2.1,0,00000,504,6153.8,0.08,40,15,30,40,145,0,0,0,140,128000,145,128000,145,20,420,315,265,50,75,63.1,15.9,,,,,,,,,,,,,,,,,,,,,,,,
2021S051235181198,35181198,Oshawa,2021A00053518013,2021,175383,159458,10,0.7,2.7,00000,617,5728.9,0.11,85,40,15,25,145,0,0,0,145,154000,155,180000,150,10,435,330,290,40,75.9,66.7,12.1,,,,,,,,,,,,,,,,,,,,,,,,
2021S051235181199,35181199,Oshawa,2021A00053518013,2021,175383,159458,10,1.2,4.6,00000,1062,6918.6,0.15,80,45,55,55,255,10,0,0,255,140000,250,232000,250,20,670,505,410,95,75.4,61.2,18.8,,,,,,,,,,,,,,,,,,,,,,,,
2021S051235181201,35181201,Oshawa,2021A00053518013,2021,175383,159458,10,1.6,6.1,00000,494,2197.5,0.22,65,40,25,15,130,0,0,0,130,150000,130,172000,125,0,410,335,305,35,81.7,74.4,10.4,,,,,,,,,,,,,,,,,,,,,,,,
2021S051235181202,35181202,Oshawa,2021A00053518013,2021,175383,159458,10,0,7.4,00000,436,6089.4,0.07,60,35,10,10,110,0,0,0,110,176000,105,192000,110,15,300,235,210,30,78.3,70,12.8,,,,,,,,,,,,,,,,,,,,,,,,
2021S051235181203,35181203,Oshawa,2021A00053518013,2021,175383,159458,10,0.7,7.7,00000,580,5456.3,0.11,75,60,25,15,155,0,0,0,155,170000,145,192000,145,0,490,335,310,25,68.4,63.3,7.5,,,,,,,,,,,,,,,,,,,,,,,,
2021S051235181204,35181204,Oshawa,2021A00053518013,2021,175383,159458,10,1.1,2.1,00000,609,5970.6,0.1,60,40,25,55,190,0,0,0,185,124000,190,132000,185,0,490,355,295,55,72.4,60.2,15.5,,,,,,,,,,,,,,,,,,,,,,,,
2021S051235181205,35181205,Oshawa,2021A00053518013,2021,175383,159458,10,2.4,3,00000,3423,3070.2,1.11,200,185,280,420,1060,20,25,0,1065,107000,1095,119000,1095,305,2600,1895,1580,315,72.9,60.8,16.6,,,,,,,,,,,,,,,,,,,,,,,,
2021S051235181206,35181206,Oshawa,2021A00053518013,2021,175383,159458,10,1.2,1.7,00000,940,4700,0.2,60,115,85,70,245,0,0,0,245,118000,265,108000,265,75,755,485,415,65,64.2,55,13.4,,,,,,,,,,,,,,,,,,,,,,,,
2021S051235181207,35181207,Oshawa,2021A00053518013,2021,175383,159458,10,2.3,3.2,00000,2750,1410,1.95,190,130,165,205,765,0,35,0,770,137000,750,158000,750,120,2035,1390,1265,125,68.3,62.2,9,,,,,,,,,,,,,,,,,,,,,,,,
2021S051235181208,35181208,Oshawa,2021A00053518013,2021,175383,159458,10,0.9,3.8,00000,365,2639.2,0.14,25,25,5,20,110,0,0,0,110,176000,100,192000,100,0,215,175,170,10,81.4,79.1,5.7,,,,,,,,,,,,,,,,,,,,,,,,
2021S051235181240,35181240,Oshawa,2021A00053518013,2021,175383,159458,10,0.6,2.6,00000,940,845.1,1.11,85,50,50,45,310,5,0,0,305,125000,300,133000,305,15,700,500,430,65,71.4,61.4,13,,,,,,,,,,,,,,,,,,,,,,,,
2021S051235181241,35181241,Oshawa,2021A00053518013,2021,175383,159458,10,1.6,0,00000,626,4281.8,0.15,45,50,35,35,185,5,0,0,185,135000,205,139000,205,0,565,285,235,60,50.4,41.6,21.1,,,,,,,,,,,,,,,,,,,,,,,,
2021S051235181243,35181243,Oshawa,2021A00053518013,2021,175383,159458,10,1,1.3,00000,1008,3286.6,0.31,75,90,45,40,310,0,0,0,310,144000,300,164000,300,15,835,485,425,55,58.1,50.9,11.3,,,,,,,,,,,,,,,,,,,,,,,,
2021S051235181244,35181244,Oshawa,2021A00053518013,2021,175383,159458,10,0.8,1.7,00000,719,2810.8,0.26,35,50,55,50,245,0,5,0,250,104000,245,118000,245,20,560,365,325,45,65.2,58,12.3,,,,,,,,,,,,,,,,,,,,,,,,
2021S051235181291,35181291,Oshawa,2021A00053518013,2021,175383,159458,10,2.5,5.4,00000,1773,1192.5,1.49,135,105,100,135,435,20,0,0,430,121000,435,150500,435,110,1325,980,845,135,74,63.8,13.8,,,,,,,,,,,,,,,,,,,,,,,,
2021S051235181292,35181292,Oshawa,2021A00053518013,2021,175383,159458,10,1.5,0,00000,467,2620.7,0.18,55,40,20,25,130,10,0,5,135,136000,135,160000,135,20,385,245,220,25,63.6,57.1,10.2,,,,,,,,,,,,,,,,,,,,,,,,
2021S051235181293,35181293,Oshawa,2021A00053518013,2021,175383,159458,10,0.4,0,00000,1085,3191.2,0.34,90,60,35,40,255,0,0,0,250,146000,255,156000,250,30,690,500,455,45,72.5,65.9,9,,,,,,,,,,,,,,,,,,,,,,,,
2021S051235181294,35181294,Oshawa,2021A00053518013,2021,175383,159458,10,2.1,2.4,00000,2122,4475.8,0.47,180,145,80,145,520,0,0,0,520,166000,505,164000,510,55,1515,1055,900,155,69.6,59.4,14.7,,,,,,,,,,,,,,,,,,,,,,,,
2021S051235181295,35181295,Oshawa,2021A00053518013,2021,175383,159458,10,3.6,3.4,00000,1139,2281.2,0.5,100,75,70,75,365,5,20,0,365,82000,365,99600,365,225,865,550,475,80,63.6,54.9,14.5,,,,,,,,,,,,,,,,,,,,,,,,
2021S051235181296,35181296,Oshawa,2021A00053518013,2021,175383,159458,10,0.9,3.9,00000,1007,4380.2,0.23,80,80,40,55,315,10,0,0,320,119000,300,128000,295,35,765,465,425,40,60.8,55.6,8.6,,,,,,,,,,,,,,,,,,,,,,,,
2021S051235181297,35181297,Oshawa,2021A00053518013,2021,175383,159458,10,5,15.7,00010,583,996.8,0.58,50,75,55,35,215,15,0,0,220,114000,175,133000,175,30,395,265,240,25,67.1,60.8,9.4,,,,,,,,,,,,,,,,,,,,,,,,
2021S051235181298,35181298,Oshawa,2021A00053518013,2021,175383,159458,10,2,2.9,00000,1824,1563.1,1.17,95,110,95,140,690,10,0,10,685,91000,700,97400,700,210,1520,940,810,130,61.8,53.3,13.8,,,,,,,,,,,,,,,,,,,,,,,,
2021S051235181299,35181299,Oshawa,2021A00053518013,2021,175383,159458,10,3,3.9,00000,840,12051.6,0.07,20,50,75,70,430,0,95,300,425,54800,425,60000,425,315,740,425,320,110,57.4,43.2,25.9,,,,,,,,,,,,,,,,,,,,,,,,
2021S051235181300,35181300,Oshawa,2021A00053518013,2021,175383,159458,10,1.6,2.7,00000,1591,7058.6,0.23,90,125,140,115,745,0,0,565,740,52000,735,56900,735,610,1280,670,520,145,52.3,40.6,21.6,,,,,,,,,,,,,,,,,,,,,,,,
2021S051235230052,35230052,Guelph,2021A00053523008,2021,143740,131794,9.1,3.8,1.7,00000,571,2928.2,0.2,30,25,60,55,240,25,0,0,235,81000,240,87000,240,65,490,280,235,40,57.1,48,14.3,,,,,,,,,,,,,,,,,,,,,,,,
2021S051235230054,35230054,Guelph,2021A00053523008,2021,143740,131794,9.1,0,0,00000,468,2797.4,0.17,25,25,20,30,185,10,0,0,185,104000,190,102000,190,15,395,220,210,10,55.7,53.2,4.5,,,,,,,,,,,,,,,,,,,,,,,,
2021S051235230055,35230055,Guelph,2021A00053523008,2021,143740,131794,9.1,3,1.9,00000,548,2767.7,0.2,25,30,35,35,205,30,0,0,200,112000,235,132000,230,40,560,430,380,50,76.8,67.9,11.6,,,,,,,,,,,,,,,,,,,,,,,,
2021S051235230056,35230056,Guelph,2021A00053523008,2021,143740,131794,9.1,3.1,4.3,00000,489,1834.9,0.27,25,35,30,25,195,15,10,0,195,113000,180,143000,185,30,440,310,295,10,70.5,67,3.2,,,,,,,,,,,,,,,,,,,,,,,,
2021S051235230057,35230057,Guelph,2021A00053523008,2021,143740,131794,9.1,1.9,1.6,00000,657,1902.7,0.35,35,25,55,35,260,15,15,0,255,108000,260,145000,260,55,585,360,320,40,61.5,54.7,11.1,,,,,,,,,,,,,,,,,,,,,,,,
2021S051235230058,35230058,Guelph,2021A00053523008,2021,143740,131794,9.1,0.9,0,00000,513,2529.6,0.2,30,10,35,30,215,10,65,0,210,89000,225,125000,225,85,425,260,235,20,61.2,55.3,7.7,,,,,,,,,,,,,,,,,,,,,,,,
2021S051235230059,35230059,Guelph,2021A00053523008,2021,143740,131794,9.1,2.5,1.4,00000,653,3093.3,0.21,30,30,35,30,280,30,70,0,280,66500,290,77500,290,85,500,275,240,35,55,48,12.7,,,,,,,,,,,,,,,,,,,,,,,,
2021S051235230060,35230060,Guelph,2021A00053523008,2021,143740,131794,9.1,1,0,00000,477,2443.6,0.2,25,20,20,35,210,15,5,0,210,95000,215,85000,210,30,420,235,215,20,56,51.2,8.5,,,,,,,,,,,,,,,,,,,,,,,,
2021S051235230061,35230061,Guelph,2021A00053523008,2021,143740,131794,9.1,1.5,1.4,00000,629,992.7,0.63,35,30,25,25,275,10,25,0,275,114000,280,140000,280,40,550,290,270,20,52.7,49.1,6.9,,,,,,,,,,,,,,,,,,,,,,,,
2021S051235230062,35230062,Guelph,2021A00053523008,2021,143740,131794,9.1,0.9,0,00000,563,2622.3,0.21,30,25,40,45,235,15,35,0,235,96000,240,100000,240,45,465,310,280,30,66.7,60.2,9.7,,,,,,,,,,,,,,,,,,,,,,,,
2021S051235230063,35230063,Guelph,2021A00053523008,2021,143740,131794,9.1,2.7,3.7,00000,510,2185.1,0.23,10,20,35,45,220,20,35,0,220,79500,215,93000,215,60,400,260,230,25,65,57.5,9.6,,,,,,,,,,,,,,,,,,,,,,,,
2021S051235230064,35230064,Guelph,2021A00053523008,2021,143740,131794,9.1,1.1,0,00000,441,3486.2,0.13,25,30,40,40,185,40,20,0,190,88000,205,93000,200,35,470,260,235,30,55.3,50,11.5,,,,,,,,,,,,,,,,,,,,,,,,
2021S051235230065,35230065,Guelph,2021A00053523008,2021,143740,131794,9.1,1.9,6,00000,498,3060.8,0.16,30,25,35,45,210,15,70,0,210,70500,190,91000,190,110,360,215,195,20,59.7,54.2,9.3,,,,,,,,,,,,,,,,,,,,,,,,
2021S051235230066,35230066,Guelph,2021A00053523008,2021,143740,131794,9.1,1.8,3.7,00000,591,4028.6,0.15,45,30,35,40,225,20,60,0,220,75500,220,89000,220,100,485,280,225,50,57.7,46.4,17.9,,,,,,,,,,,,,,,,,,,,,,,,
2021S051235230067,35230067,Guelph,2021A00053523008,2021,143740,131794,9.1,1.1,4.3,00909,215,941.7,0.23,0,5,20,20,90,10,0,0,,,,,90,0,190,120,110,10,63.2,57.9,8.3,,,,,,,,,,,,6,6,6,6,,,,,,,,,
2021S051235230068,35230068,Guelph,2021A00053523008,2021,143740,131794,9.1,0.8,0,00000,312,2335.3,0.13,15,15,30,15,125,15,0,0,120,94000,120,110000,120,20,295,210,185,20,71.2,62.7,9.5,,,,,,,,,,,,,,,,,,,,,,,,
2021S051235230069,35230069,Guelph,2021A00053523008,2021,143740,131794,9.1,0.5,2.1,00000,494,5352.1,0.09,35,30,45,50,190,0,85,0,190,80000,195,83000,195,135,420,290,240,45,69,57.1,15.5,,,,,,,,,,,,,,,,,,,,,,,,
2021S051235230070,35230070,Guelph,2021A00053523008,2021,143740,131794,9.1,2.2,5.3,00000,558,2681.4,0.21,25,35,45,50,230,10,5,70,230,93000,230,108000,230,85,475,360,280,75,75.8,58.9,20.8,,,,,,,,,,,,,,,,,,,,,,,,
2021S051235230071,35230071,Guelph,2021A00053523008,2021,143740,131794,9.1,2,3.8,00000,2319,1565.5,1.48,135,115,165,170,835,70,225,0,840,100000,815,109600,815,245,1750,1215,1100,115,69.4,62.9,9.5,,,,,,,,,,,,,,,,,,,,,,,,
2021S051235230074,35230074,Guelph,2021A00053523008,2021,143740,131794,9.1,0.8,1.7,00000,856,470.8,1.82,25,15,20,40,235,0,45,35,235,62400,240,60400,240,185,345,195,180,10,56.5,52.2,5.1,,,,,,,,,,,,,,,,,,,,,,,,
2021S051235230075,35230075,Guelph,2021A00053523008,2021,143740,131794,9.1,1.2,1.7,00000,349,8835.4,0.04,0,0,10,5,245,0,0,245,245,46800,240,56400,240,130,330,110,100,10,33.3,30.3,9.1,,,,,,,,,,,,,,,,,,,,,,,,
2021S051235230076,35230076,Guelph,2021A00053523008,2021,143740,131794,9.1,1,0.6,00000,892,2439.8,0.37,5,10,10,20,615,5,90,510,620,53200,625,66800,630,310,900,185,180,0,20.6,20,0,,,,,,,,,,,,,,,,,,,,,,,,
2021S051235230077,35230077,Guelph,2021A00053523008,2021,143740,131794,9.1,1.8,2.4,00000,738,1152.9,0.64,30,65,50,65,340,10,0,215,340,69500,330,78800,325,220,620,345,285,70,55.6,46,20.3,,,,,,,,,,,,,,,,,,,,,,,,
2021S051235230078,35230078,Guelph,2021A00053523008,2021,143740,131794,9.1,0,0,00000,482,2737.1,0.18,20,25,40,40,205,10,30,0,200,94000,200,110000,200,50,445,315,265,50,70.8,59.6,15.9,,,,,,,,,,,,,,,,,,,,,,,,
2021S051235230079,35230079,Guelph,2021A00053523008,2021,143740,131794,9.1,2.4,2,00000,452,3989.4,0.11,20,25,35,35,205,5,0,135,205,74000,200,79500,200,135,380,235,225,15,61.8,59.2,6.4,,,,,,,,,,,,,,,,,,,,,,,,
2021S051235230080,35230080,Guelph,2021A00053523008,2021,143740,131794,9.1,0.5,0,00000,533,3367,0.16,30,30,40,30,200,20,5,0,200,112000,195,123000,200,30,390,330,320,10,84.6,82.1,3,,,,,,,,,,,,,,,,,,,,,,,,
2021S051235230081,35230081,Guelph,2021A00053523008,2021,143740,131794,9.1,2.1,0,00000,434,4433.1,0.1,15,25,30,35,240,10,120,0,240,41200,250,72000,250,160,385,205,190,20,53.2,49.4,9.8,,,,,,,,,,,,,,,,,,,,,,,,
2021S051235230082,35230082,Guelph,2021A00053523008,2021,143740,131794,9.1,1.9,3,00000,559,4080.3,0.14,15,20,45,40,255,35,25,75,260,81000,260,90000,260,130,440,295,280,20,67,63.6,6.8,,,,,,,,,,,,,,,,,,,,,,,,
2021S051235230083,35230083,Guelph,2021A00053523008,2021,143740,131794,9.1,1.6,4.1,00000,429,1887.4,0.23,30,25,25,35,185,15,25,0,190,95000,190,134000,190,30,385,280,245,35,72.7,63.6,12.5,,,,,,,,,,,,,,,,,,,,,,,,
2021S051235230084,35230084,Guelph,2021A00053523008,2021,143740,131794,9.1,2.1,2.1,00000,488,4392.4,0.11,35,25,25,30,190,10,40,0,190,113000,195,147000,195,75,385,280,250,25,72.7,64.9,8.9,,,,,,,,,,,,,,,,,,,,,,,,
2021S051235230085,35230085,Guelph,2021A00053523008,2021,143740,131794,9.1,1.4,1.4,00000,642,2916.9,0.22,30,35,45,65,295,40,110,0,295,107000,280,138000,280,90,550,420,365,55,76.4,66.4,13.1,,,,,,,,,,,,,,,,,,,,,,,,
2021S051235230086,35230086,Guelph,2021A00053523008,2021,143740,131794,9.1,1.9,2.8,00000,504,5019.9,0.1,20,30,30,40,270,25,145,0,270,56000,290,108000,290,165,470,280,260,20,59.6,55.3,7.1,,,,,,,,,,,,,,,,,,,,,,,,
2021S051235230087,35230087,Guelph,2021A00053523008,2021,143740,131794,9.1,1.3,0,00000,511,10059.1,0.05,10,35,90,85,310,0,55,250,310,59600,335,66400,335,320,505,400,375,30,79.2,74.3,7.5,,,,,,,,,,,,,,,,,,,,,,,,
2021S051235230088,35230088,Guelph,2021A00053523008,2021,143740,131794,9.1,7.8,13.6,00010,726,6470.6,0.11,15,75,100,100,430,5,125,295,435,46000,400,54600,400,365,555,380,345,35,68.5,62.2,9.2,,,,,,,,,,,,,,,,,,,,,,,,
2021S051235230089,35230089,Guelph,2021A00053523008,2021,143740,131794,9.1,1.1,8.7,00000,424,4069.1,0.1,20,30,25,40,185,40,60,0,185,83000,175,100000,175,100,295,225,215,10,76.3,72.9,4.4,,,,,,,,,,,,,,,,,,,,,,,,
2021S051235230090,35230090,Guelph,2021A00053523008,2021,143740,131794,9.1,4.1,4.7,00000,515,2875.5,0.18,15,50,45,45,270,25,105,0,270,79000,255,86000,255,145,425,275,255,20,64.7,60,7.3,,,,,,,,,,,,,,,,,,,,,,,,
2021S051235230091,35230091,Guelph,2021A00053523008,2021,143740,131794,9.1,3.5,3.8,00000,438,3584.3,0.12,25,35,45,45,200,25,75,0,200,82000,210,151000,215,100,435,350,285,65,80.5,65.5,18.6,,,,,,,,,,,,,,,,,,,,,,,,
2021S051235230092,35230092,Guelph,2021A00053523008,2021,143740,131794,9.1,3.2,5.7,00000,530,3888.5,0.14,35,35,35,40,215,35,50,0,220,105000,210,130000,210,70,415,320,275,45,77.1,66.3,14.1,,,,,,,,,,,,,,,,,,,,,,,,
2021S051235230093,35230093,Guelph,2021A00053523008,2021,143740,131794,9.1,1,2.2,00000,491,4383.9,0.11,30,25,40,35,195,20,30,0,195,103000,190,105000,190,55,360,270,230,40,75,63.9,14.8,,,,,,,,,,,,,,,,,,,,,,,,
2021S051235230094,35230094,Guelph,2021A00053523008,2021,143740,131794,9.1,0.5,0,00000,537,3587.2,0.15,20,50,45,45,215,20,35,0,215,102000,235,129000,235,50,515,380,345,30,73.8,67,7.9,,,,,,,,,,,,,,,,,,,,,,,,
2021S051235230095,35230095,Guelph,2021A00053523008,2021,143740,131794,9.1,3.2,5.2,00000,492,2026.4,0.24,25,25,35,50,220,55,20,0,220,86000,225,93000,220,105,390,295,265,25,75.6,67.9,8.5,,,,,,,,,,,,,,,,,,,,,,,,
2021S051235230096,35230096,Guelph,2021A00053523008,2021,143740,131794,9.1,2.9,6.7,00000,578,4927.5,0.12,15,35,50,60,310,25,60,115,310,69000,285,80000,285,160,490,325,295,30,66.3,60.2,9.2,,,,,,,,,,,,,,,,,,,,,,,,
2021S051235230097,35230097,Guelph,2021A00053523008,2021,143740,131794,9.1,1.3,2.7,00000,776,3878.1,0.2,15,40,85,100,460,0,30,425,455,58400,460,66800,455,375,725,430,380,50,59.3,52.4,11.6,,,,,,,,,,,,,,,,,,,,,,,,
2021S051235230100,35230100,Guelph,2021A00053523008,2021,143740,131794,9.1,0.6,2.4,00000,426,2868.7,0.15,15,15,25,55,170,15,5,0,170,96000,165,104000,165,15,370,225,205,15,60.8,55.4,6.7,,,,,,,,,,,,,,,,,,,,,,,,
2021S051235230101,35230101,Guelph,2021A00053523008,2021,143740,131794,9.1,3.1,2.3,00000,454,3923.9,0.12,15,25,40,50,195,45,30,0,195,79500,195,87000,190,95,390,260,250,15,66.7,64.1,5.8,,,,,,,,,,,,,,,,,,,,,,,,
2021S051235230102,35230102,Guelph,2021A00053523008,2021,143740,131794,9.1,2.5,4.1,00000,458,4507.9,0.1,15,25,60,60,200,20,70,5,195,83000,200,78500,205,110,375,245,220,25,65.3,58.7,10.2,,,,,,,,,,,,,,,,,,,,,,,,
2021S051235230103,35230103,Guelph,2021A00053523008,2021,143740,131794,9.1,2.1,0,00000,458,4163.6,0.11,15,15,25,35,185,20,25,0,190,95000,190,81000,190,55,380,240,220,20,63.2,57.9,8.3,,,,,,,,,,,,,,,,,,,,,,,,
2021S051235230104,35230104,Guelph,2021A00053523008,2021,143740,131794,9.1,2.3,2.8,00000,913,9297.4,0.1,25,45,85,100,440,5,80,285,440,62000,450,78400,455,285,860,590,505,90,68.6,58.7,15.3,,,,,,,,,,,,,,,,,,,,,,,,
2021S051235230105,35230105,Guelph,2021A00053523008,2021,143740,131794,9.1,2.7,6.3,00000,534,9816.2,0.05,45,45,50,45,185,5,145,0,185,63200,190,66000,190,170,400,215,170,45,53.8,42.5,20.9,,,,,,,,,,,,,,,,,,,,,,,,
2021S051235230106,35230106,Guelph,2021A00053523008,2021,143740,131794,9.1,2.1,1.7,00000,552,2527.5,0.22,40,30,45,50,240,0,0,155,240,51200,245,56000,245,240,400,215,180,35,53.8,45,16.3,,,,,,,,,,,,,,,,,,,,,,,,
2021S051235230108,35230108,Guelph,2021A00053523008,2021,143740,131794,9.1,2.1,2.1,00000,514,4427.2,0.12,35,35,40,45,185,15,35,0,185,81000,200,102000,200,90,455,300,235,65,65.9,51.6,21.7,,,,,,,,,,,,,,,,,,,,,,,,
2021S051235230110,35230110,Guelph,2021A00053523008,2021,143740,131794,9.1,2.7,7.5,00000,954,4521.3,0.21,35,50,65,80,445,30,90,200,445,66000,420,75600,425,245,760,470,415,60,61.8,54.6,12.8,,,,,,,,,,,,,,,,,,,,,,,,
2021S051235230111,35230111,Guelph,2021A00053523008,2021,143740,131794,9.1,4.8,5.9,00000,889,7980.3,0.11,55,70,105,120,350,0,0,285,350,65000,355,70400,355,340,705,480,390,90,68.1,55.3,18.8,,,,,,,,,,,,,,,,,,,,,,,,
2021S051235230112,35230112,Guelph,2021A00053523008,2021,143740,131794,9.1,1.1,5.9,00000,575,3908.9,0.15,10,30,35,55,265,10,105,0,265,69500,275,83000,275,35,485,290,265,30,59.8,54.6,10.3,,,,,,,,,,,,,,,,,,,,,,,,
2021S051235230113,35230113,Guelph,2021A00053523008,2021,143740,131794,9.1,2,3.8,00000,478,1218.1,0.39,20,15,20,55,200,0,115,0,205,64000,210,69500,205,130,390,175,145,30,44.9,37.2,17.1,,,,,,,,,,,,,,,,,,,,,,,,
2021S051235230114,35230114,Guelph,2021A00053523008,2021,143740,131794,9.1,1.5,1.5,00000,654,4197.7,0.16,30,30,40,65,265,5,45,0,270,85000,280,95000,280,30,585,415,370,40,70.9,63.2,9.6,,,,,,,,,,,,,,,,,,,,,,,,
2021S051235230117,35230117,Guelph,2021A00053523008,2021,143740,131794,9.1,0.6,0,00000,492,1950.8,0.25,25,30,30,25,165,10,0,0,170,127000,170,150000,170,15,435,330,305,25,75.9,70.1,7.6,,,,,,,,,,,,,,,,,,,,,,,,
2021S051235230118,35230118,Guelph,2021A00053523008,2021,143740,131794,9.1,0.9,0,00000,297,3986.6,0.07,20,25,30,25,115,0,0,0,110,108000,110,114000,110,0,265,185,155,30,69.8,58.5,16.2,,,,,,,,,,,,,,,,,,,,,,,,
2021S051235230119,35230119,Guelph,2021A00053523008,2021,143740,131794,9.1,0.6,0,00000,509,3648.7,0.14,35,30,35,25,170,10,0,0,175,116000,170,116000,170,10,380,275,255,20,72.4,67.1,7.3,,,,,,,,,,,,,,,,,,,,,,,,
2021S051235230120,35230120,Guelph,2021A00053523008,2021,143740,131794,9.1,1.3,0,00000,435,3505.2,0.12,35,20,15,35,150,5,0,0,150,123000,155,138000,155,0,385,280,240,40,72.7,62.3,14.3,,,,,,,,,,,,,,,,,,,,,,,,
2021S051235230121,35230121,Guelph,2021A00053523008,2021,143740,131794,9.1,3.7,5,00000,685,3059.4,0.22,55,45,40,35,240,5,90,0,240,76000,225,96000,220,125,500,335,290,50,67,58,14.9,,,,,,,,,,,,,,,,,,,,,,,,
2021S051235230122,35230122,Guelph,2021A00053523008,2021,143740,131794,9.1,0.6,0,00000,497,2663.5,0.19,40,55,25,15,155,10,0,0,160,133000,160,180000,160,10,465,335,285,50,72,61.3,14.9,,,,,,,,,,,,,,,,,,,,,,,,
2021S051235230124,35230124,Guelph,2021A00053523008,2021,143740,131794,9.1,0,0,00000,467,3314.4,0.14,25,30,35,15,160,5,0,0,165,125000,165,139000,160,10,425,240,220,25,56.5,51.8,10.4,,,,,,,,,,,,,,,,,,,,,,,,
2021S051235230139,35230139,Guelph,2021A00053523008,2021,143740,131794,9.1,0.8,0,00000,326,3309.6,0.1,15,20,10,25,120,5,0,0,125,111000,120,126000,120,0,250,180,175,10,72,70,5.6,,,,,,,,,,,,,,,,,,,,,,,,
2021S051235230141,35230141,Guelph,2021A00053523008,2021,143740,131794,9.1,2.4,1.9,00000,360,2546,0.14,10,50,55,30,205,15,45,95,205,60400,230,74500,230,180,380,280,255,25,73.7,67.1,8.9,,,,,,,,,,,,,,,,,,,,,,,,
2021S051235230142,35230142,Guelph,2021A00053523008,2021,143740,131794,9.1,4.1,6.7,00000,410,1700.5,0.24,25,45,25,25,165,20,5,0,165,119000,175,154000,175,35,440,310,280,25,70.5,63.6,8.1,,,,,,,,,,,,,,,,,,,,,,,,
2021S051235230143,35230143,Guelph,2021A00053523008,2021,143740,131794,9.1,1.9,0,00000,379,1986.4,0.19,20,35,25,20,160,40,0,0,160,137000,165,218000,165,45,355,225,210,15,63.4,59.2,6.7,,,,,,,,,,,,,,,,,,,,,,,,
2021S051235230144,35230144,Guelph,2021A00053523008,2021,143740,131794,9.1,4.5,1.9,00000,506,3227,0.16,40,80,60,35,220,30,70,0,220,88000,235,114000,235,120,480,355,300,55,74,62.5,15.5,,,,,,,,,,,,,,,,,,,,,,,,
2021S051235230145,35230145,Guelph,2021A00053523008,2021,143740,131794,9.1,2.1,2.8,00000,594,2644.7,0.22,20,60,75,65,290,10,140,95,285,62000,305,84000,310,260,550,370,320,50,67.3,58.2,13.5,,,,,,,,,,,,,,,,,,,,,,,,
2021S051235230146,35230146,Guelph,2021A00053523008,2021,143740,131794,9.1,4,5.2,00000,472,3312.3,0.14,20,50,60,50,225,30,45,0,225,82000,240,113000,240,115,455,325,280,50,71.4,61.5,15.4,,,,,,,,,,,,,,,,,,,,,,,,
2021S051235230147,35230147,Guelph,2021A00053523008,2021,143740,131794,9.1,6.6,11.9,00010,390,3135,0.12,15,50,75,60,230,30,95,50,230,63200,220,85000,220,115,335,270,260,15,80.6,77.6,5.6,,,,,,,,,,,,,,,,,,,,,,,,
2021S051235230148,35230148,Guelph,2021A00053523008,2021,143740,131794,9.1,5.1,10,00010,1019,2407.8,0.42,15,85,145,95,590,5,285,280,590,71500,575,107200,575,350,970,555,460,95,57.2,47.4,17.1,,,,,,,,,,,,,,,,,,,,,,,,
2021S051235230149,35230149,Guelph,2021A00053523008,2021,143740,131794,9.1,1.8,2.7,00000,801,7535.3,0.11,30,45,60,60,440,35,55,290,440,52400,450,68000,450,285,730,340,285,55,46.6,39,16.2,,,,,,,,,,,,,,,,,,,,,,,,
2021S051235230150,35230150,Guelph,2021A00053523008,2021,143740,131794,9.1,2.5,6.3,00000,665,5215.7,0.13,35,60,110,70,320,35,120,0,325,81000,305,102000,305,125,565,450,405,50,79.6,71.7,11.1,,,,,,,,,,,,,,,,,,,,,,,,
2021S051235230151,35230151,Guelph,2021A00053523008,2021,143740,131794,9.1,2.9,5.2,00000,814,3290.2,0.25,30,50,120,115,455,25,35,245,455,78000,440,110800,440,170,715,570,520,50,79.7,72.7,8.8,,,,,,,,,,,,,,,,,,,,,,,,
2021S051235230152,35230152,Guelph,2021A00053523008,2021,143740,131794,9.1,2.9,6.8,00000,518,2910.1,0.18,10,40,50,65,240,50,35,0,240,78000,235,96000,235,100,475,375,345,35,78.9,72.6,9.3,,,,,,,,,,,,,,,,,,,,,,,,
2021S051235230153,35230153,Guelph,2021A00053523008,2021,143740,131794,9.1,1.4,2.9,00000,545,2840,0.19,20,25,30,50,280,30,80,0,280,69500,275,69500,280,125,420,260,225,35,61.9,53.6,13.5,,,,,,,,,,,,,,,,,,,,,,,,
2021S051235230154,35230154,Guelph,2021A00053523008,2021,143740,131794,9.1,2,3.9,00000,472,2334.3,0.2,20,25,30,35,195,20,35,0,195,105000,200,151000,205,50,380,230,215,10,60.5,56.6,4.3,,,,,,,,,,,,,,,,,,,,,,,,
2021S051235230155,35230155,Guelph,2021A00053523008,2021,143740,131794,9.1,2.5,4.3,00000,494,2215.2,0.22,25,30,30,30,200,15,25,0,200,98000,185,160000,185,40,365,250,235,15,68.5,64.4,6,,,,,,,,,,,,,,,,,,,,,,,,
2021S051235230156,35230156,Guelph,2021A00053523008,2021,143740,131794,9.1,5.6,4.1,00000,376,3191.9,0.12,25,15,60,20,195,10,75,0,195,72500,180,126000,185,85,330,270,245,20,81.8,74.2,7.4,,,,,,,,,,,,,,,,,,,,,,,,
2021S051235230157,35230157,Guelph,2021A00053523008,2021,143740,131794,9.1,1.7,4.2,00000,613,1565,0.39,20,20,50,70,295,25,70,0,290,88000,285,100000,285,110,470,355,330,25,75.5,70.2,7,,,,,,,,,,,,,,,,,,,,,,,,
2021S051235230158,35230158,Guelph,2021A00053523008,2021,143740,131794,9.1,2.3,3.5,00000,1011,3075.8,0.33,20,35,40,40,340,20,95,80,340,71000,340,87200,340,95,600,295,270,20,49.2,45,6.8,,,,,,,,,,,,,,,,,,,,,,,,
2021S051235230159,35230159,Guelph,2021A00053523008,2021,143740,131794,9.1,3.3,2.9,00000,474,3503.3,0.14,10,15,30,40,275,15,110,75,275,46400,280,65000,280,220,450,245,230,15,54.4,51.1,6.1,,,,,,,,,,,,,,,,,,,,,,,,
2021S051235230160,35230160,Guelph,2021A00053523008,2021,143740,131794,9.1,1,2,00000,450,1977.2,0.23,15,10,20,30,200,5,0,0,200,101000,200,112000,200,25,350,250,230,20,71.4,65.7,8,,,,,,,,,,,,,,,,,,,,,,,,
2021S051235230161,35230161,Guelph,2021A00053523008,2021,143740,131794,9.1,2.6,1.7,00000,495,1769.1,0.28,20,25,30,25,230,20,20,55,235,78500,230,87000,230,85,420,275,245,30,65.5,58.3,10.9,,,,,,,,,,,,,,,,,,,,,,,,
2021S051235230162,35230162,Guelph,2021A00053523008,2021,143740,131794,9.1,2.7,6.3,00000,506,4415.4,0.11,15,25,40,45,255,10,135,0,255,63600,240,70500,240,135,380,250,240,15,65.8,63.2,6,,,,,,,,,,,,,,,,,,,,,,,,
2021S051235230163,35230163,Guelph,2021A00053523008,2021,143740,131794,9.1,1.7,5.3,00000,728,2515.5,0.29,35,50,50,70,295,40,0,0,295,88000,295,101000,295,85,635,425,380,45,66.9,59.8,10.6,,,,,,,,,,,,,,,,,,,,,,,,
2021S051235230164,35230164,Guelph,2021A00053523008,2021,143740,131794,9.1,2.5,4,00000,433,969.8,0.45,20,25,50,50,205,45,20,0,205,76500,195,87000,195,65,380,295,255,45,77.6,67.1,15.3,,,,,,,,,,,,,,,,,,,,,,,,
2021S051235230165,35230165,Guelph,2021A00053523008,2021,143740,131794,9.1,2.7,4.4,00000,585,2682.3,0.22,20,35,55,45,260,40,25,0,260,80000,280,83000,275,105,490,375,345,30,76.5,70.4,8,,,,,,,,,,,,,,,,,,,,,,,,
2021S051235230166,35230166,Guelph,2021A00053523008,2021,143740,131794,9.1,2.2,4.5,00000,834,1390.7,0.6,35,55,95,85,375,50,50,0,370,79000,355,88000,350,105,640,485,465,20,75.8,72.7,4.1,,,,,,,,,,,,,,,,,,,,,,,,
2021S051235230167,35230167,Guelph,2021A00053523008,2021,143740,131794,9.1,20,23.4,02020,490,116.5,4.21,85,160,60,25,215,20,145,0,215,55600,175,85000,180,120,360,270,220,50,75,61.1,18.5,,,,,,,,,,,,,,,,,,,,,,,,
2021S051235230168,35230168,Guelph,2021A00053523008,2021,143740,131794,9.1,9.3,6.1,00000,490,2331.1,0.21,40,95,75,30,190,50,20,0,185,97000,195,107000,195,80,445,285,220,65,64,49.4,22.8,,,,,,,,,,,,,,,,,,,,,,,,
2021S051235230169,35230169,Guelph,2021A00053523008,2021,143740,131794,9.1,5.8,6.3,00000,552,1993.5,0.28,40,60,40,45,210,45,5,0,210,107000,185,151000,185,45,445,270,240,30,60.7,53.9,11.1,,,,,,,,,,,,,,,,,,,,,,,,
2021S051235230170,35230170,Guelph,2021A00053523008,2021,143740,131794,9.1,1.9,2.6,00000,797,6265.7,0.13,50,50,80,70,315,0,30,75,315,75500,325,78000,325,265,625,430,360,70,68.8,57.6,16.3,,,,,,,,,,,,,,,,,,,,,,,,
2021S051235230171,35230171,Guelph,2021A00053523008,2021,143740,131794,9.1,4.2,2.8,00000,535,2349.6,0.23,25,85,65,55,285,0,0,220,290,60800,285,63600,285,255,505,350,290,55,69.3,57.4,15.7,,,,,,,,,,,,,,,,,,,,,,,,
2021S051235230173,35230173,Guelph,2021A00053523008,2021,143740,131794,9.1,5.5,7.3,00000,1162,7146.4,0.16,120,125,95,90,440,0,25,0,440,74000,435,80800,440,360,910,560,475,85,61.5,52.2,15.2,,,,,,,,,,,,,,,,,,,,,,,,
2021S051235230175,35230175,Guelph,2021A00053523008,2021,143740,131794,9.1,2.2,6.1,00000,381,1402.3,0.27,25,20,10,15,130,10,0,0,135,122000,125,176000,125,0,275,175,165,15,63.6,60,8.6,,,,,,,,,,,,,,,,,,,,,,,,
2021S051235230176,35230176,Guelph,2021A00053523008,2021,143740,131794,9.1,1.3,0,00000,424,2558.8,0.17,20,30,35,25,160,15,0,0,155,113000,165,112000,160,0,370,210,175,35,56.8,47.3,16.7,,,,,,,,,,,,,,,,,,,,,,,,
2021S051235230177,35230177,Guelph,2021A00053523008,2021,143740,131794,9.1,1.9,1.9,00000,533,2806.7,0.19,30,60,60,45,205,40,5,0,210,94000,220,104000,220,60,495,315,275,45,63.6,55.6,14.3,,,,,,,,,,,,,,,,,,,,,,,,
2021S051235230178,35230178,Guelph,2021A00053523008,2021,143740,131794,9.1,4.6,6,00000,511,4233.6,0.12,25,70,65,45,195,35,0,0,195,86000,210,94000,210,100,470,355,320,35,75.5,68.1,9.9,,,,,,,,,,,,,,,,,,,,,,,,
2021S051235230179,35230179,Guelph,2021A00053523008,2021,143740,131794,9.1,1.8,1.9,00000,886,1000.8,0.89,35,80,90,75,430,5,250,0,435,70000,430,96400,435,150,795,560,510,50,70.4,64.2,8.9,,,,,,,,,,,,,,,,,,,,,,,,
2021S051235230180,35230180,Guelph,2021A00053523008,2021,143740,131794,9.1,0.5,0,00000,532,1543.8,0.34,40,20,15,15,195,10,0,0,195,159000,200,142000,200,0,450,215,195,20,47.8,43.3,9.3,,,,,,,,,,,,,,,,,,,,,,,,
2021S051235230181,35230181,Guelph,2021A00053523008,2021,143740,131794,9.1,4.4,7.5,00000,565,2624.2,0.22,25,35,55,35,225,5,0,150,225,56400,225,66000,220,125,360,170,155,15,47.2,43.1,8.8,,,,,,,,,,,,,,,,,,,,,,,,
2021S051235230182,35230182,Guelph,2021A00053523008,2021,143740,131794,9.1,11.2,10.4,01010,501,3268.1,0.15,25,70,75,50,195,35,0,0,195,93000,195,100000,200,85,445,305,260,45,68.5,58.4,14.8,,,,,,,,,,,,,,,,,,,,,,,,
2021S051235230183,35230183,Guelph,2021A00053523008,2021,143740,131794,9.1,5.3,4.5,00000,481,3133.6,0.15,25,75,25,35,190,5,0,0,185,97000,185,110000,185,25,410,225,210,15,54.9,51.2,6.7,,,,,,,,,,,,,,,,,,,,,,,,
2021S051235230184,35230184,Guelph,2021A00053523008,2021,143740,131794,9.1,2,0,00000,429,3093,0.14,35,25,25,20,155,10,0,0,155,137000,155,134000,160,30,395,245,195,55,62,49.4,22.4,,,,,,,,,,,,,,,,,,,,,,,,
2021S051235230185,35230185,Guelph,2021A00053523008,2021,143740,131794,9.1,5,2,00000,594,1592.1,0.37,40,45,40,30,220,20,0,0,220,127000,205,148000,205,45,440,265,250,15,60.2,56.8,5.7,,,,,,,,,,,,,,,,,,,,,,,,
2021S051235230186,35230186,Guelph,2021A00053523008,2021,143740,131794,9.1,2.6,5.6,00909,224,3964.6,0.06,10,20,20,10,80,10,0,0,,,,,70,10,215,165,140,20,76.7,65.1,12.1,,,,,,,,,,,,6,6,6,6,,,,,,,,,
2021S051235230187,35230187,Guelph,2021A00053523008,2021,143740,131794,9.1,6.9,11.5,00010,534,1169.3,0.46,40,110,65,35,200,25,10,0,205,82000,215,91000,215,115,485,390,335,55,80.4,69.1,14.1,,,,,,,,,,,,,,,,,,,,,,,,
2021S051235230188,35230188,Guelph,2021A00053523008,2021,143740,131794,9.1,5.5,7.1,00000,459,3187.5,0.14,35,65,40,25,165,25,0,0,160,118000,170,153000,175,20,395,250,220,30,63.3,55.7,12,,,,,,,,,,,,,,,,,,,,,,,,
2021S051235230189,35230189,Guelph,2021A00053523008,2021,143740,131794,9.1,5.3,1.5,00000,600,3761.8,0.16,20,50,40,45,265,35,0,0,265,97000,275,119000,275,95,545,345,325,20,63.3,59.6,5.8,,,,,,,,,,,,,,,,,,,,,,,,
2021S051235230190,35230190,Guelph,2021A00053523008,2021,143740,131794,9.1,2.1,2.1,00000,519,2982.8,0.17,45,45,30,20,185,10,0,0,185,123000,205,132000,205,10,435,270,245,20,62.1,56.3,7.4,,,,,,,,,,,,,,,,,,,,,,,,
2021S051235230191,35230191,Guelph,2021A00053523008,2021,143740,131794,9.1,5.6,4.1,00000,779,2254.1,0.35,45,55,55,35,315,25,5,0,320,115000,305,151000,305,50,725,465,400,65,64.1,55.2,14,,,,,,,,,,,,,,,,,,,,,,,,
2021S051235230194,35230194,Guelph,2021A00053523008,2021,143740,131794,9.1,4.2,7.9,00000,961,3083.1,0.31,75,165,100,90,355,25,5,0,360,72500,330,82800,330,200,750,450,390,65,60,52,14.4,,,,,,,,,,,,,,,,,,,,,,,,
2021S051235230202,35230202,Guelph,2021A00053523008,2021,143740,131794,9.1,0.9,3.5,00000,617,2186.4,0.28,40,40,35,15,225,15,0,0,220,141000,210,202000,210,10,475,300,250,50,63.2,52.6,16.7,,,,,,,,,,,,,,,,,,,,,,,,
2021S051235230203,35230203,Guelph,2021A00053523008,2021,143740,131794,9.1,1.5,1.2,00000,949,1817.3,0.52,80,70,55,40,335,15,0,0,340,147000,325,174000,325,10,755,520,495,20,68.9,65.6,3.8,,,,,,,,,,,,,,,,,,,,,,,,
2021S051235230215,35230215,Guelph,2021A00053523008,2021,143740,131794,9.1,0.7,1.3,00000,606,97.8,6.19,20,30,30,40,300,5,25,70,300,61200,295,79000,295,115,525,300,265,35,57.1,50.5,11.7,,,,,,,,,,,,,,,,,,,,,,,,
2021S051235230216,35230216,Guelph,2021A00053523008,2021,143740,131794,9.1,0.5,0,00000,533,2339.8,0.23,25,35,40,40,195,25,0,0,190,105000,200,106000,200,25,440,310,285,20,70.5,64.8,6.5,,,,,,,,,,,,,,,,,,,,,,,,
2021S051235230217,35230217,Guelph,2021A00053523008,2021,143740,131794,9.1,2.2,6.1,00000,378,3727.8,0.1,15,20,15,20,135,5,0,0,135,105000,120,144000,125,15,325,220,215,10,67.7,66.2,4.5,,,,,,,,,,,,,,,,,,,,,,,,
2021S051235230218,35230218,Guelph,2021A00053523008,2021,143740,131794,9.1,1.8,0,00000,523,2608.5,0.2,25,25,35,35,225,0,0,0,225,90000,240,101000,240,0,440,315,295,20,71.6,67,6.3,,,,,,,,,,,,,,,,,,,,,,,,
2021S051235230219,35230219,Guelph,2021A00053523008,2021,143740,131794,9.1,1.1,6.4,00000,627,1448.4,0.43,15,20,30,30,190,15,75,0,190,76000,185,84000,185,90,295,220,200,20,74.6,67.8,9.1,,,,,,,,,,,,,,,,,,,,,,,,
2021S051235230220,35230220,Guelph,2021A00053523008,2021,143740,131794,9.1,0.5,0,00000,546,1606.4,0.34,45,20,10,25,205,5,0,0,210,137000,205,160000,210,25,490,300,260,40,61.2,53.1,13.3,,,,,,,,,,,,,,,,,,,,,,,,
2021S051235230221,35230221,Guelph,2021A00053523008,2021,143740,131794,9.1,1.7,3.3,00000,808,5411.9,0.15,50,50,75,80,360,10,90,0,360,81000,355,111600,355,155,705,465,415,50,66,58.9,10.8,,,,,,,,,,,,,,,,,,,,,,,,
2021S051235230227,35230227,Guelph,2021A00053523008,2021,143740,131794,9.1,1.1,1.2,00000,2885,1345.6,2.14,145,140,190,280,1000,75,10,5,1000,110000,990,121200,990,150,2110,1630,1520,110,77.3,72,6.7,,,,,,,,,,,,,,,,,,,,,,,,
2021S051235230269,35230269,Guelph,2021A00053523008,2021,143740,131794,9.1,3.6,4.3,00000,955,1191.4,0.8,35,55,75,90,465,40,170,35,470,60800,475,76800,475,235,850,500,410,90,58.8,48.2,18,,,,,,,,,,,,,,,,,,,,,,,,
2021S051235230270,35230270,Guelph,2021A00053523008,2021,143740,131794,9.1,0.9,6.5,00000,1399,1915.1,0.73,60,60,110,140,555,5,90,240,555,66500,545,77200,545,325,1080,690,570,120,63.9,52.8,17.4,,,,,,,,,,,,,,,,,,,,,,,,
2021S051235230271,35230271,Guelph,2021A00053523008,2021,143740,131794,9.1,2.1,2.3,00000,1743,10660.6,0.16,110,90,125,185,700,5,5,525,705,66000,710,70800,710,545,1380,840,745,100,60.9,54,11.9,,,,,,,,,,,,,,,,,,,,,,,,
2021S051235230272,35230272,Guelph,2021A00053523008,2021,143740,131794,9.1,3.8,4.1,00000,1332,1281,1.04,60,145,150,110,605,60,40,205,610,79000,605,98000,610,300,1140,765,695,65,67.1,61,8.5,,,,,,,,,,,,,,,,,,,,,,,,
2021S051235230275,35230275,Guelph,2021A00053523008,2021,143740,131794,9.1,8.9,10.4,00010,1223,1937.6,0.63,120,240,170,120,495,25,130,0,500,84000,505,101200,505,235,990,775,655,125,78.3,66.2,16.1,,,,,,,,,,,,,,,,,,,,,,,,
2021S051235230276,35230276,Guelph,2021A00053523008,2021,143740,131794,9.1,7.3,9.8,00000,709,6065,0.12,50,105,50,40,235,15,30,0,230,112000,235,110000,235,90,605,470,390,75,77.7,64.5,16,,,,,,,,,,,,,,,,,,,,,,,,
2021S051235230277,35230277,Guelph,2021A00053523008,2021,143740,131794,9.1,7.3,4.9,00000,488,3488.2,0.14,45,95,40,35,175,5,5,0,180,99000,175,111000,170,55,420,340,270,70,81,64.3,20.6,,,,,,,,,,,,,,,,,,,,,,,,
2021S051235230278,35230278,Guelph,2021A00053523008,2021,143740,131794,9.1,7.2,6.1,00000,830,2347.3,0.35,60,105,90,65,275,10,75,0,275,80000,270,90000,270,195,570,445,365,85,78.1,64,19.1,,,,,,,,,,,,,,,,,,,,,,,,
2021S051235230279,35230279,Guelph,2021A00053523008,2021,143740,131794,9.1,3.8,4.8,00909,215,608.9,0.35,20,20,15,5,80,15,0,0,,,,,85,10,195,95,90,10,48.7,46.2,10.5,,,,,,,,,,,,6,6,6,6,,,,,,,,,
2021S051235230280,35230280,Guelph,2021A00053523008,2021,143740,131794,9.1,2.1,0,00000,269,1509.5,0.18,20,40,15,5,95,10,0,0,100,143000,100,144000,100,20,260,175,130,45,67.3,50,25.7,,,,,,,,,,,,,,,,,,,,,,,,
2021S051235230366,35230366,Guelph,2021A00053523008,2021,143740,131794,9.1,0.8,1.4,00000,3643,3221.3,1.13,280,190,185,220,1150,35,0,0,1150,130000,1160,140000,1160,80,2790,2075,1890,185,74.4,67.7,8.9,,,,,,,,,,,,,,,,,,,,,,,,
2021S051235230367,35230367,Guelph,2021A00053523008,2021,143740,131794,9.1,0,0,00000,445,2962.7,0.15,40,20,15,35,150,5,0,0,150,116000,160,122000,160,20,350,290,260,30,82.9,74.3,10.3,,,,,,,,,,,,,,,,,,,,,,,,
2021S051235230368,35230368,Guelph,2021A00053523008,2021,143740,131794,9.1,0.9,1.2,00000,1019,6098.1,0.17,80,60,70,95,345,20,0,0,340,116000,345,126400,345,30,825,685,625,65,83,75.8,9.5,,,,,,,,,,,,,,,,,,,,,,,,
2021S051235230369,35230369,Guelph,2021A00053523008,2021,143740,131794,9.1,2.5,3.2,00000,743,1255.3,0.59,40,50,70,75,235,20,15,0,235,108000,250,120000,250,30,575,410,385,25,71.3,67,6.1,,,,,,,,,,,,,,,,,,,,,,,,
2021S051235230370,35230370,Guelph,2021A00053523008,2021,143740,131794,9.1,0.6,2.6,00000,470,6509.7,0.07,30,35,30,45,155,5,5,0,155,118000,145,118000,145,20,370,300,275,30,81.1,74.3,10,,,,,,,,,,,,,,,,,,,,,,,,
2021S051235230371,35230371,Guelph,2021A00053523008,2021,143740,131794,9.1,0,0,00000,523,3823.1,0.14,20,30,40,55,180,10,10,0,185,107000,190,117000,195,20,420,315,280,30,75,66.7,9.5,,,,,,,,,,,,,,,,,,,,,,,,
2021S051235230372,35230372,Guelph,2021A00053523008,2021,143740,131794,9.1,0,0,00000,731,4395.7,0.17,45,35,35,55,275,20,0,0,275,110000,280,111000,280,20,590,465,405,60,78.8,68.6,12.9,,,,,,,,,,,,,,,,,,,,,,,,
2021S051235230373,35230373,Guelph,2021A00053523008,2021,143740,131794,9.1,1.9,2.7,00000,406,5191.8,0.08,20,20,45,50,155,10,0,0,150,106000,135,126000,135,0,300,255,245,10,85,81.7,3.9,,,,,,,,,,,,,,,,,,,,,,,,
2021S051235230374,35230374,Guelph,2021A00053523008,2021,143740,131794,9.1,0.9,1.2,00000,812,4298.6,0.19,55,40,65,95,340,5,0,0,340,79500,335,98400,335,75,700,480,440,40,68.6,62.9,8.3,,,,,,,,,,,,,,,,,,,,,,,,
2021S051235230375,35230375,Guelph,2021A00053523008,2021,143740,131794,9.1,1.5,0,00000,648,1992.6,0.33,20,30,50,60,270,10,5,0,270,87000,280,97000,280,25,565,405,370,35,71.7,65.5,8.6,,,,,,,,,,,,,,,,,,,,,,,,
2021S051235230376,35230376,Guelph,2021A00053523008,2021,143740,131794,9.1,1.3,2.5,00000,689,4693.5,0.15,35,40,50,60,320,20,85,0,315,68500,325,72400,325,130,590,330,295,40,55.9,50,12.1,,,,,,,,,,,,,,,,,,,,,,,,
2021S051235230377,35230377,Guelph,2021A00053523008,2021,143740,131794,9.1,0.6,0.6,00000,1949,3406.2,0.57,125,120,110,165,675,15,70,0,675,113000,695,112600,690,115,1450,1145,1000,145,79,69,12.7,,,,,,,,,,,,,,,,,,,,,,,,
2021S051235230378,35230378,Guelph,2021A00053523008,2021,143740,131794,9.1,0,0,00909,96,23.8,4.03,5,10,5,10,40,10,5,0,,,,,30,10,75,45,40,0,60,53.3,0,,,,,,,,,,,,6,6,6,6,,,,,,,,,
2021S051235230379,35230379,Guelph,2021A00053523008,2021,143740,131794,9.1,1.1,1.9,00000,2888,1520.5,1.9,175,170,245,260,1040,45,200,50,1040,109000,1045,117800,1045,300,2275,1680,1485,190,73.8,65.3,11.3,,,,,,,,,,,,,,,,,,,,,,,,
2021S051235230380,35230380,Guelph,2021A00053523008,2021,143740,131794,9.1,0,0,09999,0,0,0.33,,,,,,,,,,,,,,,,,,,,,,,,,6,6,6,6,6,6,6,6,6,6,6,6,6,6,6,6,6,6,6,6,6
2021S051235230382,35230382,Guelph,2021A00053523008,2021,143740,131794,9.1,2.2,3.3,00000,4641,1310.8,3.54,265,355,340,330,1705,65,80,0,1700,123000,1690,148400,1690,345,3945,2615,2360,255,66.3,59.8,9.8,,,,,,,,,,,,,,,,,,,,,,,,
2021S051235230383,35230383,Guelph,2021A00053523008,2021,143740,131794,9.1,4,6.5,00000,707,2420.4,0.29,0,0,10,0,445,0,110,0,450,89000,410,118000,410,60,640,10,10,0,1.6,1.6,0,,,,,,,,,,,,,,,,,,,,,,,,
2021S051235230384,35230384,Guelph,2021A00053523008,2021,143740,131794,9.1,2.5,0,00000,364,2230.4,0.16,30,25,15,15,125,15,0,0,120,150000,120,200000,120,0,320,155,150,10,48.4,46.9,6.5,,,,,,,,,,,,,,,,,,,,,,,,
2021S051235230385,35230385,Guelph,2021A00053523008,2021,143740,131794,9.1,3.4,7.9,00000,440,3051.3,0.14,30,30,20,10,145,15,0,0,145,158000,145,188000,145,0,340,210,190,20,61.8,55.9,9.5,,,,,,,,,,,,,,,,,,,,,,,,
2021S051235230386,35230386,Guelph,2021A00053523008,2021,143740,131794,9.1,2,3.8,00000,313,3035.9,0.1,20,25,25,5,105,25,5,0,100,156000,100,146000,100,25,250,145,120,25,58,48,17.2,,,,,,,,,,,,,,,,,,,,,,,,
2021S051235230387,35230387,Guelph,2021A00053523008,2021,143740,131794,9.1,2.2,0.9,00000,1277,2585.5,0.49,95,110,110,85,450,15,80,0,445,131000,470,141500,465,105,1005,750,680,70,74.6,67.7,9.3,,,,,,,,,,,,,,,,,,,,,,,,
2021S051235230388,35230388,Guelph,2021A00053523008,2021,143740,131794,9.1,1.1,4.3,00000,539,4606.8,0.12,45,45,25,40,185,10,0,0,185,152000,180,155000,180,10,405,310,310,10,76.5,76.5,3.2,,,,,,,,,,,,,,,,,,,,,,,,
2021S051235230389,35230389,Guelph,2021A00053523008,2021,143740,131794,9.1,0.4,0,00000,598,4292.9,0.14,35,45,40,20,225,10,0,0,225,116000,230,145000,230,10,560,365,340,30,65.2,60.7,8.2,,,,,,,,,,,,,,,,,,,,,,,,
2021S051235230390,35230390,Guelph,2021A00053523008,2021,143740,131794,9.1,2.3,2.3,00000,560,3429.3,0.16,45,45,40,25,175,20,0,0,170,140000,170,160000,170,10,490,330,285,45,67.3,58.2,13.6,,,,,,,,,,,,,,,,,,,,,,,,
2021S051235230391,35230391,Guelph,2021A00053523008,2021,143740,131794,9.1,6.5,15.4,00010,463,2671.7,0.17,35,70,30,30,155,0,0,0,150,99000,135,104000,135,50,305,200,170,35,65.6,55.7,17.5,,,,,,,,,,,,,,,,,,,,,,,,
2021S051235230392,35230392,Guelph,2021A00053523008,2021,143740,131794,9.1,2.2,4.3,00000,867,5319,0.16,85,80,50,65,275,5,0,0,275,128000,280,141000,280,55,735,530,465,65,72.1,63.3,12.3,,,,,,,,,,,,,,,,,,,,,,,,
2021S051235230393,35230393,Guelph,2021A00053523008,2021,143740,131794,9.1,1.1,1.4,00000,4894,3933.8,1.24,380,435,350,350,1670,30,390,0,1670,120000,1715,139000,1715,335,3960,2650,2405,240,66.9,60.7,9.1,,,,,,,,,,,,,,,,,,,,,,,,
2021S051235230394,35230394,Guelph,2021A00053523008,2021,143740,131794,9.1,3.5,3.2,00000,2104,484.8,4.34,100,185,290,220,880,30,350,15,880,91000,900,116600,895,305,1775,1410,1270,140,79.4,71.5,9.9,,,,,,,,,,,,,,,,,,,,,,,,
2021S051235230396,35230396,Guelph,2021A00053523008,2021,143740,131794,9.1,1.3,1.6,00000,2463,5255,0.47,225,180,140,120,790,25,120,0,790,124000,775,145600,775,125,1890,1375,1220,155,72.8,64.6,11.3,,,,,,,,,,,,,,,,,,,,,,,,
2021S051235230408,35230408,Guelph,2021A00053523008,2021,143740,131794,9.1,2.2,8.3,00909,233,2855.4,0.08,15,10,25,20,90,0,0,0,,,,,90,0,210,155,145,10,73.8,69,6.5,,,,,,,,,,,,6,6,6,6,,,,,,,,,
2021S051235230409,35230409,Guelph,2021A00053523008,2021,143740,131794,9.1,0.5,2.2,00000,499,3467.7,0.14,30,30,25,40,180,15,0,0,180,106000,175,96000,175,10,375,220,195,15,58.7,52,6.8,,,,,,,,,,,,,,,,,,,,,,,,
2021S051235230410,35230410,Guelph,2021A00053523008,2021,143740,131794,9.1,0.9,0,00000,329,1823.7,0.18,25,20,25,20,115,0,0,0,110,124000,115,130000,115,10,290,215,180,35,74.1,62.1,16.3,,,,,,,,,,,,,,,,,,,,,,,,
2021S051235230411,35230411,Guelph,2021A00053523008,2021,143740,131794,9.1,0.6,0,00000,472,3559.6,0.13,35,20,25,25,165,5,0,0,165,124000,165,133000,165,10,410,235,205,35,57.3,50,14.9,,,,,,,,,,,,,,,,,,,,,,,,
2021S051235230412,35230412,Guelph,2021A00053523008,2021,143740,131794,9.1,0,0,00000,377,3635.5,0.1,15,25,15,25,120,0,0,0,120,135000,125,130000,130,10,310,220,200,25,71,64.5,11.4,,,,,,,,,,,,,,,,,,,,,,,,
2021S051235230413,35230413,Guelph,2021A00053523008,2021,143740,131794,9.1,0,0,00000,445,1978.7,0.22,30,20,25,40,150,0,0,0,150,125000,140,136000,140,15,365,250,220,30,68.5,60.3,12,,,,,,,,,,,,,,,,,,,,,,,,
2021S051235230414,35230414,Guelph,2021A00053523008,2021,143740,131794,9.1,2.5,3.1,00000,1302,2524.2,0.52,45,110,120,105,630,20,30,255,630,85000,635,101600,635,480,1210,720,675,50,59.5,55.8,6.9,,,,,,,,,,,,,,,,,,,,,,,,
2021S051235230415,35230415,Guelph,2021A00053523008,2021,143740,131794,9.1,0.7,0,00000,423,2072.5,0.2,20,20,25,25,140,15,0,0,140,131000,150,138000,150,15,385,270,240,25,70.1,62.3,9.3,,,,,,,,,,,,,,,,,,,,,,,,
2021S051235230416,35230416,Guelph,2021A00053523008,2021,143740,131794,9.1,0.7,0,00000,397,1778.7,0.22,25,25,20,15,145,10,0,0,150,102000,145,106000,145,10,355,230,205,25,64.8,57.7,10.9,,,,,,,,,,,,,,,,,,,,,,,,
2021S051235230434,35230434,Guelph,2021A00053523008,2021,143740,131794,9.1,1.8,0,00000,461,2828.2,0.16,15,35,20,20,175,10,0,0,170,116000,170,113000,170,10,400,240,220,20,60,55,8.3,,,,,,,,,,,,,,,,,,,,,,,,
2021S051235230435,35230435,Guelph,2021A00053523008,2021,143740,131794,9.1,3.9,7.5,00000,663,5831.1,0.11,50,45,35,60,225,0,135,0,230,61600,205,71500,205,140,405,225,185,40,55.6,45.7,17.8,,,,,,,,,,,,,,,,,,,,,,,,
2021S051235230436,35230436,Guelph,2021A00053523008,2021,143740,131794,9.1,1.8,2.4,00000,476,5964.9,0.08,30,30,45,45,165,0,0,0,165,99000,165,89000,165,55,345,240,220,15,69.6,63.8,6.3,,,,,,,,,,,,,,,,,,,,,,,,
2021S051235230437,35230437,Guelph,2021A00053523008,2021,143740,131794,9.1,2.2,0,00000,275,5434.8,0.05,20,15,20,20,90,0,0,0,90,78500,85,120000,85,35,205,140,130,10,68.3,63.4,7.1,,,,,,,,,,,,,,,,,,,,,,,,
2021S051235230482,35230482,Guelph,2021A00053523008,2021,143740,131794,9.1,1.3,0.5,00000,2612,2556.5,1.02,185,210,205,195,745,80,5,40,745,125000,735,138800,735,100,2155,1645,1450,200,76.3,67.3,12.2,,,,,,,,,,,,,,,,,,,,,,,,
2021S051235230483,35230483,Guelph,2021A00053523008,2021,143740,131794,9.1,3.3,4.5,00000,564,4005.7,0.14,35,45,45,40,185,80,0,0,185,124000,170,105000,170,50,370,255,240,15,68.9,64.9,5.9,,,,,,,,,,,,,,,,,,,,,,,,
2021S051235230484,35230484,Guelph,2021A00053523008,2021,143740,131794,9.1,6,10.3,00010,417,3091.2,0.13,35,25,35,40,150,5,20,0,150,83000,145,118000,145,45,300,230,215,10,76.7,71.7,4.3,,,,,,,,,,,,,,,,,,,,,,,,
2021S051235230485,35230485,Guelph,2021A00053523008,2021,143740,131794,9.1,4.2,2.4,00000,469,8213.7,0.06,35,35,65,55,165,15,0,65,170,94000,170,98000,170,75,410,270,235,35,65.9,57.3,13,,,,,,,,,,,,,,,,,,,,,,,,
2021S051235230486,35230486,Guelph,2021A00053523008,2021,143740,131794,9.1,3.6,0,00000,514,2471.2,0.21,35,45,50,40,170,5,0,0,170,101000,175,108000,175,55,430,315,285,35,73.3,66.3,11.1,,,,,,,,,,,,,,,,,,,,,,,,
2021S051235230487,35230487,Guelph,2021A00053523008,2021,143740,131794,9.1,0.6,0,00000,560,5452.8,0.1,60,50,35,40,155,10,0,0,155,132000,150,134000,150,25,445,295,245,45,66.3,55.1,15.3,,,,,,,,,,,,,,,,,,,,,,,,
2021S051235230488,35230488,Guelph,2021A00053523008,2021,143740,131794,9.1,1.7,0,00000,603,727.1,0.83,40,40,45,45,175,20,0,0,175,124000,180,143000,180,10,520,320,290,30,61.5,55.8,9.4,,,,,,,,,,,,,,,,,,,,,,,,
2021S051235230489,35230489,Guelph,2021A00053523008,2021,143740,131794,9.1,0.6,1.2,00000,2087,2009,1.04,120,80,80,130,690,15,0,0,695,118000,690,122400,690,40,1530,1045,930,110,68.3,60.8,10.5,,,,,,,,,,,,,,,,,,,,,,,,
2021S051235230490,35230490,Guelph,2021A00053523008,2021,143740,131794,9.1,1.3,1.3,00000,804,3757,0.21,45,65,50,55,300,15,55,0,305,99000,310,109000,310,85,710,465,425,40,65.5,59.9,8.6,,,,,,,,,,,,,,,,,,,,,,,,
2021S051235230491,35230491,Guelph,2021A00053523008,2021,143740,131794,9.1,0.4,0,00000,600,3359.5,0.18,45,35,40,50,230,0,60,0,230,89000,245,89000,240,60,500,390,355,35,78,71,9,,,,,,,,,,,,,,,,,,,,,,,,
2021S051235230492,35230492,Guelph,2021A00053523008,2021,143740,131794,9.1,2.7,3.5,00000,1011,5312.7,0.19,70,75,90,80,335,35,95,0,335,106000,335,119200,335,120,830,600,525,75,72.3,63.3,12.5,,,,,,,,,,,,,,,,,,,,,,,,
2021S051235230493,35230493,Guelph,2021A00053523008,2021,143740,131794,9.1,1.3,0,00009,267,5868.1,0.05,25,25,30,10,75,5,0,0,75,128000,,,70,15,225,150,125,25,66.7,55.6,16.7,,,,,,,,,,,,,,6,6,,,,,,,,,
2021S051235230494,35230494,Guelph,2021A00053523008,2021,143740,131794,9.1,1.5,0,00000,657,4785.1,0.14,45,55,35,35,200,15,0,0,205,127000,195,147000,195,15,540,420,410,15,77.8,75.9,3.6,,,,,,,,,,,,,,,,,,,,,,,,
2021S051235230495,35230495,Guelph,2021A00053523008,2021,143740,131794,9.1,0,0,00000,482,3365.9,0.14,55,40,20,15,145,5,0,0,145,198000,145,236000,145,0,415,275,240,30,66.3,57.8,10.9,,,,,,,,,,,,,,,,,,,,,,,,
2021S051235230496,35230496,Guelph,2021A00053523008,2021,143740,131794,9.1,0.6,1.2,00000,1053,286.7,3.67,80,70,65,40,340,30,0,0,335,153000,340,179000,340,40,865,570,535,40,65.9,61.8,7,,,,,,,,,,,,,,,,,,,,,,,,
2021S051235230497,35230497,Guelph,2021A00053523008,2021,143740,131794,9.1,0.7,0,00000,453,5412.2,0.08,35,30,15,15,135,10,0,0,135,154000,135,158000,135,10,390,295,260,30,75.6,66.7,10.2,,,,,,,,,,,,,,,,,,,,,,,,
2021S051235230498,35230498,Guelph,2021A00053523008,2021,143740,131794,9.1,6.2,6.5,00000,453,1173.9,0.39,25,50,45,40,175,20,0,0,175,95000,185,97000,180,65,390,275,235,40,70.5,60.3,14.5,,,,,,,,,,,,,,,,,,,,,,,,
2021S051235230499,35230499,Guelph,2021A00053523008,2021,143740,131794,9.1,5,6.3,00000,1055,1653.3,0.64,85,170,95,65,440,15,0,0,440,89000,455,102400,455,120,915,585,510,70,63.9,55.7,12,,,,,,,,,,,,,,,,,,,,,,,,
2021S051235230500,35230500,Guelph,2021A00053523008,2021,143740,131794,9.1,5.5,7.7,00000,1280,1176.6,1.09,100,160,110,80,400,25,0,0,400,124000,395,149000,395,85,1090,835,740,100,76.6,67.9,12,,,,,,,,,,,,,,,,,,,,,,,,
2021S051235230501,35230501,Guelph,2021A00053523008,2021,143740,131794,9.1,1.7,0,00000,549,204.3,2.69,50,40,35,40,175,15,0,0,175,132000,185,156000,180,35,475,400,375,30,84.2,78.9,7.5,,,,,,,,,,,,,,,,,,,,,,,,
2021S051235230502,35230502,Guelph,2021A00053523008,2021,143740,131794,9.1,4.1,8.3,00000,498,4556.3,0.11,45,40,35,25,150,0,0,0,145,132000,135,164000,135,20,435,315,285,25,72.4,65.5,7.9,,,,,,,,,,,,,,,,,,,,,,,,
2021S051235230503,35230503,Guelph,2021A00053523008,2021,143740,131794,9.1,1.5,0,00000,860,5134.3,0.17,90,85,75,60,270,30,0,0,270,131000,270,139000,270,65,695,535,475,60,77,68.3,11.2,,,,,,,,,,,,,,,,,,,,,,,,
2021S051235230504,35230504,Guelph,2021A00053523008,2021,143740,131794,9.1,0.6,2.6,00000,512,5000,0.1,45,35,30,25,160,5,0,0,160,138000,145,136000,145,15,375,255,235,20,68,62.7,7.8,,,,,,,,,,,,,,,,,,,,,,,,
2021S051235230505,35230505,Guelph,2021A00053523008,2021,143740,131794,9.1,6.6,1.7,00000,769,158,4.87,45,70,75,55,255,50,5,0,255,99000,250,126000,250,110,570,430,375,55,75.4,65.8,12.8,,,,,,,,,,,,,,,,,,,,,,,,
2021S051235250030,35250030,Hamilton,2021A00053525005,2021,569353,536917,6,1.4,5.1,00000,388,196.6,1.97,15,20,20,30,145,5,5,0,145,105000,165,97000,165,0,370,170,155,15,45.9,41.9,8.8,,,,,,,,,,,,,,,,,,,,,,,,
2021S051235250031,35250031,Hamilton,2021A00053525005,2021,569353,536917,6,1.8,9.1,00000,443,68.3,6.48,20,20,30,15,165,10,5,0,165,115000,145,146000,145,15,340,210,190,20,61.8,55.9,9.5,,,,,,,,,,,,,,,,,,,,,,,,
2021S051235250032,35250032,Hamilton,2021A00053525005,2021,569353,536917,6,0.9,0,00000,567,557.9,1.02,35,45,25,30,220,5,25,0,220,122000,220,130000,220,35,495,345,305,45,69.7,61.6,13,,,,,,,,,,,,,,,,,,,,,,,,
2021S051235250033,35250033,Hamilton,2021A00053525005,2021,569353,536917,6,0,0,00000,637,2213.3,0.29,35,35,25,10,230,5,5,0,225,157000,230,162000,230,10,520,310,285,25,59.6,54.8,8.1,,,,,,,,,,,,,,,,,,,,,,,,
2021S051235250034,35250034,Hamilton,2021A00053525005,2021,569353,536917,6,1.1,2.9,00000,642,1010.9,0.64,40,40,55,50,270,15,20,0,275,100000,265,124000,270,30,545,430,390,40,78.9,71.6,9.3,,,,,,,,,,,,,,,,,,,,,,,,
2021S051235250035,35250035,Hamilton,2021A00053525005,2021,569353,536917,6,1.3,2.5,00000,373,3215.5,0.12,20,20,20,45,155,5,40,0,155,93000,165,108000,165,50,340,245,220,20,72.1,64.7,8.2,,,,,,,,,,,,,,,,,,,,,,,,
2021S051235250036,35250036,Hamilton,2021A00053525005,2021,569353,536917,6,0.4,0,00000,642,1636.9,0.39,40,35,25,25,225,0,40,0,225,127000,240,135000,240,65,500,390,340,50,78,68,12.8,,,,,,,,,,,,,,,,,,,,,,,,
2021S051235250037,35250037,Hamilton,2021A00053525005,2021,569353,536917,6,2,4.8,00000,563,1896.9,0.3,30,30,25,35,255,10,120,0,255,91000,250,117000,250,105,465,260,245,15,55.9,52.7,5.8,,,,,,,,,,,,,,,,,,,,,,,,
2021S051235250038,35250038,Hamilton,2021A00053525005,2021,569353,536917,6,3.4,2.7,00000,723,5013.9,0.14,15,25,40,35,435,15,140,220,440,55600,440,74000,440,275,640,320,270,45,50,42.2,14.1,,,,,,,,,,,,,,,,,,,,,,,,
2021S051235250039,35250039,Hamilton,2021A00053525005,2021,569353,536917,6,2.2,2.6,00000,515,6758.5,0.08,10,30,35,30,315,15,30,220,310,51600,320,60000,320,260,470,235,205,30,50,43.6,12.8,,,,,,,,,,,,,,,,,,,,,,,,
2021S051235250040,35250040,Hamilton,2021A00053525005,2021,569353,536917,6,2.7,0,00000,480,2416.9,0.2,35,25,20,20,225,5,0,110,225,57600,220,65000,220,145,365,185,175,10,50.7,47.9,5.4,,,,,,,,,,,,,,,,,,,,,,,,
2021S051235250041,35250041,Hamilton,2021A00053525005,2021,569353,536917,6,2.5,3.2,00000,415,3113.3,0.13,15,25,40,25,240,20,65,70,245,61200,240,75000,240,160,390,220,195,30,56.4,50,13.6,,,,,,,,,,,,,,,,,,,,,,,,
2021S051235250042,35250042,Hamilton,2021A00053525005,2021,569353,536917,6,1.6,0,00000,261,4401.3,0.06,10,15,25,25,125,0,30,0,125,82000,130,112000,130,40,250,200,165,40,80,66,20,,,,,,,,,,,,,,,,,,,,,,,,
2021S051235250043,35250043,Hamilton,2021A00053525005,2021,569353,536917,6,0.7,1.4,00000,597,733.3,0.81,30,25,35,25,270,10,0,40,265,108000,280,110000,285,20,510,275,250,25,53.9,49,9.1,,,,,,,,,,,,,,,,,,,,,,,,
2021S051235250044,35250044,Hamilton,2021A00053525005,2021,569353,536917,6,1.2,4.9,00000,418,3368.3,0.12,25,20,25,20,165,5,0,0,165,114000,165,141000,160,20,370,235,170,65,63.5,45.9,27.7,,,,,,,,,,,,,,,,,,,,,,,,
2021S051235250045,35250045,Hamilton,2021A00053525005,2021,569353,536917,6,2.3,6,00000,456,8000,0.06,15,50,65,50,260,0,205,0,260,50400,265,72500,265,215,445,315,270,45,70.8,60.7,14.3,,,,,,,,,,,,,,,,,,,,,,,,
2021S051235250046,35250046,Hamilton,2021A00053525005,2021,569353,536917,6,1,0,00000,485,1546.6,0.31,30,25,15,20,195,5,25,0,195,111000,210,158000,205,15,465,250,235,15,53.8,50.5,6,,,,,,,,,,,,,,,,,,,,,,,,
2021S051235250047,35250047,Hamilton,2021A00053525005,2021,569353,536917,6,0,0,00000,709,1234.8,0.57,30,25,20,20,250,10,35,0,250,114000,255,142000,255,45,545,285,260,35,52.3,47.7,12.3,,,,,,,,,,,,,,,,,,,,,,,,
2021S051235250048,35250048,Hamilton,2021A00053525005,2021,569353,536917,6,0,0,00000,300,2629.3,0.11,20,25,15,10,110,0,0,0,110,152000,120,158000,120,0,270,215,190,30,79.6,70.4,14,,,,,,,,,,,,,,,,,,,,,,,,
2021S051235250049,35250049,Hamilton,2021A00053525005,2021,569353,536917,6,0.6,2.4,00000,431,2564,0.17,25,25,15,15,160,0,0,0,165,122000,160,134000,165,0,350,215,200,15,61.4,57.1,7,,,,,,,,,,,,,,,,,,,,,,,,
2021S051235250050,35250050,Hamilton,2021A00053525005,2021,569353,536917,6,0.6,0,00000,403,2706.5,0.15,25,15,5,20,155,0,0,0,155,124000,160,134000,160,0,305,165,150,10,54.1,49.2,6.1,,,,,,,,,,,,,,,,,,,,,,,,
2021S051235250051,35250051,Hamilton,2021A00053525005,2021,569353,536917,6,0.5,3.8,00000,1170,999.7,1.17,50,80,50,35,415,0,0,0,415,150000,400,163000,400,0,900,535,490,50,59.4,54.4,9.3,,,,,,,,,,,,,,,,,,,,,,,,
2021S051235250052,35250052,Hamilton,2021A00053525005,2021,569353,536917,6,0,0,00000,346,3122.7,0.11,15,15,15,20,125,0,0,0,130,127000,145,132000,140,0,320,200,190,10,62.5,59.4,5,,,,,,,,,,,,,,,,,,,,,,,,
2021S051235250053,35250053,Hamilton,2021A00053525005,2021,569353,536917,6,0,0,00000,600,831.4,0.72,30,25,20,15,235,0,0,0,235,151000,265,218000,265,10,590,290,285,0,49.2,48.3,0,,,,,,,,,,,,,,,,,,,,,,,,
2021S051235250054,35250054,Hamilton,2021A00053525005,2021,569353,536917,6,0.8,2.9,00000,351,1742.8,0.2,20,30,15,15,130,0,0,0,135,116000,135,112000,135,10,270,195,165,30,72.2,61.1,15.4,,,,,,,,,,,,,,,,,,,,,,,,
2021S051235250055,35250055,Hamilton,2021A00053525005,2021,569353,536917,6,0.4,1.7,00000,573,2893.9,0.2,40,40,15,30,230,0,0,0,230,103000,235,124000,235,25,450,220,205,20,48.9,45.6,9.1,,,,,,,,,,,,,,,,,,,,,,,,
2021S051235250056,35250056,Hamilton,2021A00053525005,2021,569353,536917,6,0,0,00909,199,3712.7,0.05,15,10,10,10,65,0,0,0,,,,,60,0,175,125,110,15,71.4,62.9,12,,,,,,,,,,,,6,6,6,6,,,,,,,,,
2021S051235250059,35250059,Hamilton,2021A00053525005,2021,569353,536917,6,0.2,0.9,00000,1115,403,2.77,55,70,55,50,445,5,0,0,445,127000,465,148000,465,10,1035,595,525,75,57.5,50.7,12.6,,,,,,,,,,,,,,,,,,,,,,,,
2021S051235250060,35250060,Hamilton,2021A00053525005,2021,569353,536917,6,1.2,4.7,00000,651,1343.7,0.48,35,40,30,35,255,5,0,0,255,130000,260,182000,260,30,565,340,310,35,60.2,54.9,10.3,,,,,,,,,,,,,,,,,,,,,,,,
2021S051235250061,35250061,Hamilton,2021A00053525005,2021,569353,536917,6,0.7,0,00000,417,2281.2,0.18,25,30,25,15,150,0,0,0,150,124000,145,142000,145,0,320,210,195,10,65.6,60.9,4.8,,,,,,,,,,,,,,,,,,,,,,,,
2021S051235250062,35250062,Hamilton,2021A00053525005,2021,569353,536917,6,2.5,5.2,00000,1272,122.4,10.39,70,75,90,75,645,5,30,400,645,75000,630,107200,630,190,1155,635,555,80,55,48.1,12.6,,,,,,,,,,,,,,,,,,,,,,,,
2021S051235250065,35250065,Hamilton,2021A00053525005,2021,569353,536917,6,0,0,00000,504,3021.6,0.17,35,30,5,20,170,0,0,0,175,147000,175,157000,175,0,450,280,230,50,62.2,51.1,17.9,,,,,,,,,,,,,,,,,,,,,,,,
2021S051235250066,35250066,Hamilton,2021A00053525005,2021,569353,536917,6,0.7,2.6,00000,404,1886.1,0.21,20,15,25,10,155,0,0,0,150,141000,155,160000,150,20,345,200,195,10,58,56.5,5,,,,,,,,,,,,,,,,,,,,,,,,
2021S051235250067,35250067,Hamilton,2021A00053525005,2021,569353,536917,6,0.5,0,00000,602,1904.5,0.32,45,40,25,30,200,0,0,0,195,155000,205,166000,200,10,505,365,325,40,72.3,64.4,11,,,,,,,,,,,,,,,,,,,,,,,,
2021S051235250070,35250070,Hamilton,2021A00053525005,2021,569353,536917,6,0.4,0,00000,844,596.8,1.41,45,50,35,35,250,0,0,0,250,86000,250,113000,250,95,580,365,315,50,62.9,54.3,13.7,,,,,,,,,,,,,,,,,,,,,,,,
2021S051235250073,35250073,Hamilton,2021A00053525005,2021,569353,536917,6,0,0,00000,426,5239.9,0.08,30,35,30,20,150,0,0,0,150,113000,150,120000,150,10,345,245,215,30,71,62.3,12.2,,,,,,,,,,,,,,,,,,,,,,,,
2021S051235250074,35250074,Hamilton,2021A00053525005,2021,569353,536917,6,3.5,3.3,00000,314,4604.1,0.07,15,15,15,15,115,5,0,0,115,98000,115,112000,115,0,270,145,135,15,53.7,50,10.3,,,,,,,,,,,,,,,,,,,,,,,,
2021S051235250075,35250075,Hamilton,2021A00053525005,2021,569353,536917,6,0,0,00000,413,4922.5,0.08,25,25,25,30,145,5,0,0,145,123000,140,122000,140,10,345,230,200,25,66.7,58,10.9,,,,,,,,,,,,,,,,,,,,,,,,
2021S051235250077,35250077,Hamilton,2021A00053525005,2021,569353,536917,6,2.6,2.1,00000,569,6105.2,0.09,40,60,45,40,190,10,0,0,190,93000,195,113000,195,60,520,310,270,45,59.6,51.9,14.5,,,,,,,,,,,,,,,,,,,,,,,,
2021S051235250078,35250078,Hamilton,2021A00053525005,2021,569353,536917,6,2.2,0,00000,403,4774.9,0.08,25,25,20,25,140,0,0,0,135,109000,140,134000,140,10,380,210,165,40,55.3,43.4,19,,,,,,,,,,,,,,,,,,,,,,,,
2021S051235250079,35250079,Hamilton,2021A00053525005,2021,569353,536917,6,0,0,00009,304,1926.5,0.16,20,15,10,15,115,0,0,0,115,98000,,,110,0,225,100,85,10,44.4,37.8,10,,,,,,,,,,,,,,6,6,,,,,,,,,
2021S051235250080,35250080,Hamilton,2021A00053525005,2021,569353,536917,6,4,5.9,00000,555,2827.3,0.2,50,40,35,30,195,5,0,0,200,70500,205,78500,205,75,465,265,210,55,57,45.2,20.8,,,,,,,,,,,,,,,,,,,,,,,,
2021S051235250081,35250081,Hamilton,2021A00053525005,2021,569353,536917,6,0.8,2.2,00000,989,5241.1,0.19,70,50,80,85,360,0,0,0,360,82000,360,84400,360,150,815,520,435,80,63.8,53.4,15.4,,,,,,,,,,,,,,,,,,,,,,,,
2021S051235250082,35250082,Hamilton,2021A00053525005,2021,569353,536917,6,0,0,00909,227,4495,0.05,10,20,15,10,90,0,0,0,,,,,90,15,180,85,50,30,47.2,27.8,35.3,,,,,,,,,,,,6,6,6,6,,,,,,,,,
2021S051235250083,35250083,Hamilton,2021A00053525005,2021,569353,536917,6,0.8,3.3,00000,816,4347.4,0.19,80,70,50,45,245,0,0,0,240,75500,245,96000,250,135,595,285,225,60,47.9,37.8,21.1,,,,,,,,,,,,,,,,,,,,,,,,
2021S051235250084,35250084,Hamilton,2021A00053525005,2021,569353,536917,6,0.9,0,00000,341,3853.1,0.09,15,25,30,25,115,5,0,0,115,96000,125,100000,125,20,290,145,130,15,50,44.8,10.3,,,,,,,,,,,,,,,,,,,,,,,,
2021S051235250085,35250085,Hamilton,2021A00053525005,2021,569353,536917,6,2.8,3.7,00000,300,3178,0.09,15,20,20,15,110,5,10,0,105,88000,100,106000,100,25,280,160,125,35,57.1,44.6,21.9,,,,,,,,,,,,,,,,,,,,,,,,
2021S051235250086,35250086,Hamilton,2021A00053525005,2021,569353,536917,6,1.1,4.7,00000,690,4788.3,0.14,40,35,30,30,175,0,0,0,175,92000,175,112000,175,25,450,285,245,40,63.3,54.4,14,,,,,,,,,,,,,,,,,,,,,,,,
2021S051235250087,35250087,Hamilton,2021A00053525005,2021,569353,536917,6,0,0,00000,500,4340.3,0.12,20,40,40,40,190,0,0,0,185,100000,195,115000,190,10,435,260,225,40,59.8,51.7,15.4,,,,,,,,,,,,,,,,,,,,,,,,
2021S051235250088,35250088,Hamilton,2021A00053525005,2021,569353,536917,6,0.6,2.3,00000,479,1963.1,0.24,20,20,20,35,175,0,0,0,175,112000,170,125000,165,15,370,240,225,20,64.9,60.8,8.3,,,,,,,,,,,,,,,,,,,,,,,,
2021S051235250089,35250089,Hamilton,2021A00053525005,2021,569353,536917,6,0.7,1.4,00000,555,8447.5,0.07,30,30,25,25,290,0,0,250,290,54000,285,65500,285,280,465,155,130,25,33.3,28,16.1,,,,,,,,,,,,,,,,,,,,,,,,
2021S051235250093,35250093,Hamilton,2021A00053525005,2021,569353,536917,6,1.9,7.7,00000,531,2491.8,0.21,25,30,30,40,205,5,0,0,205,87000,205,98000,205,35,490,260,230,30,53.1,46.9,11.5,,,,,,,,,,,,,,,,,,,,,,,,
2021S051235250094,35250094,Hamilton,2021A00053525005,2021,569353,536917,6,0,0,00000,343,5813.6,0.06,20,20,25,20,130,0,0,0,130,82000,130,94000,130,90,270,180,150,30,66.7,55.6,16.7,,,,,,,,,,,,,,,,,,,,,,,,
2021S051235250095,35250095,Hamilton,2021A00053525005,2021,569353,536917,6,1.2,0,00000,459,4001.7,0.11,20,30,20,20,165,5,0,0,165,91000,170,97000,165,25,375,190,180,10,50.7,48,5.3,,,,,,,,,,,,,,,,,,,,,,,,
2021S051235250096,35250096,Hamilton,2021A00053525005,2021,569353,536917,6,0.6,2.2,00000,525,4108,0.13,40,45,40,40,180,5,5,0,180,102000,190,98000,190,15,460,280,255,30,60.9,55.4,10.7,,,,,,,,,,,,,,,,,,,,,,,,
2021S051235250097,35250097,Hamilton,2021A00053525005,2021,569353,536917,6,0.9,3.4,00000,349,1151.1,0.3,20,20,15,15,115,0,0,0,115,137000,115,176000,115,0,330,205,195,10,62.1,59.1,4.9,,,,,,,,,,,,,,,,,,,,,,,,
2021S051235250098,35250098,Hamilton,2021A00053525005,2021,569353,536917,6,0,0,00909,226,3353.1,0.07,10,15,15,15,70,0,0,0,,,,,65,0,180,115,90,25,63.9,50,21.7,,,,,,,,,,,,6,6,6,6,,,,,,,,,
2021S051235250099,35250099,Hamilton,2021A00053525005,2021,569353,536917,6,1.4,1.8,00000,784,479.3,1.64,35,35,25,30,220,5,0,0,220,153000,220,174000,220,0,575,325,300,35,56.5,52.2,10.8,,,,,,,,,,,,,,,,,,,,,,,,
2021S051235250100,35250100,Hamilton,2021A00053525005,2021,569353,536917,6,1.1,0,00000,500,2348.5,0.21,30,25,30,40,190,0,0,0,190,115000,185,129000,185,20,405,260,225,40,64.2,55.6,15.4,,,,,,,,,,,,,,,,,,,,,,,,
2021S051235250101,35250101,Hamilton,2021A00053525005,2021,569353,536917,6,0.6,0,00000,449,3720,0.12,35,25,15,25,160,0,0,0,160,127000,160,121000,160,0,385,230,205,25,59.7,53.2,10.9,,,,,,,,,,,,,,,,,,,,,,,,
2021S051235250102,35250102,Hamilton,2021A00053525005,2021,569353,536917,6,0.9,0,00000,323,2271.4,0.14,25,30,15,10,110,0,0,0,115,152000,115,172000,120,10,320,190,170,20,59.4,53.1,10.5,,,,,,,,,,,,,,,,,,,,,,,,
2021S051235250105,35250105,Hamilton,2021A00053525005,2021,569353,536917,6,1.3,1.7,00000,597,2486.5,0.24,20,30,40,55,230,10,0,0,230,111000,230,128000,230,10,475,300,280,20,63.2,58.9,6.7,,,,,,,,,,,,,,,,,,,,,,,,
2021S051235250106,35250106,Hamilton,2021A00053525005,2021,569353,536917,6,0.5,0,00000,473,3514.1,0.13,25,20,40,45,190,5,0,0,190,103000,195,111000,195,40,430,300,270,35,69.8,62.8,11.7,,,,,,,,,,,,,,,,,,,,,,,,
2021S051235250107,35250107,Hamilton,2021A00053525005,2021,569353,536917,6,0.5,0,00000,523,2288.8,0.23,30,30,40,40,200,0,0,0,195,111000,185,132000,185,15,500,345,305,45,69,61,13,,,,,,,,,,,,,,,,,,,,,,,,
2021S051235250108,35250108,Hamilton,2021A00053525005,2021,569353,536917,6,1,1.9,00000,543,3216.8,0.17,35,35,35,35,205,5,0,0,205,104000,200,113000,200,25,465,305,280,20,65.6,60.2,6.6,,,,,,,,,,,,,,,,,,,,,,,,
2021S051235250109,35250109,Hamilton,2021A00053525005,2021,569353,536917,6,2.3,0,00000,748,2762.2,0.27,55,40,40,40,265,10,0,0,260,107000,265,123000,265,50,585,330,280,45,56.4,47.9,13.6,,,,,,,,,,,,,,,,,,,,,,,,
2021S051235250110,35250110,Hamilton,2021A00053525005,2021,569353,536917,6,0.4,0,00000,581,2132.9,0.27,20,40,30,40,230,10,0,0,230,93000,235,102000,235,35,495,305,265,40,61.6,53.5,13.1,,,,,,,,,,,,,,,,,,,,,,,,
2021S051235250111,35250111,Hamilton,2021A00053525005,2021,569353,536917,6,0,0,00000,582,2382.3,0.24,20,20,25,25,165,0,0,0,165,94000,160,111000,160,20,360,225,200,25,62.5,55.6,11.1,,,,,,,,,,,,,,,,,,,,,,,,
2021S051235250112,35250112,Hamilton,2021A00053525005,2021,569353,536917,6,1.7,2.3,00000,508,4090.2,0.12,40,50,30,25,175,5,5,0,170,96000,175,114000,175,35,445,290,265,25,65.2,59.6,8.6,,,,,,,,,,,,,,,,,,,,,,,,
2021S051235250113,35250113,Hamilton,2021A00053525005,2021,569353,536917,6,1.9,0,00000,300,2354.8,0.13,15,20,25,25,110,0,0,0,105,95000,100,120000,100,30,250,130,115,15,52,46,11.5,,,,,,,,,,,,,,,,,,,,,,,,
2021S051235250114,35250114,Hamilton,2021A00053525005,2021,569353,536917,6,1.4,0,00000,425,2961.7,0.14,25,20,15,30,145,0,0,0,150,108000,150,128000,150,10,460,285,265,15,62,57.6,5.3,,,,,,,,,,,,,,,,,,,,,,,,
2021S051235250115,35250115,Hamilton,2021A00053525005,2021,569353,536917,6,1.3,0.7,00000,1445,5456.9,0.26,90,90,115,130,545,5,130,0,550,72500,575,78000,575,360,1200,770,630,140,64.2,52.5,18.2,,,,,,,,,,,,,,,,,,,,,,,,
2021S051235250116,35250116,Hamilton,2021A00053525005,2021,569353,536917,6,1.3,3.4,00000,743,3608.5,0.21,50,55,40,40,240,0,0,0,240,96000,225,111000,220,25,540,405,335,70,75,62,17.3,,,,,,,,,,,,,,,,,,,,,,,,
2021S051235250117,35250117,Hamilton,2021A00053525005,2021,569353,536917,6,1.1,0,00000,279,5812.5,0.05,20,20,20,20,90,0,0,0,95,95000,100,90000,100,10,250,140,110,20,56,44,14.3,,,,,,,,,,,,,,,,,,,,,,,,
2021S051235250118,35250118,Hamilton,2021A00053525005,2021,569353,536917,6,1.5,3.1,00000,378,4167.6,0.09,20,30,25,20,130,0,0,0,130,91000,125,98000,125,20,315,155,130,25,49.2,41.3,16.1,,,,,,,,,,,,,,,,,,,,,,,,
2021S051235250119,35250119,Hamilton,2021A00053525005,2021,569353,536917,6,1.6,4.3,00000,483,4749.3,0.1,30,30,30,25,185,10,0,0,190,88000,185,99000,185,30,440,280,250,30,63.6,56.8,10.7,,,,,,,,,,,,,,,,,,,,,,,,
2021S051235250120,35250120,Hamilton,2021A00053525005,2021,569353,536917,6,0.7,2.6,00000,389,6494.2,0.06,30,25,40,40,145,0,0,0,145,94000,140,100000,140,25,305,230,215,20,75.4,70.5,8.7,,,,,,,,,,,,,,,,,,,,,,,,
2021S051235250121,35250121,Hamilton,2021A00053525005,2021,569353,536917,6,0.6,2.2,00000,472,6218.7,0.08,30,20,35,40,175,0,0,0,180,88000,190,87000,185,30,355,250,195,55,70.4,54.9,22,,,,,,,,,,,,,,,,,,,,,,,,
2021S051235250122,35250122,Hamilton,2021A00053525005,2021,569353,536917,6,1.5,0,00000,375,3858,0.1,30,15,30,20,130,5,0,0,130,111000,135,118000,135,25,320,180,160,15,56.3,50,8.3,,,,,,,,,,,,,,,,,,,,,,,,
2021S051235250123,35250123,Hamilton,2021A00053525005,2021,569353,536917,6,2.4,3.2,00000,353,3922.2,0.09,20,25,25,20,120,0,0,0,125,112000,120,138000,120,0,340,190,165,30,55.9,48.5,15.8,,,,,,,,,,,,,,,,,,,,,,,,
2021S051235250124,35250124,Hamilton,2021A00053525005,2021,569353,536917,6,0.5,0,00000,491,4431.4,0.11,35,30,25,30,185,10,0,0,185,90000,195,111000,195,70,460,245,230,15,53.3,50,6.1,,,,,,,,,,,,,,,,,,,,,,,,
2021S051235250125,35250125,Hamilton,2021A00053525005,2021,569353,536917,6,2.5,3.4,00000,338,5624,0.06,15,20,15,20,115,0,0,0,120,109000,110,134000,110,15,290,200,175,25,69,60.3,12.5,,,,,,,,,,,,,,,,,,,,,,,,
2021S051235250126,35250126,Hamilton,2021A00053525005,2021,569353,536917,6,2.1,1.7,00000,623,8362.4,0.07,35,40,40,45,235,0,0,55,235,62400,240,67000,240,160,455,225,185,40,49.5,40.7,17.8,,,,,,,,,,,,,,,,,,,,,,,,
2021S051235250127,35250127,Hamilton,2021A00053525005,2021,569353,536917,6,0.6,0,00000,1559,3662.2,0.43,120,110,110,80,465,5,0,0,465,127000,480,137500,480,80,1390,910,815,95,65.5,58.6,10.4,,,,,,,,,,,,,,,,,,,,,,,,
2021S051235250128,35250128,Hamilton,2021A00053525005,2021,569353,536917,6,0.8,3.1,00000,448,3764.7,0.12,40,50,35,25,130,5,0,0,130,151000,130,188000,130,0,425,320,300,20,75.3,70.6,6.3,,,,,,,,,,,,,,,,,,,,,,,,
2021S051235250129,35250129,Hamilton,2021A00053525005,2021,569353,536917,6,0.9,7.1,00000,366,5281.4,0.07,20,20,20,25,120,0,0,0,115,126000,110,134000,110,0,300,195,165,30,65,55,15.4,,,,,,,,,,,,,,,,,,,,,,,,
2021S051235250130,35250130,Hamilton,2021A00053525005,2021,569353,536917,6,0,0,00000,301,2278.6,0.13,15,20,20,20,100,5,0,0,100,130000,105,132000,105,0,265,145,135,10,54.7,50.9,6.9,,,,,,,,,,,,,,,,,,,,,,,,
2021S051235250133,35250133,Hamilton,2021A00053525005,2021,569353,536917,6,2.1,1.7,00000,374,1779.3,0.21,0,0,0,0,240,0,0,0,235,45200,240,51200,235,65,325,15,10,10,4.6,3.1,66.7,,,,,,,,,,,,,,,,,,,,,,,,
2021S051235250134,35250134,Hamilton,2021A00053525005,2021,569353,536917,6,1.8,3,00000,735,2188.8,0.34,35,45,45,25,275,5,0,0,275,95000,255,110000,255,40,600,335,290,50,55.8,48.3,14.9,,,,,,,,,,,,,,,,,,,,,,,,
2021S051235250135,35250135,Hamilton,2021A00053525005,2021,569353,536917,6,0.9,0.6,00000,2097,1225.7,1.71,170,135,120,120,665,0,10,0,670,114000,675,123200,675,115,1660,1080,955,125,65.1,57.5,11.6,,,,,,,,,,,,,,,,,,,,,,,,
2021S051235250136,35250136,Hamilton,2021A00053525005,2021,569353,536917,6,0,0,00000,372,1456,0.26,25,15,20,15,120,0,0,0,125,111000,120,126000,120,10,310,160,140,25,51.6,45.2,15.6,,,,,,,,,,,,,,,,,,,,,,,,
2021S051235250137,35250137,Hamilton,2021A00053525005,2021,569353,536917,6,0.7,0,00000,397,1263.1,0.31,20,30,30,20,130,5,0,0,135,115000,120,128000,120,10,300,205,170,35,68.3,56.7,17.1,,,,,,,,,,,,,,,,,,,,,,,,
2021S051235250144,35250144,Hamilton,2021A00053525005,2021,569353,536917,6,1.6,1.4,00000,2470,1943.5,1.27,155,150,175,190,830,10,15,0,830,139000,825,174000,820,145,1820,1305,1180,120,71.7,64.8,9.2,,,,,,,,,,,,,,,,,,,,,,,,
2021S051235250145,35250145,Hamilton,2021A00053525005,2021,569353,536917,6,2.4,0,00000,364,2171.8,0.17,15,20,15,10,125,0,0,0,120,160000,125,168000,125,0,300,165,160,0,55,53.3,0,,,,,,,,,,,,,,,,,,,,,,,,
2021S051235250147,35250147,Hamilton,2021A00053525005,2021,569353,536917,6,1.3,2.7,00000,528,2261.2,0.23,20,30,30,15,150,10,0,0,155,117000,155,144000,155,15,350,195,180,15,55.7,51.4,7.7,,,,,,,,,,,,,,,,,,,,,,,,
2021S051235250148,35250148,Hamilton,2021A00053525005,2021,569353,536917,6,1.7,2.4,00000,423,2529.9,0.17,10,20,20,35,170,5,0,0,175,129000,170,160000,170,25,380,230,220,10,60.5,57.9,4.3,,,,,,,,,,,,,,,,,,,,,,,,
2021S051235250149,35250149,Hamilton,2021A00053525005,2021,569353,536917,6,0,0,00000,547,1658.6,0.33,30,30,25,20,190,0,0,0,185,160000,190,182000,190,0,450,295,275,20,65.6,61.1,6.8,,,,,,,,,,,,,,,,,,,,,,,,
2021S051235250150,35250150,Hamilton,2021A00053525005,2021,569353,536917,6,0.5,0,00000,453,1679.6,0.27,15,15,20,25,215,5,55,0,210,95000,225,105000,225,20,420,245,215,35,58.3,51.2,14.3,,,,,,,,,,,,,,,,,,,,,,,,
2021S051235250151,35250151,Hamilton,2021A00053525005,2021,569353,536917,6,0.6,4.9,00000,455,2679.6,0.17,20,20,25,35,160,0,0,0,160,143000,155,146000,155,0,355,185,160,25,52.1,45.1,13.5,,,,,,,,,,,,,,,,,,,,,,,,
2021S051235250152,35250152,Hamilton,2021A00053525005,2021,569353,536917,6,0.7,2.9,00000,1439,1451.6,0.99,75,90,40,50,570,5,95,0,570,124000,560,141500,560,70,1165,710,620,90,60.9,53.2,12.7,,,,,,,,,,,,,,,,,,,,,,,,
2021S051235250153,35250153,Hamilton,2021A00053525005,2021,569353,536917,6,0,0,00000,545,2296.7,0.24,20,30,25,25,210,0,0,0,205,142000,220,164000,220,0,465,275,245,35,59.1,52.7,12.7,,,,,,,,,,,,,,,,,,,,,,,,
2021S051235250156,35250156,Hamilton,2021A00053525005,2021,569353,536917,6,0.7,6.1,00000,395,2091.1,0.19,25,35,25,20,135,5,5,0,135,153000,125,196000,125,10,355,240,220,25,67.6,62,10.4,,,,,,,,,,,,,,,,,,,,,,,,
2021S051235250158,35250158,Hamilton,2021A00053525005,2021,569353,536917,6,1.8,0,00000,500,177.9,2.81,40,35,15,10,165,0,0,0,170,182000,170,224000,170,10,445,245,210,30,55.1,47.2,12.2,,,,,,,,,,,,,,,,,,,,,,,,
2021S051235250159,35250159,Hamilton,2021A00053525005,2021,569353,536917,6,0.7,0,00000,412,1293.6,0.32,25,25,10,10,150,0,0,0,150,182000,150,244000,150,0,330,195,180,15,59.1,54.5,7.7,,,,,,,,,,,,,,,,,,,,,,,,
2021S051235250160,35250160,Hamilton,2021A00053525005,2021,569353,536917,6,0.8,3.1,00000,398,2461.3,0.16,30,20,20,15,130,0,0,0,125,168000,130,228000,130,0,325,205,190,15,63.1,58.5,7.3,,,,,,,,,,,,,,,,,,,,,,,,
2021S051235250161,35250161,Hamilton,2021A00053525005,2021,569353,536917,6,0.9,0,00000,661,2509.5,0.26,60,40,35,25,225,0,0,0,225,194000,230,268000,230,0,615,365,340,30,59.3,55.3,8.2,,,,,,,,,,,,,,,,,,,,,,,,
2021S051235250162,35250162,Hamilton,2021A00053525005,2021,569353,536917,6,2.1,3,00000,383,1827.3,0.21,30,20,15,5,140,0,0,0,140,166000,125,220000,125,0,290,215,200,20,74.1,69,9.3,,,,,,,,,,,,,,,,,,,,,,,,
2021S051235250163,35250163,Hamilton,2021A00053525005,2021,569353,536917,6,0.9,2,00000,582,1057.2,0.55,40,35,30,15,215,5,35,0,215,172000,200,272000,200,50,455,290,260,30,63.7,57.1,10.3,,,,,,,,,,,,,,,,,,,,,,,,
2021S051235250164,35250164,Hamilton,2021A00053525005,2021,569353,536917,6,1.5,0,00000,566,2127.8,0.27,40,20,30,15,260,0,45,0,260,94000,265,121000,265,90,515,275,230,45,53.4,44.7,16.4,,,,,,,,,,,,,,,,,,,,,,,,
2021S051235250172,35250172,Hamilton,2021A00053525005,2021,569353,536917,6,2.4,2.4,00000,502,56.9,8.82,30,30,20,20,165,5,0,0,170,115000,160,138000,160,30,420,285,250,35,67.9,59.5,12.3,,,,,,,,,,,,,,,,,,,,,,,,
2021S051235250173,35250173,Hamilton,2021A00053525005,2021,569353,536917,6,1.4,1.9,00000,1298,151.2,8.59,105,50,30,60,415,0,30,0,415,133000,430,155500,430,35,1045,770,715,55,73.7,68.4,7.1,,,,,,,,,,,,,,,,,,,,,,,,
2021S051235250175,35250175,Hamilton,2021A00053525005,2021,569353,536917,6,1.2,1.6,00000,1621,4190.8,0.39,130,95,85,80,505,0,50,0,505,106000,510,101600,510,170,1160,755,660,90,65.1,56.9,11.9,,,,,,,,,,,,,,,,,,,,,,,,
2021S051235250176,35250176,Hamilton,2021A00053525005,2021,569353,536917,6,0,0,00000,717,4288.3,0.17,40,70,45,60,220,0,0,0,225,122000,210,127000,210,10,550,385,355,25,70,64.5,6.5,,,,,,,,,,,,,,,,,,,,,,,,
2021S051235250177,35250177,Hamilton,2021A00053525005,2021,569353,536917,6,0.8,3.2,00000,768,4854.6,0.16,70,55,60,40,245,5,0,5,245,94000,245,125000,245,55,655,450,400,55,68.7,61.1,12.2,,,,,,,,,,,,,,,,,,,,,,,,
2021S051235250178,35250178,Hamilton,2021A00053525005,2021,569353,536917,6,0.6,0,00000,559,3305.7,0.17,35,50,35,30,175,5,0,0,180,124000,175,139000,175,20,475,325,275,50,68.4,57.9,15.4,,,,,,,,,,,,,,,,,,,,,,,,
2021S051235250179,35250179,Hamilton,2021A00053525005,2021,569353,536917,6,0.5,0,00000,614,4240.3,0.14,50,45,40,40,190,0,0,0,185,143000,185,153000,185,0,505,360,330,35,71.3,65.3,9.7,,,,,,,,,,,,,,,,,,,,,,,,
2021S051235250180,35250180,Hamilton,2021A00053525005,2021,569353,536917,6,2.2,0.9,00000,3131,3110.2,1.01,205,230,210,300,910,0,0,0,915,118000,905,122800,905,195,2390,1670,1485,185,69.9,62.1,11.1,,,,,,,,,,,,,,,,,,,,,,,,
2021S051235250181,35250181,Hamilton,2021A00053525005,2021,569353,536917,6,1.7,3.4,00000,366,3177.1,0.12,15,25,25,30,120,0,0,0,120,108000,110,116000,115,10,260,165,140,25,63.5,53.8,15.2,,,,,,,,,,,,,,,,,,,,,,,,
2021S051235250183,35250183,Hamilton,2021A00053525005,2021,569353,536917,6,0,0,00909,218,4342.6,0.05,0,15,15,25,75,0,0,0,,,,,80,0,205,120,100,20,58.5,48.8,16.7,,,,,,,,,,,,6,6,6,6,,,,,,,,,
2021S051235250184,35250184,Hamilton,2021A00053525005,2021,569353,536917,6,0,0,00000,363,4683.9,0.08,20,15,10,20,125,0,0,0,120,111000,120,116000,120,10,285,210,180,30,73.7,63.2,14.3,,,,,,,,,,,,,,,,,,,,,,,,
2021S051235250185,35250185,Hamilton,2021A00053525005,2021,569353,536917,6,0.8,0,00000,519,1639.3,0.32,20,15,20,20,130,0,0,0,125,95000,125,98000,125,55,285,195,170,25,68.4,59.6,12.8,,,,,,,,,,,,,,,,,,,,,,,,
2021S051235250186,35250186,Hamilton,2021A00053525005,2021,569353,536917,6,3.7,7.4,00000,317,3837.8,0.08,20,20,20,15,105,0,0,0,110,107000,100,110000,100,0,265,160,145,15,60.4,54.7,9.4,,,,,,,,,,,,,,,,,,,,,,,,
2021S051235250188,35250188,Hamilton,2021A00053525005,2021,569353,536917,6,1.1,0,00000,740,6401.4,0.12,45,50,45,40,270,0,0,5,270,106000,280,123000,280,0,685,495,445,50,72.3,65,10.1,,,,,,,,,,,,,,,,,,,,,,,,
2021S051235250189,35250189,Hamilton,2021A00053525005,2021,569353,536917,6,0,0,00000,558,2720.6,0.21,20,40,30,30,180,0,0,0,180,122000,190,154000,185,0,495,320,305,20,64.6,61.6,6.3,,,,,,,,,,,,,,,,,,,,,,,,
2021S051235250190,35250190,Hamilton,2021A00053525005,2021,569353,536917,6,0.7,0,00000,416,3665.2,0.11,30,30,25,25,135,10,0,0,135,103000,145,98000,145,15,345,200,170,30,58,49.3,15,,,,,,,,,,,,,,,,,,,,,,,,
2021S051235250191,35250191,Hamilton,2021A00053525005,2021,569353,536917,6,0,0,00000,718,964.4,0.74,40,45,50,65,260,0,0,0,260,100000,250,102000,250,25,545,380,330,50,69.7,60.6,13.2,,,,,,,,,,,,,,,,,,,,,,,,
2021S051235250192,35250192,Hamilton,2021A00053525005,2021,569353,536917,6,0.9,0,00000,1442,3541.3,0.41,100,65,55,105,455,0,0,0,455,122000,445,141500,445,30,1215,810,715,90,66.7,58.8,11.1,,,,,,,,,,,,,,,,,,,,,,,,
2021S051235250193,35250193,Hamilton,2021A00053525005,2021,569353,536917,6,1.7,3.3,00000,317,3526.1,0.09,15,10,15,20,115,0,0,0,120,116000,115,152000,115,0,315,190,160,30,60.3,50.8,15.8,,,,,,,,,,,,,,,,,,,,,,,,
2021S051235250194,35250194,Hamilton,2021A00053525005,2021,569353,536917,6,0,0,00000,466,3993.1,0.12,30,15,25,25,160,0,0,0,160,129000,165,157000,160,10,360,205,185,25,56.9,51.4,12.2,,,,,,,,,,,,,,,,,,,,,,,,
2021S051235250196,35250196,Hamilton,2021A00053525005,2021,569353,536917,6,0.5,0,00000,560,3010.8,0.19,30,25,35,45,195,0,0,0,195,101000,200,122000,195,20,470,305,290,15,64.9,61.7,4.9,,,,,,,,,,,,,,,,,,,,,,,,
2021S051235250197,35250197,Hamilton,2021A00053525005,2021,569353,536917,6,0,0,00000,521,3842.2,0.14,35,30,35,25,185,0,0,0,190,117000,185,134000,185,10,470,330,280,55,70.2,59.6,16.7,,,,,,,,,,,,,,,,,,,,,,,,
2021S051235250200,35250200,Hamilton,2021A00053525005,2021,569353,536917,6,0.9,5.4,00000,568,796.3,0.71,20,20,40,50,230,0,0,85,235,84000,225,100000,225,95,460,290,260,35,63,56.5,12.1,,,,,,,,,,,,,,,,,,,,,,,,
2021S051235250201,35250201,Hamilton,2021A00053525005,2021,569353,536917,6,0.9,0,00000,285,3963.8,0.07,15,15,20,20,110,0,0,0,105,87000,115,100000,115,10,280,155,130,25,55.4,46.4,16.1,,,,,,,,,,,,,,,,,,,,,,,,
2021S051235250202,35250202,Hamilton,2021A00053525005,2021,569353,536917,6,1.1,2.7,00000,1039,6858.1,0.15,65,65,100,95,445,0,30,340,445,71500,455,73200,460,250,900,575,500,80,63.9,55.6,13.9,,,,,,,,,,,,,,,,,,,,,,,,
2021S051235250203,35250203,Hamilton,2021A00053525005,2021,569353,536917,6,3,9.5,00000,1233,6014.6,0.21,85,95,90,100,435,5,0,200,430,76000,390,85200,390,290,900,595,475,120,66.1,52.8,20.2,,,,,,,,,,,,,,,,,,,,,,,,
2021S051235250204,35250204,Hamilton,2021A00053525005,2021,569353,536917,6,0.5,1.1,00000,900,13740.5,0.07,65,80,80,55,380,0,0,280,375,56800,425,64000,425,180,795,460,370,90,57.9,46.5,19.6,,,,,,,,,,,,,,,,,,,,,,,,
2021S051235250205,35250205,Hamilton,2021A00053525005,2021,569353,536917,6,0,0,00909,240,4461,0.05,10,10,20,20,85,0,0,0,,,,,95,0,215,110,100,10,51.2,46.5,9.1,,,,,,,,,,,,6,6,6,6,,,,,,,,,
2021S051235250206,35250206,Hamilton,2021A00053525005,2021,569353,536917,6,1.7,1.7,00000,640,4574.7,0.14,35,30,55,55,230,5,0,0,230,92000,230,99000,230,30,515,315,270,45,61.2,52.4,14.3,,,,,,,,,,,,,,,,,,,,,,,,
2021S051235250207,35250207,Hamilton,2021A00053525005,2021,569353,536917,6,0.9,3.8,00000,289,4565.6,0.06,15,15,15,20,105,0,0,0,110,93000,105,114000,105,0,265,175,145,30,66,54.7,17.1,,,,,,,,,,,,,,,,,,,,,,,,
2021S051235250208,35250208,Hamilton,2021A00053525005,2021,569353,536917,6,0.6,0,00000,383,3546.3,0.11,20,15,20,15,155,0,0,0,150,91000,160,104000,155,20,330,175,165,10,53,50,5.7,,,,,,,,,,,,,,,,,,,,,,,,
2021S051235250209,35250209,Hamilton,2021A00053525005,2021,569353,536917,6,0.8,3,00000,342,3134.7,0.11,15,15,15,10,130,0,0,0,130,106000,130,116000,130,0,275,130,120,15,47.3,43.6,11.5,,,,,,,,,,,,,,,,,,,,,,,,
2021S051235250210,35250210,Hamilton,2021A00053525005,2021,569353,536917,6,1.2,4.9,00000,438,3690,0.12,15,30,30,20,165,0,5,0,160,98000,155,128000,155,10,310,160,160,0,51.6,51.6,0,,,,,,,,,,,,,,,,,,,,,,,,
2021S051235250211,35250211,Hamilton,2021A00053525005,2021,569353,536917,6,1,0,00000,312,5114.8,0.06,5,5,10,5,190,0,5,180,195,60000,200,65500,200,35,295,60,55,10,20.3,18.6,16.7,,,,,,,,,,,,,,,,,,,,,,,,
2021S051235250212,35250212,Hamilton,2021A00053525005,2021,569353,536917,6,2.3,7.3,00000,432,7526.1,0.06,15,20,25,25,220,0,0,125,220,60800,220,68500,215,145,380,190,145,40,50,38.2,21.1,,,,,,,,,,,,,,,,,,,,,,,,
2021S051235250213,35250213,Hamilton,2021A00053525005,2021,569353,536917,6,0.6,0,00000,375,639.9,0.59,15,20,20,15,160,5,0,0,160,94000,150,98000,150,0,290,115,110,10,39.7,37.9,8.7,,,,,,,,,,,,,,,,,,,,,,,,
2021S051235250216,35250216,Hamilton,2021A00053525005,2021,569353,536917,6,1.4,5.1,00000,410,3814,0.11,15,25,15,25,145,0,0,0,150,101000,145,106000,145,10,330,190,175,15,57.6,53,7.9,,,,,,,,,,,,,,,,,,,,,,,,
2021S051235250217,35250217,Hamilton,2021A00053525005,2021,569353,536917,6,0.4,0,00000,598,2059.9,0.29,35,35,45,60,230,5,0,60,225,69000,230,87000,230,140,485,340,290,50,70.1,59.8,14.7,,,,,,,,,,,,,,,,,,,,,,,,
2021S051235250218,35250218,Hamilton,2021A00053525005,2021,569353,536917,6,2.7,5.9,00000,1203,4723.2,0.25,80,90,125,140,405,5,0,0,405,89000,390,92400,390,130,900,585,500,85,65,55.6,14.5,,,,,,,,,,,,,,,,,,,,,,,,
2021S051235250221,35250221,Hamilton,2021A00053525005,2021,569353,536917,6,0.3,1.2,00000,572,16389.7,0.03,15,20,45,40,335,0,150,165,335,45600,345,46000,345,340,500,225,155,70,45,31,31.1,,,,,,,,,,,,,,,,,,,,,,,,
2021S051235250222,35250222,Hamilton,2021A00053525005,2021,569353,536917,6,1.5,4.1,00000,545,2011.1,0.27,35,35,40,40,205,5,0,0,205,88000,195,89000,195,20,405,245,210,40,60.5,51.9,16.3,,,,,,,,,,,,,,,,,,,,,,,,
2021S051235250223,35250223,Hamilton,2021A00053525005,2021,569353,536917,6,0.5,0,00000,455,2979.7,0.15,15,20,35,25,190,0,0,5,185,96000,200,116000,200,20,460,270,225,45,58.7,48.9,16.7,,,,,,,,,,,,,,,,,,,,,,,,
2021S051235250224,35250224,Hamilton,2021A00053525005,2021,569353,536917,6,8.2,10.9,00010,444,5495,0.08,25,30,35,40,185,0,90,0,180,58800,165,62400,165,75,320,195,150,45,60.9,46.9,23.1,,,,,,,,,,,,,,,,,,,,,,,,
2021S051235250225,35250225,Hamilton,2021A00053525005,2021,569353,536917,6,0.7,2.7,00000,370,1544.2,0.24,15,15,15,25,140,5,0,0,140,89000,145,102000,145,15,305,165,155,10,54.1,50.8,6.1,,,,,,,,,,,,,,,,,,,,,,,,
2021S051235250226,35250226,Hamilton,2021A00053525005,2021,569353,536917,6,0.9,0,00000,517,8674.5,0.06,5,15,30,30,325,0,5,300,330,46800,335,55600,330,170,445,225,180,40,50.6,40.4,17.8,,,,,,,,,,,,,,,,,,,,,,,,
2021S051235250227,35250227,Hamilton,2021A00053525005,2021,569353,536917,6,2.2,2.9,00000,573,5452,0.11,25,25,35,45,270,0,100,85,265,54800,260,64000,260,205,475,240,215,20,50.5,45.3,8.3,,,,,,,,,,,,,,,,,,,,,,,,
2021S051235250230,35250230,Hamilton,2021A00053525005,2021,569353,536917,6,2.6,2,00000,470,1419.5,0.33,20,30,25,25,195,0,25,0,200,81000,205,86000,200,50,405,220,195,25,54.3,48.1,11.4,,,,,,,,,,,,,,,,,,,,,,,,
2021S051235250231,35250231,Hamilton,2021A00053525005,2021,569353,536917,6,0.4,0,00000,744,2499.2,0.3,35,55,45,40,270,10,0,0,270,90000,275,115000,275,20,685,455,400,55,66.4,58.4,12.1,,,,,,,,,,,,,,,,,,,,,,,,
2021S051235250232,35250232,Hamilton,2021A00053525005,2021,569353,536917,6,1.9,1.3,00000,877,4178.2,0.21,80,55,55,45,320,0,0,65,320,53600,325,55200,320,285,585,295,235,60,50.4,40.2,20.3,,,,,,,,,,,,,,,,,,,,,,,,
2021S051235250233,35250233,Hamilton,2021A00053525005,2021,569353,536917,6,1.4,2,00000,580,1720,0.34,40,30,30,25,205,10,30,0,210,72500,190,76500,195,55,460,175,150,30,38,32.6,17.1,,,,,,,,,,,,,,,,,,,,,,,,
2021S051235250234,35250234,Hamilton,2021A00053525005,2021,569353,536917,6,0.9,3.6,00000,395,3607.3,0.11,30,15,25,35,115,0,0,0,115,92000,110,112000,110,45,320,205,150,55,64.1,46.9,26.8,,,,,,,,,,,,,,,,,,,,,,,,
2021S051235250238,35250238,Hamilton,2021A00053525005,2021,569353,536917,6,0.5,1.1,00000,981,4846.8,0.2,65,55,85,90,370,0,0,315,370,64000,390,69600,390,330,755,430,330,100,57,43.7,23.3,,,,,,,,,,,,,,,,,,,,,,,,
2021S051235250239,35250239,Hamilton,2021A00053525005,2021,569353,536917,6,2.3,8.8,00000,452,6838.1,0.07,40,40,25,25,130,0,0,0,130,83000,130,80000,130,75,410,205,185,25,50,45.1,12.2,,,,,,,,,,,,,,,,,,,,,,,,
2021S051235250240,35250240,Hamilton,2021A00053525005,2021,569353,536917,6,2.5,5.7,00000,669,13597.6,0.05,30,45,80,50,275,0,0,270,275,56000,275,65000,275,265,555,305,235,70,55,42.3,23,,,,,,,,,,,,,,,,,,,,,,,,
2021S051235250241,35250241,Hamilton,2021A00053525005,2021,569353,536917,6,1.1,0,00000,294,2627.3,0.11,15,30,25,15,95,0,0,0,95,81000,100,102000,105,0,290,160,140,15,55.2,48.3,9.4,,,,,,,,,,,,,,,,,,,,,,,,
2021S051235250242,35250242,Hamilton,2021A00053525005,2021,569353,536917,6,0,0,09999,0,0,0.01,,,,,,,,,,,,,,,,,,,,,,,,,6,6,6,6,6,6,6,6,6,6,6,6,6,6,6,6,6,6,6,6,6
2021S051235250243,35250243,Hamilton,2021A00053525005,2021,569353,536917,6,1.4,0.8,00000,1193,3071.6,0.39,75,75,90,75,500,5,0,300,500,62000,510,82800,510,270,1025,545,460,85,53.2,44.9,15.6,,,,,,,,,,,,,,,,,,,,,,,,
2021S051235250248,35250248,Hamilton,2021A00053525005,2021,569353,536917,6,0.7,0,00000,872,2205.4,0.4,40,55,55,50,290,5,0,0,290,105000,295,117000,295,0,815,455,390,65,55.8,47.9,14.3,,,,,,,,,,,,,,,,,,,,,,,,
2021S051235250249,35250249,Hamilton,2021A00053525005,2021,569353,536917,6,1.3,1.3,00000,519,3113.4,0.17,15,15,20,20,310,10,0,235,310,45200,320,61600,315,170,480,215,185,30,44.8,38.5,14,,,,,,,,,,,,,,,,,,,,,,,,
2021S051235250250,35250250,Hamilton,2021A00053525005,2021,569353,536917,6,0.5,2,00000,483,3335.6,0.14,20,30,25,40,195,10,0,0,195,105000,190,100000,190,20,395,260,230,30,65.8,58.2,11.5,,,,,,,,,,,,,,,,,,,,,,,,
2021S051235250251,35250251,Hamilton,2021A00053525005,2021,569353,536917,6,1,4.1,00000,401,4831.3,0.08,15,25,30,40,195,20,130,0,195,58800,190,78500,195,155,320,225,190,30,70.3,59.4,13.3,,,,,,,,,,,,,,,,,,,,,,,,
2021S051235250254,35250254,Hamilton,2021A00053525005,2021,569353,536917,6,0.6,2.4,00000,693,4277.8,0.16,30,20,40,35,330,10,0,190,330,70000,335,75200,335,185,565,295,270,25,52.2,47.8,8.5,,,,,,,,,,,,,,,,,,,,,,,,
2021S051235250255,35250255,Hamilton,2021A00053525005,2021,569353,536917,6,1.4,0,00000,531,2539.5,0.21,25,25,30,30,280,5,10,150,280,69500,260,88000,265,165,445,250,225,25,56.2,50.6,10,,,,,,,,,,,,,,,,,,,,,,,,
2021S051235250256,35250256,Hamilton,2021A00053525005,2021,569353,536917,6,0.7,1.3,00000,606,2361.7,0.26,30,25,20,25,300,15,5,110,300,69500,305,92000,305,65,570,320,275,45,56.1,48.2,14.1,,,,,,,,,,,,,,,,,,,,,,,,
2021S051235250257,35250257,Hamilton,2021A00053525005,2021,569353,536917,6,1.4,1.1,00000,589,6430.1,0.09,15,15,45,35,360,0,125,180,355,46400,365,57800,365,310,570,255,235,25,44.7,41.2,9.8,,,,,,,,,,,,,,,,,,,,,,,,
2021S051235250258,35250258,Hamilton,2021A00053525005,2021,569353,536917,6,2.3,2.7,00000,741,3369.7,0.22,15,20,25,20,440,0,80,245,445,56800,440,78000,440,255,735,305,270,35,41.5,36.7,11.5,,,,,,,,,,,,,,,,,,,,,,,,
2021S051235250259,35250259,Hamilton,2021A00053525005,2021,569353,536917,6,3,1.6,00000,602,2054.6,0.29,40,30,35,30,270,10,25,60,270,72000,235,86000,235,90,440,250,220,25,56.8,50,10,,,,,,,,,,,,,,,,,,,,,,,,
2021S051235250260,35250260,Hamilton,2021A00053525005,2021,569353,536917,6,0,0,00000,564,6997.5,0.08,20,20,25,30,315,0,0,215,315,41600,335,62200,335,255,570,260,200,55,45.6,35.1,21.2,,,,,,,,,,,,,,,,,,,,,,,,
2021S051235250261,35250261,Hamilton,2021A00053525005,2021,569353,536917,6,1.9,1.5,00000,496,3189.7,0.16,20,15,25,30,265,0,150,60,270,41200,260,63600,260,205,470,215,195,20,45.7,41.5,9.3,,,,,,,,,,,,,,,,,,,,,,,,
2021S051235250262,35250262,Hamilton,2021A00053525005,2021,569353,536917,6,2.4,2.7,00000,779,2030.2,0.38,25,30,35,35,295,10,0,0,295,70000,300,84000,300,20,595,270,230,45,45.4,38.7,16.7,,,,,,,,,,,,,,,,,,,,,,,,
2021S051235250263,35250263,Hamilton,2021A00053525005,2021,569353,536917,6,0.6,0,00000,1146,1901.4,0.6,65,85,80,60,360,0,0,0,355,119000,355,126000,355,10,975,605,530,75,62.1,54.4,12.4,,,,,,,,,,,,,,,,,,,,,,,,
2021S051235250264,35250264,Hamilton,2021A00053525005,2021,569353,536917,6,0,3.1,00000,371,3905.3,0.1,20,20,25,20,125,0,0,0,130,118000,120,134000,120,0,330,175,160,15,53,48.5,8.6,,,,,,,,,,,,,,,,,,,,,,,,
2021S051235250265,35250265,Hamilton,2021A00053525005,2021,569353,536917,6,1.4,2.8,00000,389,1988.8,0.2,20,30,15,15,145,5,0,0,140,109000,140,116000,140,0,305,160,145,20,52.5,47.5,12.5,,,,,,,,,,,,,,,,,,,,,,,,
2021S051235250266,35250266,Hamilton,2021A00053525005,2021,569353,536917,6,1.9,0,00000,402,5275.6,0.08,10,15,20,25,160,0,0,0,165,83000,170,90000,175,15,350,165,145,20,47.1,41.4,12.1,,,,,,,,,,,,,,,,,,,,,,,,
2021S051235250267,35250267,Hamilton,2021A00053525005,2021,569353,536917,6,0.5,2,00000,478,1335.6,0.36,25,20,20,35,200,5,10,0,200,99000,195,118000,195,15,455,295,255,40,64.8,56,13.6,,,,,,,,,,,,,,,,,,,,,,,,
2021S051235250269,35250269,Hamilton,2021A00053525005,2021,569353,536917,6,0,0,00009,251,1297.2,0.19,15,15,10,15,95,0,0,0,95,118000,,,90,0,210,110,100,15,52.4,47.6,13.6,,,,,,,,,,,,,,6,6,,,,,,,,,
2021S051235250270,35250270,Hamilton,2021A00053525005,2021,569353,536917,6,0,0,00000,301,2850.4,0.11,15,20,20,20,110,0,0,0,110,103000,105,118000,110,0,255,125,110,15,49,43.1,12,,,,,,,,,,,,,,,,,,,,,,,,
2021S051235250271,35250271,Hamilton,2021A00053525005,2021,569353,536917,6,0,0,00000,334,2517,0.13,15,20,10,10,125,5,0,0,125,101000,120,100000,120,0,275,105,85,20,38.2,30.9,19,,,,,,,,,,,,,,,,,,,,,,,,
2021S051235250272,35250272,Hamilton,2021A00053525005,2021,569353,536917,6,1.4,3.7,00000,385,2403.2,0.16,15,15,20,15,205,10,100,0,205,46800,210,75000,210,110,370,140,115,25,37.8,31.1,17.9,,,,,,,,,,,,,,,,,,,,,,,,
2021S051235250273,35250273,Hamilton,2021A00053525005,2021,569353,536917,6,2.2,2.9,00000,365,2488.1,0.15,20,30,15,20,140,0,5,0,140,92000,140,120000,140,15,345,235,215,25,68.1,62.3,10.6,,,,,,,,,,,,,,,,,,,,,,,,
2021S051235250274,35250274,Hamilton,2021A00053525005,2021,569353,536917,6,1,0,00000,1050,5915.5,0.18,70,50,75,85,390,0,0,0,395,78500,405,84000,405,170,935,510,455,55,54.5,48.7,10.8,,,,,,,,,,,,,,,,,,,,,,,,
2021S051235250275,35250275,Hamilton,2021A00053525005,2021,569353,536917,6,0.6,0,00000,498,2646.1,0.19,25,35,40,30,180,15,0,0,180,94000,170,123000,175,20,465,310,280,30,66.7,60.2,9.7,,,,,,,,,,,,,,,,,,,,,,,,
2021S051235250276,35250276,Hamilton,2021A00053525005,2021,569353,536917,6,2.5,3.4,00000,635,2543.1,0.25,35,35,35,60,235,15,10,0,240,90000,235,93000,235,35,470,270,250,25,57.4,53.2,9.3,,,,,,,,,,,,,,,,,,,,,,,,
2021S051235250277,35250277,Hamilton,2021A00053525005,2021,569353,536917,6,1.7,2.2,00000,404,4826.8,0.08,10,15,20,30,175,0,15,0,180,77000,185,94000,185,40,325,220,205,20,67.7,63.1,9.1,,,,,,,,,,,,,,,,,,,,,,,,
2021S051235250278,35250278,Hamilton,2021A00053525005,2021,569353,536917,6,3.3,1.4,00000,605,1595.5,0.38,30,25,25,20,305,5,5,70,305,70500,300,86000,300,150,510,195,175,20,38.2,34.3,10.3,,,,,,,,,,,,,,,,,,,,,,,,
2021S051235250279,35250279,Hamilton,2021A00053525005,2021,569353,536917,6,0,0,00000,714,5328.4,0.13,35,50,35,40,235,5,0,0,240,98000,250,115000,255,10,705,395,365,30,56,51.8,7.6,,,,,,,,,,,,,,,,,,,,,,,,
2021S051235250280,35250280,Hamilton,2021A00053525005,2021,569353,536917,6,0.7,2.9,00000,376,2681.9,0.14,30,20,20,25,135,5,0,0,140,92000,135,86000,135,10,295,140,130,10,47.5,44.1,7.1,,,,,,,,,,,,,,,,,,,,,,,,
2021S051235250281,35250281,Hamilton,2021A00053525005,2021,569353,536917,6,1.5,4,00000,529,5819.6,0.09,35,30,35,45,200,5,25,45,200,69500,200,83000,200,95,420,245,225,25,58.3,53.6,10.2,,,,,,,,,,,,,,,,,,,,,,,,
2021S051235250282,35250282,Hamilton,2021A00053525005,2021,569353,536917,6,0.5,0,00000,563,3095.1,0.18,25,35,35,35,190,5,0,0,190,102000,195,105000,195,15,505,300,265,40,59.4,52.5,13.3,,,,,,,,,,,,,,,,,,,,,,,,
2021S051235250283,35250283,Hamilton,2021A00053525005,2021,569353,536917,6,0.9,1.9,00000,619,2296,0.27,30,30,50,35,225,5,0,0,225,91000,215,114000,215,0,545,275,250,25,50.5,45.9,9.1,,,,,,,,,,,,,,,,,,,,,,,,
2021S051235250284,35250284,Hamilton,2021A00053525005,2021,569353,536917,6,1.3,2.6,00000,388,3424.5,0.11,25,15,10,25,150,5,0,0,145,89000,155,92000,155,10,360,220,205,15,61.1,56.9,6.8,,,,,,,,,,,,,,,,,,,,,,,,
2021S051235250285,35250285,Hamilton,2021A00053525005,2021,569353,536917,6,1,0,00000,742,4079.2,0.18,65,30,35,40,300,5,5,55,300,84000,310,107000,310,25,690,390,305,85,56.5,44.2,21.8,,,,,,,,,,,,,,,,,,,,,,,,
2021S051235250286,35250286,Hamilton,2021A00053525005,2021,569353,536917,6,0,0,00000,318,3305.6,0.1,15,15,15,15,120,0,0,0,120,91000,120,128000,120,10,290,170,145,20,58.6,50,11.8,,,,,,,,,,,,,,,,,,,,,,,,
2021S051235250287,35250287,Hamilton,2021A00053525005,2021,569353,536917,6,0.4,3.5,00000,688,3147.3,0.22,40,40,30,20,225,5,0,0,225,111000,240,123000,240,0,590,300,270,35,50.8,45.8,11.7,,,,,,,,,,,,,,,,,,,,,,,,
2021S051235250288,35250288,Hamilton,2021A00053525005,2021,569353,536917,6,1,6.1,00000,527,3829.9,0.14,25,30,35,35,200,5,5,0,200,88000,190,103000,190,15,445,210,200,15,47.2,44.9,7.1,,,,,,,,,,,,,,,,,,,,,,,,
2021S051235250289,35250289,Hamilton,2021A00053525005,2021,569353,536917,6,1.8,5.7,00000,756,2662.9,0.28,25,35,30,35,220,5,0,0,215,106000,210,118000,210,25,490,305,275,30,62.2,56.1,9.8,,,,,,,,,,,,,,,,,,,,,,,,
2021S051235250290,35250290,Hamilton,2021A00053525005,2021,569353,536917,6,1.4,1.9,00000,629,3113.9,0.2,35,40,40,35,210,5,5,0,215,111000,215,124000,215,30,585,350,320,30,59.8,54.7,8.6,,,,,,,,,,,,,,,,,,,,,,,,
2021S051235250291,35250291,Hamilton,2021A00053525005,2021,569353,536917,6,1.2,2.5,00000,1060,5106,0.21,65,70,80,65,325,5,5,0,330,117000,325,118000,325,35,860,545,515,30,63.4,59.9,5.5,,,,,,,,,,,,,,,,,,,,,,,,
2021S051235250293,35250293,Hamilton,2021A00053525005,2021,569353,536917,6,0.5,1.1,00000,924,5127.6,0.18,50,50,45,60,375,5,0,95,375,84000,360,91600,360,10,760,380,340,40,50,44.7,10.5,,,,,,,,,,,,,,,,,,,,,,,,
2021S051235250294,35250294,Hamilton,2021A00053525005,2021,569353,536917,6,0.7,0,00000,397,2805.7,0.14,20,25,20,15,145,0,0,0,140,109000,135,110000,135,20,260,155,130,20,59.6,50,12.9,,,,,,,,,,,,,,,,,,,,,,,,
2021S051235250295,35250295,Hamilton,2021A00053525005,2021,569353,536917,6,0.9,0,00000,309,4136.5,0.07,20,20,25,15,115,0,0,0,115,109000,115,114000,115,0,275,165,145,25,60,52.7,15.2,,,,,,,,,,,,,,,,,,,,,,,,
2021S051235250296,35250296,Hamilton,2021A00053525005,2021,569353,536917,6,1.2,0,00000,452,1933.3,0.23,20,20,20,15,175,0,0,0,170,119000,185,142000,180,0,415,220,220,0,53,53,0,,,,,,,,,,,,,,,,,,,,,,,,
2021S051235250297,35250297,Hamilton,2021A00053525005,2021,569353,536917,6,0.5,0,00000,555,3157,0.18,40,30,20,35,205,0,0,0,205,99000,200,122000,200,20,475,255,225,30,53.7,47.4,11.8,,,,,,,,,,,,,,,,,,,,,,,,
2021S051235250298,35250298,Hamilton,2021A00053525005,2021,569353,536917,6,2.9,2.3,00000,540,481.3,1.12,30,35,40,25,175,5,0,0,170,136000,175,174000,175,0,525,340,275,65,64.8,52.4,19.1,,,,,,,,,,,,,,,,,,,,,,,,
2021S051235250299,35250299,Hamilton,2021A00053525005,2021,569353,536917,6,1,0,00000,536,1945.6,0.28,20,25,15,20,195,0,0,0,195,129000,195,130000,195,10,435,220,180,45,50.6,41.4,20.5,,,,,,,,,,,,,,,,,,,,,,,,
2021S051235250300,35250300,Hamilton,2021A00053525005,2021,569353,536917,6,0.7,1.4,00000,797,2142.5,0.37,55,35,35,25,280,0,0,0,285,126000,280,132000,275,10,685,330,290,45,48.2,42.3,13.6,,,,,,,,,,,,,,,,,,,,,,,,
2021S051235250302,35250302,Hamilton,2021A00053525005,2021,569353,536917,6,0.6,0,00000,403,1311.8,0.31,15,15,20,15,160,0,0,0,160,104000,155,134000,155,15,340,150,130,20,44.1,38.2,13.3,,,,,,,,,,,,,,,,,,,,,,,,
2021S051235250303,35250303,Hamilton,2021A00053525005,2021,569353,536917,6,0,4.2,00000,501,2544.4,0.2,20,25,20,15,200,0,0,0,195,82000,180,95000,180,20,370,180,140,40,48.6,37.8,22.2,,,,,,,,,,,,,,,,,,,,,,,,
2021S051235250304,35250304,Hamilton,2021A00053525005,2021,569353,536917,6,2,0,00000,538,2441,0.22,25,30,20,25,195,0,20,0,195,87000,200,105000,200,15,455,225,175,50,49.5,38.5,22.2,,,,,,,,,,,,,,,,,,,,,,,,
2021S051235250305,35250305,Hamilton,2021A00053525005,2021,569353,536917,6,0.5,0,00000,572,2426.8,0.24,25,30,50,40,205,0,0,0,200,99000,210,105000,210,10,520,330,280,45,63.5,53.8,13.6,,,,,,,,,,,,,,,,,,,,,,,,
2021S051235250306,35250306,Hamilton,2021A00053525005,2021,569353,536917,6,0.7,2.6,00000,416,2461.5,0.17,15,25,20,15,150,5,0,0,150,93000,155,114000,160,20,415,220,195,20,53,47,9.1,,,,,,,,,,,,,,,,,,,,,,,,
2021S051235250307,35250307,Hamilton,2021A00053525005,2021,569353,536917,6,5.8,10.4,00010,621,206.1,3.01,35,30,30,25,185,20,0,0,190,99000,170,114000,170,50,435,215,175,40,49.4,40.2,18.6,,,,,,,,,,,,,,,,,,,,,,,,
2021S051235250308,35250308,Hamilton,2021A00053525005,2021,569353,536917,6,0.3,0,00000,913,2196.3,0.42,50,45,65,70,330,0,0,0,330,100000,330,121200,330,40,795,545,465,80,68.6,58.5,14.7,,,,,,,,,,,,,,,,,,,,,,,,
2021S051235250309,35250309,Hamilton,2021A00053525005,2021,569353,536917,6,1.1,0,00000,338,4649.2,0.07,20,25,35,20,95,0,0,0,95,153000,100,164000,95,0,320,190,175,15,59.4,54.7,7.9,,,,,,,,,,,,,,,,,,,,,,,,
2021S051235250310,35250310,Hamilton,2021A00053525005,2021,569353,536917,6,0.8,0,00000,391,4146.3,0.09,30,40,20,20,120,0,0,0,125,138000,130,154000,130,0,390,260,240,20,66.7,61.5,7.7,,,,,,,,,,,,,,,,,,,,,,,,
2021S051235250311,35250311,Hamilton,2021A00053525005,2021,569353,536917,6,0,0,00000,599,5855.3,0.1,45,40,20,30,210,0,0,0,205,99000,205,106000,205,20,470,315,280,40,67,59.6,12.7,,,,,,,,,,,,,,,,,,,,,,,,
2021S051235250312,35250312,Hamilton,2021A00053525005,2021,569353,536917,6,1.6,3.3,00000,405,2838.1,0.14,15,30,20,20,125,5,0,0,120,109000,125,140000,125,0,375,255,235,25,68,62.7,9.8,,,,,,,,,,,,,,,,,,,,,,,,
2021S051235250313,35250313,Hamilton,2021A00053525005,2021,569353,536917,6,1.6,2.6,00000,760,344.2,2.21,40,40,45,50,315,5,110,5,310,98000,320,120800,320,60,640,390,385,0,60.9,60.2,0,,,,,,,,,,,,,,,,,,,,,,,,
2021S051235250315,35250315,Hamilton,2021A00053525005,2021,569353,536917,6,3.3,2.5,00000,2001,6374.6,0.31,25,70,250,230,1120,0,0,950,1120,72500,1120,87000,1125,410,1690,1080,965,115,63.9,57.1,10.6,,,,,,,,,,,,,,,,,,,,,,,,
2021S051235250316,35250316,Hamilton,2021A00053525005,2021,569353,536917,6,1,0,00000,707,359.6,1.97,35,25,35,65,305,0,0,0,305,92000,310,99000,310,15,570,380,335,45,66.7,58.8,11.8,,,,,,,,,,,,,,,,,,,,,,,,
2021S051235250317,35250317,Hamilton,2021A00053525005,2021,569353,536917,6,1.3,0,00000,419,2266.1,0.18,20,25,15,20,155,0,0,0,155,120000,150,118000,150,10,320,220,195,20,68.8,60.9,9.1,,,,,,,,,,,,,,,,,,,,,,,,
2021S051235250318,35250318,Hamilton,2021A00053525005,2021,569353,536917,6,0,0,00909,118,25.5,4.62,5,5,10,5,50,0,5,0,,,,,50,15,115,70,70,0,60.9,60.9,0,,,,,,,,,,,,6,6,6,6,,,,,,,,,
2021S051235250319,35250319,Hamilton,2021A00053525005,2021,569353,536917,6,1.6,4.2,00000,443,11243.7,0.04,25,35,35,35,195,0,15,125,190,63200,185,57200,185,175,270,205,175,30,75.9,64.8,14.6,,,,,,,,,,,,,,,,,,,,,,,,
2021S051235250320,35250320,Hamilton,2021A00053525005,2021,569353,536917,6,0.5,2.1,00000,482,4800.8,0.1,25,25,45,40,180,5,0,0,180,81000,195,93000,190,25,425,250,230,20,58.8,54.1,8,,,,,,,,,,,,,,,,,,,,,,,,
2021S051235250321,35250321,Hamilton,2021A00053525005,2021,569353,536917,6,2.1,6.1,00000,317,1394,0.23,10,15,25,30,140,5,0,0,140,74500,120,79000,120,25,240,125,105,10,52.1,43.8,8,,,,,,,,,,,,,,,,,,,,,,,,
2021S051235250322,35250322,Hamilton,2021A00053525005,2021,569353,536917,6,0.6,4.7,00000,436,2818.4,0.15,10,20,35,35,170,5,5,0,175,82000,165,98000,165,45,390,270,255,20,69.2,65.4,7.4,,,,,,,,,,,,,,,,,,,,,,,,
2021S051235250323,35250323,Hamilton,2021A00053525005,2021,569353,536917,6,2.2,1.9,00000,540,3778.9,0.14,25,30,45,30,225,5,15,0,225,77500,220,86000,215,55,485,295,250,45,60.8,51.5,15.3,,,,,,,,,,,,,,,,,,,,,,,,
2021S051235250324,35250324,Hamilton,2021A00053525005,2021,569353,536917,6,2.6,4.5,00000,788,1971.5,0.4,65,55,45,35,270,0,0,65,270,50000,280,62800,280,215,520,255,185,65,49,35.6,25.5,,,,,,,,,,,,,,,,,,,,,,,,
2021S051235250326,35250326,Hamilton,2021A00053525005,2021,569353,536917,6,0.8,0,00000,309,3111.8,0.1,25,20,15,40,120,0,0,0,125,77000,135,86000,135,35,275,170,140,30,61.8,50.9,17.6,,,,,,,,,,,,,,,,,,,,,,,,
2021S051235250327,35250327,Hamilton,2021A00053525005,2021,569353,536917,6,3.9,3.6,00000,667,5400.8,0.12,65,45,45,60,230,0,10,5,230,64000,230,71000,225,110,470,220,185,40,46.8,39.4,18.2,,,,,,,,,,,,,,,,,,,,,,,,
2021S051235250328,35250328,Hamilton,2021A00053525005,2021,569353,536917,6,3.1,2.4,00000,399,4650.3,0.09,10,25,40,35,160,15,0,0,160,71000,160,84000,160,25,325,195,170,20,60,52.3,10.3,,,,,,,,,,,,,,,,,,,,,,,,
2021S051235250329,35250329,Hamilton,2021A00053525005,2021,569353,536917,6,3,6,00000,486,4602.3,0.11,20,30,45,40,195,15,20,0,200,75000,190,88000,190,45,440,295,260,40,67,59.1,13.6,,,,,,,,,,,,,,,,,,,,,,,,
2021S051235250330,35250330,Hamilton,2021A00053525005,2021,569353,536917,6,4.2,0,00000,345,3453.5,0.1,20,20,30,35,140,15,10,0,140,77500,140,84000,140,35,315,215,185,35,68.3,58.7,16.3,,,,,,,,,,,,,,,,,,,,,,,,
2021S051235250331,35250331,Hamilton,2021A00053525005,2021,569353,536917,6,2.6,5.1,00000,415,3590,0.12,30,25,45,35,155,0,0,0,155,75500,170,79500,170,45,345,210,180,35,60.9,52.2,16.7,,,,,,,,,,,,,,,,,,,,,,,,
2021S051235250332,35250332,Hamilton,2021A00053525005,2021,569353,536917,6,0.9,0,00000,532,3646.3,0.15,20,20,40,40,215,0,0,0,220,90000,215,97000,215,20,470,315,285,30,67,60.6,9.5,,,,,,,,,,,,,,,,,,,,,,,,
2021S051235250333,35250333,Hamilton,2021A00053525005,2021,569353,536917,6,1.6,0,00000,605,2821.8,0.21,25,25,45,55,255,10,5,0,255,93000,255,103000,255,15,530,355,330,25,67,62.3,7,,,,,,,,,,,,,,,,,,,,,,,,
2021S051235250334,35250334,Hamilton,2021A00053525005,2021,569353,536917,6,1.9,4.7,00000,538,1353.8,0.4,25,25,35,55,260,5,50,40,260,66000,255,75500,260,70,435,275,245,25,63.2,56.3,9.1,,,,,,,,,,,,,,,,,,,,,,,,
2021S051235250335,35250335,Hamilton,2021A00053525005,2021,569353,536917,6,3.7,2,00000,433,3302.8,0.13,15,25,35,35,190,10,35,0,190,84000,190,85000,190,55,360,180,165,15,50,45.8,8.3,,,,,,,,,,,,,,,,,,,,,,,,
2021S051235250336,35250336,Hamilton,2021A00053525005,2021,569353,536917,6,1.5,2,00000,487,3363.3,0.14,25,20,45,50,200,15,0,0,205,91000,195,100000,195,30,430,245,235,10,57,54.7,4.1,,,,,,,,,,,,,,,,,,,,,,,,
2021S051235250337,35250337,Hamilton,2021A00053525005,2021,569353,536917,6,1.7,2.9,00000,865,7038.2,0.12,55,35,60,75,410,10,95,135,410,58400,435,74000,435,265,795,525,455,75,66,57.2,14.3,,,,,,,,,,,,,,,,,,,,,,,,
2021S051235250338,35250338,Hamilton,2021A00053525005,2021,569353,536917,6,1.5,5.9,00000,874,14257.7,0.06,45,35,85,65,410,0,30,350,410,47200,390,61200,390,360,715,345,300,35,48.3,42,10.1,,,,,,,,,,,,,,,,,,,,,,,,
2021S051235250339,35250339,Hamilton,2021A00053525005,2021,569353,536917,6,1.3,3.3,00000,546,2890.4,0.19,20,30,45,50,235,15,10,0,230,91000,235,88000,235,40,475,285,240,45,60,50.5,15.8,,,,,,,,,,,,,,,,,,,,,,,,
2021S051235250340,35250340,Hamilton,2021A00053525005,2021,569353,536917,6,0,0,00000,260,3202,0.08,10,15,25,30,115,0,5,0,115,91000,110,96000,110,10,225,135,120,15,60,53.3,11.1,,,,,,,,,,,,,,,,,,,,,,,,
2021S051235250341,35250341,Hamilton,2021A00053525005,2021,569353,536917,6,5.5,8.8,00000,685,3982.6,0.17,20,35,55,60,365,10,195,70,365,50400,355,68000,355,225,590,370,340,25,62.7,57.6,6.8,,,,,,,,,,,,,,,,,,,,,,,,
2021S051235250342,35250342,Hamilton,2021A00053525005,2021,569353,536917,6,1.6,6.4,00000,515,4249.2,0.12,40,25,35,50,185,5,0,0,190,92000,190,114000,190,75,445,305,260,40,68.5,58.4,13.1,,,,,,,,,,,,,,,,,,,,,,,,
2021S051235250343,35250343,Hamilton,2021A00053525005,2021,569353,536917,6,2,3.9,00000,531,336.6,1.58,25,20,30,50,195,5,0,0,195,102000,210,108000,210,10,490,285,240,45,58.2,49,15.8,,,,,,,,,,,,,,,,,,,,,,,,
2021S051235250344,35250344,Hamilton,2021A00053525005,2021,569353,536917,6,1.4,3.8,00000,497,2765.7,0.18,25,15,30,45,210,10,5,0,210,94000,210,110000,210,20,430,240,195,45,55.8,45.3,18.8,,,,,,,,,,,,,,,,,,,,,,,,
2021S051235250345,35250345,Hamilton,2021A00053525005,2021,569353,536917,6,1.9,4.8,00000,372,3107.8,0.12,20,15,20,25,160,5,0,0,160,97000,170,95000,170,15,350,190,165,30,54.3,47.1,15.8,,,,,,,,,,,,,,,,,,,,,,,,
2021S051235250346,35250346,Hamilton,2021A00053525005,2021,569353,536917,6,2.7,2.1,00000,453,3492.7,0.13,20,15,30,35,180,0,15,0,185,100000,200,106000,200,25,425,325,300,25,76.5,70.6,7.7,,,,,,,,,,,,,,,,,,,,,,,,
2021S051235250347,35250347,Hamilton,2021A00053525005,2021,569353,536917,6,1.1,2.1,00000,486,3782.1,0.13,20,25,40,30,190,5,0,0,190,93000,185,105000,185,15,400,260,245,25,65,61.3,9.6,,,,,,,,,,,,,,,,,,,,,,,,
2021S051235250348,35250348,Hamilton,2021A00053525005,2021,569353,536917,6,0,0,00000,562,2262.5,0.25,25,35,40,35,190,5,0,0,185,153000,195,176000,190,0,495,325,295,25,65.7,59.6,7.7,,,,,,,,,,,,,,,,,,,,,,,,
2021S051235250349,35250349,Hamilton,2021A00053525005,2021,569353,536917,6,1.2,2.3,00000,473,3978.1,0.12,20,30,35,35,170,0,5,0,175,99000,170,143000,170,50,375,235,205,25,62.7,54.7,10.6,,,,,,,,,,,,,,,,,,,,,,,,
2021S051235250350,35250350,Hamilton,2021A00053525005,2021,569353,536917,6,1.2,3.8,00000,614,5864.4,0.1,30,25,45,60,325,5,210,0,325,56000,340,71600,340,255,595,340,290,55,57.1,48.7,16.2,,,,,,,,,,,,,,,,,,,,,,,,
2021S051235250351,35250351,Hamilton,2021A00053525005,2021,569353,536917,6,1.8,0,00000,363,9236.6,0.04,10,10,10,15,220,0,0,195,220,50400,220,57200,220,200,335,125,115,10,37.3,34.3,8,,,,,,,,,,,,,,,,,,,,,,,,
2021S051235250352,35250352,Hamilton,2021A00053525005,2021,569353,536917,6,2.6,6.1,00000,626,3510.9,0.18,15,30,65,65,275,5,55,65,270,75500,250,84000,250,115,460,290,260,35,63,56.5,12.1,,,,,,,,,,,,,,,,,,,,,,,,
2021S051235250353,35250353,Hamilton,2021A00053525005,2021,569353,536917,6,0.3,1.4,00000,565,7729.1,0.07,30,30,30,40,290,0,0,260,290,52400,290,62800,295,270,525,270,235,35,51.4,44.8,13,,,,,,,,,,,,,,,,,,,,,,,,
2021S051235250354,35250354,Hamilton,2021A00053525005,2021,569353,536917,6,0.5,1.9,00000,604,1871.7,0.32,30,25,30,30,215,0,0,0,215,128000,215,140000,215,10,475,270,235,40,56.8,49.5,14.8,,,,,,,,,,,,,,,,,,,,,,,,
2021S051235250355,35250355,Hamilton,2021A00053525005,2021,569353,536917,6,1.2,3.2,00000,664,2695.9,0.25,30,40,40,40,255,10,0,0,255,92000,240,97000,240,35,515,280,240,40,54.4,46.6,14.3,,,,,,,,,,,,,,,,,,,,,,,,
2021S051235250356,35250356,Hamilton,2021A00053525005,2021,569353,536917,6,1.3,3.3,00000,611,2103.3,0.29,30,35,40,30,240,10,10,0,240,104000,245,112000,245,35,550,310,295,20,56.4,53.6,6.5,,,,,,,,,,,,,,,,,,,,,,,,
2021S051235250357,35250357,Hamilton,2021A00053525005,2021,569353,536917,6,0.5,0,00000,478,3827.1,0.12,15,20,35,45,200,0,0,0,205,96000,205,110000,205,15,445,270,240,30,60.7,53.9,11.1,,,,,,,,,,,,,,,,,,,,,,,,
2021S051235250358,35250358,Hamilton,2021A00053525005,2021,569353,536917,6,1.6,6.3,00000,599,3540.2,0.17,25,40,45,45,250,0,0,50,255,81000,240,93000,240,75,510,300,280,15,58.8,54.9,5,,,,,,,,,,,,,,,,,,,,,,,,
2021S051235250359,35250359,Hamilton,2021A00053525005,2021,569353,536917,6,1.5,0,00000,459,3883.2,0.12,15,35,45,40,200,5,35,0,200,81000,215,90000,215,75,440,270,240,35,61.4,54.5,13,,,,,,,,,,,,,,,,,,,,,,,,
2021S051235250360,35250360,Hamilton,2021A00053525005,2021,569353,536917,6,0.5,1.9,00000,470,3133.3,0.15,15,15,40,70,205,0,0,0,205,96000,210,95000,210,10,425,280,240,40,65.9,56.5,14.3,,,,,,,,,,,,,,,,,,,,,,,,
2021S051235250361,35250361,Hamilton,2021A00053525005,2021,569353,536917,6,2.8,5.6,00000,493,3869.7,0.13,20,25,30,35,215,0,5,0,215,82000,200,88000,200,10,385,225,205,25,58.4,53.2,11.1,,,,,,,,,,,,,,,,,,,,,,,,
2021S051235250362,35250362,Hamilton,2021A00053525005,2021,569353,536917,6,0.9,5.5,00000,464,4168.9,0.11,20,25,40,45,215,5,0,0,220,78000,220,87000,215,35,405,230,205,25,56.8,50.6,10.9,,,,,,,,,,,,,,,,,,,,,,,,
2021S051235250363,35250363,Hamilton,2021A00053525005,2021,569353,536917,6,5.7,13.5,00010,449,6244.8,0.07,20,20,35,55,210,0,95,0,210,67500,210,94000,210,90,385,250,225,25,64.9,58.4,10,,,,,,,,,,,,,,,,,,,,,,,,
2021S051235250364,35250364,Hamilton,2021A00053525005,2021,569353,536917,6,2.7,3.1,00000,610,24796.7,0.02,20,30,45,50,370,0,85,260,370,45600,410,52200,410,385,640,370,265,100,57.8,41.4,27,,,,,,,,,,,,,,,,,,,,,,,,
2021S051235250365,35250365,Hamilton,2021A00053525005,2021,569353,536917,6,3.8,6,00000,604,4484,0.13,20,25,50,50,345,5,120,115,340,57200,335,63200,335,185,500,265,225,40,53,45,15.1,,,,,,,,,,,,,,,,,,,,,,,,
2021S051235250366,35250366,Hamilton,2021A00053525005,2021,569353,536917,6,5.1,5.3,00000,719,10315.6,0.07,20,50,70,80,395,5,190,120,395,48800,390,55000,390,305,565,350,280,70,61.9,49.6,20,,,,,,,,,,,,,,,,,,,,,,,,
2021S051235250367,35250367,Hamilton,2021A00053525005,2021,569353,536917,6,4.5,10.3,00010,533,3476.8,0.15,30,25,60,50,220,5,55,0,220,73500,205,75500,205,50,410,260,220,35,63.4,53.7,13.5,,,,,,,,,,,,,,,,,,,,,,,,
2021S051235250368,35250368,Hamilton,2021A00053525005,2021,569353,536917,6,1.9,1.5,00000,513,6049.5,0.08,15,30,50,55,255,15,10,85,260,66500,270,74500,275,130,455,305,265,45,67,58.2,14.8,,,,,,,,,,,,,,,,,,,,,,,,
2021S051235250369,35250369,Hamilton,2021A00053525005,2021,569353,536917,6,1.5,6,00000,474,4376.7,0.11,15,30,50,50,205,5,0,0,205,85000,185,91000,185,25,350,250,210,40,71.4,60,16,,,,,,,,,,,,,,,,,,,,,,,,
2021S051235250370,35250370,Hamilton,2021A00053525005,2021,569353,536917,6,3.7,3.8,00000,408,5006.1,0.08,10,15,35,50,190,10,20,0,190,76000,200,84000,200,60,380,270,225,45,71.1,59.2,16.7,,,,,,,,,,,,,,,,,,,,,,,,
2021S051235250371,35250371,Hamilton,2021A00053525005,2021,569353,536917,6,1.4,0,00000,553,4647.1,0.12,25,30,55,45,210,20,10,0,215,85000,215,90000,210,45,490,285,250,35,58.2,51,12.3,,,,,,,,,,,,,,,,,,,,,,,,
2021S051235250372,35250372,Hamilton,2021A00053525005,2021,569353,536917,6,0.9,0,00000,559,3611.1,0.15,20,30,40,50,220,10,0,5,220,89000,230,106000,230,10,540,340,300,35,63,55.6,10.3,,,,,,,,,,,,,,,,,,,,,,,,
2021S051235250373,35250373,Hamilton,2021A00053525005,2021,569353,536917,6,2.1,0,00000,459,3734.7,0.12,25,25,45,45,190,5,0,0,190,95000,175,104000,175,15,350,220,205,20,62.9,58.6,9.1,,,,,,,,,,,,,,,,,,,,,,,,
2021S051235250374,35250374,Hamilton,2021A00053525005,2021,569353,536917,6,1,2,00000,489,2929.9,0.17,25,25,40,45,200,5,0,0,200,92000,205,107000,205,40,450,310,290,25,68.9,64.4,8.1,,,,,,,,,,,,,,,,,,,,,,,,
2021S051235250375,35250375,Hamilton,2021A00053525005,2021,569353,536917,6,1.8,0,00000,538,4731.8,0.11,35,20,40,45,220,10,5,0,220,89000,230,96000,230,40,520,330,285,45,63.5,54.8,13.6,,,,,,,,,,,,,,,,,,,,,,,,
2021S051235250376,35250376,Hamilton,2021A00053525005,2021,569353,536917,6,0.5,0,00000,449,3557.8,0.13,15,30,25,35,190,0,5,0,190,88000,205,82000,205,40,365,250,215,35,68.5,58.9,14,,,,,,,,,,,,,,,,,,,,,,,,
2021S051235250377,35250377,Hamilton,2021A00053525005,2021,569353,536917,6,1.7,5,00000,606,3757,0.16,40,35,25,50,240,5,25,0,240,81000,235,88000,235,75,460,300,265,35,65.2,57.6,11.7,,,,,,,,,,,,,,,,,,,,,,,,
2021S051235250378,35250378,Hamilton,2021A00053525005,2021,569353,536917,6,1.9,0,00000,469,4432.9,0.11,15,25,40,50,205,5,0,0,205,92000,205,103000,205,25,420,290,270,20,69,64.3,6.9,,,,,,,,,,,,,,,,,,,,,,,,
2021S051235250379,35250379,Hamilton,2021A00053525005,2021,569353,536917,6,2.4,4.8,00000,364,4302.6,0.08,15,15,25,30,170,5,0,55,165,73500,170,94000,165,65,310,155,135,25,50,43.5,16.1,,,,,,,,,,,,,,,,,,,,,,,,
2021S051235250380,35250380,Hamilton,2021A00053525005,2021,569353,536917,6,1.1,0,00000,450,2095,0.21,30,25,15,20,170,0,0,0,175,123000,180,146000,180,10,400,270,255,15,67.5,63.8,5.6,,,,,,,,,,,,,,,,,,,,,,,,
2021S051235250381,35250381,Hamilton,2021A00053525005,2021,569353,536917,6,2.6,6.3,00000,484,3207.4,0.15,25,35,30,30,190,5,5,0,190,105000,185,123000,185,30,460,325,275,50,70.7,59.8,15.4,,,,,,,,,,,,,,,,,,,,,,,,
2021S051235250382,35250382,Hamilton,2021A00053525005,2021,569353,536917,6,4.5,3.8,00000,515,3155.6,0.16,25,25,45,50,200,15,5,0,200,94000,215,95000,215,40,450,275,240,30,61.1,53.3,10.9,,,,,,,,,,,,,,,,,,,,,,,,
2021S051235250383,35250383,Hamilton,2021A00053525005,2021,569353,536917,6,2.1,3.7,00000,664,9260.8,0.07,30,45,70,65,340,0,70,240,335,47600,335,64400,330,305,590,395,335,60,66.9,56.8,15.2,,,,,,,,,,,,,,,,,,,,,,,,
2021S051235250384,35250384,Hamilton,2021A00053525005,2021,569353,536917,6,9,11.4,00010,466,2587.5,0.18,25,45,60,55,165,5,0,0,165,91000,165,83000,170,55,365,205,185,20,56.2,50.7,9.8,,,,,,,,,,,,,,,,,,,,,,,,
2021S051235250385,35250385,Hamilton,2021A00053525005,2021,569353,536917,6,2.9,2,00000,504,2947.4,0.17,30,30,50,40,205,15,30,0,205,102000,210,133000,205,60,510,340,270,65,66.7,52.9,19.1,,,,,,,,,,,,,,,,,,,,,,,,
2021S051235250387,35250387,Hamilton,2021A00053525005,2021,569353,536917,6,2.5,0,00000,450,1553.3,0.29,35,30,25,20,160,10,15,0,160,190000,150,244000,145,10,390,290,270,15,74.4,69.2,5.2,,,,,,,,,,,,,,,,,,,,,,,,
2021S051235250388,35250388,Hamilton,2021A00053525005,2021,569353,536917,6,1,2,00000,524,4938.7,0.11,40,30,25,30,200,20,25,0,195,153000,195,160000,195,35,390,245,235,15,62.8,60.3,6.1,,,,,,,,,,,,,,,,,,,,,,,,
2021S051235250389,35250389,Hamilton,2021A00053525005,2021,569353,536917,6,2.5,2.5,00000,392,4863.5,0.08,10,25,30,30,160,20,50,0,160,116000,160,162000,160,50,355,250,210,35,70.4,59.2,14,,,,,,,,,,,,,,,,,,,,,,,,
2021S051235250390,35250390,Hamilton,2021A00053525005,2021,569353,536917,6,2.7,6.2,00000,506,6163.2,0.08,20,40,55,50,255,30,140,0,260,78500,260,112000,260,150,460,340,320,20,73.9,69.6,5.9,,,,,,,,,,,,,,,,,,,,,,,,
2021S051235250391,35250391,Hamilton,2021A00053525005,2021,569353,536917,6,4.7,6.3,00000,527,7693.4,0.07,10,20,65,80,300,30,120,95,305,67500,315,100000,315,220,460,365,345,20,79.3,75,5.5,,,,,,,,,,,,,,,,,,,,,,,,
2021S051235250392,35250392,Hamilton,2021A00053525005,2021,569353,536917,6,5.3,9.7,00000,494,5594.6,0.09,20,30,45,60,250,15,70,45,250,88000,235,114000,235,120,405,295,270,25,72.8,66.7,8.5,,,,,,,,,,,,,,,,,,,,,,,,
2021S051235250393,35250393,Hamilton,2021A00053525005,2021,569353,536917,6,1.1,2.8,00000,461,12228.1,0.04,10,25,75,65,280,20,95,125,280,55200,300,67500,300,245,440,285,225,60,64.8,51.1,21.1,,,,,,,,,,,,,,,,,,,,,,,,
2021S051235250394,35250394,Hamilton,2021A00053525005,2021,569353,536917,6,1.5,1.8,00000,856,47033,0.02,30,120,160,105,460,0,30,420,460,56800,460,64400,460,455,760,565,500,70,74.3,65.8,12.4,,,,,,,,,,,,,,,,,,,,,,,,
2021S051235250395,35250395,Hamilton,2021A00053525005,2021,569353,536917,6,2.2,5.3,00000,736,35728.2,0.02,10,50,90,70,445,0,105,330,450,48400,460,63000,465,345,740,380,320,60,51.4,43.2,15.8,,,,,,,,,,,,,,,,,,,,,,,,
2021S051235250396,35250396,Hamilton,2021A00053525005,2021,569353,536917,6,2.1,2.4,00000,613,35028.6,0.02,10,35,90,80,330,0,5,315,330,53200,340,60200,340,335,515,290,250,40,56.3,48.5,13.8,,,,,,,,,,,,,,,,,,,,,,,,
2021S051235250397,35250397,Hamilton,2021A00053525005,2021,569353,536917,6,2.9,3.4,00000,590,40411,0.01,20,35,85,115,345,5,10,330,350,50800,350,56800,355,345,500,355,305,50,71,61,14.1,,,,,,,,,,,,,,,,,,,,,,,,
2021S051235250398,35250398,Hamilton,2021A00053525005,2021,569353,536917,6,10.8,10.9,01019,277,35974,0.01,10,15,10,15,230,0,0,230,230,18200,,,215,215,230,65,30,35,28.3,13,53.8,,,,,,,,,,,,,,6,6,,,,,,,,,
2021S051235250399,35250399,Hamilton,2021A00053525005,2021,569353,536917,6,8.4,11.2,00010,788,16314.7,0.05,20,25,35,25,690,0,20,670,690,22600,690,24040,690,685,745,155,115,45,20.8,15.4,29,,,,,,,,,,,,,,,,,,,,,,,,
2021S051235250400,35250400,Hamilton,2021A00053525005,2021,569353,536917,6,3.9,1.9,00000,695,14662.4,0.05,15,30,125,100,440,5,130,295,440,54400,455,55800,450,335,640,450,385,65,70.3,60.2,14.4,,,,,,,,,,,,,,,,,,,,,,,,
2021S051235250401,35250401,Hamilton,2021A00053525005,2021,569353,536917,6,2.3,7.2,00000,781,31748,0.02,30,90,155,105,440,10,35,375,445,47600,430,59000,425,390,705,500,400,95,70.9,56.7,19,,,,,,,,,,,,,,,,,,,,,,,,
2021S051235250402,35250402,Hamilton,2021A00053525005,2021,569353,536917,6,4.1,3.2,00000,475,8452,0.06,10,35,50,65,265,20,115,50,265,82000,265,120000,265,140,445,300,275,30,67.4,61.8,10,,,,,,,,,,,,,,,,,,,,,,,,
2021S051235250403,35250403,Hamilton,2021A00053525005,2021,569353,536917,6,3.8,3.1,00000,668,6089.3,0.11,20,45,70,90,390,25,30,260,395,53200,385,75200,385,290,565,395,335,60,69.9,59.3,15.2,,,,,,,,,,,,,,,,,,,,,,,,
2021S051235250404,35250404,Hamilton,2021A00053525005,2021,569353,536917,6,3.3,4,00000,440,6470.6,0.07,15,15,55,45,210,25,55,0,215,86000,200,121000,200,80,355,260,225,30,73.2,63.4,11.5,,,,,,,,,,,,,,,,,,,,,,,,
2021S051235250405,35250405,Hamilton,2021A00053525005,2021,569353,536917,6,5.5,10,00010,524,6078.9,0.09,25,25,80,90,290,30,65,70,290,79000,270,79000,270,155,410,295,270,25,72,65.9,8.5,,,,,,,,,,,,,,,,,,,,,,,,
2021S051235250406,35250406,Hamilton,2021A00053525005,2021,569353,536917,6,7.5,4.1,00000,704,7830.9,0.09,5,45,120,85,395,20,175,140,395,49600,410,57000,410,355,620,405,350,55,65.3,56.5,13.6,,,,,,,,,,,,,,,,,,,,,,,,
2021S051235250407,35250407,Hamilton,2021A00053525005,2021,569353,536917,6,3.1,4.2,00000,618,7773.6,0.08,15,40,75,65,290,35,70,70,295,53200,290,71500,290,195,480,325,300,25,67.7,62.5,7.7,,,,,,,,,,,,,,,,,,,,,,,,
2021S051235250408,35250408,Hamilton,2021A00053525005,2021,569353,536917,6,8.5,11.5,00010,481,3121.3,0.15,20,50,45,60,250,25,100,0,250,49200,240,66500,240,130,380,275,240,40,72.4,63.2,14.5,,,,,,,,,,,,,,,,,,,,,,,,
2021S051235250409,35250409,Hamilton,2021A00053525005,2021,569353,536917,6,5.1,8.8,00000,473,5610.9,0.08,15,30,45,35,275,20,110,75,270,43600,265,72000,265,205,420,235,195,45,56,46.4,19.1,,,,,,,,,,,,,,,,,,,,,,,,
2021S051235250410,35250410,Hamilton,2021A00053525005,2021,569353,536917,6,1.3,0,00000,417,548.9,0.76,10,20,40,45,220,20,25,0,225,70500,225,88000,225,70,385,285,245,40,74,63.6,14,,,,,,,,,,,,,,,,,,,,,,,,
2021S051235250411,35250411,Hamilton,2021A00053525005,2021,569353,536917,6,2.7,1.8,00000,486,4576.3,0.11,15,40,35,45,225,10,15,0,220,79500,240,96000,240,40,475,325,280,45,68.4,58.9,13.8,,,,,,,,,,,,,,,,,,,,,,,,
2021S051235250412,35250412,Hamilton,2021A00053525005,2021,569353,536917,6,2.9,7.6,00000,526,11793.7,0.04,5,10,20,15,380,0,20,295,380,23800,370,41200,370,300,500,145,120,25,29,24,17.2,,,,,,,,,,,,,,,,,,,,,,,,
2021S051235250413,35250413,Hamilton,2021A00053525005,2021,569353,536917,6,1.7,0,00000,545,7257,0.08,20,35,55,80,235,10,55,0,240,79500,290,92000,290,105,645,450,400,50,69.8,62,11.1,,,,,,,,,,,,,,,,,,,,,,,,
2021S051235250416,35250416,Hamilton,2021A00053525005,2021,569353,536917,6,4.5,1.9,00000,526,2829.5,0.19,20,35,60,65,220,20,20,0,220,74000,215,81000,215,80,440,315,275,45,71.6,62.5,14.3,,,,,,,,,,,,,,,,,,,,,,,,
2021S051235250417,35250417,Hamilton,2021A00053525005,2021,569353,536917,6,4.5,4.2,00000,640,13445.4,0.05,10,35,50,65,290,5,5,230,290,46400,290,49200,290,260,420,270,215,60,64.3,51.2,22.2,,,,,,,,,,,,,,,,,,,,,,,,
2021S051235250418,35250418,Hamilton,2021A00053525005,2021,569353,536917,6,4.5,7.1,00000,584,40839.2,0.01,10,75,110,65,335,0,15,295,335,52800,340,61000,340,300,545,350,310,45,64.2,56.9,12.9,,,,,,,,,,,,,,,,,,,,,,,,
2021S051235250419,35250419,Hamilton,2021A00053525005,2021,569353,536917,6,10.3,20.2,01020,706,2287.8,0.31,10,60,75,75,345,10,95,225,350,45600,310,48000,315,310,420,270,230,35,64.3,54.8,13,,,,,,,,,,,,,,,,,,,,,,,,
2021S051235250420,35250420,Hamilton,2021A00053525005,2021,569353,536917,6,8,7.7,00000,1423,6693.3,0.21,25,240,230,185,880,0,15,835,885,59200,860,70200,860,595,1235,810,715,100,65.6,57.9,12.3,,,,,,,,,,,,,,,,,,,,,,,,
2021S051235250421,35250421,Hamilton,2021A00053525005,2021,569353,536917,6,8,12.8,00010,655,18347.3,0.04,10,30,75,80,390,5,75,310,390,56800,360,61400,360,360,505,315,270,45,62.4,53.5,14.3,,,,,,,,,,,,,,,,,,,,,,,,
2021S051235250422,35250422,Hamilton,2021A00053525005,2021,569353,536917,6,5.5,9.5,00000,698,16346.6,0.04,0,25,60,55,545,5,205,335,545,24200,525,39000,525,520,650,285,250,40,43.8,38.5,14,,,,,,,,,,,,,,,,,,,,,,,,
2021S051235250423,35250423,Hamilton,2021A00053525005,2021,569353,536917,6,3.8,6.7,00000,705,23657.7,0.03,10,55,75,75,420,0,55,365,415,46000,420,45200,425,340,535,280,240,40,52.3,44.9,14.3,,,,,,,,,,,,,,,,,,,,,,,,
2021S051235250424,35250424,Hamilton,2021A00053525005,2021,569353,536917,6,5.2,5.6,00000,609,14295.8,0.04,10,40,95,65,425,10,180,230,425,49200,440,54400,440,410,590,330,310,20,55.9,52.5,6.1,,,,,,,,,,,,,,,,,,,,,,,,
2021S051235250425,35250425,Hamilton,2021A00053525005,2021,569353,536917,6,4.8,5.2,00000,993,16467.7,0.06,30,80,145,165,620,0,40,560,620,61200,645,70400,640,440,870,580,510,70,66.7,58.6,12.1,,,,,,,,,,,,,,,,,,,,,,,,
2021S051235250426,35250426,Hamilton,2021A00053525005,2021,569353,536917,6,3.9,3.2,00000,512,4207.1,0.12,15,15,40,50,260,10,155,25,255,66500,255,98000,255,110,365,255,230,25,69.9,63,9.8,,,,,,,,,,,,,,,,,,,,,,,,
2021S051235250427,35250427,Hamilton,2021A00053525005,2021,569353,536917,6,5.1,1.8,00000,368,3339.4,0.11,5,50,75,55,215,5,85,100,215,64000,260,69000,260,210,395,305,255,50,77.2,64.6,16.4,,,,,,,,,,,,,,,,,,,,,,,,
2021S051235250428,35250428,Hamilton,2021A00053525005,2021,569353,536917,6,5.4,9.9,00000,635,41233.8,0.02,35,60,65,60,330,5,5,320,330,47600,330,49800,335,280,570,310,270,45,54.4,47.4,14.5,,,,,,,,,,,,,,,,,,,,,,,,
2021S051235250429,35250429,Hamilton,2021A00053525005,2021,569353,536917,6,3.6,6.1,00000,384,13812.9,0.03,5,25,50,35,190,0,25,145,190,51200,200,61600,200,195,360,245,220,20,68.1,61.1,8.2,,,,,,,,,,,,,,,,,,,,,,,,
2021S051235250430,35250430,Hamilton,2021A00053525005,2021,569353,536917,6,6.6,16.7,00010,447,5457.9,0.08,5,25,65,80,270,15,85,80,270,57600,245,68500,245,140,390,240,215,30,61.5,55.1,12.5,,,,,,,,,,,,,,,,,,,,,,,,
2021S051235250431,35250431,Hamilton,2021A00053525005,2021,569353,536917,6,9.6,11,00010,525,8808.7,0.06,10,35,90,50,310,5,15,275,315,54000,340,64400,340,225,510,320,265,55,62.7,52,17.2,,,,,,,,,,,,,,,,,,,,,,,,
2021S051235250434,35250434,Hamilton,2021A00053525005,2021,569353,536917,6,6.7,7.6,00000,1473,16366.7,0.09,45,165,215,155,775,5,40,730,775,50800,775,61900,775,700,1300,830,740,90,63.8,56.9,10.8,,,,,,,,,,,,,,,,,,,,,,,,
2021S051235250435,35250435,Hamilton,2021A00053525005,2021,569353,536917,6,7,5.9,00000,479,8661.8,0.06,20,25,75,55,270,10,45,180,270,39200,275,52400,275,245,420,210,190,15,50,45.2,7.1,,,,,,,,,,,,,,,,,,,,,,,,
2021S051235250436,35250436,Hamilton,2021A00053525005,2021,569353,536917,6,5.6,8.5,00000,588,10808.8,0.05,15,30,45,60,315,20,50,175,320,52800,320,60400,320,270,525,270,220,50,51.4,41.9,18.5,,,,,,,,,,,,,,,,,,,,,,,,
2021S051235250437,35250437,Hamilton,2021A00053525005,2021,569353,536917,6,10.9,11.9,01010,477,4569,0.1,10,50,60,70,270,30,150,65,275,42000,270,139000,270,240,390,260,210,45,66.7,53.8,17.3,,,,,,,,,,,,,,,,,,,,,,,,
2021S051235250438,35250438,Hamilton,2021A00053525005,2021,569353,536917,6,10,13.7,01010,363,5500,0.07,10,20,45,55,210,10,155,0,210,51600,205,73500,200,160,300,200,165,35,66.7,55,17.5,,,,,,,,,,,,,,,,,,,,,,,,
2021S051235250439,35250439,Hamilton,2021A00053525005,2021,569353,536917,6,3.8,5.3,00000,632,22020.9,0.03,30,65,85,55,295,5,50,215,295,49600,315,61200,315,290,575,350,300,50,60.9,52.2,14.3,,,,,,,,,,,,,,,,,,,,,,,,
2021S051235250440,35250440,Hamilton,2021A00053525005,2021,569353,536917,6,4.2,7.5,00000,627,8164.1,0.08,15,25,85,80,430,5,85,305,430,48800,425,61000,420,225,625,375,335,40,60,53.6,10.7,,,,,,,,,,,,,,,,,,,,,,,,
2021S051235250441,35250441,Hamilton,2021A00053525005,2021,569353,536917,6,6.8,7,00000,762,1845.9,0.41,10,55,140,100,425,0,85,305,425,62800,405,67200,405,335,705,470,430,40,66.7,61,8.5,,,,,,,,,,,,,,,,,,,,,,,,
2021S051235250442,35250442,Hamilton,2021A00053525005,2021,569353,536917,6,1.3,1.2,00000,642,3386.1,0.19,25,15,55,60,320,0,50,100,315,72500,330,105600,330,140,620,375,325,45,60.5,52.4,12,,,,,,,,,,,,,,,,,,,,,,,,
2021S051235250443,35250443,Hamilton,2021A00053525005,2021,569353,536917,6,3.1,2.2,00000,460,4259.3,0.11,25,25,35,40,190,15,10,0,190,84000,190,95000,195,35,385,230,205,30,59.7,53.2,13,,,,,,,,,,,,,,,,,,,,,,,,
2021S051235250444,35250444,Hamilton,2021A00053525005,2021,569353,536917,6,3.9,7.5,00000,563,3269.5,0.17,15,40,35,40,335,15,90,175,330,52000,315,63200,315,235,475,285,250,35,60,52.6,12.3,,,,,,,,,,,,,,,,,,,,,,,,
2021S051235250445,35250445,Hamilton,2021A00053525005,2021,569353,536917,6,2.3,2.3,00000,439,1416.6,0.31,15,20,40,45,175,20,20,0,175,94000,180,103000,180,60,365,220,190,25,60.3,52.1,11.4,,,,,,,,,,,,,,,,,,,,,,,,
2021S051235250446,35250446,Hamilton,2021A00053525005,2021,569353,536917,6,4,3.3,00000,562,7414.2,0.08,20,25,45,65,250,85,45,0,255,74500,245,90000,245,120,495,325,295,25,65.7,59.6,7.7,,,,,,,,,,,,,,,,,,,,,,,,
2021S051235250447,35250447,Hamilton,2021A00053525005,2021,569353,536917,6,6.4,5.3,00000,448,10275.2,0.04,25,25,70,50,150,35,50,0,155,64000,155,90000,155,95,280,215,200,15,76.8,71.4,7,,,,,,,,,,,,,,,,,,,,,,,,
2021S051235250448,35250448,Hamilton,2021A00053525005,2021,569353,536917,6,6.3,10.2,00010,795,8255.5,0.1,25,45,95,90,410,60,165,110,410,48400,430,69600,430,345,740,420,360,60,56.8,48.6,14.3,,,,,,,,,,,,,,,,,,,,,,,,
2021S051235250449,35250449,Hamilton,2021A00053525005,2021,569353,536917,6,8.8,12.5,00010,485,10543.5,0.05,20,40,70,60,235,50,120,5,235,53600,225,66000,225,190,420,290,260,25,69,61.9,8.6,,,,,,,,,,,,,,,,,,,,,,,,
2021S051235250450,35250450,Hamilton,2021A00053525005,2021,569353,536917,6,5.5,10.3,00010,545,9300.3,0.06,20,40,70,55,235,65,15,75,235,60400,225,74500,220,120,400,275,230,45,68.8,57.5,16.4,,,,,,,,,,,,,,,,,,,,,,,,
2021S051235250451,35250451,Hamilton,2021A00053525005,2021,569353,536917,6,6.6,3,00000,250,10638.3,0.02,10,20,20,30,140,20,25,60,140,46800,145,67000,145,100,250,165,145,25,66,58,15.2,,,,,,,,,,,,,,,,,,,,,,,,
2021S051235250452,35250452,Hamilton,2021A00053525005,2021,569353,536917,6,6.3,7.7,00000,379,8133,0.05,15,20,55,50,190,15,120,0,190,76000,225,73500,225,110,335,215,200,20,64.2,59.7,9.3,,,,,,,,,,,,,,,,,,,,,,,,
2021S051235250453,35250453,Hamilton,2021A00053525005,2021,569353,536917,6,4.2,5.5,00000,437,9562.4,0.05,15,30,50,50,215,35,40,80,215,59600,225,72500,230,155,360,250,205,50,69.4,56.9,20,,,,,,,,,,,,,,,,,,,,,,,,
2021S051235250454,35250454,Hamilton,2021A00053525005,2021,569353,536917,6,7.3,8,00000,654,10792.1,0.06,20,40,65,75,355,5,290,35,355,47600,370,65600,365,270,620,360,315,45,58.1,50.8,12.5,,,,,,,,,,,,,,,,,,,,,,,,
2021S051235250455,35250455,Hamilton,2021A00053525005,2021,569353,536917,6,9.4,16.9,00010,742,12859.6,0.06,15,30,80,75,260,15,130,105,265,46800,245,51600,245,220,430,240,205,35,55.8,47.7,14.6,,,,,,,,,,,,,,,,,,,,,,,,
2021S051235250456,35250456,Hamilton,2021A00053525005,2021,569353,536917,6,12.9,16.3,01010,637,7015.4,0.09,15,35,55,75,355,15,165,145,355,34000,330,42800,330,280,455,185,160,25,40.7,35.2,13.5,,,,,,,,,,,,,,,,,,,,,,,,
2021S051235250457,35250457,Hamilton,2021A00053525005,2021,569353,536917,6,0,0,00999,59,6276.6,0.01,0,0,0,0,0,0,0,0,,,,,,,,,,,,,,,,,,,,,,,,,6,6,6,6,6,6,6,6,6,6,6,6,6
2021S051235250458,35250458,Hamilton,2021A00053525005,2021,569353,536917,6,7.3,9.2,00000,504,27391.3,0.02,20,40,35,30,245,5,20,215,245,33200,250,34800,245,240,365,110,90,15,30.1,24.7,13.6,,,,,,,,,,,,,,,,,,,,,,,,
2021S051235250459,35250459,Hamilton,2021A00053525005,2021,569353,536917,6,11.9,18.9,01010,894,7286.1,0.12,55,80,90,95,375,35,200,50,375,57200,330,64400,330,275,605,355,295,60,58.7,48.8,16.9,,,,,,,,,,,,,,,,,,,,,,,,
2021S051235250460,35250460,Hamilton,2021A00053525005,2021,569353,536917,6,6.4,8.9,00000,412,7292,0.06,30,40,35,55,175,40,25,0,170,61600,175,71000,180,90,365,190,165,20,52.1,45.2,10.5,,,,,,,,,,,,,,,,,,,,,,,,
2021S051235250461,35250461,Hamilton,2021A00053525005,2021,569353,536917,6,3.4,4.2,00000,482,7638.7,0.06,40,40,40,45,175,25,65,0,175,57600,210,79000,210,150,495,315,280,35,63.6,56.6,11.1,,,,,,,,,,,,,,,,,,,,,,,,
2021S051235250462,35250462,Hamilton,2021A00053525005,2021,569353,536917,6,6.2,8.3,00000,436,7112.6,0.06,35,25,40,35,180,25,40,0,180,72500,190,78000,195,90,420,270,215,55,64.3,51.2,20.4,,,,,,,,,,,,,,,,,,,,,,,,
2021S051235250463,35250463,Hamilton,2021A00053525005,2021,569353,536917,6,5.4,9.1,00000,466,7350.2,0.06,20,45,65,35,225,35,55,75,225,55600,220,62800,220,160,380,265,230,35,69.7,60.5,13.2,,,,,,,,,,,,,,,,,,,,,,,,
2021S051235250464,35250464,Hamilton,2021A00053525005,2021,569353,536917,6,7.4,14.3,00010,381,5738,0.07,10,30,60,45,180,30,55,0,175,59200,200,66000,195,115,375,230,190,40,61.3,50.7,17.4,,,,,,,,,,,,,,,,,,,,,,,,
2021S051235250465,35250465,Hamilton,2021A00053525005,2021,569353,536917,6,5.7,12,00010,798,72545.5,0.01,35,105,135,90,335,0,0,330,340,53600,350,68800,350,350,700,485,420,70,69.3,60,14.4,,,,,,,,,,,,,,,,,,,,,,,,
2021S051235250466,35250466,Hamilton,2021A00053525005,2021,569353,536917,6,6,10.8,00010,671,5033.8,0.13,30,85,90,90,300,30,80,90,300,61200,290,68000,290,215,485,295,250,45,60.8,51.5,15.3,,,,,,,,,,,,,,,,,,,,,,,,
2021S051235250467,35250467,Hamilton,2021A00053525005,2021,569353,536917,6,7.2,6.7,00000,925,8817.9,0.1,25,70,90,90,585,10,145,420,580,27600,615,39800,615,595,920,400,315,85,43.5,34.2,21.3,,,,,,,,,,,,,,,,,,,,,,,,
2021S051235250468,35250468,Hamilton,2021A00053525005,2021,569353,536917,6,19.1,22.8,01020,797,4058,0.2,35,100,130,90,400,5,215,160,400,45600,350,56000,350,255,465,305,255,55,65.6,54.8,18,,,,,,,,,,,,,,,,,,,,,,,,
2021S051235250471,35250471,Hamilton,2021A00053525005,2021,569353,536917,6,3.6,5.9,00000,453,7056.1,0.06,25,35,50,35,195,35,70,0,195,58000,205,85000,205,115,470,265,220,40,56.4,46.8,15.1,,,,,,,,,,,,,,,,,,,,,,,,
2021S051235250472,35250472,Hamilton,2021A00053525005,2021,569353,536917,6,7.3,6.9,00000,446,3943.4,0.11,15,20,45,60,220,15,120,0,220,52800,240,72500,245,185,450,275,255,25,61.1,56.7,9.1,,,,,,,,,,,,,,,,,,,,,,,,
2021S051235250473,35250473,Hamilton,2021A00053525005,2021,569353,536917,6,10.6,22.5,01029,728,4176.7,0.17,15,80,85,125,140,30,30,0,140,53600,,,125,55,205,105,90,15,51.2,43.9,14.3,,,,,,,,,,,,,,6,6,,,,,,,,,
2021S051235250474,35250474,Hamilton,2021A00053525005,2021,569353,536917,6,6.3,8.8,00000,721,4589.4,0.16,35,50,60,60,315,40,25,135,320,47600,315,58800,315,220,575,250,230,25,43.5,40,10,,,,,,,,,,,,,,,,,,,,,,,,
2021S051235250475,35250475,Hamilton,2021A00053525005,2021,569353,536917,6,11.5,13.2,01010,463,2879.4,0.16,15,30,65,55,215,25,90,0,215,52400,200,73500,205,115,360,235,185,50,65.3,51.4,21.3,,,,,,,,,,,,,,,,,,,,,,,,
2021S051235250476,35250476,Hamilton,2021A00053525005,2021,569353,536917,6,7.8,7.3,00000,498,8355.7,0.06,10,25,35,45,180,60,35,0,175,70500,165,80000,165,85,345,185,170,15,53.6,49.3,8.1,,,,,,,,,,,,,,,,,,,,,,,,
2021S051235250477,35250477,Hamilton,2021A00053525005,2021,569353,536917,6,8.9,16.9,00010,467,7331.2,0.06,20,25,45,45,215,40,55,0,215,60000,210,75000,210,85,430,300,260,35,69.8,60.5,11.7,,,,,,,,,,,,,,,,,,,,,,,,
2021S051235250478,35250478,Hamilton,2021A00053525005,2021,569353,536917,6,2.9,12.2,00010,455,6978.5,0.07,30,30,35,45,170,20,35,5,170,72500,155,90000,160,55,370,240,225,20,64.9,60.8,8.3,,,,,,,,,,,,,,,,,,,,,,,,
2021S051235250479,35250479,Hamilton,2021A00053525005,2021,569353,536917,6,4,3.2,00000,602,5990,0.1,25,40,80,60,255,35,55,0,255,70000,270,78500,270,120,575,345,310,35,60,53.9,10.1,,,,,,,,,,,,,,,,,,,,,,,,
2021S051235250480,35250480,Hamilton,2021A00053525005,2021,569353,536917,6,7.5,11.5,00010,503,5551.9,0.09,20,40,60,55,215,25,75,0,210,67000,200,69000,205,95,400,220,185,40,55,46.3,18.2,,,,,,,,,,,,,,,,,,,,,,,,
2021S051235250481,35250481,Hamilton,2021A00053525005,2021,569353,536917,6,9.3,18.6,00010,422,9134.2,0.05,25,25,35,45,160,20,35,0,160,63200,155,71000,155,65,275,155,120,30,56.4,43.6,19.4,,,,,,,,,,,,,,,,,,,,,,,,
2021S051235250482,35250482,Hamilton,2021A00053525005,2021,569353,536917,6,1,0,00000,522,6582.6,0.08,30,35,50,60,190,10,15,0,190,73500,220,81000,225,100,465,265,230,35,57,49.5,13.2,,,,,,,,,,,,,,,,,,,,,,,,
2021S051235250483,35250483,Hamilton,2021A00053525005,2021,569353,536917,6,4.3,4.9,00000,516,5460.3,0.09,35,25,55,65,185,10,10,0,185,82000,170,87000,170,85,435,230,185,50,52.9,42.5,21.7,,,,,,,,,,,,,,,,,,,,,,,,
2021S051235250484,35250484,Hamilton,2021A00053525005,2021,569353,536917,6,3.1,0,00000,404,259.6,1.56,25,25,35,35,155,10,10,0,160,64000,180,70000,175,45,370,220,160,60,59.5,43.2,27.3,,,,,,,,,,,,,,,,,,,,,,,,
2021S051235250485,35250485,Hamilton,2021A00053525005,2021,569353,536917,6,4.1,3.6,00000,555,4776.2,0.12,25,35,45,50,220,15,25,0,220,70500,220,78500,220,55,450,230,180,50,51.1,40,21.7,,,,,,,,,,,,,,,,,,,,,,,,
2021S051235250486,35250486,Hamilton,2021A00053525005,2021,569353,536917,6,4.4,5.3,00000,736,6484.6,0.11,40,65,55,55,295,5,10,230,295,58800,300,74000,300,245,635,365,320,45,57.5,50.4,12.3,,,,,,,,,,,,,,,,,,,,,,,,
2021S051235250487,35250487,Hamilton,2021A00053525005,2021,569353,536917,6,3,2.4,00000,385,5332.4,0.07,10,15,35,40,170,10,15,0,170,77000,170,82000,175,70,340,215,175,35,63.2,51.5,16.3,,,,,,,,,,,,,,,,,,,,,,,,
2021S051235250488,35250488,Hamilton,2021A00053525005,2021,569353,536917,6,2.6,5.2,00000,521,3613,0.14,30,30,35,60,230,20,25,45,225,61200,225,70000,225,125,385,245,210,30,63.6,54.5,12.2,,,,,,,,,,,,,,,,,,,,,,,,
2021S051235250489,35250489,Hamilton,2021A00053525005,2021,569353,536917,6,1.3,0,00000,388,4444.4,0.09,20,15,20,40,155,5,10,0,155,91000,155,102000,155,30,340,215,170,40,63.2,50,18.6,,,,,,,,,,,,,,,,,,,,,,,,
2021S051235250490,35250490,Hamilton,2021A00053525005,2021,569353,536917,6,0.7,0,00000,397,3576.6,0.11,15,25,35,25,150,5,5,0,150,82000,155,86000,155,30,365,220,180,35,60.3,49.3,15.9,,,,,,,,,,,,,,,,,,,,,,,,
2021S051235250491,35250491,Hamilton,2021A00053525005,2021,569353,536917,6,0,0,09999,36,621.8,0.06,,,,,,,,,,,,,,,,,,,,,,,,,6,6,6,6,6,6,6,6,6,6,6,6,6,6,6,6,6,6,6,6,6
2021S051235250492,35250492,Hamilton,2021A00053525005,2021,569353,536917,6,0,0,00000,378,6798.6,0.06,15,20,40,45,155,15,10,0,155,78500,145,102000,145,65,320,195,170,30,60.9,53.1,15.4,,,,,,,,,,,,,,,,,,,,,,,,
2021S051235250493,35250493,Hamilton,2021A00053525005,2021,569353,536917,6,2.8,11.6,00010,392,6058.7,0.06,20,25,30,35,175,10,25,5,180,79500,165,102000,160,65,330,235,200,35,71.2,60.6,14.9,,,,,,,,,,,,,,,,,,,,,,,,
2021S051235250494,35250494,Hamilton,2021A00053525005,2021,569353,536917,6,4.3,3.8,00000,350,5814,0.06,10,5,30,30,190,0,35,50,185,50400,210,54400,210,120,340,170,145,25,50,42.6,14.7,,,,,,,,,,,,,,,,,,,,,,,,
2021S051235250495,35250495,Hamilton,2021A00053525005,2021,569353,536917,6,3.1,2.1,00000,491,6191.7,0.08,30,30,50,45,195,5,10,0,190,77500,185,96000,185,55,380,225,180,50,59.2,47.4,22.2,,,,,,,,,,,,,,,,,,,,,,,,
2021S051235250496,35250496,Hamilton,2021A00053525005,2021,569353,536917,6,1.1,0,00909,187,372.3,0.5,10,5,10,10,90,5,5,0,,,,,100,30,160,100,80,20,62.5,50,20,,,,,,,,,,,,6,6,6,6,,,,,,,,,
2021S051235250497,35250497,Hamilton,2021A00053525005,2021,569353,536917,6,3,3.3,00000,608,2397.5,0.25,15,35,65,85,265,35,65,30,260,73500,235,119000,235,125,445,315,265,45,70.8,59.6,14.3,,,,,,,,,,,,,,,,,,,,,,,,
2021S051235250498,35250498,Hamilton,2021A00053525005,2021,569353,536917,6,4.4,6.8,00000,634,4759.8,0.13,25,35,80,65,290,15,75,60,290,67500,295,134000,300,140,540,370,320,45,68.5,59.3,12.2,,,,,,,,,,,,,,,,,,,,,,,,
2021S051235250499,35250499,Hamilton,2021A00053525005,2021,569353,536917,6,1.1,1.5,00000,605,360.1,1.68,25,35,70,60,275,10,55,35,275,77000,280,96000,285,105,530,380,310,75,71.7,58.5,19.7,,,,,,,,,,,,,,,,,,,,,,,,
2021S051235250501,35250501,Hamilton,2021A00053525005,2021,569353,536917,6,1.9,2,00000,516,4836,0.11,40,25,20,45,215,30,0,0,210,95000,215,112000,215,30,470,300,270,30,63.8,57.4,10,,,,,,,,,,,,,,,,,,,,,,,,
2021S051235250502,35250502,Hamilton,2021A00053525005,2021,569353,536917,6,2.8,8.2,00000,562,5189.3,0.11,35,50,45,40,215,20,5,0,210,108000,195,108000,195,50,405,280,255,35,69.1,63,12.5,,,,,,,,,,,,,,,,,,,,,,,,
2021S051235250503,35250503,Hamilton,2021A00053525005,2021,569353,536917,6,4.2,9.4,00000,576,2315.1,0.25,30,65,70,60,260,20,110,15,260,66500,250,87000,250,160,425,275,245,30,64.7,57.6,10.9,,,,,,,,,,,,,,,,,,,,,,,,
2021S051235250504,35250504,Hamilton,2021A00053525005,2021,569353,536917,6,4,1.3,00000,652,13784.4,0.05,40,100,125,95,320,0,45,260,325,48800,335,59600,335,315,600,435,360,75,72.5,60,17.2,,,,,,,,,,,,,,,,,,,,,,,,
2021S051235250506,35250506,Hamilton,2021A00053525005,2021,569353,536917,6,10,12,01010,628,578.6,1.09,40,35,95,75,280,15,20,80,280,92000,275,97000,275,115,530,375,350,25,70.8,66,6.7,,,,,,,,,,,,,,,,,,,,,,,,
2021S051235250507,35250507,Hamilton,2021A00053525005,2021,569353,536917,6,2.1,0,00000,558,6111.7,0.09,25,20,40,40,240,10,55,50,235,68500,255,75500,255,130,425,280,220,60,65.9,51.8,21.4,,,,,,,,,,,,,,,,,,,,,,,,
2021S051235250508,35250508,Hamilton,2021A00053525005,2021,569353,536917,6,1,0,00000,512,5044.3,0.1,35,25,20,20,195,10,25,0,195,145000,195,159000,195,35,390,245,230,20,62.8,59,8.2,,,,,,,,,,,,,,,,,,,,,,,,
2021S051235250509,35250509,Hamilton,2021A00053525005,2021,569353,536917,6,3.2,4.8,00000,581,4719.7,0.12,25,35,45,45,245,10,40,30,250,118000,240,150000,245,55,485,335,305,25,69.1,62.9,7.5,,,,,,,,,,,,,,,,,,,,,,,,
2021S051235250510,35250510,Hamilton,2021A00053525005,2021,569353,536917,6,1,0,00000,548,5150.4,0.11,40,25,25,35,210,35,30,0,210,128000,230,162000,225,55,460,310,265,45,67.4,57.6,14.5,,,,,,,,,,,,,,,,,,,,,,,,
2021S051235250511,35250511,Hamilton,2021A00053525005,2021,569353,536917,6,2.2,2.5,00000,719,5942.1,0.12,35,45,55,65,320,45,55,50,320,85000,340,110000,335,150,650,475,440,30,73.1,67.7,6.3,,,,,,,,,,,,,,,,,,,,,,,,
2021S051235250512,35250512,Hamilton,2021A00053525005,2021,569353,536917,6,3.7,9.1,00000,445,5440.1,0.08,15,15,15,45,215,30,45,5,220,82000,215,92000,220,85,350,235,210,20,67.1,60,8.5,,,,,,,,,,,,,,,,,,,,,,,,
2021S051235250513,35250513,Hamilton,2021A00053525005,2021,569353,536917,6,3.2,6.5,00000,503,3644.9,0.14,15,20,55,75,250,35,60,0,250,90000,235,90000,235,115,400,260,215,45,65,53.8,17.3,,,,,,,,,,,,,,,,,,,,,,,,
2021S051235250514,35250514,Hamilton,2021A00053525005,2021,569353,536917,6,0.6,1.2,00000,868,456.7,1.9,60,50,45,40,340,10,5,0,340,140000,335,166000,335,50,750,485,440,45,64.7,58.7,9.3,,,,,,,,,,,,,,,,,,,,,,,,
2021S051235250515,35250515,Hamilton,2021A00053525005,2021,569353,536917,6,3.1,4.9,00000,437,1825.4,0.24,20,35,25,20,160,5,0,0,160,133000,155,,160,20,410,245,220,30,59.8,53.7,12.2,,,,,,,,,,,,,,,6,,,,,,,,,
2021S051235250516,35250516,Hamilton,2021A00053525005,2021,569353,536917,6,0.3,2.5,00000,884,1097.6,0.81,45,95,75,60,315,25,5,0,310,116000,315,138000,320,35,740,430,395,40,58.1,53.4,9.3,,,,,,,,,,,,,,,,,,,,,,,,
2021S051235250517,35250517,Hamilton,2021A00053525005,2021,569353,536917,6,0.7,3,00000,364,2722.5,0.13,20,35,25,25,140,5,0,0,135,98000,130,90000,135,35,300,200,190,10,66.7,63.3,5,,,,,,,,,,,,,,,,,,,,,,,,
2021S051235250518,35250518,Hamilton,2021A00053525005,2021,569353,536917,6,0,0,00000,325,1804.6,0.18,20,20,25,15,130,0,0,0,130,110000,135,114000,135,10,295,195,175,15,66.1,59.3,7.7,,,,,,,,,,,,,,,,,,,,,,,,
2021S051235250519,35250519,Hamilton,2021A00053525005,2021,569353,536917,6,1.9,1.5,00000,705,3153,0.22,45,50,50,55,265,20,5,0,260,100000,255,115000,260,45,565,350,295,50,61.9,52.2,14.3,,,,,,,,,,,,,,,,,,,,,,,,
2021S051235250520,35250520,Hamilton,2021A00053525005,2021,569353,536917,6,2.3,0,00000,675,3313.7,0.2,25,45,60,65,260,5,0,0,260,88000,285,94000,285,70,575,335,295,40,58.3,51.3,11.9,,,,,,,,,,,,,,,,,,,,,,,,
2021S051235250521,35250521,Hamilton,2021A00053525005,2021,569353,536917,6,2.4,2,00000,592,4027.2,0.15,35,45,45,35,205,15,0,0,205,98000,190,109000,195,30,445,255,220,35,57.3,49.4,13.7,,,,,,,,,,,,,,,,,,,,,,,,
2021S051235250522,35250522,Hamilton,2021A00053525005,2021,569353,536917,6,2,4,00909,249,3536.9,0.07,15,15,20,15,95,0,0,0,,,,,95,0,250,150,140,10,60,56,6.7,,,,,,,,,,,,6,6,6,6,,,,,,,,,
2021S051235250523,35250523,Hamilton,2021A00053525005,2021,569353,536917,6,1.1,2.2,00000,511,3768.4,0.14,30,30,40,30,180,10,0,0,175,96000,170,109000,170,25,410,225,185,35,54.9,45.1,15.6,,,,,,,,,,,,,,,,,,,,,,,,
2021S051235250524,35250524,Hamilton,2021A00053525005,2021,569353,536917,6,0.7,0,00000,402,3694.9,0.11,20,20,30,50,140,5,0,0,135,75500,145,102000,145,70,325,200,170,30,61.5,52.3,15,,,,,,,,,,,,,,,,,,,,,,,,
2021S051235250525,35250525,Hamilton,2021A00053525005,2021,569353,536917,6,1.4,2.8,00000,404,2464.9,0.16,35,25,25,25,145,5,0,0,145,94000,145,94000,145,30,310,150,145,0,48.4,46.8,0,,,,,,,,,,,,,,,,,,,,,,,,
2021S051235250526,35250526,Hamilton,2021A00053525005,2021,569353,536917,6,0.9,2.2,00000,1342,3562.5,0.38,100,105,85,75,540,5,0,385,540,57200,540,62200,540,380,1015,480,380,100,47.3,37.4,20.8,,,,,,,,,,,,,,,,,,,,,,,,
2021S051235250527,35250527,Hamilton,2021A00053525005,2021,569353,536917,6,2.3,4.8,00000,457,2861.6,0.16,15,35,40,40,180,5,0,0,175,83000,155,82000,155,20,315,180,140,40,57.1,44.4,22.2,,,,,,,,,,,,,,,,,,,,,,,,
2021S051235250528,35250528,Hamilton,2021A00053525005,2021,569353,536917,6,0.6,0,00000,419,3681.9,0.11,20,15,25,25,170,0,0,0,175,86000,170,97000,170,20,390,200,195,0,51.3,50,0,,,,,,,,,,,,,,,,,,,,,,,,
2021S051235250529,35250529,Hamilton,2021A00053525005,2021,569353,536917,6,2.4,4.9,00000,453,2199,0.21,35,25,25,25,165,5,0,0,165,65500,155,90000,155,60,330,170,120,50,51.5,36.4,29.4,,,,,,,,,,,,,,,,,,,,,,,,
2021S051235250530,35250530,Hamilton,2021A00053525005,2021,569353,536917,6,0,0,00000,462,3262.7,0.14,35,35,30,40,165,0,0,0,160,79000,165,80000,165,55,395,235,205,30,59.5,51.9,12.8,,,,,,,,,,,,,,,,,,,,,,,,
2021S051235250531,35250531,Hamilton,2021A00053525005,2021,569353,536917,6,0,0,00000,460,4360.2,0.11,35,40,25,25,160,5,0,0,160,99000,165,111000,165,0,415,280,250,30,67.5,60.2,10.7,,,,,,,,,,,,,,,,,,,,,,,,
2021S051235250532,35250532,Hamilton,2021A00053525005,2021,569353,536917,6,0.7,0,00000,402,3948.9,0.1,15,35,30,25,150,0,0,0,150,90000,155,92000,155,0,320,200,160,40,62.5,50,20,,,,,,,,,,,,,,,,,,,,,,,,
2021S051235250533,35250533,Hamilton,2021A00053525005,2021,569353,536917,6,1.3,3.1,00000,817,13349.7,0.06,40,30,65,65,390,0,0,350,390,54000,385,61000,385,350,730,370,300,70,50.7,41.1,18.9,,,,,,,,,,,,,,,,,,,,,,,,
2021S051235250534,35250534,Hamilton,2021A00053525005,2021,569353,536917,6,1.7,1.7,00000,496,5432.6,0.09,20,30,40,40,240,0,0,120,240,57200,250,72000,250,135,410,265,240,30,64.6,58.5,11.3,,,,,,,,,,,,,,,,,,,,,,,,
2021S051235250535,35250535,Hamilton,2021A00053525005,2021,569353,536917,6,2.6,6.7,00000,720,2785.3,0.26,60,40,45,40,230,5,0,20,230,86000,235,113000,235,80,585,310,270,40,53,46.2,12.9,,,,,,,,,,,,,,,,,,,,,,,,
2021S051235250536,35250536,Hamilton,2021A00053525005,2021,569353,536917,6,0.8,3.3,00000,509,2052.4,0.25,15,30,45,45,240,15,0,110,240,57600,240,74500,240,115,445,230,210,25,51.7,47.2,10.9,,,,,,,,,,,,,,,,,,,,,,,,
2021S051235250537,35250537,Hamilton,2021A00053525005,2021,569353,536917,6,2.6,1.5,00000,671,4426.1,0.15,25,55,55,70,265,0,80,0,265,74000,275,75500,275,115,530,280,225,55,52.8,42.5,19.6,,,,,,,,,,,,,,,,,,,,,,,,
2021S051235250538,35250538,Hamilton,2021A00053525005,2021,569353,536917,6,1.2,3.3,00000,588,3788.7,0.16,30,45,50,45,245,15,0,0,240,82000,230,101000,225,50,510,345,310,35,67.6,60.8,10.1,,,,,,,,,,,,,,,,,,,,,,,,
2021S051235250539,35250539,Hamilton,2021A00053525005,2021,569353,536917,6,2,0,00000,637,3197.8,0.2,35,45,60,55,255,10,5,0,255,83000,265,100000,265,35,605,365,340,30,60.3,56.2,8.2,,,,,,,,,,,,,,,,,,,,,,,,
2021S051235250540,35250540,Hamilton,2021A00053525005,2021,569353,536917,6,1.2,1.6,00000,608,3173.3,0.19,30,35,45,60,245,5,0,0,245,94000,260,104000,260,35,535,335,305,30,62.6,57,9,,,,,,,,,,,,,,,,,,,,,,,,
2021S051235250541,35250541,Hamilton,2021A00053525005,2021,569353,536917,6,2.4,0,00000,618,2694,0.23,25,55,80,45,245,10,5,0,245,84000,245,101000,250,85,570,355,325,30,62.3,57,8.5,,,,,,,,,,,,,,,,,,,,,,,,
2021S051235250542,35250542,Hamilton,2021A00053525005,2021,569353,536917,6,2.3,4.1,00000,494,2111.1,0.23,25,25,45,45,215,10,35,0,215,77000,195,80000,200,60,395,225,215,15,57,54.4,6.7,,,,,,,,,,,,,,,,,,,,,,,,
2021S051235250545,35250545,Hamilton,2021A00053525005,2021,569353,536917,6,1.9,2.4,00000,454,2217.9,0.2,25,50,30,35,160,10,0,0,160,79000,155,86000,155,50,320,165,125,35,51.6,39.1,21.2,,,,,,,,,,,,,,,,,,,,,,,,
2021S051235250546,35250546,Hamilton,2021A00053525005,2021,569353,536917,6,3.3,3.3,00000,397,3056.2,0.13,5,25,45,35,240,0,125,100,240,45200,250,56800,250,220,380,205,160,40,53.9,42.1,19.5,,,,,,,,,,,,,,,,,,,,,,,,
2021S051235250547,35250547,Hamilton,2021A00053525005,2021,569353,536917,6,4,2.6,00000,412,2863.1,0.14,20,40,30,35,150,5,5,0,150,95000,155,100000,155,20,395,240,200,35,60.8,50.6,14.6,,,,,,,,,,,,,,,,,,,,,,,,
2021S051235250548,35250548,Hamilton,2021A00053525005,2021,569353,536917,6,1.4,4.1,00000,696,8149.9,0.09,35,60,50,50,290,0,0,205,295,60000,290,69500,290,215,580,250,220,30,43.1,37.9,12,,,,,,,,,,,,,,,,,,,,,,,,
2021S051235250549,35250549,Hamilton,2021A00053525005,2021,569353,536917,6,2.4,3.3,00000,523,4807,0.11,20,40,60,55,245,15,10,100,250,67500,240,74000,240,125,425,265,240,25,62.4,56.5,9.4,,,,,,,,,,,,,,,,,,,,,,,,
2021S051235250550,35250550,Hamilton,2021A00053525005,2021,569353,536917,6,2.5,6.3,00000,490,4173.8,0.12,20,35,50,35,205,5,0,0,200,87000,180,102000,185,35,415,280,260,20,67.5,62.7,7.1,,,,,,,,,,,,,,,,,,,,,,,,
2021S051235250551,35250551,Hamilton,2021A00053525005,2021,569353,536917,6,4,2.1,00000,481,3869.7,0.12,15,20,55,45,205,10,35,0,205,78000,200,81000,195,70,380,195,180,20,51.3,47.4,10.3,,,,,,,,,,,,,,,,,,,,,,,,
2021S051235250552,35250552,Hamilton,2021A00053525005,2021,569353,536917,6,0.7,5.3,00000,408,3520.3,0.12,40,20,20,30,145,0,0,0,145,75500,155,82000,155,50,320,185,150,30,57.8,46.9,16.2,,,,,,,,,,,,,,,,,,,,,,,,
2021S051235250553,35250553,Hamilton,2021A00053525005,2021,569353,536917,6,0.5,4.3,00000,495,4759.6,0.1,20,40,55,50,190,0,30,0,185,85000,185,104000,185,55,465,355,310,50,76.3,66.7,14.1,,,,,,,,,,,,,,,,,,,,,,,,
2021S051235250554,35250554,Hamilton,2021A00053525005,2021,569353,536917,6,2,4.1,00000,492,4497.3,0.11,35,30,30,45,200,5,5,0,195,80000,190,88000,190,35,355,235,205,30,66.2,57.7,12.8,,,,,,,,,,,,,,,,,,,,,,,,
2021S051235250555,35250555,Hamilton,2021A00053525005,2021,569353,536917,6,0.6,2.4,00000,407,4507.2,0.09,20,30,35,30,165,0,5,0,165,94000,160,81000,160,40,330,185,165,25,56.1,50,13.5,,,,,,,,,,,,,,,,,,,,,,,,
2021S051235250556,35250556,Hamilton,2021A00053525005,2021,569353,536917,6,3.6,7,00000,553,4157.9,0.13,30,30,45,50,225,10,30,5,225,89000,215,86000,220,40,450,245,215,30,54.4,47.8,12.2,,,,,,,,,,,,,,,,,,,,,,,,
2021S051235250557,35250557,Hamilton,2021A00053525005,2021,569353,536917,6,2.1,5.4,00000,711,5580.8,0.13,40,40,60,65,295,10,70,0,295,61200,300,64000,305,205,540,330,270,60,61.1,50,18.2,,,,,,,,,,,,,,,,,,,,,,,,
2021S051235250558,35250558,Hamilton,2021A00053525005,2021,569353,536917,6,1,1.9,00000,517,3986.1,0.13,25,30,45,55,210,10,0,0,205,88000,225,109000,225,35,520,340,310,30,65.4,59.6,8.8,,,,,,,,,,,,,,,,,,,,,,,,
2021S051235250559,35250559,Hamilton,2021A00053525005,2021,569353,536917,6,1,6.1,00000,493,4390,0.11,25,35,30,45,195,0,0,0,195,95000,185,98000,185,20,385,245,215,30,63.6,55.8,12.2,,,,,,,,,,,,,,,,,,,,,,,,
2021S051235250560,35250560,Hamilton,2021A00053525005,2021,569353,536917,6,1.2,1.2,00000,565,4455.8,0.13,15,20,35,20,330,5,10,220,330,52000,335,67200,335,240,560,210,185,25,37.5,33,11.9,,,,,,,,,,,,,,,,,,,,,,,,
2021S051235250561,35250561,Hamilton,2021A00053525005,2021,569353,536917,6,0.6,2.5,00000,402,2496.9,0.16,10,20,30,35,160,5,0,0,160,92000,160,92000,160,15,330,245,200,40,74.2,60.6,16.3,,,,,,,,,,,,,,,,,,,,,,,,
2021S051235250562,35250562,Hamilton,2021A00053525005,2021,569353,536917,6,2.6,5.2,00000,536,3109,0.17,20,30,60,40,225,10,45,0,225,78500,225,86000,225,80,490,250,235,15,51,48,6,,,,,,,,,,,,,,,,,,,,,,,,
2021S051235250563,35250563,Hamilton,2021A00053525005,2021,569353,536917,6,1.9,1.6,00000,569,6407.7,0.09,20,25,70,65,265,5,45,90,270,61600,250,67500,250,180,430,265,215,50,61.6,50,18.9,,,,,,,,,,,,,,,,,,,,,,,,
2021S051235250564,35250564,Hamilton,2021A00053525005,2021,569353,536917,6,2.6,5.4,00000,530,3528.6,0.15,10,20,50,50,225,0,0,0,225,85000,235,103000,235,35,500,275,250,25,55,50,9.1,,,,,,,,,,,,,,,,,,,,,,,,
2021S051235250565,35250565,Hamilton,2021A00053525005,2021,569353,536917,6,3,9,00000,743,3788.9,0.2,45,40,45,60,265,0,0,0,265,97000,260,110000,265,45,605,355,305,50,58.7,50.4,14.1,,,,,,,,,,,,,,,,,,,,,,,,
2021S051235250566,35250566,Hamilton,2021A00053525005,2021,569353,536917,6,1.7,4.3,00000,476,2745.1,0.17,20,35,35,35,180,10,0,0,180,97000,185,99000,185,30,380,250,210,35,65.8,55.3,14,,,,,,,,,,,,,,,,,,,,,,,,
2021S051235250567,35250567,Hamilton,2021A00053525005,2021,569353,536917,6,2,4.8,00000,566,5522,0.1,25,20,35,45,245,0,20,105,250,66500,235,78500,235,130,475,245,190,50,51.6,40,20.4,,,,,,,,,,,,,,,,,,,,,,,,
2021S051235250568,35250568,Hamilton,2021A00053525005,2021,569353,536917,6,3.4,5,00000,703,5848.6,0.12,35,60,40,70,330,0,115,65,325,63200,320,76800,320,195,595,300,255,50,50.4,42.9,16.7,,,,,,,,,,,,,,,,,,,,,,,,
2021S051235250569,35250569,Hamilton,2021A00053525005,2021,569353,536917,6,1.2,4.7,00000,456,3254.8,0.14,25,20,30,30,170,10,0,0,165,87000,165,98000,165,15,375,140,140,0,37.3,37.3,0,,,,,,,,,,,,,,,,,,,,,,,,
2021S051235250570,35250570,Hamilton,2021A00053525005,2021,569353,536917,6,1.7,4.5,00000,482,4693.3,0.1,15,30,45,15,175,10,0,0,175,99000,175,100000,175,30,430,225,190,40,52.3,44.2,17.8,,,,,,,,,,,,,,,,,,,,,,,,
2021S051235250571,35250571,Hamilton,2021A00053525005,2021,569353,536917,6,1.2,3.1,00000,419,10145.3,0.04,10,5,10,10,260,0,0,215,255,47200,250,62000,245,210,370,110,95,15,29.7,25.7,13.6,,,,,,,,,,,,,,,,,,,,,,,,
2021S051235250572,35250572,Hamilton,2021A00053525005,2021,569353,536917,6,2.7,3.2,00000,632,610.8,1.03,30,45,40,50,260,5,30,0,255,83000,245,99000,245,85,535,335,305,35,62.6,57,10.4,,,,,,,,,,,,,,,,,,,,,,,,
2021S051235250573,35250573,Hamilton,2021A00053525005,2021,569353,536917,6,0.5,1,00000,1155,5081.4,0.23,70,95,75,60,385,0,0,40,385,110000,380,131000,380,60,965,600,550,50,62.2,57,8.3,,,,,,,,,,,,,,,,,,,,,,,,
2021S051235250574,35250574,Hamilton,2021A00053525005,2021,569353,536917,6,0,0,00000,430,4663.8,0.09,40,40,30,20,135,0,0,0,135,121000,145,144000,145,15,470,300,285,25,63.8,60.6,8.3,,,,,,,,,,,,,,,,,,,,,,,,
2021S051235250578,35250578,Hamilton,2021A00053525005,2021,569353,536917,6,0.4,0,00000,804,6711.2,0.12,70,65,45,55,235,0,0,0,240,101000,240,109000,240,115,615,415,350,70,67.5,56.9,16.9,,,,,,,,,,,,,,,,,,,,,,,,
2021S051235250579,35250579,Hamilton,2021A00053525005,2021,569353,536917,6,0,0,00000,418,5311.3,0.08,20,45,40,30,135,0,0,0,135,128000,140,130000,135,10,360,245,215,25,68.1,59.7,10.2,,,,,,,,,,,,,,,,,,,,,,,,
2021S051235250580,35250580,Hamilton,2021A00053525005,2021,569353,536917,6,1.6,0,00000,396,7904.2,0.05,40,30,15,25,125,0,0,0,125,65000,135,82000,135,95,310,155,130,25,50,41.9,16.1,,,,,,,,,,,,,,,,,,,,,,,,
2021S051235250581,35250581,Hamilton,2021A00053525005,2021,569353,536917,6,1.5,0,00000,824,4197.7,0.2,60,60,75,40,270,0,0,5,270,115000,270,124000,270,30,705,515,440,75,73,62.4,14.6,,,,,,,,,,,,,,,,,,,,,,,,
2021S051235250582,35250582,Hamilton,2021A00053525005,2021,569353,536917,6,0.9,1.8,00000,616,6769.2,0.09,45,35,40,50,230,0,0,0,230,87000,230,86000,230,75,545,335,275,60,61.5,50.5,17.9,,,,,,,,,,,,,,,,,,,,,,,,
2021S051235250583,35250583,Hamilton,2021A00053525005,2021,569353,536917,6,1.1,0,00000,562,1797.8,0.31,40,40,45,45,190,0,0,0,185,114000,190,133000,190,30,495,415,355,60,83.8,71.7,14.5,,,,,,,,,,,,,,,,,,,,,,,,
2021S051235250585,35250585,Hamilton,2021A00053525005,2021,569353,536917,6,0,0,00000,588,4768.9,0.12,55,40,40,40,180,0,0,0,180,100000,175,105000,180,50,460,250,220,30,54.3,47.8,12,,,,,,,,,,,,,,,,,,,,,,,,
2021S051235250586,35250586,Hamilton,2021A00053525005,2021,569353,536917,6,1.1,1.8,00000,1503,4182,0.36,105,115,105,80,445,10,0,0,445,125000,440,143500,440,25,1235,805,720,80,65.2,58.3,9.9,,,,,,,,,,,,,,,,,,,,,,,,
2021S051235250587,35250587,Hamilton,2021A00053525005,2021,569353,536917,6,1,3.7,00000,311,5140.5,0.06,10,20,20,10,105,0,0,0,105,109000,105,126000,105,0,305,140,115,30,45.9,37.7,21.4,,,,,,,,,,,,,,,,,,,,,,,,
2021S051235250588,35250588,Hamilton,2021A00053525005,2021,569353,536917,6,2.6,2.6,00000,473,4660.1,0.1,30,35,30,25,155,5,0,0,155,111000,155,110000,155,15,400,220,180,45,55,45,20.5,,,,,,,,,,,,,,,,,,,,,,,,
2021S051235250589,35250589,Hamilton,2021A00053525005,2021,569353,536917,6,1.8,5.4,00000,670,4177.1,0.16,35,40,50,55,220,5,0,0,220,121000,220,122000,220,20,575,355,285,70,61.7,49.6,19.7,,,,,,,,,,,,,,,,,,,,,,,,
2021S051235250590,35250590,Hamilton,2021A00053525005,2021,569353,536917,6,1.5,0,00000,384,4523,0.08,25,25,25,25,130,0,0,0,135,110000,135,118000,140,10,335,185,185,0,55.2,55.2,0,,,,,,,,,,,,,,,,,,,,,,,,
2021S051235250591,35250591,Hamilton,2021A00053525005,2021,569353,536917,6,0.5,1.9,00000,693,3162.9,0.22,35,55,40,35,215,5,0,0,220,123000,215,126000,215,15,550,340,300,40,61.8,54.5,11.8,,,,,,,,,,,,,,,,,,,,,,,,
2021S051235250592,35250592,Hamilton,2021A00053525005,2021,569353,536917,6,0.5,0,00000,543,2544.5,0.21,25,30,30,30,190,5,0,0,185,104000,200,119000,195,20,520,340,300,40,65.4,57.7,11.8,,,,,,,,,,,,,,,,,,,,,,,,
2021S051235250593,35250593,Hamilton,2021A00053525005,2021,569353,536917,6,0.7,3,00000,541,4155.1,0.13,35,30,25,25,130,10,0,0,135,89000,130,82000,130,65,295,150,120,30,50.8,40.7,20,,,,,,,,,,,,,,,,,,,,,,,,
2021S051235250594,35250594,Hamilton,2021A00053525005,2021,569353,536917,6,0.9,0,00000,625,4760.1,0.13,35,45,30,45,210,5,0,0,215,96000,225,97000,225,35,540,250,220,30,46.3,40.7,12,,,,,,,,,,,,,,,,,,,,,,,,
2021S051235250595,35250595,Hamilton,2021A00053525005,2021,569353,536917,6,1.9,5.1,00000,471,4714.7,0.1,30,20,35,25,155,5,0,0,160,105000,155,110000,155,35,360,220,185,45,61.1,51.4,20.5,,,,,,,,,,,,,,,,,,,,,,,,
2021S051235250596,35250596,Hamilton,2021A00053525005,2021,569353,536917,6,1.4,7.5,00000,636,2440.5,0.26,35,40,50,50,210,5,5,0,210,108000,195,117000,195,10,465,300,265,35,64.5,57,11.7,,,,,,,,,,,,,,,,,,,,,,,,
2021S051235250597,35250597,Hamilton,2021A00053525005,2021,569353,536917,6,0.7,2.9,00000,406,3690.9,0.11,30,20,30,40,140,5,0,0,145,95000,140,104000,140,15,325,215,185,25,66.2,56.9,11.6,,,,,,,,,,,,,,,,,,,,,,,,
2021S051235250598,35250598,Hamilton,2021A00053525005,2021,569353,536917,6,2,2.6,00000,430,3703.7,0.12,30,35,45,30,150,0,0,0,145,103000,150,116000,150,20,435,290,250,40,66.7,57.5,13.8,,,,,,,,,,,,,,,,,,,,,,,,
2021S051235250599,35250599,Hamilton,2021A00053525005,2021,569353,536917,6,1.5,4.6,00000,466,9433.2,0.05,15,10,20,25,265,5,40,175,265,45200,260,64500,260,245,460,180,155,25,39.1,33.7,13.9,,,,,,,,,,,,,,,,,,,,,,,,
2021S051235250600,35250600,Hamilton,2021A00053525005,2021,569353,536917,6,0.6,2.4,00000,389,3430.3,0.11,10,35,35,30,155,0,50,0,155,74500,165,82000,165,50,335,205,195,0,61.2,58.2,0,,,,,,,,,,,,,,,,,,,,,,,,
2021S051235250601,35250601,Hamilton,2021A00053525005,2021,569353,536917,6,1,2.2,00000,617,6163.8,0.1,15,20,25,25,385,5,20,235,385,26400,375,47400,375,295,550,190,150,40,34.5,27.3,21.1,,,,,,,,,,,,,,,,,,,,,,,,
2021S051235250602,35250602,Hamilton,2021A00053525005,2021,569353,536917,6,3.1,1.5,00000,461,6963.7,0.07,10,20,30,25,260,5,0,190,265,49600,265,61600,265,210,430,185,175,15,43,40.7,8.1,,,,,,,,,,,,,,,,,,,,,,,,
2021S051235250603,35250603,Hamilton,2021A00053525005,2021,569353,536917,6,0.8,0,00000,697,2324.1,0.3,35,35,40,50,240,10,0,0,240,103000,265,106000,265,35,660,435,385,50,65.9,58.3,11.5,,,,,,,,,,,,,,,,,,,,,,,,
2021S051235250604,35250604,Hamilton,2021A00053525005,2021,569353,536917,6,0.5,3.8,00000,503,3355.6,0.15,25,35,45,40,220,0,5,0,220,88000,210,91000,210,30,375,220,210,10,58.7,56,4.5,,,,,,,,,,,,,,,,,,,,,,,,
2021S051235250605,35250605,Hamilton,2021A00053525005,2021,569353,536917,6,1.3,5.3,00000,469,4916.1,0.1,30,40,35,30,150,0,0,0,155,84000,145,90000,145,55,320,155,130,35,48.4,40.6,22.6,,,,,,,,,,,,,,,,,,,,,,,,
2021S051235250606,35250606,Hamilton,2021A00053525005,2021,569353,536917,6,0.9,0,00000,534,3982.1,0.13,25,35,20,30,220,5,35,0,220,89000,230,101000,230,25,490,280,235,40,57.1,48,14.3,,,,,,,,,,,,,,,,,,,,,,,,
2021S051235250607,35250607,Hamilton,2021A00053525005,2021,569353,536917,6,1.8,0,00000,471,1983.2,0.24,35,35,35,35,170,10,0,0,170,95000,180,122000,180,40,495,305,280,20,61.6,56.6,6.6,,,,,,,,,,,,,,,,,,,,,,,,
2021S051235250608,35250608,Hamilton,2021A00053525005,2021,569353,536917,6,0.7,2.9,00000,428,7430.6,0.06,45,30,20,40,135,0,0,0,135,71000,130,94000,130,105,300,180,120,60,60,40,33.3,,,,,,,,,,,,,,,,,,,,,,,,
2021S051235250609,35250609,Hamilton,2021A00053525005,2021,569353,536917,6,0.5,0,00000,523,5563.8,0.09,25,35,60,45,190,0,0,0,190,97000,195,108000,195,25,445,305,280,20,68.5,62.9,6.6,,,,,,,,,,,,,,,,,,,,,,,,
2021S051235250610,35250610,Hamilton,2021A00053525005,2021,569353,536917,6,0,0,00000,531,3965.6,0.13,40,35,35,25,180,5,0,0,175,96000,175,101000,175,15,420,240,190,50,57.1,45.2,20.8,,,,,,,,,,,,,,,,,,,,,,,,
2021S051235250611,35250611,Hamilton,2021A00053525005,2021,569353,536917,6,1.2,0,00000,479,4540.3,0.11,40,30,35,35,165,0,0,0,160,86000,170,84000,175,50,385,215,175,35,55.8,45.5,16.3,,,,,,,,,,,,,,,,,,,,,,,,
2021S051235250612,35250612,Hamilton,2021A00053525005,2021,569353,536917,6,0,0,00000,613,4011.8,0.15,55,40,35,55,205,0,0,0,205,81000,205,90000,205,115,495,300,265,35,60.6,53.5,11.7,,,,,,,,,,,,,,,,,,,,,,,,
2021S051235250613,35250613,Hamilton,2021A00053525005,2021,569353,536917,6,1.9,2.2,00000,1040,4203.7,0.25,75,75,85,85,370,0,0,0,375,81000,380,91200,380,155,835,595,505,90,71.3,60.5,15.1,,,,,,,,,,,,,,,,,,,,,,,,
2021S051235250614,35250614,Hamilton,2021A00053525005,2021,569353,536917,6,0,0,00000,378,5641.8,0.07,40,25,20,20,120,5,0,0,120,108000,125,128000,125,15,375,240,195,45,64,52,18.8,,,,,,,,,,,,,,,,,,,,,,,,
2021S051235250615,35250615,Hamilton,2021A00053525005,2021,569353,536917,6,0.7,5.7,00000,395,2556.6,0.15,20,20,40,25,140,5,0,0,140,92000,140,102000,140,10,340,165,145,20,48.5,42.6,12.1,,,,,,,,,,,,,,,,,,,,,,,,
2021S051235250616,35250616,Hamilton,2021A00053525005,2021,569353,536917,6,3.3,4.3,00009,254,6496.2,0.04,20,10,15,20,90,0,0,0,90,92000,,,95,20,190,155,135,20,81.6,71.1,12.9,,,,,,,,,,,,,,6,6,,,,,,,,,
2021S051235250617,35250617,Hamilton,2021A00053525005,2021,569353,536917,6,1.2,7.1,00000,465,8045,0.06,30,30,35,30,170,0,20,0,165,72500,160,73500,160,80,340,175,150,30,51.5,44.1,17.1,,,,,,,,,,,,,,,,,,,,,,,,
2021S051235250618,35250618,Hamilton,2021A00053525005,2021,569353,536917,6,1.3,0,00909,242,4498.1,0.05,10,10,20,10,80,5,0,0,,,,,85,0,240,155,125,30,64.6,52.1,19.4,,,,,,,,,,,,6,6,6,6,,,,,,,,,
2021S051235250619,35250619,Hamilton,2021A00053525005,2021,569353,536917,6,0.6,2.4,00000,499,3122.7,0.16,25,30,35,35,165,10,0,0,165,111000,165,117000,165,15,425,255,225,25,60,52.9,9.8,,,,,,,,,,,,,,,,,,,,,,,,
2021S051235250620,35250620,Hamilton,2021A00053525005,2021,569353,536917,6,0.7,0,00000,463,2872.2,0.16,30,40,25,25,135,0,0,0,135,131000,140,126000,140,20,380,265,225,40,69.7,59.2,15.1,,,,,,,,,,,,,,,,,,,,,,,,
2021S051235250621,35250621,Hamilton,2021A00053525005,2021,569353,536917,6,0,1.4,00000,784,6389.6,0.12,60,40,45,50,295,5,0,0,295,81000,285,94000,285,105,665,410,365,40,61.7,54.9,9.8,,,,,,,,,,,,,,,,,,,,,,,,
2021S051235250622,35250622,Hamilton,2021A00053525005,2021,569353,536917,6,0.7,5.4,00000,447,6583.2,0.07,35,20,30,30,150,0,0,0,150,81000,140,92000,140,95,340,240,220,25,70.6,64.7,10.4,,,,,,,,,,,,,,,,,,,,,,,,
2021S051235250623,35250623,Hamilton,2021A00053525005,2021,569353,536917,6,0.7,0,00000,400,5788.7,0.07,25,25,20,30,135,10,0,0,140,94000,135,92000,135,20,310,150,130,25,48.4,41.9,16.7,,,,,,,,,,,,,,,,,,,,,,,,
2021S051235250624,35250624,Hamilton,2021A00053525005,2021,569353,536917,6,2,1.6,00000,711,2615.9,0.27,15,25,35,25,245,0,90,0,245,58800,250,81000,250,105,405,200,185,15,49.4,45.7,7.5,,,,,,,,,,,,,,,,,,,,,,,,
2021S051235250625,35250625,Hamilton,2021A00053525005,2021,569353,536917,6,0.6,2.3,00000,452,2866.2,0.16,30,40,30,35,165,5,0,0,170,79500,175,86000,175,80,365,220,180,35,60.3,49.3,15.9,,,,,,,,,,,,,,,,,,,,,,,,
2021S051235250626,35250626,Hamilton,2021A00053525005,2021,569353,536917,6,2.3,1.8,00000,554,2714.4,0.2,20,25,60,40,215,5,0,0,215,84000,230,104000,230,45,570,340,290,50,59.6,50.9,14.7,,,,,,,,,,,,,,,,,,,,,,,,
2021S051235250627,35250627,Hamilton,2021A00053525005,2021,569353,536917,6,0,2.4,00000,540,7327,0.07,35,40,30,25,170,10,0,0,175,103000,160,105000,160,15,415,260,240,25,62.7,57.8,9.6,,,,,,,,,,,,,,,,,,,,,,,,
2021S051235250628,35250628,Hamilton,2021A00053525005,2021,569353,536917,6,0.8,0,00000,420,5210.9,0.08,10,10,15,15,245,0,0,160,240,25200,245,55600,245,165,430,125,100,25,29.1,23.3,20,,,,,,,,,,,,,,,,,,,,,,,,
2021S051235250629,35250629,Hamilton,2021A00053525005,2021,569353,536917,6,1.7,3.8,00000,898,1376.9,0.65,50,35,50,30,420,0,25,150,420,53600,415,83600,415,240,830,420,355,55,50.6,42.8,13.1,,,,,,,,,,,,,,,,,,,,,,,,
2021S051235250630,35250630,Hamilton,2021A00053525005,2021,569353,536917,6,0.7,0,00000,418,4019.2,0.1,20,35,30,20,145,0,0,0,145,109000,145,136000,145,10,375,260,230,30,69.3,61.3,11.5,,,,,,,,,,,,,,,,,,,,,,,,
2021S051235250631,35250631,Hamilton,2021A00053525005,2021,569353,536917,6,1.6,4.3,00000,472,3366.6,0.14,15,20,30,35,185,0,0,0,185,89000,185,85000,185,0,390,160,150,20,41,38.5,12.5,,,,,,,,,,,,,,,,,,,,,,,,
2021S051235250632,35250632,Hamilton,2021A00053525005,2021,569353,536917,6,1.9,2.6,00000,658,11646,0.06,25,35,45,60,320,0,105,170,320,50000,340,52600,335,300,560,270,230,40,48.2,41.1,14.8,,,,,,,,,,,,,,,,,,,,,,,,
2021S051235250633,35250633,Hamilton,2021A00053525005,2021,569353,536917,6,0,0,00909,237,2529.3,0.09,10,10,10,5,90,0,0,0,,,,,85,0,210,120,105,15,57.1,50,12.5,,,,,,,,,,,,6,6,6,6,,,,,,,,,
2021S051235250634,35250634,Hamilton,2021A00053525005,2021,569353,536917,6,1.4,1.4,00000,771,3495,0.22,75,40,50,50,290,0,35,0,285,64000,295,73000,295,155,590,270,230,40,45.8,39,14.8,,,,,,,,,,,,,,,,,,,,,,,,
2021S051235250635,35250635,Hamilton,2021A00053525005,2021,569353,536917,6,1.5,5.9,00000,407,6011.8,0.07,20,30,20,25,135,0,0,0,140,88000,130,104000,130,70,330,155,115,40,47,34.8,25.8,,,,,,,,,,,,,,,,,,,,,,,,
2021S051235250636,35250636,Hamilton,2021A00053525005,2021,569353,536917,6,0.7,1.3,00000,993,4205.8,0.24,70,75,70,65,305,5,0,0,305,110000,310,126000,310,35,775,535,465,70,69,60,13.1,,,,,,,,,,,,,,,,,,,,,,,,
2021S051235250637,35250637,Hamilton,2021A00053525005,2021,569353,536917,6,2.3,5.8,00000,1629,3206.1,0.51,105,115,115,90,605,15,155,120,605,76500,605,94800,605,220,1345,820,660,155,61,49.1,18.9,,,,,,,,,,,,,,,,,,,,,,,,
2021S051235250638,35250638,Hamilton,2021A00053525005,2021,569353,536917,6,0,0,00000,255,6296.3,0.04,15,25,20,20,90,5,0,0,90,93000,95,120000,95,10,240,155,140,15,64.6,58.3,9.7,,,,,,,,,,,,,,,,,,,,,,,,
2021S051235250639,35250639,Hamilton,2021A00053525005,2021,569353,536917,6,0.5,0,00000,663,6121.9,0.11,40,45,40,40,205,5,0,0,205,93000,205,118000,200,65,535,360,335,20,67.3,62.6,5.6,,,,,,,,,,,,,,,,,,,,,,,,
2021S051235250640,35250640,Hamilton,2021A00053525005,2021,569353,536917,6,0.6,4.3,00000,442,5306.1,0.08,20,30,35,15,180,0,0,65,180,83000,180,103000,185,55,405,240,215,25,59.3,53.1,10.4,,,,,,,,,,,,,,,,,,,,,,,,
2021S051235250641,35250641,Hamilton,2021A00053525005,2021,569353,536917,6,1.4,2.9,00000,441,5378,0.08,40,30,30,15,140,10,0,0,140,110000,140,124000,135,0,345,245,220,25,71,63.8,10.2,,,,,,,,,,,,,,,,,,,,,,,,
2021S051235250642,35250642,Hamilton,2021A00053525005,2021,569353,536917,6,1.9,5,00000,767,6386.3,0.12,50,45,55,45,205,5,0,0,205,85000,200,84000,200,105,460,260,215,50,56.5,46.7,19.2,,,,,,,,,,,,,,,,,,,,,,,,
2021S051235250643,35250643,Hamilton,2021A00053525005,2021,569353,536917,6,0.6,0,00000,532,4474.3,0.12,35,55,50,30,160,0,0,0,165,137000,160,160000,160,15,500,290,270,20,58,54,6.9,,,,,,,,,,,,,,,,,,,,,,,,
2021S051235250644,35250644,Hamilton,2021A00053525005,2021,569353,536917,6,1,4,00000,313,4523.1,0.07,20,20,25,20,100,0,0,0,100,130000,95,140000,95,10,230,110,100,15,47.8,43.5,13.6,,,,,,,,,,,,,,,,,,,,,,,,
2021S051235250645,35250645,Hamilton,2021A00053525005,2021,569353,536917,6,0.5,2.1,00000,589,1532.7,0.38,25,40,35,30,190,5,0,0,190,127000,190,133000,190,0,475,275,235,45,57.9,49.5,16.4,,,,,,,,,,,,,,,,,,,,,,,,
2021S051235250646,35250646,Hamilton,2021A00053525005,2021,569353,536917,6,1.8,0,00000,930,3709.6,0.25,75,85,70,55,270,5,0,0,270,123000,285,130000,290,45,770,575,485,90,74.7,63,15.7,,,,,,,,,,,,,,,,,,,,,,,,
2021S051235250647,35250647,Hamilton,2021A00053525005,2021,569353,536917,6,0.3,1.2,00000,1051,2850.6,0.37,75,95,60,75,335,5,0,0,335,98000,330,113200,330,80,865,595,525,75,68.8,60.7,12.6,,,,,,,,,,,,,,,,,,,,,,,,
2021S051235250648,35250648,Hamilton,2021A00053525005,2021,569353,536917,6,0.6,1.3,00000,988,4731.8,0.21,90,90,65,55,320,5,0,0,320,96000,320,105000,320,125,785,440,375,60,56.1,47.8,13.6,,,,,,,,,,,,,,,,,,,,,,,,
2021S051235250649,35250649,Hamilton,2021A00053525005,2021,569353,536917,6,2.3,3.7,00000,700,6334.8,0.11,60,55,45,50,215,0,0,0,220,92000,210,107000,210,80,515,275,235,35,53.4,45.6,12.7,,,,,,,,,,,,,,,,,,,,,,,,
2021S051235250650,35250650,Hamilton,2021A00053525005,2021,569353,536917,6,2.4,2.4,00000,922,8202.8,0.11,50,45,40,25,165,0,0,0,165,100000,155,108000,155,70,390,240,200,40,61.5,51.3,16.7,,,,,,,,,,,,,,,,,,,,,,,,
2021S051235250651,35250651,Hamilton,2021A00053525005,2021,569353,536917,6,1,0,00000,309,1914.5,0.16,15,25,20,15,95,5,0,0,95,140000,100,124000,100,0,255,160,135,25,62.7,52.9,15.6,,,,,,,,,,,,,,,,,,,,,,,,
2021S051235250652,35250652,Hamilton,2021A00053525005,2021,569353,536917,6,0,0,00000,696,4693.2,0.15,40,55,55,35,205,5,0,0,205,138000,215,141000,210,0,635,365,315,50,57.5,49.6,13.7,,,,,,,,,,,,,,,,,,,,,,,,
2021S051235250655,35250655,Hamilton,2021A00053525005,2021,569353,536917,6,1.2,3.3,00000,1978,2377.7,0.83,135,130,120,110,605,5,0,0,605,122000,610,134000,605,55,1565,985,850,135,62.9,54.3,13.7,,,,,,,,,,,,,,,,,,,,,,,,
2021S051235250656,35250656,Hamilton,2021A00053525005,2021,569353,536917,6,1.7,2.3,00000,524,6607.8,0.08,50,40,35,35,175,0,0,0,180,83000,175,111000,175,70,470,295,250,50,62.8,53.2,16.9,,,,,,,,,,,,,,,,,,,,,,,,
2021S051235250657,35250657,Hamilton,2021A00053525005,2021,569353,536917,6,0.5,0,00000,646,6111.6,0.11,45,45,35,30,195,5,0,0,200,111000,205,125000,200,20,520,325,265,60,62.5,51,18.5,,,,,,,,,,,,,,,,,,,,,,,,
2021S051235250658,35250658,Hamilton,2021A00053525005,2021,569353,536917,6,2.1,0,00000,279,4588.8,0.06,15,15,15,15,95,5,0,0,95,124000,90,130000,90,0,250,150,140,10,60,56,6.7,,,,,,,,,,,,,,,,,,,,,,,,
2021S051235250659,35250659,Hamilton,2021A00053525005,2021,569353,536917,6,0.5,2.1,00000,549,5935.1,0.09,40,50,30,20,185,0,0,0,185,101000,185,111000,185,75,480,300,270,35,62.5,56.3,11.7,,,,,,,,,,,,,,,,,,,,,,,,
2021S051235250661,35250661,Hamilton,2021A00053525005,2021,569353,536917,6,1.9,0,00000,1282,2628.7,0.49,95,100,90,70,410,5,0,0,410,117000,395,115200,395,40,1035,670,575,95,64.7,55.6,14.2,,,,,,,,,,,,,,,,,,,,,,,,
2021S051235250662,35250662,Hamilton,2021A00053525005,2021,569353,536917,6,2,3.5,00000,1857,3842.3,0.48,120,140,140,105,560,10,0,0,555,130000,565,141000,565,35,1460,1045,930,115,71.6,63.7,11,,,,,,,,,,,,,,,,,,,,,,,,
2021S051235250663,35250663,Hamilton,2021A00053525005,2021,569353,536917,6,1.7,0,00000,732,4336.5,0.17,55,65,60,40,235,5,0,0,235,110000,250,122000,250,15,680,430,375,55,63.2,55.1,12.8,,,,,,,,,,,,,,,,,,,,,,,,
2021S051235250664,35250664,Hamilton,2021A00053525005,2021,569353,536917,6,0.5,0,00000,452,3587.3,0.13,15,25,35,35,185,0,0,0,190,95000,180,91000,180,35,340,215,195,20,63.2,57.4,9.3,,,,,,,,,,,,,,,,,,,,,,,,
2021S051235250665,35250665,Hamilton,2021A00053525005,2021,569353,536917,6,1.1,4.5,00000,497,2349.9,0.21,35,25,30,35,175,10,5,0,175,115000,170,106000,170,20,375,220,195,20,58.7,52,9.1,,,,,,,,,,,,,,,,,,,,,,,,
2021S051235250666,35250666,Hamilton,2021A00053525005,2021,569353,536917,6,0,0,00000,458,3011.2,0.15,25,25,20,25,175,5,0,0,170,105000,180,122000,175,10,430,270,235,35,62.8,54.7,13,,,,,,,,,,,,,,,,,,,,,,,,
2021S051235250667,35250667,Hamilton,2021A00053525005,2021,569353,536917,6,15,12.8,01010,314,2683.8,0.12,25,80,40,20,140,40,20,0,140,54800,150,96000,150,60,320,165,140,30,51.6,43.8,18.2,,,,,,,,,,,,,,,,,,,,,,,,
2021S051235250668,35250668,Hamilton,2021A00053525005,2021,569353,536917,6,7.5,12.8,00010,432,3207.1,0.13,35,95,70,35,200,35,50,0,200,54400,190,66500,190,135,405,205,165,40,50.6,40.7,19.5,,,,,,,,,,,,,,,,,,,,,,,,
2021S051235250669,35250669,Hamilton,2021A00053525005,2021,569353,536917,6,18.3,15.7,01010,451,2275.5,0.2,40,135,95,20,195,45,10,0,200,39600,180,62000,180,135,395,240,210,30,60.8,53.2,12.5,,,,,,,,,,,,,,,,,,,,,,,,
2021S051235250670,35250670,Hamilton,2021A00053525005,2021,569353,536917,6,7.8,7.1,00009,277,641.2,0.43,35,65,20,15,110,20,5,0,110,92000,,,110,40,190,100,90,15,52.6,47.4,15,,,,,,,,,,,,,,6,6,,,,,,,,,
2021S051235250671,35250671,Hamilton,2021A00053525005,2021,569353,536917,6,12.1,7.1,01000,377,2535.3,0.15,30,85,75,20,170,20,30,0,175,60000,165,74500,170,65,380,240,190,40,63.2,50,16.7,,,,,,,,,,,,,,,,,,,,,,,,
2021S051235250672,35250672,Hamilton,2021A00053525005,2021,569353,536917,6,16.7,12,01010,446,2469.5,0.18,25,115,65,30,205,25,30,0,200,58400,190,79500,190,110,365,220,190,25,60.3,52.1,11.4,,,,,,,,,,,,,,,,,,,,,,,,
2021S051235250675,35250675,Hamilton,2021A00053525005,2021,569353,536917,6,7.7,8.9,00000,442,3974.8,0.11,35,80,65,40,195,20,20,0,195,71000,175,104000,175,85,400,260,210,55,65,52.5,21.2,,,,,,,,,,,,,,,,,,,,,,,,
2021S051235250676,35250676,Hamilton,2021A00053525005,2021,569353,536917,6,3.4,2.2,00000,446,4259.8,0.1,40,65,35,25,180,5,35,0,175,103000,185,126000,185,50,395,300,255,45,75.9,64.6,15,,,,,,,,,,,,,,,,,,,,,,,,
2021S051235250677,35250677,Hamilton,2021A00053525005,2021,569353,536917,6,5.6,12.8,00010,448,4366.5,0.1,35,40,20,15,160,10,10,0,165,151000,130,216000,130,15,300,190,185,0,63.3,61.7,0,,,,,,,,,,,,,,,,,,,,,,,,
2021S051235250678,35250678,Hamilton,2021A00053525005,2021,569353,536917,6,1.4,0,00000,451,292.9,1.54,45,45,25,10,145,5,0,0,145,238000,160,224000,160,20,370,205,180,15,55.4,48.6,7.3,,,,,,,,,,,,,,,,,,,,,,,,
2021S051235250679,35250679,Hamilton,2021A00053525005,2021,569353,536917,6,11.8,11.5,01010,775,1015.6,0.76,45,285,135,55,365,115,60,0,360,42800,355,69200,355,250,735,425,330,95,57.8,44.9,22.4,,,,,,,,,,,,,,,,,,,,,,,,
2021S051235250680,35250680,Hamilton,2021A00053525005,2021,569353,536917,6,10.5,14.5,01010,624,1567.4,0.4,40,200,105,35,295,100,25,0,295,47600,300,64500,300,180,580,370,285,85,63.8,49.1,23,,,,,,,,,,,,,,,,,,,,,,,,
2021S051235250681,35250681,Hamilton,2021A00053525005,2021,569353,536917,6,5.5,12.6,00010,914,1500.8,0.61,70,155,105,85,360,75,20,0,360,76000,350,102400,350,140,810,525,465,60,64.8,57.4,11.4,,,,,,,,,,,,,,,,,,,,,,,,
2021S051235250692,35250692,Hamilton,2021A00053525005,2021,569353,536917,6,4.3,10.2,00010,506,787.5,0.64,25,45,45,50,190,15,0,0,190,74500,190,96000,190,55,500,335,295,40,67,59,11.9,,,,,,,,,,,,,,,,,,,,,,,,
2021S051235250693,35250693,Hamilton,2021A00053525005,2021,569353,536917,6,9.3,5.6,00000,428,2171.5,0.2,15,30,30,40,185,25,40,0,185,60000,145,68000,145,60,290,135,115,25,46.6,39.7,18.5,,,,,,,,,,,,,,,,,,,,,,,,
2021S051235250694,35250694,Hamilton,2021A00053525005,2021,569353,536917,6,7.9,3.9,00000,414,4662.2,0.09,25,35,35,40,190,25,60,0,190,53200,215,58800,215,120,400,200,135,70,50,33.8,35,,,,,,,,,,,,,,,,,,,,,,,,
2021S051235250695,35250695,Hamilton,2021A00053525005,2021,569353,536917,6,4.9,17.3,00010,676,28284.5,0.02,60,35,45,50,205,15,5,140,205,56400,190,72500,185,130,465,205,155,50,44.1,33.3,24.4,,,,,,,,,,,,,,,,,,,,,,,,
2021S051235250696,35250696,Hamilton,2021A00053525005,2021,569353,536917,6,6.3,11.6,00010,447,4827.2,0.09,30,25,40,45,175,30,45,0,180,67500,165,69500,165,80,355,205,175,35,57.7,49.3,17.1,,,,,,,,,,,,,,,,,,,,,,,,
2021S051235250700,35250700,Hamilton,2021A00053525005,2021,569353,536917,6,7.4,5.5,00000,496,8051.9,0.06,20,45,60,60,230,65,80,0,230,58400,220,89000,225,130,470,325,300,30,69.1,63.8,9.2,,,,,,,,,,,,,,,,,,,,,,,,
2021S051235250701,35250701,Hamilton,2021A00053525005,2021,569353,536917,6,5.6,5.6,00000,561,9842.1,0.06,35,40,40,70,215,45,10,0,215,66000,210,70500,210,75,450,240,205,40,53.3,45.6,16.7,,,,,,,,,,,,,,,,,,,,,,,,
2021S051235250702,35250702,Hamilton,2021A00053525005,2021,569353,536917,6,4.8,4.4,00000,504,9673.7,0.05,30,30,45,35,185,30,10,0,190,78500,185,94000,185,60,470,235,215,20,50,45.7,8.5,,,,,,,,,,,,,,,,,,,,,,,,
2021S051235250703,35250703,Hamilton,2021A00053525005,2021,569353,536917,6,5.7,9.8,00000,496,4796.9,0.1,10,35,45,50,210,15,50,0,205,66500,195,74500,200,90,385,255,230,30,66.2,59.7,11.8,,,,,,,,,,,,,,,,,,,,,,,,
2021S051235250704,35250704,Hamilton,2021A00053525005,2021,569353,536917,6,8.2,11.9,00010,622,2183.2,0.28,40,35,60,60,230,15,25,0,235,70500,225,72500,225,85,420,250,215,35,59.5,51.2,14,,,,,,,,,,,,,,,,,,,,,,,,
2021S051235250705,35250705,Hamilton,2021A00053525005,2021,569353,536917,6,2.9,1.9,00000,508,2951.8,0.17,30,25,35,50,210,10,5,0,210,69500,225,82000,225,70,470,275,235,40,58.5,50,14.5,,,,,,,,,,,,,,,,,,,,,,,,
2021S051235250706,35250706,Hamilton,2021A00053525005,2021,569353,536917,6,5.9,9.1,00000,470,6394.6,0.07,10,25,45,45,190,35,15,0,185,75000,175,79000,175,40,360,200,155,50,55.6,43.1,25,,,,,,,,,,,,,,,,,,,,,,,,
2021S051235250707,35250707,Hamilton,2021A00053525005,2021,569353,536917,6,3,4.7,00000,422,7658.8,0.06,25,25,45,30,170,5,5,0,165,70000,175,86000,170,35,395,280,225,50,70.9,57,17.9,,,,,,,,,,,,,,,,,,,,,,,,
2021S051235250708,35250708,Hamilton,2021A00053525005,2021,569353,536917,6,4.3,7.4,00000,661,2119.3,0.31,40,45,45,65,280,25,45,0,275,68500,270,68000,270,105,480,280,225,55,58.3,46.9,19.6,,,,,,,,,,,,,,,,,,,,,,,,
2021S051235250709,35250709,Hamilton,2021A00053525005,2021,569353,536917,6,4,4.3,00000,493,6735,0.07,25,25,35,50,195,35,5,0,200,70000,195,86000,200,55,435,270,230,45,62.1,52.9,16.7,,,,,,,,,,,,,,,,,,,,,,,,
2021S051235250710,35250710,Hamilton,2021A00053525005,2021,569353,536917,6,4.3,6.3,00000,461,7411.6,0.06,20,20,25,50,185,20,5,0,185,75000,200,83000,200,60,415,225,195,30,54.2,47,13.3,,,,,,,,,,,,,,,,,,,,,,,,
2021S051235250711,35250711,Hamilton,2021A00053525005,2021,569353,536917,6,1.4,5.6,00000,365,6952.4,0.05,20,20,25,35,145,15,0,0,145,78500,140,80000,140,20,275,190,165,25,69.1,60,13.2,,,,,,,,,,,,,,,,,,,,,,,,
2021S051235250712,35250712,Hamilton,2021A00053525005,2021,569353,536917,6,1.9,5,00000,391,5870.9,0.07,25,20,25,35,155,15,5,0,155,78500,155,84000,155,60,325,220,180,35,67.7,55.4,15.9,,,,,,,,,,,,,,,,,,,,,,,,
2021S051235250713,35250713,Hamilton,2021A00053525005,2021,569353,536917,6,5.3,8.9,00000,409,4509.4,0.09,25,15,25,40,170,35,45,0,165,73500,190,85000,190,100,340,250,205,50,73.5,60.3,20,,,,,,,,,,,,,,,,,,,,,,,,
2021S051235250714,35250714,Hamilton,2021A00053525005,2021,569353,536917,6,16.8,18.6,01010,501,7455.4,0.07,25,25,35,50,230,20,85,5,230,60800,215,75500,210,95,390,250,225,25,64.1,57.7,10,,,,,,,,,,,,,,,,,,,,,,,,
2021S051235250715,35250715,Hamilton,2021A00053525005,2021,569353,536917,6,7.4,8.2,00000,450,5325.4,0.08,25,20,35,50,205,40,55,0,200,71500,205,76000,205,100,415,245,200,45,59,48.2,18.4,,,,,,,,,,,,,,,,,,,,,,,,
2021S051235250716,35250716,Hamilton,2021A00053525005,2021,569353,536917,6,2.3,1.5,00000,611,8766.1,0.07,35,30,55,70,260,55,120,0,265,68500,275,88000,275,150,490,315,285,30,64.3,58.2,9.5,,,,,,,,,,,,,,,,,,,,,,,,
2021S051235250717,35250717,Hamilton,2021A00053525005,2021,569353,536917,6,5.7,8.1,00000,525,4561.3,0.12,25,30,45,55,230,25,75,5,230,66500,235,77500,235,125,485,335,305,30,69.1,62.9,9,,,,,,,,,,,,,,,,,,,,,,,,
2021S051235250718,35250718,Hamilton,2021A00053525005,2021,569353,536917,6,5.1,2,00000,411,6737.7,0.06,5,30,35,50,195,25,100,0,195,59600,215,72500,210,155,360,235,210,30,65.3,58.3,12.8,,,,,,,,,,,,,,,,,,,,,,,,
2021S051235250719,35250719,Hamilton,2021A00053525005,2021,569353,536917,6,3.5,5.2,00000,466,8146.9,0.06,25,35,70,45,225,75,75,5,225,62000,230,69500,235,160,405,250,200,50,61.7,49.4,20,,,,,,,,,,,,,,,,,,,,,,,,
2021S051235250720,35250720,Hamilton,2021A00053525005,2021,569353,536917,6,6.3,7.9,00000,639,8385.8,0.08,25,40,90,65,300,95,130,0,300,69500,305,71000,305,190,490,390,345,45,79.6,70.4,11.5,,,,,,,,,,,,,,,,,,,,,,,,
2021S051235250721,35250721,Hamilton,2021A00053525005,2021,569353,536917,6,5.3,9.7,00000,733,8654.1,0.08,40,60,90,85,305,60,125,0,305,63600,275,76000,275,180,515,315,255,60,61.2,49.5,19,,,,,,,,,,,,,,,,,,,,,,,,
2021S051235250724,35250724,Hamilton,2021A00053525005,2021,569353,536917,6,3.6,3.6,00000,498,5030.3,0.1,30,30,50,35,220,110,30,0,220,74000,220,101000,220,100,410,285,245,35,69.5,59.8,12.3,,,,,,,,,,,,,,,,,,,,,,,,
2021S051235250725,35250725,Hamilton,2021A00053525005,2021,569353,536917,6,2.9,2.4,00000,459,5780.9,0.08,15,15,35,35,170,35,30,0,165,102000,165,119000,170,40,350,240,230,15,68.6,65.7,6.3,,,,,,,,,,,,,,,,,,,,,,,,
2021S051235250726,35250726,Hamilton,2021A00053525005,2021,569353,536917,6,12.2,13.4,01010,611,5479.8,0.11,30,30,55,60,265,40,100,0,260,75000,250,80000,245,125,455,295,275,20,64.8,60.4,6.8,,,,,,,,,,,,,,,,,,,,,,,,
2021S051235250727,35250727,Hamilton,2021A00053525005,2021,569353,536917,6,3,8,00009,250,2771.6,0.09,15,15,25,30,100,15,15,0,100,87000,,,95,25,200,120,105,10,60,52.5,8.3,,,,,,,,,,,,,,6,6,,,,,,,,,
2021S051235250728,35250728,Hamilton,2021A00053525005,2021,569353,536917,6,2.7,5.3,00000,513,7737.6,0.07,15,25,50,60,225,40,30,0,225,74500,225,89000,225,115,435,290,235,55,66.7,54,19,,,,,,,,,,,,,,,,,,,,,,,,
2021S051235250729,35250729,Hamilton,2021A00053525005,2021,569353,536917,6,5.6,7.4,00000,428,5624.2,0.08,20,20,45,40,210,45,85,0,215,56400,225,67500,225,140,375,235,220,10,62.7,58.7,4.3,,,,,,,,,,,,,,,,,,,,,,,,
2021S051235250730,35250730,Hamilton,2021A00053525005,2021,569353,536917,6,4,5.8,00000,738,10998.5,0.07,25,30,55,65,400,30,25,265,400,43600,405,55400,405,320,645,305,225,80,47.3,34.9,26.2,,,,,,,,,,,,,,,,,,,,,,,,
2021S051235250731,35250731,Hamilton,2021A00053525005,2021,569353,536917,6,1,2.7,00000,611,1833.7,0.33,25,35,45,60,300,10,10,150,300,48000,295,53600,290,240,450,230,185,45,51.1,41.1,19.6,,,,,,,,,,,,,,,,,,,,,,,,
2021S051235250732,35250732,Hamilton,2021A00053525005,2021,569353,536917,6,3,0,00000,414,1024,0.4,15,20,15,25,165,15,10,0,165,103000,180,117000,175,25,405,265,240,25,65.4,59.3,9.4,,,,,,,,,,,,,,,,,,,,,,,,
2021S051235250733,35250733,Hamilton,2021A00053525005,2021,569353,536917,6,2.2,3.4,00000,609,5901.2,0.1,45,40,20,45,235,45,0,0,230,107000,235,106000,235,45,550,365,330,35,66.4,60,9.6,,,,,,,,,,,,,,,,,,,,,,,,
2021S051235250734,35250734,Hamilton,2021A00053525005,2021,569353,536917,6,3.9,7.8,00000,540,6074.2,0.09,25,35,70,45,255,35,105,0,250,66500,260,71500,255,150,455,305,255,55,67,56,18,,,,,,,,,,,,,,,,,,,,,,,,
2021S051235250735,35250735,Hamilton,2021A00053525005,2021,569353,536917,6,1,4.3,00000,499,4698.7,0.11,25,20,35,45,195,10,5,0,195,105000,175,114000,180,20,365,220,185,35,60.3,50.7,15.9,,,,,,,,,,,,,,,,,,,,,,,,
2021S051235250736,35250736,Hamilton,2021A00053525005,2021,569353,536917,6,0.5,1.9,00000,510,3722.6,0.14,20,20,30,50,220,5,10,0,215,91000,215,108000,215,25,415,285,250,35,68.7,60.2,12.3,,,,,,,,,,,,,,,,,,,,,,,,
2021S051235250737,35250737,Hamilton,2021A00053525005,2021,569353,536917,6,1.6,0,00000,475,4598.3,0.1,20,15,25,50,180,5,0,0,185,103000,190,111000,190,10,435,300,260,40,69,59.8,13.3,,,,,,,,,,,,,,,,,,,,,,,,
2021S051235250738,35250738,Hamilton,2021A00053525005,2021,569353,536917,6,0.5,2,00000,513,4772.1,0.11,30,20,30,50,200,15,5,0,200,106000,210,110000,205,25,475,325,300,20,68.4,63.2,6.2,,,,,,,,,,,,,,,,,,,,,,,,
2021S051235250739,35250739,Hamilton,2021A00053525005,2021,569353,536917,6,1.7,0,00000,532,5467.6,0.1,15,30,40,65,230,5,55,0,230,84000,235,88000,230,70,435,270,230,40,62.1,52.9,14.8,,,,,,,,,,,,,,,,,,,,,,,,
2021S051235250740,35250740,Hamilton,2021A00053525005,2021,569353,536917,6,1.8,4.2,00000,644,5420.9,0.12,20,25,40,45,270,20,20,45,275,73500,285,78000,285,120,545,345,285,60,63.3,52.3,17.4,,,,,,,,,,,,,,,,,,,,,,,,
2021S051235250741,35250741,Hamilton,2021A00053525005,2021,569353,536917,6,1.8,5.6,00000,499,4301.7,0.12,10,15,35,55,225,5,5,0,225,88000,215,117000,215,25,460,325,300,25,70.7,65.2,7.7,,,,,,,,,,,,,,,,,,,,,,,,
2021S051235250742,35250742,Hamilton,2021A00053525005,2021,569353,536917,6,0,1.8,00000,531,2919.2,0.18,30,25,35,55,215,10,10,0,215,95000,215,90000,215,50,450,280,230,45,62.2,51.1,16.1,,,,,,,,,,,,,,,,,,,,,,,,
2021S051235250743,35250743,Hamilton,2021A00053525005,2021,569353,536917,6,0.5,0,00000,458,4167.4,0.11,20,20,35,50,190,10,0,0,190,83000,195,87000,200,15,420,280,230,50,66.7,54.8,17.9,,,,,,,,,,,,,,,,,,,,,,,,
2021S051235250744,35250744,Hamilton,2021A00053525005,2021,569353,536917,6,4,6.8,00000,705,2469.4,0.29,45,60,70,55,300,5,50,0,300,74000,285,98000,290,50,635,430,390,45,67.7,61.4,10.5,,,,,,,,,,,,,,,,,,,,,,,,
2021S051235250745,35250745,Hamilton,2021A00053525005,2021,569353,536917,6,1.6,11.4,00010,421,4099.3,0.1,15,20,35,45,185,5,0,0,185,77000,155,77000,155,45,305,190,165,25,62.3,54.1,13.2,,,,,,,,,,,,,,,,,,,,,,,,
2021S051235250746,35250746,Hamilton,2021A00053525005,2021,569353,536917,6,1.3,0,00000,353,3569.3,0.1,15,15,25,35,160,5,0,0,160,74000,170,94000,170,35,360,240,230,10,66.7,63.9,4.2,,,,,,,,,,,,,,,,,,,,,,,,
2021S051235250747,35250747,Hamilton,2021A00053525005,2021,569353,536917,6,5,9.3,00000,404,5212.9,0.08,15,35,30,35,180,5,40,0,180,70500,175,82000,175,50,325,245,200,40,75.4,61.5,16.3,,,,,,,,,,,,,,,,,,,,,,,,
2021S051235250748,35250748,Hamilton,2021A00053525005,2021,569353,536917,6,1.1,0,00000,421,4252.5,0.1,25,20,30,45,175,5,0,0,180,86000,195,90000,195,20,370,290,270,20,78.4,73,6.9,,,,,,,,,,,,,,,,,,,,,,,,
2021S051235250749,35250749,Hamilton,2021A00053525005,2021,569353,536917,6,2.7,4.5,00000,465,3774.4,0.12,15,30,25,35,185,5,15,0,185,83000,170,96000,170,35,405,255,205,55,63,50.6,21.6,,,,,,,,,,,,,,,,,,,,,,,,
2021S051235250750,35250750,Hamilton,2021A00053525005,2021,569353,536917,6,1.8,1.9,00000,491,1409.3,0.35,20,25,40,45,220,10,35,0,220,69000,210,68000,210,55,360,225,185,35,62.5,51.4,15.6,,,,,,,,,,,,,,,,,,,,,,,,
2021S051235250753,35250753,Hamilton,2021A00053525005,2021,569353,536917,6,2.2,2.1,00000,462,1018.3,0.45,25,25,35,35,180,15,5,0,180,88000,185,93000,180,10,415,260,215,40,62.7,51.8,15.4,,,,,,,,,,,,,,,,,,,,,,,,
2021S051235250754,35250754,Hamilton,2021A00053525005,2021,569353,536917,6,0,0,00000,455,4030.1,0.11,20,20,40,35,180,5,0,0,185,84000,195,87000,195,40,400,250,190,65,62.5,47.5,26,,,,,,,,,,,,,,,,,,,,,,,,
2021S051235250755,35250755,Hamilton,2021A00053525005,2021,569353,536917,6,2.7,2.2,00000,430,4240.6,0.1,15,15,20,40,185,10,10,0,185,75500,180,86000,175,40,350,215,180,35,61.4,51.4,16.3,,,,,,,,,,,,,,,,,,,,,,,,
2021S051235250756,35250756,Hamilton,2021A00053525005,2021,569353,536917,6,1.1,2,00000,504,338.1,1.49,20,25,45,60,185,5,0,0,185,84000,200,82000,200,60,435,275,220,55,63.2,50.6,20,,,,,,,,,,,,,,,,,,,,,,,,
2021S051235250757,35250757,Hamilton,2021A00053525005,2021,569353,536917,6,4.6,6,00000,440,80.7,5.45,20,20,35,50,195,15,5,0,195,69500,195,85000,195,30,395,260,240,25,65.8,60.8,9.6,,,,,,,,,,,,,,,,,,,,,,,,
2021S051235250758,35250758,Hamilton,2021A00053525005,2021,569353,536917,6,4,0,00000,395,4540.2,0.09,25,35,20,20,175,10,10,0,175,63200,180,77000,175,35,385,220,175,40,57.1,45.5,18.2,,,,,,,,,,,,,,,,,,,,,,,,
2021S051235250759,35250759,Hamilton,2021A00053525005,2021,569353,536917,6,0.9,1.9,00000,491,3890.6,0.13,20,25,35,40,215,0,0,0,215,74000,225,86000,225,40,440,305,275,25,69.3,62.5,8.2,,,,,,,,,,,,,,,,,,,,,,,,
2021S051235250760,35250760,Hamilton,2021A00053525005,2021,569353,536917,6,3.5,2,00000,469,4483.7,0.1,15,20,35,45,205,10,10,0,200,67000,195,74000,195,80,370,240,210,35,64.9,56.8,14.6,,,,,,,,,,,,,,,,,,,,,,,,
2021S051235250761,35250761,Hamilton,2021A00053525005,2021,569353,536917,6,1.9,4,00000,480,5399.3,0.09,25,30,25,40,210,5,30,0,210,62000,205,73500,205,60,410,235,205,35,57.3,50,14.9,,,,,,,,,,,,,,,,,,,,,,,,
2021S051235250762,35250762,Hamilton,2021A00053525005,2021,569353,536917,6,2.6,4.3,00000,550,5952.4,0.09,35,30,40,55,270,10,90,0,270,55200,285,64000,280,130,510,250,195,60,49,38.2,24,,,,,,,,,,,,,,,,,,,,,,,,
2021S051235250763,35250763,Hamilton,2021A00053525005,2021,569353,536917,6,2.4,0,00000,488,5700.9,0.09,20,30,40,55,210,10,0,0,210,73500,220,72500,215,35,385,240,175,65,62.3,45.5,27.1,,,,,,,,,,,,,,,,,,,,,,,,
2021S051235250764,35250764,Hamilton,2021A00053525005,2021,569353,536917,6,1,0,00000,490,7050.4,0.07,35,25,40,55,195,5,0,0,200,81000,205,78000,205,55,390,215,180,30,55.1,46.2,14,,,,,,,,,,,,,,,,,,,,,,,,
2021S051235250765,35250765,Hamilton,2021A00053525005,2021,569353,536917,6,2.3,5.5,00000,512,6243.9,0.08,15,45,50,50,215,0,15,0,215,72000,230,86000,225,70,475,340,280,60,71.6,58.9,17.6,,,,,,,,,,,,,,,,,,,,,,,,
2021S051235250766,35250766,Hamilton,2021A00053525005,2021,569353,536917,6,3.8,3.4,00000,520,5068.2,0.1,35,25,45,35,235,25,25,0,230,60800,240,64500,245,110,505,280,220,60,55.4,43.6,21.4,,,,,,,,,,,,,,,,,,,,,,,,
2021S051235250767,35250767,Hamilton,2021A00053525005,2021,569353,536917,6,2.1,4.3,00000,460,6182.8,0.07,25,30,25,50,195,10,25,0,195,60800,190,62400,190,65,325,185,150,40,56.9,46.2,21.6,,,,,,,,,,,,,,,,,,,,,,,,
2021S051235250768,35250768,Hamilton,2021A00053525005,2021,569353,536917,6,1,3.8,00000,492,5478.8,0.09,20,20,45,50,205,10,10,0,205,71000,215,74000,215,75,420,260,235,25,61.9,56,9.6,,,,,,,,,,,,,,,,,,,,,,,,
2021S051235250769,35250769,Hamilton,2021A00053525005,2021,569353,536917,6,1.5,4,00000,439,6271.4,0.07,25,20,25,40,205,10,5,0,205,62000,195,75000,195,45,395,200,170,25,50.6,43,12.5,,,,,,,,,,,,,,,,,,,,,,,,
2021S051235250770,35250770,Hamilton,2021A00053525005,2021,569353,536917,6,4.8,8.6,00000,668,1784.7,0.37,55,40,40,50,290,5,15,195,290,51200,275,54800,280,225,490,255,230,25,52,46.9,9.8,,,,,,,,,,,,,,,,,,,,,,,,
2021S051235250771,35250771,Hamilton,2021A00053525005,2021,569353,536917,6,1.3,5.2,00000,486,5473,0.09,10,25,45,65,230,20,25,0,235,68000,225,73000,225,65,400,270,230,35,67.5,57.5,13,,,,,,,,,,,,,,,,,,,,,,,,
2021S051235250772,35250772,Hamilton,2021A00053525005,2021,569353,536917,6,3.6,2,00000,493,6064,0.08,25,25,30,70,195,30,35,0,195,64000,220,80000,220,105,415,315,275,40,75.9,66.3,12.7,,,,,,,,,,,,,,,,,,,,,,,,
2021S051235250773,35250773,Hamilton,2021A00053525005,2021,569353,536917,6,5,8.8,00000,574,7416,0.08,35,40,45,50,240,40,20,0,235,66500,225,77000,225,90,465,315,270,50,67.7,58.1,15.9,,,,,,,,,,,,,,,,,,,,,,,,
2021S051235250774,35250774,Hamilton,2021A00053525005,2021,569353,536917,6,3.6,10,00010,442,3758.5,0.12,15,30,30,30,195,10,0,0,195,66000,190,71000,190,30,345,225,205,20,65.2,59.4,8.9,,,,,,,,,,,,,,,,,,,,,,,,
2021S051235250775,35250775,Hamilton,2021A00053525005,2021,569353,536917,6,3.6,9.8,00000,542,125.3,4.33,30,25,35,50,225,10,15,0,220,60400,195,69000,200,90,410,185,160,25,45.1,39,13.5,,,,,,,,,,,,,,,,,,,,,,,,
2021S051235250776,35250776,Hamilton,2021A00053525005,2021,569353,536917,6,4.5,7.1,00000,398,637,0.62,10,25,35,25,175,20,10,0,175,62800,160,64000,160,55,275,125,115,15,45.5,41.8,12,,,,,,,,,,,,,,,,,,,,,,,,
2021S051235250777,35250777,Hamilton,2021A00053525005,2021,569353,536917,6,8.3,14.5,00010,514,6185.3,0.08,25,25,35,70,230,20,35,0,230,67000,220,68000,220,85,380,240,225,15,63.2,59.2,6.3,,,,,,,,,,,,,,,,,,,,,,,,
2021S051235250778,35250778,Hamilton,2021A00053525005,2021,569353,536917,6,2.2,4.2,00000,423,5500.7,0.08,15,20,40,50,185,10,5,0,185,78000,190,79000,195,45,330,245,220,20,74.2,66.7,8.2,,,,,,,,,,,,,,,,,,,,,,,,
2021S051235250779,35250779,Hamilton,2021A00053525005,2021,569353,536917,6,3,0,00000,384,5260.3,0.07,20,15,35,45,165,5,5,0,170,69500,185,73000,185,40,325,225,195,25,69.2,60,11.1,,,,,,,,,,,,,,,,,,,,,,,,
2021S051235250780,35250780,Hamilton,2021A00053525005,2021,569353,536917,6,1,0,00000,472,5770.2,0.08,25,25,35,30,190,5,20,0,195,75500,210,82000,205,75,415,240,220,20,57.8,53,8.3,,,,,,,,,,,,,,,,,,,,,,,,
2021S051235250781,35250781,Hamilton,2021A00053525005,2021,569353,536917,6,4.8,5.9,00000,438,5233,0.08,25,15,45,45,210,5,45,0,210,70500,205,76500,210,75,380,235,185,55,61.8,48.7,23.4,,,,,,,,,,,,,,,,,,,,,,,,
2021S051235250782,35250782,Hamilton,2021A00053525005,2021,569353,536917,6,2.5,4.1,00000,439,5092.8,0.09,15,30,35,60,200,5,45,0,195,71000,205,74000,205,95,350,245,230,10,70,65.7,4.1,,,,,,,,,,,,,,,,,,,,,,,,
2021S051235250783,35250783,Hamilton,2021A00053525005,2021,569353,536917,6,0.8,1.7,00000,523,5654.1,0.09,25,30,50,45,245,15,50,0,245,65500,240,82000,240,95,400,220,185,25,55,46.3,11.4,,,,,,,,,,,,,,,,,,,,,,,,
2021S051235250784,35250784,Hamilton,2021A00053525005,2021,569353,536917,6,4.9,9.6,00000,465,4957.4,0.09,30,15,35,50,205,5,15,0,205,75500,205,92000,205,40,415,305,260,50,73.5,62.7,16.4,,,,,,,,,,,,,,,,,,,,,,,,
2021S051235250785,35250785,Hamilton,2021A00053525005,2021,569353,536917,6,1.5,5.8,00000,497,5166.3,0.1,20,25,30,70,200,5,5,0,200,93000,215,91000,215,25,435,290,260,30,66.7,59.8,10.3,,,,,,,,,,,,,,,,,,,,,,,,
2021S051235250786,35250786,Hamilton,2021A00053525005,2021,569353,536917,6,3,4.2,00000,526,5151.8,0.1,20,20,50,45,200,5,5,0,200,83000,200,82000,195,35,390,265,225,40,67.9,57.7,15.1,,,,,,,,,,,,,,,,,,,,,,,,
2021S051235250787,35250787,Hamilton,2021A00053525005,2021,569353,536917,6,1.5,0,00000,788,673.4,1.17,30,25,50,75,345,30,10,0,340,93000,335,99600,330,60,585,405,345,60,69.2,59,14.8,,,,,,,,,,,,,,,,,,,,,,,,
2021S051235250788,35250788,Hamilton,2021A00053525005,2021,569353,536917,6,2.3,2.6,00000,612,1034.5,0.59,20,35,40,40,305,40,30,0,305,90000,310,121000,310,80,600,415,320,100,69.2,53.3,24.1,,,,,,,,,,,,,,,,,,,,,,,,
2021S051235250789,35250789,Hamilton,2021A00053525005,2021,569353,536917,6,2.7,5.6,00000,573,4609.8,0.12,15,30,35,65,225,10,5,0,225,103000,210,113000,210,25,425,310,295,15,72.9,69.4,4.8,,,,,,,,,,,,,,,,,,,,,,,,
2021S051235250790,35250790,Hamilton,2021A00053525005,2021,569353,536917,6,0.9,1.8,00000,565,5480.1,0.1,20,25,20,50,230,10,10,0,235,98000,230,111000,225,25,430,335,295,35,77.9,68.6,10.4,,,,,,,,,,,,,,,,,,,,,,,,
2021S051235250791,35250791,Hamilton,2021A00053525005,2021,569353,536917,6,0,0,00000,429,1455.7,0.29,15,15,25,35,185,10,15,0,185,85000,190,93000,190,35,375,255,230,30,68,61.3,11.8,,,,,,,,,,,,,,,,,,,,,,,,
2021S051235250792,35250792,Hamilton,2021A00053525005,2021,569353,536917,6,5,1.9,00000,586,7120.3,0.08,35,15,50,60,240,25,75,0,240,84000,215,87000,220,100,420,270,225,45,64.3,53.6,16.7,,,,,,,,,,,,,,,,,,,,,,,,
2021S051235250793,35250793,Hamilton,2021A00053525005,2021,569353,536917,6,2.6,2,00000,473,1319.8,0.36,15,25,25,35,195,25,0,0,195,95000,200,95000,205,25,390,220,195,20,56.4,50,9.1,,,,,,,,,,,,,,,,,,,,,,,,
2021S051235250798,35250798,Hamilton,2021A00053525005,2021,569353,536917,6,4.1,9.5,00000,365,4758.8,0.08,20,20,40,30,170,20,55,0,170,55200,165,60800,165,85,275,165,140,25,60,50.9,15.2,,,,,,,,,,,,,,,,,,,,,,,,
2021S051235250799,35250799,Hamilton,2021A00053525005,2021,569353,536917,6,3,6,00000,519,8480.4,0.06,30,20,45,55,200,10,35,0,200,67500,205,85000,205,75,420,275,220,60,65.5,52.4,21.8,,,,,,,,,,,,,,,,,,,,,,,,
2021S051235250800,35250800,Hamilton,2021A00053525005,2021,569353,536917,6,4.5,1.9,00000,507,8771.6,0.06,30,25,25,60,200,30,30,0,200,69000,225,72000,225,85,450,240,210,30,53.3,46.7,12.5,,,,,,,,,,,,,,,,,,,,,,,,
2021S051235250801,35250801,Hamilton,2021A00053525005,2021,569353,536917,6,2.1,3.8,00000,807,7998,0.1,25,35,55,60,425,5,15,305,430,65500,425,76000,425,215,705,340,295,40,48.2,41.8,11.8,,,,,,,,,,,,,,,,,,,,,,,,
2021S051235250802,35250802,Hamilton,2021A00053525005,2021,569353,536917,6,2.5,6.1,00000,422,3064.6,0.14,15,10,40,40,195,25,30,0,195,72000,205,86000,205,75,365,220,205,15,60.3,56.2,6.8,,,,,,,,,,,,,,,,,,,,,,,,
2021S051235250803,35250803,Hamilton,2021A00053525005,2021,569353,536917,6,2.8,7.1,00000,404,193.7,2.09,30,15,25,20,180,5,20,0,180,89000,160,148000,160,15,360,185,155,30,51.4,43.1,16.2,,,,,,,,,,,,,,,,,,,,,,,,
2021S051235250805,35250805,Hamilton,2021A00053525005,2021,569353,536917,6,0.6,1.7,00000,1446,762.5,1.9,75,75,85,100,475,15,35,0,480,113000,475,121600,480,115,1145,800,690,110,69.9,60.3,13.8,,,,,,,,,,,,,,,,,,,,,,,,
2021S051235250806,35250806,Hamilton,2021A00053525005,2021,569353,536917,6,1.6,0,00000,407,263.9,1.54,30,25,25,30,125,10,0,0,125,123000,125,138000,125,25,345,215,185,25,62.3,53.6,11.6,,,,,,,,,,,,,,,,,,,,,,,,
2021S051235250807,35250807,Hamilton,2021A00053525005,2021,569353,536917,6,1.4,0,00000,1118,1029.8,1.09,85,85,65,60,365,0,5,0,365,122000,360,150500,360,15,915,655,570,85,71.6,62.3,13,,,,,,,,,,,,,,,,,,,,,,,,
2021S051235250810,35250810,Hamilton,2021A00053525005,2021,569353,536917,6,1.6,1.3,00000,868,261.6,3.32,65,55,45,35,315,15,0,0,310,119000,325,139500,325,25,725,410,365,45,56.6,50.3,11,,,,,,,,,,,,,,,,,,,,,,,,
2021S051235250812,35250812,Hamilton,2021A00053525005,2021,569353,536917,6,1.3,0,00000,452,36.2,12.5,25,25,15,15,160,5,0,0,160,112000,150,138000,150,0,350,205,180,30,58.6,51.4,14.6,,,,,,,,,,,,,,,,,,,,,,,,
2021S051235250813,35250813,Hamilton,2021A00053525005,2021,569353,536917,6,0.6,0,00000,534,43.3,12.33,30,25,20,30,175,0,0,0,175,124000,165,132000,165,15,410,255,220,30,62.2,53.7,11.8,,,,,,,,,,,,,,,,,,,,,,,,
2021S051235250814,35250814,Hamilton,2021A00053525005,2021,569353,536917,6,1.8,2.3,00000,484,21.8,22.17,35,25,25,25,170,0,0,0,170,117000,165,159000,165,0,415,260,235,20,62.7,56.6,7.7,,,,,,,,,,,,,,,,,,,,,,,,
2021S051235250815,35250815,Hamilton,2021A00053525005,2021,569353,536917,6,1.6,3.4,00000,1484,94.2,15.75,90,55,60,55,575,0,35,0,575,98000,555,114000,555,40,1195,685,650,35,57.3,54.4,5.1,,,,,,,,,,,,,,,,,,,,,,,,
2021S051235250826,35250826,Hamilton,2021A00053525005,2021,569353,536917,6,1.2,3.7,00000,871,2059.1,0.42,75,55,35,15,340,10,85,0,345,122000,325,163000,330,60,695,460,445,15,66.2,64,3.3,,,,,,,,,,,,,,,,,,,,,,,,
2021S051235250827,35250827,Hamilton,2021A00053525005,2021,569353,536917,6,2.9,2.9,00000,315,3115.7,0.1,20,15,15,25,135,5,5,0,140,82000,135,106000,135,25,265,180,155,25,67.9,58.5,13.9,,,,,,,,,,,,,,,,,,,,,,,,
2021S051235250828,35250828,Hamilton,2021A00053525005,2021,569353,536917,6,0.8,3.1,00000,328,2834.9,0.12,20,15,15,15,135,5,10,0,130,106000,125,136000,125,25,270,135,130,10,50,48.1,7.4,,,,,,,,,,,,,,,,,,,,,,,,
2021S051235250829,35250829,Hamilton,2021A00053525005,2021,569353,536917,6,0.5,0,00000,391,2580.9,0.15,15,20,20,30,190,10,30,0,190,92000,185,105000,180,45,360,230,200,25,63.9,55.6,10.9,,,,,,,,,,,,,,,,,,,,,,,,
2021S051235250830,35250830,Hamilton,2021A00053525005,2021,569353,536917,6,5.2,4.8,00000,530,2854.1,0.19,25,30,35,30,250,10,65,40,250,82000,245,88000,245,100,440,245,210,35,55.7,47.7,14.3,,,,,,,,,,,,,,,,,,,,,,,,
2021S051235250831,35250831,Hamilton,2021A00053525005,2021,569353,536917,6,2.1,1.3,00000,1633,5220.6,0.31,25,30,50,40,625,10,10,490,630,78500,620,95200,620,275,955,245,225,15,25.7,23.6,6.1,,,,,,,,,,,,,,,,,,,,,,,,
2021S051235250832,35250832,Hamilton,2021A00053525005,2021,569353,536917,6,1.3,1.3,00000,454,4192.1,0.11,10,10,20,15,295,0,0,295,295,61600,305,67500,305,195,460,130,110,15,28.3,23.9,11.5,,,,,,,,,,,,,,,,,,,,,,,,
2021S051235250833,35250833,Hamilton,2021A00053525005,2021,569353,536917,6,0.7,0,00000,374,1979.9,0.19,20,10,10,15,145,5,10,0,145,123000,145,212000,145,15,315,200,185,15,63.5,58.7,7.5,,,,,,,,,,,,,,,,,,,,,,,,
2021S051235250834,35250834,Hamilton,2021A00053525005,2021,569353,536917,6,1.3,0,00000,422,3631.7,0.12,25,15,20,20,155,10,5,0,155,116000,160,146000,165,0,385,275,240,35,71.4,62.3,12.7,,,,,,,,,,,,,,,,,,,,,,,,
2021S051235250835,35250835,Hamilton,2021A00053525005,2021,569353,536917,6,0.5,4.1,00000,465,1659.5,0.28,25,15,15,35,195,5,10,0,195,89000,200,114000,195,30,375,240,220,20,64,58.7,8.3,,,,,,,,,,,,,,,,,,,,,,,,
2021S051235250836,35250836,Hamilton,2021A00053525005,2021,569353,536917,6,2.8,2.3,00000,419,3724.4,0.11,20,15,25,35,180,10,15,0,180,92000,175,109000,175,40,385,210,190,20,54.5,49.4,9.5,,,,,,,,,,,,,,,,,,,,,,,,
2021S051235250843,35250843,Hamilton,2021A00053525005,2021,569353,536917,6,1.1,1.1,00000,1122,4280.8,0.26,95,80,65,80,360,15,0,0,360,103000,355,112000,355,100,870,485,435,50,55.7,50,10.3,,,,,,,,,,,,,,,,,,,,,,,,
2021S051235250845,35250845,Hamilton,2021A00053525005,2021,569353,536917,6,4.1,4.6,00000,1964,3683.4,0.53,75,100,160,150,1050,0,255,665,1050,41600,1040,49400,1040,920,1650,795,615,180,48.2,37.3,22.6,,,,,,,,,,,,,,,,,,,,,,,,
2021S051235250846,35250846,Hamilton,2021A00053525005,2021,569353,536917,6,1.8,2.6,00000,941,9083,0.1,25,20,20,20,655,0,125,480,655,33200,645,45100,645,605,895,220,205,15,24.6,22.9,6.8,,,,,,,,,,,,,,,,,,,,,,,,
2021S051235250847,35250847,Hamilton,2021A00053525005,2021,569353,536917,6,9.8,11.8,00010,799,12825,0.06,45,90,130,80,325,25,10,275,325,52800,310,67500,310,290,645,375,260,120,58.1,40.3,32,,,,,,,,,,,,,,,,,,,,,,,,
2021S051235250848,35250848,Hamilton,2021A00053525005,2021,569353,536917,6,4.9,7.1,00000,1241,1678.8,0.74,50,145,130,110,510,20,50,200,510,70500,510,82800,515,295,945,590,525,65,62.4,55.6,11,,,,,,,,,,,,,,,,,,,,,,,,
2021S051235250849,35250849,Hamilton,2021A00053525005,2021,569353,536917,6,0.7,0.9,00000,1195,3768.5,0.32,70,65,75,65,415,5,0,0,415,112000,420,112800,420,0,900,560,480,75,62.2,53.3,13.4,,,,,,,,,,,,,,,,,,,,,,,,
2021S051235250850,35250850,Hamilton,2021A00053525005,2021,569353,536917,6,1,0.8,00000,1079,4697.4,0.23,40,35,85,90,500,5,180,130,500,61200,510,75600,510,335,935,545,495,60,58.3,52.9,11,,,,,,,,,,,,,,,,,,,,,,,,
2021S051235250852,35250852,Hamilton,2021A00053525005,2021,569353,536917,6,2,3.3,00000,1924,17132.7,0.11,90,100,180,165,870,0,0,790,870,58400,835,68000,835,680,1540,850,725,120,55.2,47.1,14.1,,,,,,,,,,,,,,,,,,,,,,,,
2021S051235250853,35250853,Hamilton,2021A00053525005,2021,569353,536917,6,1,6.7,00000,1426,43876.9,0.03,110,135,115,110,480,0,0,430,475,57600,495,64400,495,445,1235,575,455,120,46.6,36.8,20.9,,,,,,,,,,,,,,,,,,,,,,,,
2021S051235250854,35250854,Hamilton,2021A00053525005,2021,569353,536917,6,10,11.6,01010,1669,8454.9,0.2,65,260,270,245,790,0,100,670,785,52800,765,55900,765,680,1150,785,685,105,68.3,59.6,13.4,,,,,,,,,,,,,,,,,,,,,,,,
2021S051235250855,35250855,Hamilton,2021A00053525005,2021,569353,536917,6,4.2,4.7,00000,1193,4360.4,0.27,65,155,190,170,505,15,0,440,500,57200,510,64000,510,465,950,615,525,90,64.7,55.3,14.6,,,,,,,,,,,,,,,,,,,,,,,,
2021S051235250857,35250857,Hamilton,2021A00053525005,2021,569353,536917,6,3.2,5.6,00000,581,2480.8,0.23,35,30,30,65,220,0,0,0,215,93000,205,100000,205,10,460,305,285,25,66.3,62,8.2,,,,,,,,,,,,,,,,,,,,,,,,
2021S051235250859,35250859,Hamilton,2021A00053525005,2021,569353,536917,6,1.1,4.3,00000,721,5973.5,0.12,65,50,40,25,185,0,0,0,185,137000,185,142000,185,15,555,390,335,60,70.3,60.4,15.4,,,,,,,,,,,,,,,,,,,,,,,,
2021S051235250861,35250861,Hamilton,2021A00053525005,2021,569353,536917,6,0.7,2.9,00000,517,4388.8,0.12,60,40,40,25,135,5,0,0,135,140000,135,144000,130,10,435,290,255,40,66.7,58.6,13.8,,,,,,,,,,,,,,,,,,,,,,,,
2021S051235250862,35250862,Hamilton,2021A00053525005,2021,569353,536917,6,1,0,00000,568,32.6,17.41,30,35,30,20,195,0,0,0,190,148000,200,176000,195,0,450,305,265,40,67.8,58.9,13.1,,,,,,,,,,,,,,,,,,,,,,,,
2021S051235250863,35250863,Hamilton,2021A00053525005,2021,569353,536917,6,4.9,8.9,00000,520,39.9,13.05,20,30,20,15,225,5,0,0,220,94000,205,112000,205,25,430,260,235,25,60.5,54.7,9.6,,,,,,,,,,,,,,,,,,,,,,,,
2021S051235250864,35250864,Hamilton,2021A00053525005,2021,569353,536917,6,1,0,00000,508,697.1,0.73,30,25,25,20,200,5,10,0,200,109000,200,122000,200,35,420,280,210,75,66.7,50,26.8,,,,,,,,,,,,,,,,,,,,,,,,
2021S051235250865,35250865,Hamilton,2021A00053525005,2021,569353,536917,6,0,0,00000,501,40.5,12.37,30,30,25,20,155,0,0,0,155,152000,155,138000,160,10,355,260,250,15,73.2,70.4,5.8,,,,,,,,,,,,,,,,,,,,,,,,
2021S051235250866,35250866,Hamilton,2021A00053525005,2021,569353,536917,6,1.1,0,00000,553,84.6,6.54,40,40,20,25,180,0,0,0,180,130000,190,146000,190,15,440,350,325,25,79.5,73.9,7.1,,,,,,,,,,,,,,,,,,,,,,,,
2021S051235250867,35250867,Hamilton,2021A00053525005,2021,569353,536917,6,1.2,0,00000,546,116.7,4.68,35,35,25,15,170,0,0,0,170,155000,185,176000,185,10,490,360,330,25,73.5,67.3,6.9,,,,,,,,,,,,,,,,,,,,,,,,
2021S051235250868,35250868,Hamilton,2021A00053525005,2021,569353,536917,6,1.5,0,00000,394,81.4,4.84,25,35,20,15,135,5,0,0,135,150000,130,240000,130,10,405,295,270,20,72.8,66.7,6.8,,,,,,,,,,,,,,,,,,,,,,,,
2021S051235250869,35250869,Hamilton,2021A00053525005,2021,569353,536917,6,0,0,00000,510,959,0.53,35,30,20,20,175,0,0,0,175,186000,175,236000,170,0,425,310,280,20,72.9,65.9,6.5,,,,,,,,,,,,,,,,,,,,,,,,
2021S051235250870,35250870,Hamilton,2021A00053525005,2021,569353,536917,6,1.5,1.5,00000,793,634.2,1.25,65,60,30,20,265,0,20,0,265,164000,275,240000,275,30,735,485,430,55,66,58.5,11.3,,,,,,,,,,,,,,,,,,,,,,,,
2021S051235250871,35250871,Hamilton,2021A00053525005,2021,569353,536917,6,2.1,2,00000,564,103.2,5.46,35,35,20,20,190,0,0,0,195,152000,200,254000,205,15,450,320,280,40,71.1,62.2,12.5,,,,,,,,,,,,,,,,,,,,,,,,
2021S051235250872,35250872,Hamilton,2021A00053525005,2021,569353,536917,6,0.4,1.9,00000,748,84.2,8.88,60,50,30,25,230,0,0,0,230,168000,220,190000,220,10,540,310,285,30,57.4,52.8,9.7,,,,,,,,,,,,,,,,,,,,,,,,
2021S051235250873,35250873,Hamilton,2021A00053525005,2021,569353,536917,6,0.9,1.8,00000,662,133.8,4.95,40,45,25,25,220,5,0,0,220,145000,225,158000,225,15,570,410,370,40,71.9,64.9,9.8,,,,,,,,,,,,,,,,,,,,,,,,
2021S051235250874,35250874,Hamilton,2021A00053525005,2021,569353,536917,6,1.7,3.3,00000,688,46.6,14.76,45,60,40,30,245,5,0,0,240,124000,240,144000,240,25,545,350,305,50,64.2,56,14.3,,,,,,,,,,,,,,,,,,,,,,,,
2021S051235250875,35250875,Hamilton,2021A00053525005,2021,569353,536917,6,2.1,0,00000,708,88.2,8.03,50,45,45,30,235,5,0,0,240,129000,240,153000,235,30,585,395,360,35,67.5,61.5,8.9,,,,,,,,,,,,,,,,,,,,,,,,
2021S051235250876,35250876,Hamilton,2021A00053525005,2021,569353,536917,6,1.4,2.7,00000,460,40.9,11.25,35,35,25,20,145,0,5,0,145,146000,150,146000,150,0,345,230,200,30,66.7,58,13,,,,,,,,,,,,,,,,,,,,,,,,
2021S051235250877,35250877,Hamilton,2021A00053525005,2021,569353,536917,6,2.9,2.4,00000,654,193,3.39,35,45,40,40,170,0,0,0,170,139000,170,146000,170,10,420,295,275,20,70.2,65.5,6.8,,,,,,,,,,,,,,,,,,,,,,,,
2021S051235250878,35250878,Hamilton,2021A00053525005,2021,569353,536917,6,1.2,4.8,00000,474,1913.6,0.25,30,35,25,10,165,0,0,0,165,135000,175,139000,175,20,360,235,215,20,65.3,59.7,8.5,,,,,,,,,,,,,,,,,,,,,,,,
2021S051235250879,35250879,Hamilton,2021A00053525005,2021,569353,536917,6,1.5,4.7,00000,680,1553.9,0.44,30,20,40,40,265,5,10,75,265,83000,260,119000,260,110,495,315,295,20,63.6,59.6,6.3,,,,,,,,,,,,,,,,,,,,,,,,
2021S051235250880,35250880,Hamilton,2021A00053525005,2021,569353,536917,6,0.9,0,00000,479,2320.7,0.21,10,30,25,35,225,0,25,100,225,66500,245,81000,245,145,435,255,235,30,58.6,54,11.8,,,,,,,,,,,,,,,,,,,,,,,,
2021S051235250881,35250881,Hamilton,2021A00053525005,2021,569353,536917,6,2.4,4.1,00000,627,3589,0.17,30,40,45,25,285,0,10,200,285,60400,280,84000,285,215,495,310,280,30,62.6,56.6,9.7,,,,,,,,,,,,,,,,,,,,,,,,
2021S051235250882,35250882,Hamilton,2021A00053525005,2021,569353,536917,6,0.9,1.2,00000,866,4143.5,0.21,50,60,45,40,335,0,75,0,335,119000,330,143000,335,60,715,490,445,40,68.5,62.2,8.2,,,,,,,,,,,,,,,,,,,,,,,,
2021S051235250883,35250883,Hamilton,2021A00053525005,2021,569353,536917,6,0,0,00000,568,3707.6,0.15,50,35,20,65,195,0,0,0,200,129000,205,154000,205,10,460,385,345,40,83.7,75,10.4,,,,,,,,,,,,,,,,,,,,,,,,
2021S051235250884,35250884,Hamilton,2021A00053525005,2021,569353,536917,6,0,0,00000,572,4181.3,0.14,60,35,20,20,175,0,0,0,175,178000,175,174000,175,0,450,340,310,35,75.6,68.9,10.3,,,,,,,,,,,,,,,,,,,,,,,,
2021S051235250885,35250885,Hamilton,2021A00053525005,2021,569353,536917,6,1.2,2.5,00000,559,5045.1,0.11,45,35,25,20,160,0,0,0,160,178000,155,204000,155,0,395,330,300,30,83.5,75.9,9.1,,,,,,,,,,,,,,,,,,,,,,,,
2021S051235250886,35250886,Hamilton,2021A00053525005,2021,569353,536917,6,1.3,0,00000,507,4235.6,0.12,35,25,25,30,160,0,0,0,160,147000,165,162000,165,0,415,350,295,55,84.3,71.1,15.7,,,,,,,,,,,,,,,,,,,,,,,,
2021S051235250887,35250887,Hamilton,2021A00053525005,2021,569353,536917,6,0.9,1.8,00000,695,3650.2,0.19,60,50,40,45,230,0,0,0,230,155000,220,166000,220,10,550,440,420,20,80,76.4,4.5,,,,,,,,,,,,,,,,,,,,,,,,
2021S051235250888,35250888,Hamilton,2021A00053525005,2021,569353,536917,6,0.6,0,00000,515,2618.2,0.2,40,30,20,30,165,0,0,0,165,151000,170,174000,165,15,405,305,255,50,75.3,63,16.4,,,,,,,,,,,,,,,,,,,,,,,,
2021S051235250889,35250889,Hamilton,2021A00053525005,2021,569353,536917,6,0.5,0,00000,579,975.2,0.59,35,35,25,50,190,0,0,0,195,124000,210,128000,210,20,445,375,335,45,84.3,75.3,12,,,,,,,,,,,,,,,,,,,,,,,,
2021S051235250890,35250890,Hamilton,2021A00053525005,2021,569353,536917,6,0,0,00000,418,571.4,0.73,30,35,20,15,135,0,0,0,140,150000,130,160000,130,0,350,245,230,15,70,65.7,6.1,,,,,,,,,,,,,,,,,,,,,,,,
2021S051235250893,35250893,Hamilton,2021A00053525005,2021,569353,536917,6,1.9,2,00000,626,52.8,11.86,40,35,35,30,210,0,0,0,205,124000,200,138000,200,20,495,340,315,25,68.7,63.6,7.4,,,,,,,,,,,,,,,,,,,,,,,,
2021S051235250894,35250894,Hamilton,2021A00053525005,2021,569353,536917,6,0.6,8.2,00000,525,56.8,9.24,30,40,25,25,180,5,0,0,175,125000,185,159000,185,25,460,290,285,10,63,62,3.4,,,,,,,,,,,,,,,,,,,,,,,,
2021S051235250895,35250895,Hamilton,2021A00053525005,2021,569353,536917,6,2.4,2.9,00000,637,31.8,20.04,30,40,40,20,210,0,0,0,210,122000,215,150000,215,10,575,385,360,25,67,62.6,6.5,,,,,,,,,,,,,,,,,,,,,,,,
2021S051235250896,35250896,Hamilton,2021A00053525005,2021,569353,536917,6,4.9,10,00010,462,25.9,17.81,35,25,30,25,160,0,5,0,165,110000,150,126000,150,25,355,260,215,45,73.2,60.6,17.3,,,,,,,,,,,,,,,,,,,,,,,,
2021S051235250897,35250897,Hamilton,2021A00053525005,2021,569353,536917,6,2.5,0,00000,583,26.5,21.99,40,40,30,45,205,0,5,0,200,127000,205,168000,205,15,520,345,320,25,66.3,61.5,7.2,,,,,,,,,,,,,,,,,,,,,,,,
2021S051235250898,35250898,Hamilton,2021A00053525005,2021,569353,536917,6,1.7,8.4,00000,488,33.5,14.55,35,20,25,35,175,0,0,0,170,105000,150,116000,150,15,325,185,180,0,56.9,55.4,0,,,,,,,,,,,,,,,,,,,,,,,,
2021S051235250899,35250899,Hamilton,2021A00053525005,2021,569353,536917,6,1.6,4.4,00000,525,32.7,16.08,25,40,25,25,190,5,0,0,190,116000,180,164000,180,15,410,320,300,20,78,73.2,6.3,,,,,,,,,,,,,,,,,,,,,,,,
2021S051235250900,35250900,Hamilton,2021A00053525005,2021,569353,536917,6,1.3,2.8,00000,446,43.8,10.17,30,20,15,25,150,0,0,0,150,124000,145,130000,145,0,345,240,235,0,69.6,68.1,0,,,,,,,,,,,,,,,,,,,,,,,,
2021S051235250901,35250901,Hamilton,2021A00053525005,2021,569353,536917,6,0.6,0,00000,544,39.6,13.73,35,30,25,35,175,0,0,0,175,126000,170,135000,170,15,465,295,280,10,63.4,60.2,3.4,,,,,,,,,,,,,,,,,,,,,,,,
2021S051235250902,35250902,Hamilton,2021A00053525005,2021,569353,536917,6,1.2,4.8,00000,524,78.3,6.69,35,25,30,30,170,5,0,0,165,125000,165,125000,165,10,405,310,285,20,76.5,70.4,6.5,,,,,,,,,,,,,,,,,,,,,,,,
2021S051235250903,35250903,Hamilton,2021A00053525005,2021,569353,536917,6,2.8,5.7,00000,657,28.7,22.9,40,35,15,35,215,5,0,0,220,129000,210,152000,210,30,505,315,290,30,62.4,57.4,9.5,,,,,,,,,,,,,,,,,,,,,,,,
2021S051235250904,35250904,Hamilton,2021A00053525005,2021,569353,536917,6,0.5,0,00000,617,41.5,14.85,55,50,35,20,195,5,0,0,195,130000,185,150000,185,10,500,365,335,30,73,67,8.2,,,,,,,,,,,,,,,,,,,,,,,,
2021S051235250905,35250905,Hamilton,2021A00053525005,2021,569353,536917,6,6.6,9.5,00000,569,26.8,21.26,45,35,15,10,210,5,0,0,215,98000,210,143000,210,15,465,275,255,20,59.1,54.8,7.3,,,,,,,,,,,,,,,,,,,,,,,,
2021S051235250906,35250906,Hamilton,2021A00053525005,2021,569353,536917,6,1.5,4.1,00000,602,31.5,19.08,50,55,25,15,200,0,0,0,205,147000,210,196000,210,20,580,385,360,25,66.4,62.1,6.5,,,,,,,,,,,,,,,,,,,,,,,,
2021S051235250907,35250907,Hamilton,2021A00053525005,2021,569353,536917,6,2.7,2.9,00000,427,16.9,25.3,25,20,25,15,150,5,0,0,150,115000,145,126000,145,15,330,205,195,15,62.1,59.1,7.3,,,,,,,,,,,,,,,,,,,,,,,,
2021S051235250908,35250908,Hamilton,2021A00053525005,2021,569353,536917,6,3.6,7.9,00000,510,40.4,12.63,45,45,30,15,165,0,0,0,165,123000,140,164000,140,45,375,225,195,30,60,52,13.3,,,,,,,,,,,,,,,,,,,,,,,,
2021S051235250909,35250909,Hamilton,2021A00053525005,2021,569353,536917,6,1.9,3.4,00000,1950,4524.4,0.43,170,135,100,125,590,5,0,0,590,135000,595,155500,595,80,1510,1130,1035,100,74.8,68.5,8.8,,,,,,,,,,,,,,,,,,,,,,,,
2021S051235250910,35250910,Hamilton,2021A00053525005,2021,569353,536917,6,0.8,1,00000,1295,3411.5,0.38,120,130,70,55,390,5,0,0,390,136000,400,172000,395,10,1165,710,620,90,60.9,53.2,12.7,,,,,,,,,,,,,,,,,,,,,,,,
2021S051235250911,35250911,Hamilton,2021A00053525005,2021,569353,536917,6,0,0,00000,709,4954.6,0.14,70,80,50,30,195,0,0,0,200,188000,205,204000,205,0,655,465,390,70,71,59.5,15.1,,,,,,,,,,,,,,,,,,,,,,,,
2021S051235250912,35250912,Hamilton,2021A00053525005,2021,569353,536917,6,1.5,2,00000,665,3953.6,0.17,65,55,40,20,195,0,0,0,200,166000,190,170000,190,10,545,340,300,35,62.4,55,10.3,,,,,,,,,,,,,,,,,,,,,,,,
2021S051235250913,35250913,Hamilton,2021A00053525005,2021,569353,536917,6,0.8,0,00000,650,2543,0.26,45,40,25,15,240,0,0,0,240,99000,250,116000,245,40,505,280,235,45,55.4,46.5,16.1,,,,,,,,,,,,,,,,,,,,,,,,
2021S051235250914,35250914,Hamilton,2021A00053525005,2021,569353,536917,6,1.6,2.1,00000,446,3495.3,0.13,15,40,35,10,190,0,0,0,190,102000,195,113000,195,15,405,205,160,45,50.6,39.5,22,,,,,,,,,,,,,,,,,,,,,,,,
2021S051235250918,35250918,Hamilton,2021A00053525005,2021,569353,536917,6,0.6,1.1,00000,1891,1588.5,1.19,10,15,10,25,1100,0,40,0,1095,78500,1085,92200,1085,30,1860,305,255,50,16.4,13.7,16.4,,,,,,,,,,,,,,,,,,,,,,,,
2021S051235250919,35250919,Hamilton,2021A00053525005,2021,569353,536917,6,0.4,0,00000,662,324.8,2.04,40,55,30,35,225,0,0,0,225,130000,230,131000,230,25,580,355,290,60,61.2,50,16.9,,,,,,,,,,,,,,,,,,,,,,,,
2021S051235250920,35250920,Hamilton,2021A00053525005,2021,569353,536917,6,0.9,1.8,00000,1468,361.6,4.06,85,85,60,85,450,5,0,0,450,142000,450,158000,455,0,1120,775,710,65,69.2,63.4,8.4,,,,,,,,,,,,,,,,,,,,,,,,
2021S051235250922,35250922,Hamilton,2021A00053525005,2021,569353,536917,6,0.9,1.9,00000,712,41.6,17.1,50,40,35,40,225,5,0,0,225,114000,205,131000,205,10,535,340,320,25,63.6,59.8,7.4,,,,,,,,,,,,,,,,,,,,,,,,
2021S051235250923,35250923,Hamilton,2021A00053525005,2021,569353,536917,6,2,2.9,00000,461,62.5,7.38,30,30,40,25,145,0,0,0,150,118000,145,196000,145,15,420,300,280,20,71.4,66.7,6.7,,,,,,,,,,,,,,,,,,,,,,,,
2021S051235250924,35250924,Hamilton,2021A00053525005,2021,569353,536917,6,2.7,2.9,00000,440,37.9,11.61,35,15,15,25,145,0,0,0,150,104000,135,98000,130,40,295,135,100,35,45.8,33.9,25.9,,,,,,,,,,,,,,,,,,,,,,,,
2021S051235250925,35250925,Hamilton,2021A00053525005,2021,569353,536917,6,0.5,0,00000,567,46.6,12.17,20,25,30,35,210,0,0,0,215,113000,205,125000,205,0,455,290,270,20,63.7,59.3,6.9,,,,,,,,,,,,,,,,,,,,,,,,
2021S051235250928,35250928,Hamilton,2021A00053525005,2021,569353,536917,6,5,5.4,00000,483,20,24.19,35,25,30,20,160,5,0,0,155,120000,155,152000,155,30,445,340,325,15,76.4,73,4.4,,,,,,,,,,,,,,,,,,,,,,,,
2021S051235250929,35250929,Hamilton,2021A00053525005,2021,569353,536917,6,0.5,0,00000,581,27.1,21.46,40,30,30,45,205,10,5,0,205,118000,215,148000,210,25,480,325,310,15,67.7,64.6,4.6,,,,,,,,,,,,,,,,,,,,,,,,
2021S051235250930,35250930,Hamilton,2021A00053525005,2021,569353,536917,6,0.9,1.9,00000,653,20.3,32.17,40,35,30,35,215,0,10,0,220,113000,215,136000,215,25,505,400,380,20,79.2,75.2,5,,,,,,,,,,,,,,,,,,,,,,,,
2021S051235250931,35250931,Hamilton,2021A00053525005,2021,569353,536917,6,1.8,3.5,00000,694,31.5,22.06,35,35,40,30,220,0,5,0,225,120000,220,127000,225,25,550,360,330,25,65.5,60,6.9,,,,,,,,,,,,,,,,,,,,,,,,
2021S051235250932,35250932,Hamilton,2021A00053525005,2021,569353,536917,6,0.5,1.9,00000,488,32,15.24,20,15,15,15,210,0,0,125,205,65500,220,99000,220,15,440,200,190,10,45.5,43.2,5,,,,,,,,,,,,,,,,,,,,,,,,
2021S051235250933,35250933,Hamilton,2021A00053525005,2021,569353,536917,6,0,2.3,00000,476,17.1,27.77,35,30,20,20,165,0,0,0,165,121000,175,178000,175,25,420,305,280,20,72.6,66.7,6.6,,,,,,,,,,,,,,,,,,,,,,,,
2021S051235250934,35250934,Hamilton,2021A00053525005,2021,569353,536917,6,3.5,5.2,00000,498,21.6,23.07,25,35,25,30,170,5,10,0,170,123000,160,133000,160,30,360,240,225,10,66.7,62.5,4.2,,,,,,,,,,,,,,,,,,,,,,,,
2021S051235250935,35250935,Hamilton,2021A00053525005,2021,569353,536917,6,1,4.1,00000,899,180,5,15,15,20,20,495,0,0,0,495,70000,495,85200,490,0,865,285,255,25,32.9,29.5,8.8,,,,,,,,,,,,,,,,,,,,,,,,
2021S051235250936,35250936,Hamilton,2021A00053525005,2021,569353,536917,6,3.7,4.9,00000,598,19.8,30.14,25,35,35,20,240,0,0,35,240,100000,245,115000,245,20,580,345,330,15,59.5,56.9,4.3,,,,,,,,,,,,,,,,,,,,,,,,
2021S051235250937,35250937,Hamilton,2021A00053525005,2021,569353,536917,6,0.6,1.2,00000,952,217.9,4.37,75,65,30,35,350,15,10,0,350,130000,340,185000,345,30,860,570,530,40,66.3,61.6,7,,,,,,,,,,,,,,,,,,,,,,,,
2021S051235250938,35250938,Hamilton,2021A00053525005,2021,569353,536917,6,2.2,4.3,00000,769,117.6,6.54,45,55,35,45,270,10,10,0,270,129000,280,182000,280,10,635,430,410,20,67.7,64.6,4.7,,,,,,,,,,,,,,,,,,,,,,,,
2021S051235250939,35250939,Hamilton,2021A00053525005,2021,569353,536917,6,0.9,0,00000,561,856.5,0.66,25,25,25,15,220,10,5,0,215,124000,220,147000,220,0,500,290,265,30,58,53,10.3,,,,,,,,,,,,,,,,,,,,,,,,
2021S051235250940,35250940,Hamilton,2021A00053525005,2021,569353,536917,6,0.6,2.8,00000,486,87.6,5.55,25,25,15,20,175,0,0,0,170,136000,170,172000,175,0,415,240,215,20,57.8,51.8,8.3,,,,,,,,,,,,,,,,,,,,,,,,
2021S051235250941,35250941,Hamilton,2021A00053525005,2021,569353,536917,6,1.1,0,00000,794,93.5,8.49,60,50,40,25,270,5,5,0,275,132000,280,159000,280,35,650,465,410,55,71.5,63.1,11.8,,,,,,,,,,,,,,,,,,,,,,,,
2021S051235250942,35250942,Hamilton,2021A00053525005,2021,569353,536917,6,1.7,4.5,00000,473,38.1,12.43,35,30,20,20,170,5,5,0,175,116000,170,119000,170,25,395,275,240,40,69.6,60.8,14.5,,,,,,,,,,,,,,,,,,,,,,,,
2021S051235250943,35250943,Hamilton,2021A00053525005,2021,569353,536917,6,1.1,0,00000,1009,644.4,1.57,60,45,60,50,350,0,0,0,350,143000,360,188000,360,10,845,635,560,75,75.1,66.3,11.8,,,,,,,,,,,,,,,,,,,,,,,,
2021S051235250944,35250944,Hamilton,2021A00053525005,2021,569353,536917,6,1,4.1,00000,597,2762.6,0.22,45,60,35,45,200,5,0,0,200,137000,195,141000,195,15,465,335,310,20,72,66.7,6,,,,,,,,,,,,,,,,,,,,,,,,
2021S051235250945,35250945,Hamilton,2021A00053525005,2021,569353,536917,6,1.1,1.5,00000,705,4188.9,0.17,35,30,45,60,260,0,40,0,265,138000,245,145000,250,30,515,390,360,30,75.7,69.9,7.7,,,,,,,,,,,,,,,,,,,,,,,,
2021S051235250946,35250946,Hamilton,2021A00053525005,2021,569353,536917,6,1,0,00000,459,1603.2,0.29,15,20,30,20,200,0,40,0,195,108000,195,143000,195,15,425,235,210,25,55.3,49.4,10.6,,,,,,,,,,,,,,,,,,,,,,,,
2021S051235250949,35250949,Hamilton,2021A00053525005,2021,569353,536917,6,0,0,00000,444,2265.3,0.2,35,40,15,10,155,0,0,0,150,134000,145,164000,150,0,355,245,230,15,69,64.8,6.1,,,,,,,,,,,,,,,,,,,,,,,,
2021S051235250950,35250950,Hamilton,2021A00053525005,2021,569353,536917,6,0.7,0,00000,482,5630.8,0.09,30,30,30,40,150,0,0,0,150,151000,155,152000,155,15,410,285,265,15,69.5,64.6,5.3,,,,,,,,,,,,,,,,,,,,,,,,
2021S051235250951,35250951,Hamilton,2021A00053525005,2021,569353,536917,6,0.6,0,00000,564,5761,0.1,45,65,30,15,175,0,0,0,170,166000,180,200000,180,0,495,420,390,40,84.8,78.8,9.5,,,,,,,,,,,,,,,,,,,,,,,,
2021S051235250953,35250953,Hamilton,2021A00053525005,2021,569353,536917,6,8.2,12.2,00010,412,7573.5,0.05,20,35,55,40,170,45,45,0,170,58400,145,77000,145,80,310,195,155,40,62.9,50,20.5,,,,,,,,,,,,,,,,,,,,,,,,
2021S051235250954,35250954,Hamilton,2021A00053525005,2021,569353,536917,6,12.8,7.9,01000,446,6882.7,0.06,30,40,40,50,160,45,45,0,165,62800,155,71000,150,75,320,185,140,40,57.8,43.8,21.6,,,,,,,,,,,,,,,,,,,,,,,,
2021S051235250955,35250955,Hamilton,2021A00053525005,2021,569353,536917,6,8,0,00000,310,6378.6,0.05,45,25,15,20,75,5,70,0,75,59200,95,63000,95,95,250,105,75,35,42,30,33.3,,,,,,,,,,,,,,,,,,,,,,,,
2021S051235250956,35250956,Hamilton,2021A00053525005,2021,569353,536917,6,7.3,4.6,00000,619,12306.2,0.05,10,30,20,25,435,10,55,350,440,23600,445,28900,445,435,565,130,105,30,23,18.6,23.1,,,,,,,,,,,,,,,,,,,,,,,,
2021S051235250957,35250957,Hamilton,2021A00053525005,2021,569353,536917,6,4.6,3.5,00000,462,5435.3,0.09,15,40,85,65,220,65,55,35,215,66500,250,76000,250,175,440,320,280,45,72.7,63.6,14.1,,,,,,,,,,,,,,,,,,,,,,,,
2021S051235250958,35250958,Hamilton,2021A00053525005,2021,569353,536917,6,5.6,13.7,00010,467,6787.8,0.07,15,30,45,65,215,60,80,0,215,71000,190,84000,190,95,355,230,190,45,64.8,53.5,19.6,,,,,,,,,,,,,,,,,,,,,,,,
2021S051235250959,35250959,Hamilton,2021A00053525005,2021,569353,536917,6,4.8,3.7,00000,601,9884.9,0.06,20,40,55,45,205,25,115,5,205,59200,240,81000,240,170,395,265,210,55,67.1,53.2,20.8,,,,,,,,,,,,,,,,,,,,,,,,
2021S051235250960,35250960,Hamilton,2021A00053525005,2021,569353,536917,6,5.8,3.9,00000,463,8010.4,0.06,20,30,40,45,205,50,65,0,210,50000,210,59200,210,120,345,170,130,40,49.3,37.7,23.5,,,,,,,,,,,,,,,,,,,,,,,,
2021S051235250961,35250961,Hamilton,2021A00053525005,2021,569353,536917,6,5,6.1,00000,445,7848.3,0.06,20,35,50,40,200,50,55,0,200,54000,190,63200,190,110,370,230,170,55,62.2,45.9,23.9,,,,,,,,,,,,,,,,,,,,,,,,
2021S051235250962,35250962,Hamilton,2021A00053525005,2021,569353,536917,6,3,4.9,00000,701,3535,0.2,25,105,125,75,325,25,200,0,330,57200,330,76000,330,250,655,465,420,45,71,64.1,9.7,,,,,,,,,,,,,,,,,,,,,,,,
2021S051235250964,35250964,Hamilton,2021A00053525005,2021,569353,536917,6,2.4,1.4,00000,624,1215.2,0.51,20,70,75,55,290,15,70,0,290,79000,305,84000,305,110,615,375,310,60,61,50.4,16,,,,,,,,,,,,,,,,,,,,,,,,
2021S051235250965,35250965,Hamilton,2021A00053525005,2021,569353,536917,6,5.8,10.4,00010,417,3336,0.13,25,50,55,40,190,20,45,0,190,69000,195,77000,195,90,410,290,260,30,70.7,63.4,10.3,,,,,,,,,,,,,,,,,,,,,,,,
2021S051235250966,35250966,Hamilton,2021A00053525005,2021,569353,536917,6,100,0,05999,53,141.2,0.38,0,0,0,0,0,0,0,0,,,,,,,,,,,,,,,,,,,,,,,,,6,6,6,6,6,6,6,6,6,6,6,6,6
2021S051235250967,35250967,Hamilton,2021A00053525005,2021,569353,536917,6,3.4,6.4,00000,1019,2223.4,0.46,100,100,75,40,295,0,0,130,295,100000,285,106000,285,35,550,315,280,40,57.3,50.9,12.7,,,,,,,,,,,,,,,,,,,,,,,,
2021S051235250968,35250968,Hamilton,2021A00053525005,2021,569353,536917,6,9.8,14.8,00010,645,3732.6,0.17,40,145,95,65,235,45,10,0,235,78000,220,78000,220,135,540,360,280,85,66.7,51.9,23.6,,,,,,,,,,,,,,,,,,,,,,,,
2021S051235250969,35250969,Hamilton,2021A00053525005,2021,569353,536917,6,2.8,3.9,00000,608,3587,0.17,35,95,85,55,215,15,5,0,215,85000,205,83000,205,60,450,310,285,25,68.9,63.3,8.1,,,,,,,,,,,,,,,,,,,,,,,,
2021S051235250970,35250970,Hamilton,2021A00053525005,2021,569353,536917,6,0.8,1.6,00000,561,6584.5,0.09,35,55,75,55,255,5,155,45,255,62000,265,66500,265,225,500,315,260,50,63,52,15.9,,,,,,,,,,,,,,,,,,,,,,,,
2021S051235250971,35250971,Hamilton,2021A00053525005,2021,569353,536917,6,1.3,0,00000,429,43.6,9.84,30,30,25,15,155,5,0,0,150,115000,155,134000,155,0,415,310,290,15,74.7,69.9,4.8,,,,,,,,,,,,,,,,,,,,,,,,
2021S051235250972,35250972,Hamilton,2021A00053525005,2021,569353,536917,6,4.3,9.5,00000,441,57.4,7.68,25,30,15,20,160,0,0,0,160,99000,160,110000,160,20,405,225,205,20,55.6,50.6,8.9,,,,,,,,,,,,,,,,,,,,,,,,
2021S051235250973,35250973,Hamilton,2021A00053525005,2021,569353,536917,6,1.9,5,00000,476,73.4,6.48,35,30,40,30,155,0,5,0,155,95000,165,128000,165,10,375,225,200,25,60,53.3,11.1,,,,,,,,,,,,,,,,,,,,,,,,
2021S051235250974,35250974,Hamilton,2021A00053525005,2021,569353,536917,6,0.6,0,00000,463,35.8,12.93,35,20,35,20,155,0,0,0,155,117000,160,156000,155,20,375,220,200,20,58.7,53.3,9.1,,,,,,,,,,,,,,,,,,,,,,,,
2021S051235250975,35250975,Hamilton,2021A00053525005,2021,569353,536917,6,1.3,2.6,00000,429,24,17.86,20,20,20,10,150,5,0,0,150,112000,150,130000,150,20,365,220,200,20,60.3,54.8,9.1,,,,,,,,,,,,,,,,,,,,,,,,
2021S051235250976,35250976,Hamilton,2021A00053525005,2021,569353,536917,6,3.5,6.5,00000,304,28.8,10.55,10,15,10,25,115,0,5,0,115,105000,120,104000,120,10,260,150,140,10,57.7,53.8,6.7,,,,,,,,,,,,,,,,,,,,,,,,
2021S051235250978,35250978,Hamilton,2021A00053525005,2021,569353,536917,6,1.1,0.6,00000,2471,611.8,4.04,190,125,110,170,725,0,0,0,725,133000,740,141600,740,35,1835,1370,1220,150,74.7,66.5,10.9,,,,,,,,,,,,,,,,,,,,,,,,
2021S051235250980,35250980,Hamilton,2021A00053525005,2021,569353,536917,6,2.5,10,00010,297,30.8,9.63,20,15,15,20,115,0,5,0,120,97000,120,114000,115,20,290,150,135,15,51.7,46.6,10,,,,,,,,,,,,,,,,,,,,,,,,
2021S051235250981,35250981,Hamilton,2021A00053525005,2021,569353,536917,6,0.6,0.9,00000,2941,4609,0.64,225,225,205,200,935,0,25,5,930,119000,910,131200,910,220,2140,1405,1270,135,65.7,59.3,9.6,,,,,,,,,,,,,,,,,,,,,,,,
2021S051235250982,35250982,Hamilton,2021A00053525005,2021,569353,536917,6,1.7,3.4,00000,339,2114.8,0.16,0,0,0,0,240,0,0,0,235,54400,225,64000,225,100,315,10,10,0,3.2,3.2,0,,,,,,,,,,,,,,,,,,,,,,,,
2021S051235250983,35250983,Hamilton,2021A00053525005,2021,569353,536917,6,0.7,0,00000,423,2690.8,0.16,25,20,35,20,150,0,0,0,150,115000,155,118000,155,10,380,245,230,20,64.5,60.5,8.2,,,,,,,,,,,,,,,,,,,,,,,,
2021S051235250985,35250985,Hamilton,2021A00053525005,2021,569353,536917,6,0,2.2,00000,1103,2478.1,0.45,60,100,65,50,365,0,0,0,365,142000,355,148000,355,15,910,580,525,60,63.7,57.7,10.3,,,,,,,,,,,,,,,,,,,,,,,,
2021S051235250986,35250986,Hamilton,2021A00053525005,2021,569353,536917,6,0.7,0,00000,1336,1242.9,1.07,100,125,80,45,435,0,0,0,435,192000,430,218000,430,0,1140,755,685,75,66.2,60.1,9.9,,,,,,,,,,,,,,,,,,,,,,,,
2021S051235250987,35250987,Hamilton,2021A00053525005,2021,569353,536917,6,1.8,0,00000,746,1287.8,0.58,45,30,45,45,285,10,20,0,285,90000,300,119000,300,95,620,405,360,40,65.3,58.1,9.9,,,,,,,,,,,,,,,,,,,,,,,,
2021S051235250988,35250988,Hamilton,2021A00053525005,2021,569353,536917,6,3,5,00000,1322,1998.8,0.66,105,95,100,90,405,0,0,0,405,102000,375,111200,375,65,960,625,510,110,65.1,53.1,17.6,,,,,,,,,,,,,,,,,,,,,,,,
2021S051235250989,35250989,Hamilton,2021A00053525005,2021,569353,536917,6,1.2,3.5,00000,1091,3722.3,0.29,90,75,50,70,340,0,0,0,340,99000,335,105600,335,60,805,560,510,45,69.6,63.4,8,,,,,,,,,,,,,,,,,,,,,,,,
2021S051235250990,35250990,Hamilton,2021A00053525005,2021,569353,536917,6,1.4,1.9,00000,554,3820.7,0.15,35,40,20,45,215,0,55,0,210,60000,215,74500,220,115,425,185,150,35,43.5,35.3,18.9,,,,,,,,,,,,,,,,,,,,,,,,
2021S051235250991,35250991,Hamilton,2021A00053525005,2021,569353,536917,6,0.5,1.8,00000,628,1528.4,0.41,45,30,30,45,220,5,0,0,220,104000,225,116000,225,10,490,290,270,25,59.2,55.1,8.6,,,,,,,,,,,,,,,,,,,,,,,,
2021S051235250992,35250992,Hamilton,2021A00053525005,2021,569353,536917,6,0.6,0,00000,521,107.2,4.86,45,40,35,20,160,0,0,0,160,142000,170,182000,175,20,440,315,280,35,71.6,63.6,11.1,,,,,,,,,,,,,,,,,,,,,,,,
2021S051235250993,35250993,Hamilton,2021A00053525005,2021,569353,536917,6,0,0,00909,158,1771.3,0.09,5,5,15,10,50,0,0,0,,,,,50,10,110,60,60,0,54.5,54.5,0,,,,,,,,,,,,6,6,6,6,,,,,,,,,
2021S051235250994,35250994,Hamilton,2021A00053525005,2021,569353,536917,6,1.8,2,00000,1229,3950.5,0.31,85,70,45,60,390,0,0,0,390,116000,390,144000,390,25,905,540,480,60,59.7,53,11.1,,,,,,,,,,,,,,,,,,,,,,,,
2021S051235250995,35250995,Hamilton,2021A00053525005,2021,569353,536917,6,0.7,1.4,00000,1891,14819.7,0.13,100,125,125,130,865,0,0,635,865,58000,870,69600,870,740,1560,850,735,120,54.5,47.1,14.1,,,,,,,,,,,,,,,,,,,,,,,,
2021S051235250996,35250996,Hamilton,2021A00053525005,2021,569353,536917,6,0.8,0,00000,1483,3141.3,0.47,120,90,95,100,510,0,0,60,505,129000,515,137000,515,20,1185,845,785,60,71.3,66.2,7.1,,,,,,,,,,,,,,,,,,,,,,,,
2021S051235250997,35250997,Hamilton,2021A00053525005,2021,569353,536917,6,0.7,0,00000,1111,1931.5,0.58,25,25,25,25,550,0,45,0,550,84000,555,97600,560,10,995,265,230,40,26.6,23.1,15.1,,,,,,,,,,,,,,,,,,,,,,,,
2021S051235250998,35250998,Hamilton,2021A00053525005,2021,569353,536917,6,0.9,0,00000,602,403.7,1.49,35,45,20,15,210,5,0,0,215,143000,210,156000,210,0,495,280,255,25,56.6,51.5,8.9,,,,,,,,,,,,,,,,,,,,,,,,
2021S051235250999,35250999,Hamilton,2021A00053525005,2021,569353,536917,6,2.6,2.1,00000,1133,1532.7,0.74,65,75,45,40,385,15,0,0,385,186000,365,274000,365,10,915,550,500,50,60.1,54.6,9.1,,,,,,,,,,,,,,,,,,,,,,,,
2021S051235251000,35251000,Hamilton,2021A00053525005,2021,569353,536917,6,0,0,00000,363,3094.6,0.12,40,35,35,15,105,0,0,0,105,153000,110,220000,110,0,395,220,190,30,55.7,48.1,13.6,,,,,,,,,,,,,,,,,,,,,,,,
2021S051235251001,35251001,Hamilton,2021A00053525005,2021,569353,536917,6,0,0,00000,581,1865.2,0.31,45,40,45,40,170,0,0,0,170,136000,185,154000,185,0,570,405,365,40,71.1,64,9.9,,,,,,,,,,,,,,,,,,,,,,,,
2021S051235251002,35251002,Hamilton,2021A00053525005,2021,569353,536917,6,0,0,00000,537,6965,0.08,45,35,35,40,170,0,0,0,175,106000,180,119000,180,35,450,290,265,25,64.4,58.9,8.6,,,,,,,,,,,,,,,,,,,,,,,,
2021S051235251003,35251003,Hamilton,2021A00053525005,2021,569353,536917,6,1.4,8.6,00000,366,3697,0.1,30,35,15,15,140,0,0,0,140,138000,125,126000,125,10,280,180,155,25,64.3,55.4,13.9,,,,,,,,,,,,,,,,,,,,,,,,
2021S051235251004,35251004,Hamilton,2021A00053525005,2021,569353,536917,6,0,0,00000,477,5546.5,0.09,40,35,25,25,190,0,0,0,190,102000,210,114000,205,20,485,360,310,50,74.2,63.9,13.9,,,,,,,,,,,,,,,,,,,,,,,,
2021S051235251005,35251005,Hamilton,2021A00053525005,2021,569353,536917,6,0.4,1.5,00000,1013,4220.8,0.24,65,65,40,35,275,0,0,0,275,186000,275,186000,275,0,695,530,485,45,76.3,69.8,8.5,,,,,,,,,,,,,,,,,,,,,,,,
2021S051235251006,35251006,Hamilton,2021A00053525005,2021,569353,536917,6,1.2,1.3,00000,880,1073.4,0.82,90,50,25,20,325,10,0,0,320,149000,330,174000,330,0,720,455,420,35,63.2,58.3,7.7,,,,,,,,,,,,,,,,,,,,,,,,
2021S051235251007,35251007,Hamilton,2021A00053525005,2021,569353,536917,6,2.1,3.9,00000,1248,1904.2,0.66,85,85,120,110,520,5,0,0,520,113000,500,122400,500,95,1015,765,650,115,75.4,64,15,,,,,,,,,,,,,,,,,,,,,,,,
2021S051235251008,35251008,Hamilton,2021A00053525005,2021,569353,536917,6,0,0,00000,426,2162.4,0.2,30,20,20,20,150,5,0,0,150,134000,150,136000,150,15,345,215,210,0,62.3,60.9,0,,,,,,,,,,,,,,,,,,,,,,,,
2021S051235251009,35251009,Hamilton,2021A00053525005,2021,569353,536917,6,1.5,2.4,00000,954,1941.8,0.49,85,80,45,55,325,0,0,0,325,119000,315,128000,315,15,760,580,475,105,76.3,62.5,18.1,,,,,,,,,,,,,,,,,,,,,,,,
2021S051235251010,35251010,Hamilton,2021A00053525005,2021,569353,536917,6,0.9,0,00000,680,2158.7,0.32,70,45,25,20,215,0,0,0,210,142000,225,156000,225,0,595,435,405,25,73.1,68.1,5.7,,,,,,,,,,,,,,,,,,,,,,,,
2021S051235251011,35251011,Hamilton,2021A00053525005,2021,569353,536917,6,2.5,2.2,00000,2281,1211.6,1.88,135,135,205,295,725,0,0,0,720,113000,730,125400,730,245,1735,1310,1170,140,75.5,67.4,10.7,,,,,,,,,,,,,,,,,,,,,,,,
2021S051235251012,35251012,Hamilton,2021A00053525005,2021,569353,536917,6,0,0,00000,563,5090.4,0.11,50,45,30,20,170,0,0,0,170,141000,170,137000,170,10,500,335,290,45,67,58,13.4,,,,,,,,,,,,,,,,,,,,,,,,
2021S051235251013,35251013,Hamilton,2021A00053525005,2021,569353,536917,6,0.7,2.9,00000,977,4304,0.23,95,95,50,35,280,0,0,0,280,151000,265,159000,265,10,710,580,540,40,81.7,76.1,6.9,,,,,,,,,,,,,,,,,,,,,,,,
2021S051235251014,35251014,Hamilton,2021A00053525005,2021,569353,536917,6,1.6,0,00000,405,1882.8,0.22,45,45,20,15,120,0,0,0,120,134000,115,146000,115,0,320,225,175,50,70.3,54.7,22.2,,,,,,,,,,,,,,,,,,,,,,,,
2021S051235251015,35251015,Hamilton,2021A00053525005,2021,569353,536917,6,0,0,00000,696,5296.8,0.13,65,60,45,30,225,0,0,0,225,126000,240,156000,240,10,675,470,410,60,69.6,60.7,12.8,,,,,,,,,,,,,,,,,,,,,,,,
2021S051235251016,35251016,Hamilton,2021A00053525005,2021,569353,536917,6,2,2.7,00000,514,4148.5,0.12,65,40,30,25,155,0,0,0,150,142000,145,148000,145,0,355,245,220,25,69,62,10.2,,,,,,,,,,,,,,,,,,,,,,,,
2021S051235251017,35251017,Hamilton,2021A00053525005,2021,569353,536917,6,0,0,00000,508,6521.2,0.08,55,50,30,15,150,0,0,0,150,143000,165,172000,165,0,500,380,330,50,76,66,13.2,,,,,,,,,,,,,,,,,,,,,,,,
2021S051235251018,35251018,Hamilton,2021A00053525005,2021,569353,536917,6,1.1,1.5,00000,859,1720.8,0.5,90,80,60,40,260,0,0,0,265,91000,280,104000,285,105,750,420,390,35,56,52,8.3,,,,,,,,,,,,,,,,,,,,,,,,
2021S051235251019,35251019,Hamilton,2021A00053525005,2021,569353,536917,6,0,0,00000,389,2962.7,0.13,20,25,25,15,130,5,0,0,130,146000,125,152000,130,0,295,215,210,10,72.9,71.2,4.7,,,,,,,,,,,,,,,,,,,,,,,,
2021S051235251020,35251020,Hamilton,2021A00053525005,2021,569353,536917,6,1.7,1.1,00000,1053,570.2,1.85,75,85,75,70,350,5,5,0,350,116000,360,145000,360,55,885,590,535,55,66.7,60.5,9.3,,,,,,,,,,,,,,,,,,,,,,,,
2021S051235251021,35251021,Hamilton,2021A00053525005,2021,569353,536917,6,0.3,0,00000,1053,2608.4,0.4,70,75,70,85,350,10,0,0,350,123000,365,127200,360,55,835,630,565,65,75.4,67.7,10.3,,,,,,,,,,,,,,,,,,,,,,,,
2021S051235251023,35251023,Hamilton,2021A00053525005,2021,569353,536917,6,0.7,1.3,00000,1041,4450.6,0.23,85,60,45,60,305,0,0,0,300,132000,290,153000,290,35,775,550,490,55,71,63.2,10,,,,,,,,,,,,,,,,,,,,,,,,
2021S051235251024,35251024,Hamilton,2021A00053525005,2021,569353,536917,6,1.1,3.1,00000,1147,1723.8,0.67,105,40,50,80,375,0,0,0,375,124000,375,172000,375,30,910,685,630,55,75.3,69.2,8,,,,,,,,,,,,,,,,,,,,,,,,
2021S051235251025,35251025,Hamilton,2021A00053525005,2021,569353,536917,6,6.8,9.5,00000,801,3262.7,0.25,65,55,65,60,295,0,0,165,290,49600,270,65500,270,195,490,235,195,40,48,39.8,17,,,,,,,,,,,,,,,,,,,,,,,,
2021S051235251026,35251026,Hamilton,2021A00053525005,2021,569353,536917,6,0.4,1.7,00000,643,508.5,1.26,40,35,40,35,245,0,0,0,245,94000,250,104000,250,30,595,410,355,55,68.9,59.7,13.4,,,,,,,,,,,,,,,,,,,,,,,,
2021S051235251027,35251027,Hamilton,2021A00053525005,2021,569353,536917,6,1.3,2.1,00000,4599,995.7,4.62,230,140,195,390,1520,0,5,0,1520,117000,1505,125600,1510,120,3285,2280,2125,155,69.4,64.7,6.8,,,,,,,,,,,,,,,,,,,,,,,,
2021S051235251028,35251028,Hamilton,2021A00053525005,2021,569353,536917,6,0.6,0.8,00000,5115,839.7,6.09,325,180,230,440,1560,5,35,0,1560,126000,1610,131000,1615,155,3725,2895,2605,290,77.7,69.9,10,,,,,,,,,,,,,,,,,,,,,,,,
2021S051235251029,35251029,Hamilton,2021A00053525005,2021,569353,536917,6,1,1.1,00000,7631,684.2,11.15,565,460,470,620,2205,0,0,0,2205,119000,2215,129800,2215,375,5600,3960,3430,530,70.7,61.3,13.4,,,,,,,,,,,,,,,,,,,,,,,,
2021S051235251030,35251030,Hamilton,2021A00053525005,2021,569353,536917,6,1.4,2.9,00000,398,47,8.47,15,25,20,20,140,5,0,0,140,110000,130,118000,130,20,260,165,160,10,63.5,61.5,6.1,,,,,,,,,,,,,,,,,,,,,,,,
2021S051235251031,35251031,Hamilton,2021A00053525005,2021,569353,536917,6,0,0,00000,283,3919.7,0.07,25,20,30,10,80,0,0,0,80,174000,90,208000,90,0,270,195,170,20,72.2,63,10.3,,,,,,,,,,,,,,,,,,,,,,,,
2021S051235251032,35251032,Hamilton,2021A00053525005,2021,569353,536917,6,1.1,4.3,00000,318,3151.6,0.1,25,30,25,10,90,0,0,0,90,184000,85,355000,85,0,240,170,145,25,70.8,60.4,14.7,,,,,,,,,,,,,,,,,,,,,,,,
2021S051235251033,35251033,Hamilton,2021A00053525005,2021,569353,536917,6,2.3,5.4,00000,809,1101.3,0.73,45,40,40,35,300,0,0,0,300,123000,270,152000,270,10,590,335,300,30,56.8,50.8,9,,,,,,,,,,,,,,,,,,,,,,,,
2021S051235251035,35251035,Hamilton,2021A00053525005,2021,569353,536917,6,2.1,4.2,00000,760,4457.5,0.17,60,60,45,40,285,0,95,0,280,90000,285,131000,290,65,730,415,335,80,56.8,45.9,19.3,,,,,,,,,,,,,,,,,,,,,,,,
2021S051235251036,35251036,Hamilton,2021A00053525005,2021,569353,536917,6,1.1,0,00000,616,3429.8,0.18,45,45,40,50,190,0,0,0,190,134000,185,143000,185,35,485,350,310,40,72.2,63.9,11.4,,,,,,,,,,,,,,,,,,,,,,,,
2021S051235251037,35251037,Hamilton,2021A00053525005,2021,569353,536917,6,0.4,0,00000,690,1133.9,0.61,40,60,40,35,260,0,0,0,265,111000,275,148000,280,40,660,430,375,60,65.2,56.8,14,,,,,,,,,,,,,,,,,,,,,,,,
2021S051235251038,35251038,Hamilton,2021A00053525005,2021,569353,536917,6,3,3.9,00000,2764,3635.9,0.76,230,200,190,200,830,5,0,0,830,122000,835,137200,835,195,2080,1440,1285,160,69.2,61.8,11.1,,,,,,,,,,,,,,,,,,,,,,,,
2021S051235251039,35251039,Hamilton,2021A00053525005,2021,569353,536917,6,2.9,4.2,00000,2899,1991.9,1.46,245,210,180,170,875,0,0,15,870,134000,845,158400,850,150,2165,1470,1270,205,67.9,58.7,13.9,,,,,,,,,,,,,,,,,,,,,,,,
2021S051235251040,35251040,Hamilton,2021A00053525005,2021,569353,536917,6,1.6,2.9,00000,2721,1274.1,2.14,165,140,180,255,970,5,85,0,965,93000,965,106800,965,385,1915,1240,1110,135,64.8,58,10.9,,,,,,,,,,,,,,,,,,,,,,,,
2021S051235251041,35251041,Hamilton,2021A00053525005,2021,569353,536917,6,1.6,3.1,00000,2379,1377.7,1.73,165,150,170,275,645,5,0,0,645,105000,645,118400,645,200,1715,1225,1070,165,71.4,62.4,13.5,,,,,,,,,,,,,,,,,,,,,,,,
2021S051235251042,35251042,Hamilton,2021A00053525005,2021,569353,536917,6,1.4,1.1,00000,902,2447.1,0.37,35,35,45,35,360,0,0,0,360,131000,360,176000,355,25,750,505,460,45,67.3,61.3,8.9,,,,,,,,,,,,,,,,,,,,,,,,
2021S051235251043,35251043,Hamilton,2021A00053525005,2021,569353,536917,6,0.9,0.7,00000,1661,4882.4,0.34,125,85,90,160,540,0,0,5,535,116000,560,121600,560,100,1340,955,825,130,71.3,61.6,13.6,,,,,,,,,,,,,,,,,,,,,,,,
2021S051235251044,35251044,Hamilton,2021A00053525005,2021,569353,536917,6,3.2,4.9,00000,1374,22635.9,0.06,50,65,75,90,705,0,0,690,710,46800,710,53500,710,695,1195,585,460,125,49,38.5,21.4,,,,,,,,,,,,,,,,,,,,,,,,
2021S051235251045,35251045,Hamilton,2021A00053525005,2021,569353,536917,6,1.7,2.2,00000,1110,10601.7,0.1,80,95,95,80,355,0,0,275,355,62400,355,68800,355,295,850,410,310,95,48.2,36.5,23.2,,,,,,,,,,,,,,,,,,,,,,,,
2021S051235251046,35251046,Hamilton,2021A00053525005,2021,569353,536917,6,1.2,1,00000,1458,4842.2,0.3,140,100,75,75,405,0,0,0,410,93000,415,110000,415,150,1150,695,570,120,60.4,49.6,17.3,,,,,,,,,,,,,,,,,,,,,,,,
2021S051235251047,35251047,Hamilton,2021A00053525005,2021,569353,536917,6,1.5,2,00000,845,2431,0.35,65,50,35,25,205,5,0,0,200,122000,205,133000,205,15,535,415,335,75,77.6,62.6,18.1,,,,,,,,,,,,,,,,,,,,,,,,
2021S051235251048,35251048,Hamilton,2021A00053525005,2021,569353,536917,6,4.1,6.7,00000,636,6989,0.09,15,65,85,90,365,0,160,195,365,53200,355,60200,355,305,535,335,295,40,62.6,55.1,11.9,,,,,,,,,,,,,,,,,,,,,,,,
2021S051235251049,35251049,Hamilton,2021A00053525005,2021,569353,536917,6,4.3,3.3,00000,1539,6307.4,0.24,35,95,185,150,860,0,30,825,855,48400,865,55300,865,805,1340,755,645,115,56.3,48.1,15.2,,,,,,,,,,,,,,,,,,,,,,,,
2021S051235251051,35251051,Hamilton,2021A00053525005,2021,569353,536917,6,1.4,2,00000,3551,707.5,5.02,185,130,205,405,1215,5,25,0,1210,132000,1220,140000,1225,190,2650,2105,1945,160,79.4,73.4,7.6,,,,,,,,,,,,,,,,,,,,,,,,
2021S051235251052,35251052,Hamilton,2021A00053525005,2021,569353,536917,6,1.2,3.2,00000,796,4022.2,0.2,55,55,35,45,250,0,0,0,245,159000,245,184000,245,0,640,440,400,40,68.8,62.5,9.1,,,,,,,,,,,,,,,,,,,,,,,,
2021S051235251053,35251053,Hamilton,2021A00053525005,2021,569353,536917,6,3.5,3.8,00000,331,83.2,3.98,20,20,25,20,115,0,0,0,115,91000,100,154000,100,0,295,220,190,30,74.6,64.4,13.6,,,,,,,,,,,,,,,,,,,,,,,,
2021S051235251054,35251054,Hamilton,2021A00053525005,2021,569353,536917,6,0,0,00000,378,48.5,7.79,15,30,15,30,140,5,5,0,140,90000,140,92000,140,40,280,200,165,35,71.4,58.9,17.5,,,,,,,,,,,,,,,,,,,,,,,,
2021S051235251055,35251055,Hamilton,2021A00053525005,2021,569353,536917,6,3.2,5,00000,464,1529.8,0.3,30,30,25,20,155,0,0,0,155,138000,155,154000,155,10,415,290,265,25,69.9,63.9,8.6,,,,,,,,,,,,,,,,,,,,,,,,
2021S051235251056,35251056,Hamilton,2021A00053525005,2021,569353,536917,6,0.7,1.9,00000,1502,3427.7,0.44,130,90,70,65,430,0,0,0,430,151000,415,185000,415,20,1125,850,755,95,75.6,67.1,11.2,,,,,,,,,,,,,,,,,,,,,,,,
2021S051235251058,35251058,Hamilton,2021A00053525005,2021,569353,536917,6,1.9,1.5,00000,729,379.2,1.92,45,35,40,25,265,0,0,0,260,159000,270,224000,270,10,625,410,390,20,65.6,62.4,4.9,,,,,,,,,,,,,,,,,,,,,,,,
2021S051235251059,35251059,Hamilton,2021A00053525005,2021,569353,536917,6,0.9,0,00000,861,1166.8,0.74,50,45,35,35,335,5,10,5,335,136000,345,177000,345,15,815,510,465,45,62.6,57.1,8.8,,,,,,,,,,,,,,,,,,,,,,,,
2021S051235251060,35251060,Hamilton,2021A00053525005,2021,569353,536917,6,1.6,1.3,00000,2149,702.2,3.06,140,130,140,215,635,0,0,0,640,146000,655,170800,655,80,1685,1250,1165,90,74.2,69.1,7.2,,,,,,,,,,,,,,,,,,,,,,,,
2021S051235251062,35251062,Hamilton,2021A00053525005,2021,569353,536917,6,12.9,13.6,01010,1127,1550,0.73,70,140,85,75,510,0,45,155,515,89000,485,114800,485,215,965,565,500,65,58.5,51.8,11.5,,,,,,,,,,,,,,,,,,,,,,,,
2021S051235251064,35251064,Hamilton,2021A00053525005,2021,569353,536917,6,0.6,0,00000,456,2165.2,0.21,25,30,25,30,165,0,0,0,165,131000,175,143000,180,15,425,310,265,40,72.9,62.4,12.9,,,,,,,,,,,,,,,,,,,,,,,,
2021S051235251065,35251065,Hamilton,2021A00053525005,2021,569353,536917,6,0.8,3.4,00000,1485,1355.7,1.1,70,70,110,190,485,0,5,0,485,141000,470,157000,470,110,1070,855,780,75,79.9,72.9,8.8,,,,,,,,,,,,,,,,,,,,,,,,
2021S051235251066,35251066,Hamilton,2021A00053525005,2021,569353,536917,6,0.5,1.9,00000,1841,5835.2,0.32,85,95,85,165,625,0,0,0,630,139000,625,152000,625,35,1375,1145,1060,85,83.3,77.1,7.4,,,,,,,,,,,,,,,,,,,,,,,,
2021S051235260365,35260365,St. Catharines,2021A00053526053,2021,136803,133113,2.8,0.7,2.8,00000,418,3409.5,0.12,35,30,20,30,145,5,0,0,145,115000,145,120000,145,0,365,230,205,30,63,56.2,13,,,,,,,,,,,,,,,,,,,,,,,,
2021S051235260366,35260366,St. Catharines,2021A00053526053,2021,136803,133113,2.8,1.5,0,00000,404,3713.2,0.11,30,30,30,10,130,0,0,0,135,113000,140,114000,140,0,375,235,215,20,62.7,57.3,8.5,,,,,,,,,,,,,,,,,,,,,,,,
2021S051235260367,35260367,St. Catharines,2021A00053526053,2021,136803,133113,2.8,1.4,1.9,00000,572,1490,0.38,50,40,40,20,205,10,10,0,210,108000,210,124000,210,15,475,325,305,25,68.4,64.2,7.7,,,,,,,,,,,,,,,,,,,,,,,,
2021S051235260368,35260368,St. Catharines,2021A00053526053,2021,136803,133113,2.8,2,2,00000,1758,4300.4,0.41,170,125,105,120,585,5,35,0,585,104000,600,110800,600,75,1440,915,760,155,63.5,52.8,16.9,,,,,,,,,,,,,,,,,,,,,,,,
2021S051235260369,35260369,St. Catharines,2021A00053526053,2021,136803,133113,2.8,1.3,0,00000,625,2753.3,0.23,20,30,50,30,300,20,65,0,300,57600,305,65500,310,125,565,325,260,65,57.5,46,20,,,,,,,,,,,,,,,,,,,,,,,,
2021S051235260370,35260370,St. Catharines,2021A00053526053,2021,136803,133113,2.8,2.8,3.1,00000,653,3038.6,0.21,45,40,55,40,245,20,5,0,250,84000,250,94000,250,55,515,325,255,70,63.1,49.5,21.5,,,,,,,,,,,,,,,,,,,,,,,,
2021S051235260372,35260372,St. Catharines,2021A00053526053,2021,136803,133113,2.8,3.8,9.1,00000,337,3869.1,0.09,20,30,30,40,155,25,15,0,155,59200,165,60800,160,85,275,200,165,35,72.7,60,17.5,,,,,,,,,,,,,,,,,,,,,,,,
2021S051235260373,35260373,St. Catharines,2021A00053526053,2021,136803,133113,2.8,2.6,4,00000,545,4986.3,0.11,45,60,55,45,190,15,10,0,190,67000,200,87000,200,95,460,280,210,75,60.9,45.7,26.8,,,,,,,,,,,,,,,,,,,,,,,,
2021S051235260375,35260375,St. Catharines,2021A00053526053,2021,136803,133113,2.8,2.1,4.2,00000,531,5508.3,0.1,35,45,55,35,185,20,30,0,190,64500,190,65000,190,90,355,235,190,55,66.2,53.5,23.4,,,,,,,,,,,,,,,,,,,,,,,,
2021S051235260376,35260376,St. Catharines,2021A00053526053,2021,136803,133113,2.8,4.9,0,00000,580,3247.5,0.18,30,45,70,55,265,50,35,0,265,60000,260,71000,260,110,500,305,235,75,61,47,24.6,,,,,,,,,,,,,,,,,,,,,,,,
2021S051235260377,35260377,St. Catharines,2021A00053526053,2021,136803,133113,2.8,1.7,1.7,00000,541,3513,0.15,25,55,35,55,245,15,5,0,240,69500,230,83000,230,45,450,300,265,35,66.7,58.9,11.7,,,,,,,,,,,,,,,,,,,,,,,,
2021S051235260378,35260378,St. Catharines,2021A00053526053,2021,136803,133113,2.8,2.8,9.5,00000,394,3190.3,0.12,10,35,55,30,175,15,30,0,180,60400,160,55200,165,75,285,145,85,60,50.9,29.8,41.4,,,,,,,,,,,,,,,,,,,,,,,,
2021S051235260379,35260379,St. Catharines,2021A00053526053,2021,136803,133113,2.8,4.2,10.8,00010,885,1287.6,0.69,45,80,85,80,375,45,75,0,380,69500,355,95600,355,145,735,490,400,90,66.7,54.4,18.4,,,,,,,,,,,,,,,,,,,,,,,,
2021S051235260382,35260382,St. Catharines,2021A00053526053,2021,136803,133113,2.8,7.3,11.3,00010,452,2115.1,0.21,15,45,35,40,215,15,10,160,215,49200,205,85000,200,165,305,200,155,40,65.6,50.8,20,,,,,,,,,,,,,,,,,,,,,,,,
2021S051235260383,35260383,St. Catharines,2021A00053526053,2021,136803,133113,2.8,8.4,3.4,00000,435,1475.6,0.29,10,35,50,45,250,15,145,20,250,56800,255,74500,255,155,400,280,245,30,70,61.3,10.7,,,,,,,,,,,,,,,,,,,,,,,,
2021S051235260384,35260384,St. Catharines,2021A00053526053,2021,136803,133113,2.8,10.2,10.5,01010,837,2497,0.34,40,135,150,95,535,15,310,155,540,38400,515,45400,515,475,735,510,380,130,69.4,51.7,25.5,,,,,,,,,,,,,,,,,,,,,,,,
2021S051235260385,35260385,St. Catharines,2021A00053526053,2021,136803,133113,2.8,6.8,9.1,00000,965,5623.5,0.17,35,115,115,125,570,40,270,125,570,53200,575,66000,580,455,790,520,435,90,65.8,55.1,17.3,,,,,,,,,,,,,,,,,,,,,,,,
2021S051235260386,35260386,St. Catharines,2021A00053526053,2021,136803,133113,2.8,2.2,5.3,00000,425,3718.3,0.11,15,35,45,40,230,25,105,0,230,55600,225,75000,225,120,380,245,180,60,64.5,47.4,24.5,,,,,,,,,,,,,,,,,,,,,,,,
2021S051235260387,35260387,St. Catharines,2021A00053526053,2021,136803,133113,2.8,5.7,3.4,00000,495,6058.8,0.08,25,45,55,50,230,30,60,0,225,72000,240,76500,245,135,450,320,260,60,71.1,57.8,18.8,,,,,,,,,,,,,,,,,,,,,,,,
2021S051235260388,35260388,St. Catharines,2021A00053526053,2021,136803,133113,2.8,2.4,2.6,00000,372,6492.1,0.06,15,15,45,30,165,15,5,0,165,83000,155,88000,155,40,295,235,180,55,79.7,61,23.4,,,,,,,,,,,,,,,,,,,,,,,,
2021S051235260389,35260389,St. Catharines,2021A00053526053,2021,136803,133113,2.8,2.6,1.6,00000,482,1736.9,0.28,25,35,35,40,230,30,45,0,230,64000,255,74000,255,115,460,325,275,45,70.7,59.8,13.8,,,,,,,,,,,,,,,,,,,,,,,,
2021S051235260390,35260390,St. Catharines,2021A00053526053,2021,136803,133113,2.8,3.7,12.2,00010,395,5231.8,0.08,15,25,55,40,190,5,20,0,190,63200,175,71500,175,30,295,210,165,45,71.2,55.9,21.4,,,,,,,,,,,,,,,,,,,,,,,,
2021S051235260391,35260391,St. Catharines,2021A00053526053,2021,136803,133113,2.8,2.2,4.3,00000,374,3673.9,0.1,10,25,20,30,180,10,15,0,180,62800,185,62400,185,65,295,175,160,15,59.3,54.2,8.6,,,,,,,,,,,,,,,,,,,,,,,,
2021S051235260392,35260392,St. Catharines,2021A00053526053,2021,136803,133113,2.8,2.2,13.6,00010,382,3898,0.1,10,20,50,30,180,25,20,0,180,65500,155,92000,155,40,285,180,155,25,63.2,54.4,13.9,,,,,,,,,,,,,,,,,,,,,,,,
2021S051235260393,35260393,St. Catharines,2021A00053526053,2021,136803,133113,2.8,0.8,3.2,00000,250,3776.4,0.07,10,15,20,30,120,15,5,0,120,72500,120,82000,120,30,230,180,155,25,78.3,67.4,13.9,,,,,,,,,,,,,,,,,,,,,,,,
2021S051235260394,35260394,St. Catharines,2021A00053526053,2021,136803,133113,2.8,5.6,7.1,00000,430,3622.6,0.12,20,20,35,45,215,20,60,0,215,59200,220,71500,220,80,410,255,205,50,62.2,50,19.6,,,,,,,,,,,,,,,,,,,,,,,,
2021S051235260395,35260395,St. Catharines,2021A00053526053,2021,136803,133113,2.8,1.7,3.2,00000,584,3497,0.17,25,30,40,55,235,20,25,0,235,73500,255,74500,255,80,525,300,260,40,57.1,49.5,13.3,,,,,,,,,,,,,,,,,,,,,,,,
2021S051235260396,35260396,St. Catharines,2021A00053526053,2021,136803,133113,2.8,1.5,3.1,00000,346,5073.3,0.07,25,15,25,40,130,0,5,0,130,78500,135,90000,140,35,345,220,195,25,63.8,56.5,11.4,,,,,,,,,,,,,,,,,,,,,,,,
2021S051235260397,35260397,St. Catharines,2021A00053526053,2021,136803,133113,2.8,2.6,7.2,00000,1495,3939.4,0.38,95,100,120,105,500,20,30,0,500,67000,520,75600,520,295,1175,660,545,115,56.2,46.4,17.4,,,,,,,,,,,,,,,,,,,,,,,,
2021S051235260398,35260398,St. Catharines,2021A00053526053,2021,136803,133113,2.8,0.9,3.7,00000,435,509.4,0.85,20,15,45,35,230,15,85,0,225,68000,220,82000,220,115,340,210,195,20,61.8,57.4,9.5,,,,,,,,,,,,,,,,,,,,,,,,
2021S051235260400,35260400,St. Catharines,2021A00053526053,2021,136803,133113,2.8,0.7,2.9,00000,365,2913,0.13,25,30,15,15,135,5,0,0,135,113000,140,128000,140,0,350,225,205,25,64.3,58.6,11.1,,,,,,,,,,,,,,,,,,,,,,,,
2021S051235260401,35260401,St. Catharines,2021A00053526053,2021,136803,133113,2.8,0,0,00000,334,3425.6,0.1,30,25,15,10,110,0,0,0,110,133000,110,160000,110,0,295,165,145,20,55.9,49.2,12.1,,,,,,,,,,,,,,,,,,,,,,,,
2021S051235260402,35260402,St. Catharines,2021A00053526053,2021,136803,133113,2.8,0.5,0,00000,566,2709.4,0.21,40,20,35,30,215,10,10,0,215,106000,230,114000,230,30,500,300,265,40,60,53,13.3,,,,,,,,,,,,,,,,,,,,,,,,
2021S051235260403,35260403,St. Catharines,2021A00053526053,2021,136803,133113,2.8,1.2,0,00000,711,2587.3,0.27,60,50,40,40,250,0,20,0,250,67500,240,101000,245,160,510,320,260,60,62.7,51,18.8,,,,,,,,,,,,,,,,,,,,,,,,
2021S051235260404,35260404,St. Catharines,2021A00053526053,2021,136803,133113,2.8,0,0,00000,442,3143.7,0.14,30,25,15,25,140,0,0,0,140,143000,145,154000,145,0,345,250,220,25,72.5,63.8,10,,,,,,,,,,,,,,,,,,,,,,,,
2021S051235260405,35260405,St. Catharines,2021A00053526053,2021,136803,133113,2.8,0.7,2.9,00000,551,3216.6,0.17,25,20,20,10,285,0,95,65,285,53200,280,86000,280,95,520,155,140,0,29.8,26.9,0,,,,,,,,,,,,,,,,,,,,,,,,
2021S051235260407,35260407,St. Catharines,2021A00053526053,2021,136803,133113,2.8,0.7,1,00000,1212,1884.6,0.64,115,110,50,35,405,0,0,0,405,144000,405,176000,405,60,1010,660,555,105,65.3,55,15.9,,,,,,,,,,,,,,,,,,,,,,,,
2021S051235260410,35260410,St. Catharines,2021A00053526053,2021,136803,133113,2.8,0.7,2.6,00000,385,2376.5,0.16,20,15,10,10,145,0,0,0,150,148000,155,176000,155,0,310,120,110,15,38.7,35.5,12.5,,,,,,,,,,,,,,,,,,,,,,,,
2021S051235260411,35260411,St. Catharines,2021A00053526053,2021,136803,133113,2.8,0,0,00000,393,3775.2,0.1,25,15,10,15,140,0,0,0,145,125000,145,122000,145,10,360,245,210,35,68.1,58.3,14.3,,,,,,,,,,,,,,,,,,,,,,,,
2021S051235260412,35260412,St. Catharines,2021A00053526053,2021,136803,133113,2.8,0.6,0,00000,431,2028.2,0.21,20,30,15,15,165,0,0,0,170,114000,170,127000,170,10,365,220,185,40,60.3,50.7,18.2,,,,,,,,,,,,,,,,,,,,,,,,
2021S051235260413,35260413,St. Catharines,2021A00053526053,2021,136803,133113,2.8,2.2,2.1,00000,403,2796.7,0.14,20,20,10,20,185,5,0,0,180,86000,185,121000,185,50,380,245,220,25,64.5,57.9,10.2,,,,,,,,,,,,,,,,,,,,,,,,
2021S051235260414,35260414,St. Catharines,2021A00053526053,2021,136803,133113,2.8,2.1,1.9,00000,457,2959.8,0.15,20,15,30,30,245,5,55,0,240,77000,215,98000,220,60,365,200,170,35,54.8,46.6,17.5,,,,,,,,,,,,,,,,,,,,,,,,
2021S051235260416,35260416,St. Catharines,2021A00053526053,2021,136803,133113,2.8,2.2,3.4,00000,432,1301.6,0.33,25,15,15,15,225,15,45,0,225,101000,240,164000,240,45,405,200,180,20,49.4,44.4,10,,,,,,,,,,,,,,,,,,,,,,,,
2021S051235260418,35260418,St. Catharines,2021A00053526053,2021,136803,133113,2.8,2,5,00000,692,1450.7,0.48,35,25,25,30,305,10,70,0,305,88000,325,106800,325,95,580,305,250,55,52.6,43.1,18,,,,,,,,,,,,,,,,,,,,,,,,
2021S051235260419,35260419,St. Catharines,2021A00053526053,2021,136803,133113,2.8,0.5,0,00000,486,2865.6,0.17,35,25,10,20,180,5,0,0,185,118000,195,125000,195,10,430,260,230,30,60.5,53.5,11.5,,,,,,,,,,,,,,,,,,,,,,,,
2021S051235260420,35260420,St. Catharines,2021A00053526053,2021,136803,133113,2.8,0.8,0,00000,374,3641.7,0.1,25,20,20,10,125,5,0,0,130,131000,125,138000,125,0,285,185,160,25,64.9,56.1,13.5,,,,,,,,,,,,,,,,,,,,,,,,
2021S051235260423,35260423,St. Catharines,2021A00053526053,2021,136803,133113,2.8,0.9,0.9,00000,946,5163.8,0.18,25,35,40,45,450,5,0,350,445,56000,450,61600,450,365,705,280,260,20,39.7,36.9,7.1,,,,,,,,,,,,,,,,,,,,,,,,
2021S051235260424,35260424,St. Catharines,2021A00053526053,2021,136803,133113,2.8,0.6,0,00000,402,2716.2,0.15,15,15,40,25,165,0,0,0,165,76500,175,93000,175,15,390,245,220,25,62.8,56.4,10.2,,,,,,,,,,,,,,,,,,,,,,,,
2021S051235260425,35260425,St. Catharines,2021A00053526053,2021,136803,133113,2.8,1.3,0,00000,389,1800.9,0.22,20,20,10,20,150,0,0,0,145,90000,155,92000,150,10,310,155,125,30,50,40.3,19.4,,,,,,,,,,,,,,,,,,,,,,,,
2021S051235260426,35260426,St. Catharines,2021A00053526053,2021,136803,133113,2.8,2.3,3,00000,596,3146.8,0.19,35,35,35,50,265,5,90,0,260,67000,255,75000,260,125,490,275,235,35,56.1,48,12.7,,,,,,,,,,,,,,,,,,,,,,,,
2021S051235260427,35260427,St. Catharines,2021A00053526053,2021,136803,133113,2.8,1.5,0,00000,447,2386.5,0.19,15,20,20,20,200,5,0,0,200,78000,210,84000,210,20,420,230,175,55,54.8,41.7,23.9,,,,,,,,,,,,,,,,,,,,,,,,
2021S051235260428,35260428,St. Catharines,2021A00053526053,2021,136803,133113,2.8,0,0,00000,421,2613.3,0.16,15,25,30,25,160,0,0,0,165,95000,165,106000,160,0,365,230,225,10,63,61.6,4.3,,,,,,,,,,,,,,,,,,,,,,,,
2021S051235260429,35260429,St. Catharines,2021A00053526053,2021,136803,133113,2.8,0.9,0,00000,979,3203.5,0.31,40,25,35,20,440,5,125,0,440,54000,455,67200,455,220,820,350,300,55,42.7,36.6,15.7,,,,,,,,,,,,,,,,,,,,,,,,
2021S051235260430,35260430,St. Catharines,2021A00053526053,2021,136803,133113,2.8,3.7,3.9,00000,397,3028.2,0.13,10,30,30,30,215,5,40,135,215,44400,210,54000,210,175,360,170,135,30,47.2,37.5,17.6,,,,,,,,,,,,,,,,,,,,,,,,
2021S051235260431,35260431,St. Catharines,2021A00053526053,2021,136803,133113,2.8,2.1,4.2,00000,863,12861.4,0.07,50,65,80,70,380,0,0,290,375,52000,395,60000,395,365,760,405,305,100,53.3,40.1,24.7,,,,,,,,,,,,,,,,,,,,,,,,
2021S051235260432,35260432,St. Catharines,2021A00053526053,2021,136803,133113,2.8,1.4,2.8,00000,934,2671.6,0.35,60,50,60,60,420,0,135,0,420,54400,440,67600,440,290,825,385,310,75,46.7,37.6,19.5,,,,,,,,,,,,,,,,,,,,,,,,
2021S051235260433,35260433,St. Catharines,2021A00053526053,2021,136803,133113,2.8,0.3,1.5,00000,722,2770.5,0.26,35,40,45,45,290,15,25,0,290,79000,275,90000,275,55,545,365,285,70,67,52.3,19.2,,,,,,,,,,,,,,,,,,,,,,,,
2021S051235260434,35260434,St. Catharines,2021A00053526053,2021,136803,133113,2.8,1.7,2.5,00000,660,7932.7,0.08,35,45,45,30,295,5,0,180,295,48400,325,58400,320,225,570,300,235,70,52.6,41.2,23.3,,,,,,,,,,,,,,,,,,,,,,,,
2021S051235260435,35260435,St. Catharines,2021A00053526053,2021,136803,133113,2.8,1.3,2.9,00000,807,3753.5,0.22,35,25,35,45,395,15,160,0,395,52000,395,58400,390,190,650,280,245,35,43.1,37.7,12.5,,,,,,,,,,,,,,,,,,,,,,,,
2021S051235260436,35260436,St. Catharines,2021A00053526053,2021,136803,133113,2.8,2.5,5.1,00000,528,3154.1,0.17,25,20,40,45,235,30,15,0,235,67000,225,76500,225,50,430,240,185,55,55.8,43,22.9,,,,,,,,,,,,,,,,,,,,,,,,
2021S051235260437,35260437,St. Catharines,2021A00053526053,2021,136803,133113,2.8,1.9,4.8,00000,344,1690.4,0.2,15,35,30,35,160,15,45,0,165,60000,170,65500,165,80,300,160,145,15,53.3,48.3,9.4,,,,,,,,,,,,,,,,,,,,,,,,
2021S051235260438,35260438,St. Catharines,2021A00053526053,2021,136803,133113,2.8,2.8,2.9,00000,644,3010.8,0.21,25,40,40,55,280,20,20,0,280,84000,285,98000,285,60,565,345,300,45,61.1,53.1,13,,,,,,,,,,,,,,,,,,,,,,,,
2021S051235260439,35260439,St. Catharines,2021A00053526053,2021,136803,133113,2.8,4.2,3.2,00000,483,4435.3,0.11,15,25,45,50,240,45,30,0,240,64000,255,64500,255,90,450,220,195,30,48.9,43.3,13.6,,,,,,,,,,,,,,,,,,,,,,,,
2021S051235260440,35260440,St. Catharines,2021A00053526053,2021,136803,133113,2.8,4.4,3.2,00000,502,4094.6,0.12,20,25,50,55,250,40,85,0,250,62000,260,67000,260,150,450,285,225,60,63.3,50,21.1,,,,,,,,,,,,,,,,,,,,,,,,
2021S051235260441,35260441,St. Catharines,2021A00053526053,2021,136803,133113,2.8,2.1,1.7,00000,465,3319.1,0.14,15,20,50,35,235,20,95,0,235,67000,240,84000,240,120,420,215,170,45,51.2,40.5,20.9,,,,,,,,,,,,,,,,,,,,,,,,
2021S051235260442,35260442,St. Catharines,2021A00053526053,2021,136803,133113,2.8,3.6,3.8,00000,464,5065.5,0.09,15,30,45,50,225,30,40,0,220,68500,205,77500,205,65,365,240,190,55,65.8,52.1,22.9,,,,,,,,,,,,,,,,,,,,,,,,
2021S051235260443,35260443,St. Catharines,2021A00053526053,2021,136803,133113,2.8,2.5,3.9,00000,594,5147.3,0.12,15,45,90,65,310,30,105,0,315,61200,310,67500,305,165,495,385,335,55,77.8,67.7,14.3,,,,,,,,,,,,,,,,,,,,,,,,
2021S051235260444,35260444,St. Catharines,2021A00053526053,2021,136803,133113,2.8,1.9,1.5,00000,478,1541.9,0.31,10,15,30,45,260,10,0,145,255,54400,280,63600,280,185,445,235,215,15,52.8,48.3,6.4,,,,,,,,,,,,,,,,,,,,,,,,
2021S051235260445,35260445,St. Catharines,2021A00053526053,2021,136803,133113,2.8,2.9,3.9,00000,630,3519.6,0.18,35,40,45,50,315,45,100,0,315,56400,320,67500,315,170,520,360,300,60,69.2,57.7,16.7,,,,,,,,,,,,,,,,,,,,,,,,
2021S051235260446,35260446,St. Catharines,2021A00053526053,2021,136803,133113,2.8,5.5,12,00010,401,5174.2,0.08,15,20,35,55,200,25,20,0,200,62000,185,64000,185,50,305,185,170,20,60.7,55.7,10.8,,,,,,,,,,,,,,,,,,,,,,,,
2021S051235260447,35260447,St. Catharines,2021A00053526053,2021,136803,133113,2.8,2.8,7.4,00000,466,5406,0.09,15,40,65,45,215,35,20,0,215,68500,215,78000,215,70,380,245,200,40,64.5,52.6,16.3,,,,,,,,,,,,,,,,,,,,,,,,
2021S051235260448,35260448,St. Catharines,2021A00053526053,2021,136803,133113,2.8,3.6,6.3,00000,477,3530.7,0.14,15,10,50,55,250,40,55,0,250,56000,255,69000,255,125,410,310,265,45,75.6,64.6,14.5,,,,,,,,,,,,,,,,,,,,,,,,
2021S051235260449,35260449,St. Catharines,2021A00053526053,2021,136803,133113,2.8,3.7,11.7,00010,635,3421.3,0.19,35,55,65,65,300,50,80,0,300,59200,280,74000,285,120,485,320,265,50,66,54.6,15.6,,,,,,,,,,,,,,,,,,,,,,,,
2021S051235260450,35260450,St. Catharines,2021A00053526053,2021,136803,133113,2.8,6.9,11,00010,826,7851.7,0.11,25,95,130,65,435,15,45,300,435,42000,455,51400,455,390,720,380,310,75,52.8,43.1,19.7,,,,,,,,,,,,,,,,,,,,,,,,
2021S051235260451,35260451,St. Catharines,2021A00053526053,2021,136803,133113,2.8,11.5,10.7,01010,603,4225.6,0.14,10,50,85,40,340,25,160,130,345,28400,345,36800,345,305,460,225,130,95,48.9,28.3,42.2,,,,,,,,,,,,,,,,,,,,,,,,
2021S051235260452,35260452,St. Catharines,2021A00053526053,2021,136803,133113,2.8,11.7,12,01010,790,2383.8,0.33,25,80,85,50,435,35,290,0,430,34800,435,42800,435,360,705,360,250,105,51.1,35.5,29.2,,,,,,,,,,,,,,,,,,,,,,,,
2021S051235260453,35260453,St. Catharines,2021A00053526053,2021,136803,133113,2.8,4.1,5.7,00000,770,3873.2,0.2,10,45,50,30,505,20,55,400,510,33200,490,43600,490,325,640,225,175,50,35.2,27.3,22.2,,,,,,,,,,,,,,,,,,,,,,,,
2021S051235260454,35260454,St. Catharines,2021A00053526053,2021,136803,133113,2.8,8.3,7.7,00000,462,1623.9,0.28,25,40,60,45,205,10,50,0,205,75000,190,67500,195,90,390,235,195,40,60.3,50,17,,,,,,,,,,,,,,,,,,,,,,,,
2021S051235260455,35260455,St. Catharines,2021A00053526053,2021,136803,133113,2.8,2.2,3.6,00000,557,372.8,1.49,20,30,20,35,225,5,0,0,225,114000,225,133000,220,20,455,250,240,10,54.9,52.7,4,,,,,,,,,,,,,,,,,,,,,,,,
2021S051235260456,35260456,St. Catharines,2021A00053526053,2021,136803,133113,2.8,1.5,2.2,00000,466,1357.4,0.34,20,35,25,25,195,10,0,0,195,136000,185,190000,185,20,425,270,240,30,63.5,56.5,11.1,,,,,,,,,,,,,,,,,,,,,,,,
2021S051235260457,35260457,St. Catharines,2021A00053526053,2021,136803,133113,2.8,2,3.8,00000,522,3210.3,0.16,35,45,20,30,200,10,5,0,205,113000,215,120000,210,15,395,275,230,45,69.6,58.2,16.4,,,,,,,,,,,,,,,,,,,,,,,,
2021S051235260458,35260458,St. Catharines,2021A00053526053,2021,136803,133113,2.8,4.3,3.6,00000,535,1102.6,0.49,30,75,55,45,230,25,80,0,230,70000,235,111000,230,115,460,305,245,55,66.3,53.3,18,,,,,,,,,,,,,,,,,,,,,,,,
2021S051235260459,35260459,St. Catharines,2021A00053526053,2021,136803,133113,2.8,10.3,13.2,01010,359,1540.8,0.23,20,65,40,35,155,15,20,0,155,70000,145,120000,145,70,270,100,90,15,37,33.3,15,,,,,,,,,,,,,,,,,,,,,,,,
2021S051235260460,35260460,St. Catharines,2021A00053526053,2021,136803,133113,2.8,6.5,7.8,00000,494,2598.6,0.19,20,75,40,35,200,15,40,0,200,70500,205,80000,205,95,445,265,200,65,59.6,44.9,24.5,,,,,,,,,,,,,,,,,,,,,,,,
2021S051235260461,35260461,St. Catharines,2021A00053526053,2021,136803,133113,2.8,6.7,11.5,00010,509,2041.7,0.25,25,75,70,40,210,10,15,0,210,74500,195,95000,195,75,470,275,235,40,58.5,50,14.5,,,,,,,,,,,,,,,,,,,,,,,,
2021S051235260462,35260462,St. Catharines,2021A00053526053,2021,136803,133113,2.8,2.7,4.7,00000,506,1018.9,0.5,25,70,35,25,185,10,10,0,190,92000,170,126000,170,40,430,275,230,50,64,53.5,18.2,,,,,,,,,,,,,,,,,,,,,,,,
2021S051235260463,35260463,St. Catharines,2021A00053526053,2021,136803,133113,2.8,9.2,2,00000,543,987.1,0.55,45,100,35,30,205,10,0,0,205,76000,205,92000,205,55,425,260,220,45,61.2,51.8,17.3,,,,,,,,,,,,,,,,,,,,,,,,
2021S051235260466,35260466,St. Catharines,2021A00053526053,2021,136803,133113,2.8,5.4,7.1,00000,624,1609.5,0.39,25,55,90,50,300,15,75,80,300,57600,265,67000,265,160,475,305,255,50,64.2,53.7,16.4,,,,,,,,,,,,,,,,,,,,,,,,
2021S051235260467,35260467,St. Catharines,2021A00053526053,2021,136803,133113,2.8,5.5,7,00000,806,1725.9,0.47,35,50,80,75,345,35,40,0,345,75000,335,78000,340,90,610,420,345,75,68.9,56.6,17.9,,,,,,,,,,,,,,,,,,,,,,,,
2021S051235260468,35260468,St. Catharines,2021A00053526053,2021,136803,133113,2.8,2.5,5.2,00000,877,1620.8,0.54,35,60,90,65,395,10,140,0,395,60000,385,66400,385,205,755,420,350,70,55.6,46.4,16.7,,,,,,,,,,,,,,,,,,,,,,,,
2021S051235260469,35260469,St. Catharines,2021A00053526053,2021,136803,133113,2.8,1.3,5.3,00000,351,2500,0.14,15,25,35,30,150,15,10,0,155,66500,145,78000,145,35,305,190,165,30,62.3,54.1,15.8,,,,,,,,,,,,,,,,,,,,,,,,
2021S051235260470,35260470,St. Catharines,2021A00053526053,2021,136803,133113,2.8,0.7,2.9,00000,367,2295.2,0.16,20,30,25,15,145,0,0,0,145,90000,130,114000,130,0,295,195,180,15,66.1,61,7.7,,,,,,,,,,,,,,,,,,,,,,,,
2021S051235260471,35260471,St. Catharines,2021A00053526053,2021,136803,133113,2.8,1,1.9,00000,545,3183.4,0.17,35,35,45,35,210,5,0,0,205,78500,210,84000,210,70,420,250,225,25,59.5,53.6,10,,,,,,,,,,,,,,,,,,,,,,,,
2021S051235260472,35260472,St. Catharines,2021A00053526053,2021,136803,133113,2.8,1.7,6.8,00000,662,3043.7,0.22,20,30,75,55,295,5,120,0,300,66500,295,79000,295,155,570,370,335,35,64.9,58.8,9.5,,,,,,,,,,,,,,,,,,,,,,,,
2021S051235260473,35260473,St. Catharines,2021A00053526053,2021,136803,133113,2.8,1,0,00000,456,2515.2,0.18,25,15,35,35,205,0,90,0,200,73000,225,79000,230,115,395,280,230,50,70.9,58.2,17.9,,,,,,,,,,,,,,,,,,,,,,,,
2021S051235260474,35260474,St. Catharines,2021A00053526053,2021,136803,133113,2.8,3.3,2.2,00000,534,4784.9,0.11,40,35,30,40,180,0,0,0,180,97000,180,96000,180,40,410,255,180,70,62.2,43.9,27.5,,,,,,,,,,,,,,,,,,,,,,,,
2021S051235260475,35260475,St. Catharines,2021A00053526053,2021,136803,133113,2.8,0.5,2,00000,567,5008.8,0.11,30,30,45,30,195,0,0,0,195,97000,200,112000,205,55,540,405,335,70,75,62,17.3,,,,,,,,,,,,,,,,,,,,,,,,
2021S051235260476,35260476,St. Catharines,2021A00053526053,2021,136803,133113,2.8,0,0,00000,550,2132.6,0.26,25,25,45,45,215,15,0,0,210,94000,215,100000,215,35,465,295,245,50,63.4,52.7,16.9,,,,,,,,,,,,,,,,,,,,,,,,
2021S051235260477,35260477,St. Catharines,2021A00053526053,2021,136803,133113,2.8,3.2,2.2,00000,505,1596.6,0.32,35,30,35,40,190,5,5,0,190,88000,185,88000,185,30,395,290,235,60,73.4,59.5,20.7,,,,,,,,,,,,,,,,,,,,,,,,
2021S051235260478,35260478,St. Catharines,2021A00053526053,2021,136803,133113,2.8,7.7,7.2,00000,628,3269.1,0.19,35,55,70,75,275,35,40,0,275,63200,270,72500,270,100,510,310,240,75,60.8,47.1,24.2,,,,,,,,,,,,,,,,,,,,,,,,
2021S051235260479,35260479,St. Catharines,2021A00053526053,2021,136803,133113,2.8,1.9,3.1,00000,663,1038,0.64,35,60,50,50,260,25,25,0,265,69500,265,85000,265,95,590,360,290,70,61,49.2,19.4,,,,,,,,,,,,,,,,,,,,,,,,
2021S051235260480,35260480,St. Catharines,2021A00053526053,2021,136803,133113,2.8,3.6,4.5,00000,583,2483,0.23,35,50,55,35,250,20,15,0,250,81000,260,98000,260,50,550,360,320,40,65.5,58.2,11.1,,,,,,,,,,,,,,,,,,,,,,,,
2021S051235260481,35260481,St. Catharines,2021A00053526053,2021,136803,133113,2.8,1.2,2.3,00000,419,3518.1,0.12,15,35,25,45,170,15,0,0,170,80000,180,105000,180,40,395,250,205,40,63.3,51.9,16,,,,,,,,,,,,,,,,,,,,,,,,
2021S051235260494,35260494,St. Catharines,2021A00053526053,2021,136803,133113,2.8,3.1,5.3,00000,673,1322.5,0.51,30,45,65,55,290,15,5,0,290,78500,290,77000,290,60,560,390,335,55,69.6,59.8,14.1,,,,,,,,,,,,,,,,,,,,,,,,
2021S051235260498,35260498,St. Catharines,2021A00053526053,2021,136803,133113,2.8,1.1,2.2,00000,423,3112.6,0.14,20,20,20,40,180,10,10,0,180,75000,185,78000,185,40,380,230,205,25,60.5,53.9,10.9,,,,,,,,,,,,,,,,,,,,,,,,
2021S051235260499,35260499,St. Catharines,2021A00053526053,2021,136803,133113,2.8,1.3,1.3,00000,587,3169.5,0.19,20,40,60,40,295,15,85,70,300,51600,310,63600,315,195,545,275,225,50,50.5,41.3,18.2,,,,,,,,,,,,,,,,,,,,,,,,
2021S051235260500,35260500,St. Catharines,2021A00053526053,2021,136803,133113,2.8,4,7,00000,405,2789.3,0.15,20,20,35,30,175,5,25,0,175,69500,155,74000,155,50,315,165,130,35,52.4,41.3,21.2,,,,,,,,,,,,,,,,,,,,,,,,
2021S051235260501,35260501,St. Catharines,2021A00053526053,2021,136803,133113,2.8,1.5,2,00000,431,1519.7,0.28,15,20,45,40,200,20,55,0,200,60400,205,78000,205,75,385,235,205,30,61,53.2,12.8,,,,,,,,,,,,,,,,,,,,,,,,
2021S051235260502,35260502,St. Catharines,2021A00053526053,2021,136803,133113,2.8,3.3,7.9,00000,655,2308.8,0.28,25,35,50,50,305,25,100,0,300,68000,290,77000,285,95,550,335,275,65,60.9,50,19.4,,,,,,,,,,,,,,,,,,,,,,,,
2021S051235260503,35260503,St. Catharines,2021A00053526053,2021,136803,133113,2.8,4.3,6.2,00000,563,4496.8,0.13,25,35,50,50,255,25,55,0,255,70000,265,85000,265,80,585,345,290,50,59,49.6,14.5,,,,,,,,,,,,,,,,,,,,,,,,
2021S051235260504,35260504,St. Catharines,2021A00053526053,2021,136803,133113,2.8,3.9,5.1,00000,699,634.1,1.1,15,40,75,70,310,25,5,0,310,66500,295,74000,295,65,560,340,290,50,60.7,51.8,14.7,,,,,,,,,,,,,,,,,,,,,,,,
2021S051235260505,35260505,St. Catharines,2021A00053526053,2021,136803,133113,2.8,6,7.8,00000,509,3413.8,0.15,15,35,45,45,200,15,25,0,195,62400,195,61600,190,70,335,205,175,30,61.2,52.2,14.6,,,,,,,,,,,,,,,,,,,,,,,,
2021S051235260506,35260506,St. Catharines,2021A00053526053,2021,136803,133113,2.8,4.4,6.9,00000,608,3247.9,0.19,20,45,65,50,290,25,45,140,290,49200,290,62000,290,220,490,320,240,80,65.3,49,25,,,,,,,,,,,,,,,,,,,,,,,,
2021S051235260507,35260507,St. Catharines,2021A00053526053,2021,136803,133113,2.8,1.5,1.2,00000,687,1741.4,0.39,25,25,55,65,330,20,40,0,330,64500,345,78400,340,95,670,380,310,70,56.7,46.3,18.4,,,,,,,,,,,,,,,,,,,,,,,,
2021S051235260508,35260508,St. Catharines,2021A00053526053,2021,136803,133113,2.8,2.5,2,00000,731,3127.9,0.23,25,35,70,65,400,10,120,170,405,52400,445,55000,445,220,715,385,290,95,53.8,40.6,24.7,,,,,,,,,,,,,,,,,,,,,,,,
2021S051235260509,35260509,St. Catharines,2021A00053526053,2021,136803,133113,2.8,6.8,5.2,00000,573,4263.4,0.13,20,55,50,50,250,45,75,0,250,56400,245,67500,245,155,490,380,285,95,77.6,58.2,25,,,,,,,,,,,,,,,,,,,,,,,,
2021S051235260510,35260510,St. Catharines,2021A00053526053,2021,136803,133113,2.8,4.9,7.9,00000,574,3703.2,0.16,25,30,55,70,265,20,105,0,265,52000,255,62800,255,155,460,320,260,55,69.6,56.5,17.2,,,,,,,,,,,,,,,,,,,,,,,,
2021S051235260511,35260511,St. Catharines,2021A00053526053,2021,136803,133113,2.8,3.8,5.5,00000,416,2853.2,0.15,10,15,55,50,210,10,15,0,205,61200,220,64500,220,70,370,275,255,20,74.3,68.9,7.3,,,,,,,,,,,,,,,,,,,,,,,,
2021S051235260512,35260512,St. Catharines,2021A00053526053,2021,136803,133113,2.8,6,3.8,00000,496,5655.6,0.09,25,35,50,40,220,30,30,0,215,68500,225,87000,225,100,485,310,250,60,63.9,51.5,19.4,,,,,,,,,,,,,,,,,,,,,,,,
2021S051235260513,35260513,St. Catharines,2021A00053526053,2021,136803,133113,2.8,6,6.3,00000,540,3595.2,0.15,20,40,65,60,250,35,50,0,250,58400,240,64000,245,115,420,250,200,50,59.5,47.6,20,,,,,,,,,,,,,,,,,,,,,,,,
2021S051235260514,35260514,St. Catharines,2021A00053526053,2021,136803,133113,2.8,4.6,1.7,00000,531,3700.3,0.14,25,30,45,40,240,25,80,0,245,65000,240,72500,240,105,465,270,195,80,58.1,41.9,29.6,,,,,,,,,,,,,,,,,,,,,,,,
2021S051235260515,35260515,St. Catharines,2021A00053526053,2021,136803,133113,2.8,6,9.4,00000,460,4641.8,0.1,25,30,35,50,200,35,40,0,200,60400,200,68000,200,85,415,230,195,35,55.4,47,15.2,,,,,,,,,,,,,,,,,,,,,,,,
2021S051235260516,35260516,St. Catharines,2021A00053526053,2021,136803,133113,2.8,3.9,1.8,00000,531,4849.3,0.11,30,30,25,40,235,25,15,0,230,61200,225,70500,230,65,430,225,180,45,52.3,41.9,20,,,,,,,,,,,,,,,,,,,,,,,,
2021S051235260517,35260517,St. Catharines,2021A00053526053,2021,136803,133113,2.8,3.5,4.5,00000,529,4094.4,0.13,25,20,60,55,260,25,120,0,255,60800,275,72500,270,110,510,335,290,45,65.7,56.9,13.4,,,,,,,,,,,,,,,,,,,,,,,,
2021S051235260518,35260518,St. Catharines,2021A00053526053,2021,136803,133113,2.8,2.3,4.8,00000,451,2780.5,0.16,25,20,30,30,175,10,5,5,175,88000,165,93000,165,25,330,215,160,55,65.2,48.5,25.6,,,,,,,,,,,,,,,,,,,,,,,,
2021S051235260519,35260519,St. Catharines,2021A00053526053,2021,136803,133113,2.8,2.3,2.2,00000,452,3187.6,0.14,25,30,30,30,175,0,0,0,180,68000,175,72500,175,55,350,185,155,30,52.9,44.3,16.2,,,,,,,,,,,,,,,,,,,,,,,,
2021S051235260520,35260520,St. Catharines,2021A00053526053,2021,136803,133113,2.8,1.3,0,00000,367,2628.9,0.14,25,15,20,20,155,0,0,0,160,77500,160,94000,155,20,340,210,175,40,61.8,51.5,19,,,,,,,,,,,,,,,,,,,,,,,,
2021S051235260521,35260521,St. Catharines,2021A00053526053,2021,136803,133113,2.8,5.9,4.6,00000,693,3707.9,0.19,40,35,50,55,270,5,25,0,270,70000,260,81000,260,160,550,350,295,60,63.6,53.6,17.1,,,,,,,,,,,,,,,,,,,,,,,,
2021S051235260522,35260522,St. Catharines,2021A00053526053,2021,136803,133113,2.8,0.9,0,00000,570,3630.6,0.16,35,25,35,50,220,0,80,0,220,72000,225,93000,230,85,445,300,255,50,67.4,57.3,16.7,,,,,,,,,,,,,,,,,,,,,,,,
2021S051235260523,35260523,St. Catharines,2021A00053526053,2021,136803,133113,2.8,1.5,0,00000,508,3564.9,0.14,20,20,25,25,200,10,0,0,195,82000,195,93000,195,15,440,240,195,50,54.5,44.3,20.8,,,,,,,,,,,,,,,,,,,,,,,,
2021S051235260524,35260524,St. Catharines,2021A00053526053,2021,136803,133113,2.8,1.1,2.1,00000,472,2680.3,0.18,20,20,15,25,180,0,0,0,185,85000,185,83000,190,20,350,200,180,20,57.1,51.4,10,,,,,,,,,,,,,,,,,,,,,,,,
2021S051235260525,35260525,St. Catharines,2021A00053526053,2021,136803,133113,2.8,2,0,00000,516,1779.9,0.29,20,20,30,40,205,5,0,0,205,84000,205,99000,205,20,430,295,260,35,68.6,60.5,11.9,,,,,,,,,,,,,,,,,,,,,,,,
2021S051235260528,35260528,St. Catharines,2021A00053526053,2021,136803,133113,2.8,1.8,2.4,00000,735,2312.8,0.32,25,30,40,45,335,5,85,0,335,63600,320,72000,325,105,595,275,230,40,46.2,38.7,14.5,,,,,,,,,,,,,,,,,,,,,,,,
2021S051235260529,35260529,St. Catharines,2021A00053526053,2021,136803,133113,2.8,1.7,2.3,00000,451,2978.9,0.15,30,25,25,25,175,0,5,0,175,85000,165,84000,170,30,345,210,185,20,60.9,53.6,9.5,,,,,,,,,,,,,,,,,,,,,,,,
2021S051235260530,35260530,St. Catharines,2021A00053526053,2021,136803,133113,2.8,0,2.4,00000,433,2523.3,0.17,20,15,20,20,160,0,0,5,160,97000,155,90000,155,10,315,160,150,15,50.8,47.6,9.4,,,,,,,,,,,,,,,,,,,,,,,,
2021S051235260531,35260531,St. Catharines,2021A00053526053,2021,136803,133113,2.8,1.1,2.2,00000,464,1994,0.23,35,25,15,10,185,10,0,0,185,98000,185,104000,185,15,400,255,235,25,63.8,58.8,9.8,,,,,,,,,,,,,,,,,,,,,,,,
2021S051235260532,35260532,St. Catharines,2021A00053526053,2021,136803,133113,2.8,0.7,2.9,00000,369,3731,0.1,15,20,15,20,140,0,0,0,140,100000,135,116000,135,0,280,175,150,30,62.5,53.6,17.1,,,,,,,,,,,,,,,,,,,,,,,,
2021S051235260533,35260533,St. Catharines,2021A00053526053,2021,136803,133113,2.8,0.6,2.4,00000,424,2164.4,0.2,25,20,20,30,170,0,0,0,165,91000,155,100000,155,20,315,230,210,25,73,66.7,10.9,,,,,,,,,,,,,,,,,,,,,,,,
2021S051235260534,35260534,St. Catharines,2021A00053526053,2021,136803,133113,2.8,0.5,0,00000,543,2047.5,0.27,30,35,35,35,195,5,0,0,195,99000,205,105000,205,20,440,280,230,45,63.6,52.3,16.1,,,,,,,,,,,,,,,,,,,,,,,,
2021S051235260535,35260535,St. Catharines,2021A00053526053,2021,136803,133113,2.8,1.2,2.4,00000,405,2640.2,0.15,15,20,20,25,160,5,0,0,165,77500,165,95000,170,20,330,190,155,35,57.6,47,18.4,,,,,,,,,,,,,,,,,,,,,,,,
2021S051235260536,35260536,St. Catharines,2021A00053526053,2021,136803,133113,2.8,0.8,2.2,00000,815,5145.2,0.16,55,65,55,55,365,5,35,145,370,62800,355,76800,355,215,685,405,345,60,59.1,50.4,14.8,,,,,,,,,,,,,,,,,,,,,,,,
2021S051235260537,35260537,St. Catharines,2021A00053526053,2021,136803,133113,2.8,0,0,00000,304,2537.6,0.12,15,10,15,25,125,0,15,0,125,90000,115,100000,115,10,265,145,125,20,54.7,47.2,13.8,,,,,,,,,,,,,,,,,,,,,,,,
2021S051235260538,35260538,St. Catharines,2021A00053526053,2021,136803,133113,2.8,0,0,00000,347,2462.7,0.14,20,15,15,20,155,0,30,0,155,76000,165,87000,165,45,330,210,170,40,63.6,51.5,19,,,,,,,,,,,,,,,,,,,,,,,,
2021S051235260541,35260541,St. Catharines,2021A00053526053,2021,136803,133113,2.8,0.5,0,00000,501,2323.7,0.22,30,25,25,20,190,5,0,0,190,110000,200,115000,200,0,445,255,210,45,57.3,47.2,17.6,,,,,,,,,,,,,,,,,,,,,,,,
2021S051235260542,35260542,St. Catharines,2021A00053526053,2021,136803,133113,2.8,1.2,2.3,00000,462,2087.7,0.22,30,35,25,30,170,5,0,0,170,101000,175,123000,175,10,475,365,315,50,76.8,66.3,13.7,,,,,,,,,,,,,,,,,,,,,,,,
2021S051235260543,35260543,St. Catharines,2021A00053526053,2021,136803,133113,2.8,0.5,0,00000,472,2202.5,0.21,20,35,30,25,185,5,0,0,185,103000,175,109000,175,10,375,245,215,30,65.3,57.3,12.2,,,,,,,,,,,,,,,,,,,,,,,,
2021S051235260544,35260544,St. Catharines,2021A00053526053,2021,136803,133113,2.8,2.9,2,00000,494,1717.1,0.29,20,25,40,40,205,0,0,0,200,93000,195,83000,195,25,370,185,160,20,50,43.2,10.8,,,,,,,,,,,,,,,,,,,,,,,,
2021S051235260545,35260545,St. Catharines,2021A00053526053,2021,136803,133113,2.8,0.5,0,00000,491,2629.9,0.19,40,30,40,30,190,5,5,0,190,100000,195,112000,195,10,460,270,220,45,58.7,47.8,16.7,,,,,,,,,,,,,,,,,,,,,,,,
2021S051235260546,35260546,St. Catharines,2021A00053526053,2021,136803,133113,2.8,2,3.8,00000,516,2548.1,0.2,30,30,40,25,200,5,0,0,200,86000,195,92000,195,25,385,245,195,55,63.6,50.6,22.4,,,,,,,,,,,,,,,,,,,,,,,,
2021S051235260547,35260547,St. Catharines,2021A00053526053,2021,136803,133113,2.8,1.4,2.7,00000,725,2395.9,0.3,25,40,40,35,285,10,0,15,290,90000,285,110000,285,10,625,355,320,35,56.8,51.2,9.9,,,,,,,,,,,,,,,,,,,,,,,,
2021S051235260548,35260548,St. Catharines,2021A00053526053,2021,136803,133113,2.8,2.9,4.4,00000,818,5435.2,0.15,30,30,35,40,455,0,0,325,460,52800,445,66000,445,270,745,230,195,30,30.9,26.2,13,,,,,,,,,,,,,,,,,,,,,,,,
2021S051235260549,35260549,St. Catharines,2021A00053526053,2021,136803,133113,2.8,0,3.4,00000,548,2816,0.19,25,20,25,35,235,5,55,0,235,70000,220,78000,220,65,415,205,165,45,49.4,39.8,22,,,,,,,,,,,,,,,,,,,,,,,,
2021S051235260550,35260550,St. Catharines,2021A00053526053,2021,136803,133113,2.8,0.5,2.2,00000,379,2414,0.16,10,25,15,20,190,0,55,0,185,65000,180,73000,180,70,320,205,150,60,64.1,46.9,29.3,,,,,,,,,,,,,,,,,,,,,,,,
2021S051235260551,35260551,St. Catharines,2021A00053526053,2021,136803,133113,2.8,0.7,0,00000,388,3359.3,0.12,15,15,20,10,150,0,0,0,150,88000,155,102000,155,10,345,160,135,20,46.4,39.1,12.5,,,,,,,,,,,,,,,,,,,,,,,,
2021S051235260552,35260552,St. Catharines,2021A00053526053,2021,136803,133113,2.8,1.4,0,00000,347,2304.1,0.15,10,15,20,20,145,0,0,0,145,101000,140,112000,140,0,260,125,110,15,48.1,42.3,12,,,,,,,,,,,,,,,,,,,,,,,,
2021S051235260553,35260553,St. Catharines,2021A00053526053,2021,136803,133113,2.8,1.8,2.4,00000,403,2611.8,0.15,20,20,20,25,165,10,0,0,165,85000,170,100000,170,10,385,265,230,35,68.8,59.7,13.2,,,,,,,,,,,,,,,,,,,,,,,,
2021S051235260554,35260554,St. Catharines,2021A00053526053,2021,136803,133113,2.8,2.2,1.3,00000,530,1823.8,0.29,25,10,10,15,315,5,205,0,320,27000,310,49200,310,210,440,150,115,35,34.1,26.1,23.3,,,,,,,,,,,,,,,,,,,,,,,,
2021S051235260555,35260555,St. Catharines,2021A00053526053,2021,136803,133113,2.8,0.5,2.1,00000,498,1943.8,0.26,25,30,20,20,190,5,0,0,190,92000,190,117000,190,0,430,265,260,10,61.6,60.5,3.8,,,,,,,,,,,,,,,,,,,,,,,,
2021S051235260556,35260556,St. Catharines,2021A00053526053,2021,136803,133113,2.8,1.6,2.1,00000,487,2646.7,0.18,20,20,30,30,190,0,0,0,190,94000,195,103000,195,10,460,270,235,35,58.7,51.1,13,,,,,,,,,,,,,,,,,,,,,,,,
2021S051235260557,35260557,St. Catharines,2021A00053526053,2021,136803,133113,2.8,1.1,1.4,00000,597,2545.8,0.23,30,25,20,20,285,0,50,0,285,73000,270,82000,270,60,470,260,240,20,55.3,51.1,7.7,,,,,,,,,,,,,,,,,,,,,,,,
2021S051235260558,35260558,St. Catharines,2021A00053526053,2021,136803,133113,2.8,0,0,00000,372,2617.9,0.14,15,20,15,20,150,0,0,0,145,91000,150,94000,150,10,300,160,145,15,53.3,48.3,9.4,,,,,,,,,,,,,,,,,,,,,,,,
2021S051235260559,35260559,St. Catharines,2021A00053526053,2021,136803,133113,2.8,0.5,0,00000,471,2272.1,0.21,25,20,20,20,195,5,0,0,190,99000,195,104000,195,10,395,190,175,20,48.1,44.3,10.5,,,,,,,,,,,,,,,,,,,,,,,,
2021S051235260560,35260560,St. Catharines,2021A00053526053,2021,136803,133113,2.8,1,4.1,00000,486,2857.1,0.17,25,20,25,30,195,0,5,0,195,92000,190,118000,190,25,430,220,195,25,51.2,45.3,11.4,,,,,,,,,,,,,,,,,,,,,,,,
2021S051235260561,35260561,St. Catharines,2021A00053526053,2021,136803,133113,2.8,1.2,0,00000,596,1963.1,0.3,25,30,20,25,250,5,30,0,250,102000,245,116000,245,25,505,320,295,25,63.4,58.4,7.8,,,,,,,,,,,,,,,,,,,,,,,,
2021S051235260562,35260562,St. Catharines,2021A00053526053,2021,136803,133113,2.8,0,0,00000,403,1958.2,0.21,20,20,15,15,160,0,0,0,160,104000,160,111000,160,0,370,195,170,20,52.7,45.9,10.3,,,,,,,,,,,,,,,,,,,,,,,,
2021S051235260563,35260563,St. Catharines,2021A00053526053,2021,136803,133113,2.8,0.7,2.7,00000,379,2687.9,0.14,20,15,20,35,150,5,0,0,145,90000,155,94000,155,0,305,190,160,30,62.3,52.5,15.8,,,,,,,,,,,,,,,,,,,,,,,,
2021S051235260564,35260564,St. Catharines,2021A00053526053,2021,136803,133113,2.8,2.3,4.1,00000,847,4573.4,0.19,45,70,60,55,395,10,65,75,395,71500,390,86800,390,220,730,475,360,115,65.1,49.3,24.2,,,,,,,,,,,,,,,,,,,,,,,,
2021S051235260565,35260565,St. Catharines,2021A00053526053,2021,136803,133113,2.8,1.6,4.3,00000,483,2365.3,0.2,45,25,15,20,180,5,0,0,185,101000,180,112000,180,0,385,220,205,15,57.1,53.2,6.8,,,,,,,,,,,,,,,,,,,,,,,,
2021S051235260566,35260566,St. Catharines,2021A00053526053,2021,136803,133113,2.8,1,0,00000,495,2535.9,0.2,35,25,30,25,210,10,0,0,205,94000,215,94000,215,25,435,260,235,25,59.8,54,9.6,,,,,,,,,,,,,,,,,,,,,,,,
2021S051235260567,35260567,St. Catharines,2021A00053526053,2021,136803,133113,2.8,1.6,3.2,00000,321,3252.3,0.1,15,30,15,20,125,5,0,0,120,103000,125,122000,120,15,275,160,150,15,58.2,54.5,9.4,,,,,,,,,,,,,,,,,,,,,,,,
2021S051235260568,35260568,St. Catharines,2021A00053526053,2021,136803,133113,2.8,0.5,0,00000,524,1681.6,0.31,30,20,30,30,210,5,5,0,210,89000,210,103000,205,20,450,280,240,45,62.2,53.3,16.1,,,,,,,,,,,,,,,,,,,,,,,,
2021S051235260569,35260569,St. Catharines,2021A00053526053,2021,136803,133113,2.8,1,0,00000,875,337.1,2.6,25,35,25,30,400,0,0,0,400,92000,420,100800,420,30,805,395,345,50,49.1,42.9,12.7,,,,,,,,,,,,,,,,,,,,,,,,
2021S051235260571,35260571,St. Catharines,2021A00053526053,2021,136803,133113,2.8,1.4,4.4,00000,676,4222.4,0.16,35,35,50,50,285,15,0,0,285,77000,260,92000,260,65,505,325,255,70,64.4,50.5,21.5,,,,,,,,,,,,,,,,,,,,,,,,
2021S051235260573,35260573,St. Catharines,2021A00053526053,2021,136803,133113,2.8,1.9,0,00000,413,2200.3,0.19,25,25,10,30,155,5,0,0,155,100000,165,105000,165,15,340,210,190,20,61.8,55.9,9.5,,,,,,,,,,,,,,,,,,,,,,,,
2021S051235260574,35260574,St. Catharines,2021A00053526053,2021,136803,133113,2.8,1.9,0,00000,410,2669.3,0.15,20,15,20,10,160,10,0,0,160,95000,155,116000,160,10,350,235,200,35,67.1,57.1,14.9,,,,,,,,,,,,,,,,,,,,,,,,
2021S051235260575,35260575,St. Catharines,2021A00053526053,2021,136803,133113,2.8,0.5,0,00000,547,3154.6,0.17,25,25,15,25,205,0,0,0,210,108000,215,122000,215,10,480,225,185,40,46.9,38.5,17.8,,,,,,,,,,,,,,,,,,,,,,,,
2021S051235260576,35260576,St. Catharines,2021A00053526053,2021,136803,133113,2.8,0.6,0,00000,447,2436,0.18,30,20,5,20,165,5,0,0,160,121000,165,137000,165,0,405,265,235,35,65.4,58,13.2,,,,,,,,,,,,,,,,,,,,,,,,
2021S051235260577,35260577,St. Catharines,2021A00053526053,2021,136803,133113,2.8,0.5,0,00000,452,1542.1,0.29,25,20,15,15,180,0,0,0,180,112000,185,143000,185,10,420,220,190,25,52.4,45.2,11.4,,,,,,,,,,,,,,,,,,,,,,,,
2021S051235260578,35260578,St. Catharines,2021A00053526053,2021,136803,133113,2.8,1.7,0,00000,682,1743.4,0.39,25,45,20,20,290,0,0,55,290,118000,290,154000,290,10,595,290,260,35,48.7,43.7,12.1,,,,,,,,,,,,,,,,,,,,,,,,
2021S051235260582,35260582,St. Catharines,2021A00053526053,2021,136803,133113,2.8,1,2,00000,504,1018.8,0.49,45,20,30,45,195,0,0,0,195,69000,195,68500,195,110,370,235,185,50,63.5,50,21.3,,,,,,,,,,,,,,,,,,,,,,,,
2021S051235260583,35260583,St. Catharines,2021A00053526053,2021,136803,133113,2.8,1.5,3.7,00000,742,927.8,0.8,25,40,50,30,340,10,25,0,345,68000,330,79200,325,55,620,315,255,55,50.8,41.1,17.5,,,,,,,,,,,,,,,,,,,,,,,,
2021S051235260584,35260584,St. Catharines,2021A00053526053,2021,136803,133113,2.8,2.4,2.4,00000,774,506,1.53,55,50,40,30,335,0,40,0,335,60000,335,75200,335,170,635,325,265,55,51.2,41.7,16.9,,,,,,,,,,,,,,,,,,,,,,,,
2021S051235260585,35260585,St. Catharines,2021A00053526053,2021,136803,133113,2.8,2.7,1,00000,861,5817.6,0.15,40,45,80,60,415,0,145,275,415,49200,410,55400,410,350,680,335,240,90,49.3,35.3,26.9,,,,,,,,,,,,,,,,,,,,,,,,
2021S051235260586,35260586,St. Catharines,2021A00053526053,2021,136803,133113,2.8,1.6,2.1,00000,757,2064.9,0.37,30,45,65,80,380,0,5,240,380,49200,380,55400,375,280,655,380,310,70,58,47.3,18.4,,,,,,,,,,,,,,,,,,,,,,,,
2021S051235260595,35260595,St. Catharines,2021A00053526053,2021,136803,133113,2.8,4,9.7,00000,333,2615.9,0.13,15,45,30,35,120,5,0,0,125,75000,115,84000,115,25,290,135,105,35,46.6,36.2,25.9,,,,,,,,,,,,,,,,,,,,,,,,
2021S051235260596,35260596,St. Catharines,2021A00053526053,2021,136803,133113,2.8,4.2,7.9,00000,676,1161.3,0.58,40,90,45,40,235,20,0,0,240,107000,235,115000,240,25,555,315,275,35,56.8,49.5,11.1,,,,,,,,,,,,,,,,,,,,,,,,
2021S051235260597,35260597,St. Catharines,2021A00053526053,2021,136803,133113,2.8,2.6,1.2,00000,720,476.4,1.51,40,85,90,55,340,5,0,215,340,62400,345,80800,345,250,655,340,260,80,51.9,39.7,23.5,,,,,,,,,,,,,,,,,,,,,,,,
2021S051235260598,35260598,St. Catharines,2021A00053526053,2021,136803,133113,2.8,4.6,4.8,00909,212,1848.3,0.11,10,15,15,5,90,5,0,0,,,,,85,0,185,100,85,0,54.1,45.9,0,,,,,,,,,,,,6,6,6,6,,,,,,,,,
2021S051235260599,35260599,St. Catharines,2021A00053526053,2021,136803,133113,2.8,0.8,0,00000,701,237.6,2.95,50,55,25,15,255,0,0,0,260,146000,280,272000,280,10,695,430,395,40,61.9,56.8,9.3,,,,,,,,,,,,,,,,,,,,,,,,
2021S051235260600,35260600,St. Catharines,2021A00053526053,2021,136803,133113,2.8,0.8,0,00000,630,904.7,0.7,30,35,25,30,240,5,0,0,245,114000,260,137000,260,15,545,330,295,30,60.6,54.1,9.1,,,,,,,,,,,,,,,,,,,,,,,,
2021S051235260602,35260602,St. Catharines,2021A00053526053,2021,136803,133113,2.8,4.1,5.4,00000,693,3125.8,0.22,75,45,30,35,220,5,0,0,220,119000,225,135000,225,20,610,410,345,60,67.2,56.6,14.6,,,,,,,,,,,,,,,,,,,,,,,,
2021S051235260603,35260603,St. Catharines,2021A00053526053,2021,136803,133113,2.8,0.8,0,00000,717,4515.1,0.16,65,60,40,45,240,0,0,0,245,98000,245,132000,245,65,560,360,315,45,64.3,56.3,12.5,,,,,,,,,,,,,,,,,,,,,,,,
2021S051235260645,35260645,St. Catharines,2021A00053526053,2021,136803,133113,2.8,1.9,5,00000,376,3289.6,0.11,20,20,30,25,160,20,15,0,160,72000,155,79000,155,55,305,195,165,30,63.9,54.1,15.4,,,,,,,,,,,,,,,,,,,,,,,,
2021S051235260646,35260646,St. Catharines,2021A00053526053,2021,136803,133113,2.8,1.1,0,00000,444,2709,0.16,30,15,20,25,175,5,20,0,175,90000,175,99000,170,40,375,190,150,45,50.7,40,23.7,,,,,,,,,,,,,,,,,,,,,,,,
2021S051235260647,35260647,St. Catharines,2021A00053526053,2021,136803,133113,2.8,0.5,1.8,00000,547,2506.9,0.22,30,30,20,35,215,0,0,0,210,102000,230,122000,230,10,545,340,310,30,62.4,56.9,8.8,,,,,,,,,,,,,,,,,,,,,,,,
2021S051235260648,35260648,St. Catharines,2021A00053526053,2021,136803,133113,2.8,1.9,2.4,00000,402,1823.1,0.22,20,25,30,30,155,5,5,0,160,83000,165,86000,165,50,375,240,210,30,64,56,12.5,,,,,,,,,,,,,,,,,,,,,,,,
2021S051235260649,35260649,St. Catharines,2021A00053526053,2021,136803,133113,2.8,1.2,3.3,00000,524,4670.2,0.11,30,30,40,35,250,0,95,0,250,56800,240,68000,235,140,410,270,240,25,65.9,58.5,9.3,,,,,,,,,,,,,,,,,,,,,,,,
2021S051235260650,35260650,St. Catharines,2021A00053526053,2021,136803,133113,2.8,1.5,4.1,00000,460,4703.5,0.1,35,30,40,20,200,0,45,0,195,70500,200,89000,205,65,375,255,220,40,68,58.7,15.7,,,,,,,,,,,,,,,,,,,,,,,,
2021S051235260651,35260651,St. Catharines,2021A00053526053,2021,136803,133113,2.8,2.3,1.8,00000,482,5216.5,0.09,30,25,40,25,215,0,0,0,220,77500,225,77500,225,70,440,265,220,45,60.2,50,17,,,,,,,,,,,,,,,,,,,,,,,,
2021S051235260652,35260652,St. Catharines,2021A00053526053,2021,136803,133113,2.8,4.4,6.3,00000,861,3728.9,0.23,25,20,35,25,315,10,15,0,315,79500,310,85000,310,45,600,315,255,60,52.5,42.5,19,,,,,,,,,,,,,,,,,,,,,,,,
2021S051235260653,35260653,St. Catharines,2021A00053526053,2021,136803,133113,2.8,3.2,6.9,00000,1034,1449.6,0.71,35,45,35,45,410,10,55,0,410,92000,400,111600,400,70,815,455,355,100,55.8,43.6,22,,,,,,,,,,,,,,,,,,,,,,,,
2021S051235260654,35260654,St. Catharines,2021A00053526053,2021,136803,133113,2.8,2.2,1.3,00000,814,3746,0.22,35,40,45,35,320,0,135,0,315,66000,320,74800,320,185,595,300,260,40,50.4,43.7,13.3,,,,,,,,,,,,,,,,,,,,,,,,
2021S051235260655,35260655,St. Catharines,2021A00053526053,2021,136803,133113,2.8,0,0,00000,455,2332.1,0.2,5,20,10,20,170,0,0,0,170,126000,165,152000,165,0,350,210,190,20,60,54.3,9.5,,,,,,,,,,,,,,,,,,,,,,,,
2021S051235260656,35260656,St. Catharines,2021A00053526053,2021,136803,133113,2.8,0.7,1.4,00000,724,2244.3,0.32,25,40,50,45,275,10,5,0,280,91000,270,99000,270,40,555,360,285,70,64.9,51.4,19.4,,,,,,,,,,,,,,,,,,,,,,,,
2021S051235260657,35260657,St. Catharines,2021A00053526053,2021,136803,133113,2.8,1.9,4,00000,424,4953.3,0.09,20,15,15,10,105,0,0,0,105,98000,100,110000,95,0,255,130,115,10,51,45.1,7.7,,,,,,,,,,,,,,,,,,,,,,,,
2021S051235260658,35260658,St. Catharines,2021A00053526053,2021,136803,133113,2.8,1.3,5.1,00000,690,2307.7,0.3,30,25,35,30,235,0,0,0,235,83000,220,99000,220,40,460,250,225,25,54.3,48.9,10,,,,,,,,,,,,,,,,,,,,,,,,
2021S051235260659,35260659,St. Catharines,2021A00053526053,2021,136803,133113,2.8,2.2,5.5,00000,916,2209.4,0.41,45,30,40,35,460,5,95,125,460,64000,425,84800,425,100,785,400,340,60,51,43.3,15,,,,,,,,,,,,,,,,,,,,,,,,
2021S051235260736,35260736,St. Catharines,2021A00053526053,2021,136803,133113,2.8,1.7,3.8,00000,1152,1232.9,0.93,50,60,50,60,520,20,95,0,525,112000,540,170000,535,140,1065,675,630,45,63.4,59.2,6.7,,,,,,,,,,,,,,,,,,,,,,,,
2021S051235260737,35260737,St. Catharines,2021A00053526053,2021,136803,133113,2.8,2,3.3,00000,1266,3236.2,0.39,60,55,50,50,615,5,295,0,610,61200,615,73200,615,150,1155,495,445,50,42.9,38.5,10.1,,,,,,,,,,,,,,,,,,,,,,,,
2021S051235260738,35260738,St. Catharines,2021A00053526053,2021,136803,133113,2.8,0.8,1.9,00000,1100,5255.6,0.21,30,40,60,55,635,5,175,320,630,51600,660,57000,660,535,1085,525,425,100,48.4,39.2,19,,,,,,,,,,,,,,,,,,,,,,,,
2021S051235260739,35260739,St. Catharines,2021A00053526053,2021,136803,133113,2.8,1.9,1.8,00000,1621,2703.9,0.6,90,130,120,80,860,5,0,685,860,58000,870,71200,870,335,1475,570,470,105,38.6,31.9,18.4,,,,,,,,,,,,,,,,,,,,,,,,
2021S051235260740,35260740,St. Catharines,2021A00053526053,2021,136803,133113,2.8,3,4,00000,1715,2674.7,0.64,35,60,100,85,1025,0,40,920,1025,40400,1010,48200,1010,635,1450,570,465,95,39.3,32.1,16.7,,,,,,,,,,,,,,,,,,,,,,,,
2021S051235260744,35260744,St. Catharines,2021A00053526053,2021,136803,133113,2.8,0.9,3.6,00000,1146,966.2,1.19,45,50,30,50,455,5,5,0,455,96000,430,130500,430,35,965,590,540,50,61.1,56,8.5,,,,,,,,,,,,,,,,,,,,,,,,
2021S051235260746,35260746,St. Catharines,2021A00053526053,2021,136803,133113,2.8,0.5,29.2,00020,1209,2864.3,0.42,35,25,20,40,385,0,155,0,385,83000,390,96000,390,160,725,355,310,40,49,42.8,11.3,,,,,,,,,,,,,,,,,,,,,,,,
2021S051235260747,35260747,St. Catharines,2021A00053526053,2021,136803,133113,2.8,1.5,1.5,00000,1342,3160.6,0.42,95,115,115,100,525,25,125,0,530,53600,515,67600,520,345,1040,605,455,150,58.2,43.8,24.8,,,,,,,,,,,,,,,,,,,,,,,,
2021S051235260758,35260758,St. Catharines,2021A00053526053,2021,136803,133113,2.8,1.8,3.6,00000,581,122.4,4.75,45,35,20,20,215,0,0,0,220,136000,230,178000,225,40,530,380,360,20,71.7,67.9,5.3,,,,,,,,,,,,,,,,,,,,,,,,
2021S051235260759,35260759,St. Catharines,2021A00053526053,2021,136803,133113,2.8,2.7,3.7,00000,686,102.8,6.67,35,50,55,45,225,5,0,0,225,102000,215,105000,215,45,460,305,265,35,66.3,57.6,11.5,,,,,,,,,,,,,,,,,,,,,,,,
2021S051235260760,35260760,St. Catharines,2021A00053526053,2021,136803,133113,2.8,3.2,2.5,00000,715,281,2.54,50,45,50,50,315,0,140,0,315,56400,315,67000,315,200,520,245,195,50,47.1,37.5,20.4,,,,,,,,,,,,,,,,,,,,,,,,
2021S051235260761,35260761,St. Catharines,2021A00053526053,2021,136803,133113,2.8,2.2,1.5,00000,568,2943,0.19,25,35,55,60,280,10,70,0,275,70000,285,85000,285,105,560,305,290,15,54.5,51.8,4.9,,,,,,,,,,,,,,,,,,,,,,,,
2021S051235260762,35260762,St. Catharines,2021A00053526053,2021,136803,133113,2.8,3.4,3.5,00000,629,41.6,15.13,35,40,25,30,235,5,0,0,230,106000,235,135000,235,30,590,370,325,40,62.7,55.1,10.8,,,,,,,,,,,,,,,,,,,,,,,,
2021S051235260763,35260763,St. Catharines,2021A00053526053,2021,136803,133113,2.8,1.9,5,00000,420,3888.9,0.11,35,25,25,25,165,10,35,0,160,87000,145,100000,145,55,330,160,140,20,48.5,42.4,12.5,,,,,,,,,,,,,,,,,,,,,,,,
2021S051235260764,35260764,St. Catharines,2021A00053526053,2021,136803,133113,2.8,0.8,0,00000,705,2107.6,0.33,40,40,25,25,265,0,0,0,270,109000,265,149000,270,0,630,365,305,65,57.9,48.4,17.8,,,,,,,,,,,,,,,,,,,,,,,,
2021S051235260765,35260765,St. Catharines,2021A00053526053,2021,136803,133113,2.8,2.8,1.9,00000,520,2998.8,0.17,25,30,25,25,210,20,0,0,210,84000,205,94000,205,40,405,245,225,20,60.5,55.6,8.2,,,,,,,,,,,,,,,,,,,,,,,,
2021S051235260766,35260766,St. Catharines,2021A00053526053,2021,136803,133113,2.8,1.3,3.3,00000,971,1127,0.86,35,45,75,65,475,25,65,95,475,70500,470,88400,470,105,815,480,400,80,58.9,49.1,16.7,,,,,,,,,,,,,,,,,,,,,,,,
2021S051235260825,35260825,St. Catharines,2021A00053526053,2021,136803,133113,2.8,0,1.2,00000,835,961.8,0.87,65,40,25,25,325,0,40,60,325,110000,330,131500,325,20,675,355,325,25,52.6,48.1,7,,,,,,,,,,,,,,,,,,,,,,,,
2021S051235260826,35260826,St. Catharines,2021A00053526053,2021,136803,133113,2.8,0.4,1.4,00000,875,3609.7,0.24,85,70,25,25,280,5,0,5,285,159000,290,182000,285,10,790,515,435,75,65.2,55.1,14.6,,,,,,,,,,,,,,,,,,,,,,,,
2021S051235260827,35260827,St. Catharines,2021A00053526053,2021,136803,133113,2.8,1.2,0,00000,711,739.7,0.96,40,35,25,25,250,5,0,0,250,108000,250,156000,250,0,570,330,300,35,57.9,52.6,10.6,,,,,,,,,,,,,,,,,,,,,,,,
2021S051235260850,35260850,St. Catharines,2021A00053526053,2021,136803,133113,2.8,2.6,6.5,00000,1763,1380.5,1.28,130,105,100,130,610,20,80,0,610,83000,605,103600,605,190,1405,955,815,145,68,58,15.2,,,,,,,,,,,,,,,,,,,,,,,,
2021S051235260851,35260851,St. Catharines,2021A00053526053,2021,136803,133113,2.8,1.1,2.2,00000,941,489.6,1.92,55,40,85,80,360,5,110,0,365,80000,370,88400,365,225,765,450,400,50,58.8,52.3,11.1,,,,,,,,,,,,,,,,,,,,,,,,
2021S051235300027,35300027,Waterloo,2021A00053530016,2021,121436,104986,15.7,1,0,00000,746,2060.8,0.36,40,40,45,25,300,0,0,0,300,114000,305,174000,305,15,700,420,380,40,60,54.3,9.5,,,,,,,,,,,,,,,,,,,,,,,,
2021S051235300028,35300028,Waterloo,2021A00053530016,2021,121436,104986,15.7,0.4,0,00000,647,1836.5,0.35,35,40,20,20,250,0,0,0,250,149000,255,182000,255,10,515,305,285,20,59.2,55.3,6.6,,,,,,,,,,,,,,,,,,,,,,,,
2021S051235300029,35300029,Waterloo,2021A00053530016,2021,121436,104986,15.7,2.6,3.6,00000,319,2547.9,0.13,15,15,10,5,110,0,0,0,115,151000,110,244000,110,0,250,115,105,0,46,42,0,,,,,,,,,,,,,,,,,,,,,,,,
2021S051235300030,35300030,Waterloo,2021A00053530016,2021,121436,104986,15.7,0.6,0,00000,500,1600,0.31,40,35,30,15,165,5,0,0,160,176000,165,232000,170,10,445,280,280,0,62.9,62.9,0,,,,,,,,,,,,,,,,,,,,,,,,
2021S051235300031,35300031,Waterloo,2021A00053530016,2021,121436,104986,15.7,0,0,00000,253,2211.5,0.11,15,15,10,5,80,0,0,0,80,182000,90,184000,90,0,245,145,120,25,59.2,49,17.2,,,,,,,,,,,,,,,,,,,,,,,,
2021S051235300032,35300032,Waterloo,2021A00053530016,2021,121436,104986,15.7,1.1,3.7,00000,1461,2389.6,0.61,105,90,70,45,545,10,0,35,540,156000,530,206000,525,45,1210,655,575,80,54.1,47.5,12.2,,,,,,,,,,,,,,,,,,,,,,,,
2021S051235300033,35300033,Waterloo,2021A00053530016,2021,121436,104986,15.7,0,0,00009,268,2410.1,0.11,20,20,10,15,85,0,0,0,85,178000,,,90,0,205,100,100,0,48.8,48.8,0,,,,,,,,,,,,,,6,6,,,,,,,,,
2021S051235300034,35300034,Waterloo,2021A00053530016,2021,121436,104986,15.7,2.9,5.7,00000,788,3212.4,0.25,35,120,125,70,340,20,0,0,345,79000,365,90000,365,180,755,475,435,45,62.9,57.6,9.5,,,,,,,,,,,,,,,,,,,,,,,,
2021S051235300035,35300035,Waterloo,2021A00053530016,2021,121436,104986,15.7,1,0,00000,1348,1865.5,0.72,90,95,45,55,485,5,0,0,485,159000,495,194000,500,25,1150,655,600,50,57,52.2,7.6,,,,,,,,,,,,,,,,,,,,,,,,
2021S051235300036,35300036,Waterloo,2021A00053530016,2021,121436,104986,15.7,0.5,0,00000,519,2544.1,0.2,40,30,20,15,195,15,0,0,195,147000,205,144000,205,25,405,250,230,15,61.7,56.8,6,,,,,,,,,,,,,,,,,,,,,,,,
2021S051235300037,35300037,Waterloo,2021A00053530016,2021,121436,104986,15.7,5.1,5.8,00000,427,2319.4,0.18,20,50,45,40,200,0,0,110,195,83000,220,130000,220,135,420,320,285,35,76.2,67.9,10.9,,,,,,,,,,,,,,,,,,,,,,,,
2021S051235300038,35300038,Waterloo,2021A00053530016,2021,121436,104986,15.7,0,2.2,00000,569,2166.8,0.26,45,50,30,15,180,0,0,0,180,190000,185,254000,185,0,520,280,265,15,53.8,51,5.4,,,,,,,,,,,,,,,,,,,,,,,,
2021S051235300039,35300039,Waterloo,2021A00053530016,2021,121436,104986,15.7,0,2.9,00000,412,2907.6,0.14,20,35,40,20,140,0,0,0,140,148000,135,184000,130,15,355,205,185,20,57.7,52.1,9.8,,,,,,,,,,,,,,,,,,,,,,,,
2021S051235300040,35300040,Waterloo,2021A00053530016,2021,121436,104986,15.7,3.2,2,00909,1099,288.9,3.8,230,180,95,50,55,0,0,0,,,,,50,10,110,70,65,0,63.6,59.1,0,,,,,,,,,,,,6,6,6,6,,,,,,,,,
2021S051235300041,35300041,Waterloo,2021A00053530016,2021,121436,104986,15.7,1.1,0,00000,445,2723.4,0.16,15,25,30,35,175,10,0,0,175,104000,175,112000,175,20,385,230,205,25,59.7,53.2,10.9,,,,,,,,,,,,,,,,,,,,,,,,
2021S051235300042,35300042,Waterloo,2021A00053530016,2021,121436,104986,15.7,1.8,2.4,00000,416,2841.5,0.15,20,25,45,35,165,20,0,0,165,103000,170,102000,170,30,360,190,175,15,52.8,48.6,7.9,,,,,,,,,,,,,,,,,,,,,,,,
2021S051235300043,35300043,Waterloo,2021A00053530016,2021,121436,104986,15.7,0.6,2.3,00000,460,1697.4,0.27,20,25,25,40,170,10,0,0,170,93000,185,110000,180,40,430,300,265,40,69.8,61.6,13.3,,,,,,,,,,,,,,,,,,,,,,,,
2021S051235300044,35300044,Waterloo,2021A00053530016,2021,121436,104986,15.7,2,0,00000,470,2991.7,0.16,15,30,30,40,200,10,0,0,200,91000,205,105000,205,10,490,290,230,60,59.2,46.9,20.7,,,,,,,,,,,,,,,,,,,,,,,,
2021S051235300045,35300045,Waterloo,2021A00053530016,2021,121436,104986,15.7,0.8,0,00000,334,3127.3,0.11,5,25,25,25,130,0,0,0,130,100000,125,110000,125,0,245,170,165,10,69.4,67.3,5.9,,,,,,,,,,,,,,,,,,,,,,,,
2021S051235300046,35300046,Waterloo,2021A00053530016,2021,121436,104986,15.7,1,0,00000,526,4420.2,0.12,20,20,50,45,200,0,0,0,200,99000,205,117000,205,35,435,320,305,15,73.6,70.1,4.7,,,,,,,,,,,,,,,,,,,,,,,,
2021S051235300047,35300047,Waterloo,2021A00053530016,2021,121436,104986,15.7,0.5,2,00000,541,2277.9,0.24,25,20,20,35,205,0,0,0,205,114000,195,127000,195,0,455,280,235,45,61.5,51.6,16.1,,,,,,,,,,,,,,,,,,,,,,,,
2021S051235300048,35300048,Waterloo,2021A00053530016,2021,121436,104986,15.7,0.6,0,00000,465,3213.5,0.14,30,20,30,30,175,0,0,0,175,102000,165,96000,165,20,330,205,165,35,62.1,50,17.1,,,,,,,,,,,,,,,,,,,,,,,,
2021S051235300049,35300049,Waterloo,2021A00053530016,2021,121436,104986,15.7,0.4,0,00000,656,3822.8,0.17,30,50,30,30,235,0,0,0,235,137000,240,154000,240,0,545,415,395,25,76.1,72.5,6,,,,,,,,,,,,,,,,,,,,,,,,
2021S051235300050,35300050,Waterloo,2021A00053530016,2021,121436,104986,15.7,0.8,1.7,00000,609,1790.1,0.34,40,35,20,15,245,0,0,0,240,142000,240,206000,245,15,550,340,305,35,61.8,55.5,10.3,,,,,,,,,,,,,,,,,,,,,,,,
2021S051235300051,35300051,Waterloo,2021A00053530016,2021,121436,104986,15.7,1.1,4.7,00000,481,2861.4,0.17,25,20,15,20,175,0,0,0,180,135000,175,154000,175,0,445,245,225,20,55.1,50.6,8.2,,,,,,,,,,,,,,,,,,,,,,,,
2021S051235300052,35300052,Waterloo,2021A00053530016,2021,121436,104986,15.7,0.7,1.4,00000,785,3390.9,0.23,35,50,60,50,290,10,0,0,295,110000,305,131000,300,40,725,445,415,20,61.4,57.2,4.5,,,,,,,,,,,,,,,,,,,,,,,,
2021S051235300053,35300053,Waterloo,2021A00053530016,2021,121436,104986,15.7,2.2,0,00000,404,4926.8,0.08,15,35,55,45,185,5,110,0,190,76500,195,76000,195,50,340,255,225,30,75,66.2,11.8,,,,,,,,,,,,,,,,,,,,,,,,
2021S051235300054,35300054,Waterloo,2021A00053530016,2021,121436,104986,15.7,0,0,00000,391,2968.9,0.13,30,20,25,35,140,5,0,0,145,97000,145,106000,145,35,325,215,190,30,66.2,58.5,14,,,,,,,,,,,,,,,,,,,,,,,,
2021S051235300055,35300055,Waterloo,2021A00053530016,2021,121436,104986,15.7,4.3,5.6,00000,450,6105.8,0.07,10,35,65,40,235,5,200,0,235,59600,210,66500,210,175,395,285,260,20,72.2,65.8,7,,,,,,,,,,,,,,,,,,,,,,,,
2021S051235300056,35300056,Waterloo,2021A00053530016,2021,121436,104986,15.7,2.6,4.5,00000,618,3989.7,0.15,20,40,60,55,270,10,125,0,270,71000,270,86000,270,125,535,350,325,25,65.4,60.7,7.1,,,,,,,,,,,,,,,,,,,,,,,,
2021S051235300057,35300057,Waterloo,2021A00053530016,2021,121436,104986,15.7,0,2.6,00000,389,2624.8,0.15,20,40,30,30,160,5,0,0,155,100000,150,100000,150,10,315,175,155,20,55.6,49.2,11.4,,,,,,,,,,,,,,,,,,,,,,,,
2021S051235300058,35300058,Waterloo,2021A00053530016,2021,121436,104986,15.7,6,6.7,00000,1104,6785.5,0.16,100,90,165,100,350,10,90,0,350,67000,395,71600,395,330,890,570,480,85,64,53.9,14.9,,,,,,,,,,,,,,,,,,,,,,,,
2021S051235300059,35300059,Waterloo,2021A00053530016,2021,121436,104986,15.7,1.3,4.3,00000,831,4770.4,0.17,40,65,140,140,380,0,145,195,380,64000,360,68800,365,360,670,480,415,60,71.6,61.9,12.5,,,,,,,,,,,,,,,,,,,,,,,,
2021S051235300060,35300060,Waterloo,2021A00053530016,2021,121436,104986,15.7,0.9,3.4,00000,618,5824.7,0.11,40,70,80,75,235,0,45,0,235,67500,245,72500,245,150,520,355,300,60,68.3,57.7,16.9,,,,,,,,,,,,,,,,,,,,,,,,
2021S051235300061,35300061,Waterloo,2021A00053530016,2021,121436,104986,15.7,2.4,7.5,00000,424,1457,0.29,25,40,45,30,165,10,0,0,170,104000,150,124000,150,55,340,235,215,20,69.1,63.2,8.5,,,,,,,,,,,,,,,,,,,,,,,,
2021S051235300062,35300062,Waterloo,2021A00053530016,2021,121436,104986,15.7,6,6.2,00000,548,3083.8,0.18,30,70,100,70,250,20,110,0,250,59200,275,75000,275,190,575,380,275,100,66.1,47.8,26.3,,,,,,,,,,,,,,,,,,,,,,,,
2021S051235300063,35300063,Waterloo,2021A00053530016,2021,121436,104986,15.7,3,2.9,00000,559,3716.8,0.15,30,45,65,60,260,5,185,0,265,58000,290,60400,290,275,545,305,255,50,56,46.8,16.4,,,,,,,,,,,,,,,,,,,,,,,,
2021S051235300064,35300064,Waterloo,2021A00053530016,2021,121436,104986,15.7,13.1,20.9,01020,819,2789.5,0.29,50,295,145,70,330,80,155,35,330,58000,320,68000,320,280,760,455,360,100,59.9,47.4,22,,,,,,,,,,,,,,,,,,,,,,,,
2021S051235300065,35300065,Waterloo,2021A00053530016,2021,121436,104986,15.7,7.8,11.3,00010,620,8299.9,0.07,45,85,80,50,270,0,130,130,270,62800,280,66500,280,170,555,310,250,60,55.9,45,19.4,,,,,,,,,,,,,,,,,,,,,,,,
2021S051235300066,35300066,Waterloo,2021A00053530016,2021,121436,104986,15.7,25.5,32.1,02030,1817,5541.3,0.33,175,920,400,120,830,20,205,530,825,39200,745,50100,745,700,1720,1150,885,265,66.9,51.5,23,,,,,,,,,,,,,,,,,,,,,,,,
2021S051235300070,35300070,Waterloo,2021A00053530016,2021,121436,104986,15.7,16.5,18.9,01010,898,3176.5,0.28,70,365,185,70,445,25,100,265,450,43600,405,52800,405,360,820,535,450,80,65.2,54.9,15,,,,,,,,,,,,,,,,,,,,,,,,
2021S051235300071,35300071,Waterloo,2021A00053530016,2021,121436,104986,15.7,6.8,6,00000,577,2590.9,0.22,25,125,125,55,220,10,30,0,220,80000,200,94000,200,85,430,310,285,20,72.1,66.3,6.5,,,,,,,,,,,,,,,,,,,,,,,,
2021S051235300072,35300072,Waterloo,2021A00053530016,2021,121436,104986,15.7,6,9.5,00000,572,2561.6,0.22,25,60,75,50,265,15,10,110,265,68000,245,75500,245,80,525,300,235,65,57.1,44.8,21.7,,,,,,,,,,,,,,,,,,,,,,,,
2021S051235300073,35300073,Waterloo,2021A00053530016,2021,121436,104986,15.7,1.7,4.3,00000,584,3215.9,0.18,25,60,70,65,285,5,0,235,285,60000,265,84000,265,230,480,275,245,25,57.3,51,9.1,,,,,,,,,,,,,,,,,,,,,,,,
2021S051235300074,35300074,Waterloo,2021A00053530016,2021,121436,104986,15.7,1.3,1.3,00000,556,2844,0.2,20,40,45,55,295,10,40,145,300,54400,310,96000,305,230,485,265,235,30,54.6,48.5,11.3,,,,,,,,,,,,,,,,,,,,,,,,
2021S051235300075,35300075,Waterloo,2021A00053530016,2021,121436,104986,15.7,0,0,00000,492,2206.3,0.22,25,20,25,45,205,5,0,0,200,110000,195,127000,195,20,445,305,270,35,68.5,60.7,11.5,,,,,,,,,,,,,,,,,,,,,,,,
2021S051235300076,35300076,Waterloo,2021A00053530016,2021,121436,104986,15.7,1.5,0,00000,522,2056.7,0.25,35,25,20,45,195,5,0,0,200,121000,215,147000,215,0,490,305,290,15,62.2,59.2,4.9,,,,,,,,,,,,,,,,,,,,,,,,
2021S051235300078,35300078,Waterloo,2021A00053530016,2021,121436,104986,15.7,0,0,00000,493,2064.5,0.24,20,35,25,35,195,10,0,0,195,116000,205,132000,200,10,430,310,290,25,72.1,67.4,8.1,,,,,,,,,,,,,,,,,,,,,,,,
2021S051235300079,35300079,Waterloo,2021A00053530016,2021,121436,104986,15.7,0,0,00000,277,4140.5,0.07,15,15,20,30,110,0,0,0,110,91000,120,106000,120,15,240,175,155,15,72.9,64.6,8.6,,,,,,,,,,,,,,,,,,,,,,,,
2021S051235300080,35300080,Waterloo,2021A00053530016,2021,121436,104986,15.7,0.6,7,00000,444,4879.1,0.09,25,35,45,50,170,10,0,0,170,84000,185,90000,185,40,360,260,225,35,72.2,62.5,13.5,,,,,,,,,,,,,,,,,,,,,,,,
2021S051235300081,35300081,Waterloo,2021A00053530016,2021,121436,104986,15.7,1.6,3.1,00000,339,2776.4,0.12,15,25,15,15,125,0,0,0,125,128000,125,132000,125,0,270,155,125,30,57.4,46.3,19.4,,,,,,,,,,,,,,,,,,,,,,,,
2021S051235300082,35300082,Waterloo,2021A00053530016,2021,121436,104986,15.7,1.2,0,00000,446,1859.9,0.24,30,20,20,40,160,0,5,0,165,121000,160,104000,155,20,325,180,165,10,55.4,50.8,5.6,,,,,,,,,,,,,,,,,,,,,,,,
2021S051235300084,35300084,Waterloo,2021A00053530016,2021,121436,104986,15.7,2.4,2.8,00000,646,2695,0.24,25,40,50,50,285,5,15,160,290,83000,295,103000,295,135,590,345,325,20,58.5,55.1,5.8,,,,,,,,,,,,,,,,,,,,,,,,
2021S051235300085,35300085,Waterloo,2021A00053530016,2021,121436,104986,15.7,2.4,4.5,00000,421,2656.2,0.16,20,35,35,35,170,0,85,0,170,71000,170,90000,170,90,340,230,205,25,67.6,60.3,10.9,,,,,,,,,,,,,,,,,,,,,,,,
2021S051235300086,35300086,Waterloo,2021A00053530016,2021,121436,104986,15.7,2.1,4.1,00000,457,2892.4,0.16,15,40,45,35,190,5,35,0,195,100000,190,108000,190,60,390,270,235,35,69.2,60.3,13,,,,,,,,,,,,,,,,,,,,,,,,
2021S051235300087,35300087,Waterloo,2021A00053530016,2021,121436,104986,15.7,1.8,1.2,00000,1607,904.5,1.78,85,80,105,105,675,0,5,310,670,93000,700,105600,700,110,1370,765,660,105,55.8,48.2,13.7,,,,,,,,,,,,,,,,,,,,,,,,
2021S051235300088,35300088,Waterloo,2021A00053530016,2021,121436,104986,15.7,3.7,5.3,00000,789,1895.7,0.42,30,30,55,60,295,0,0,0,300,98000,295,105000,295,40,570,355,330,25,62.3,57.9,7,,,,,,,,,,,,,,,,,,,,,,,,
2021S051235300089,35300089,Waterloo,2021A00053530016,2021,121436,104986,15.7,2.2,0,00000,343,2531.4,0.14,15,25,30,20,135,0,0,0,135,99000,135,106000,135,30,320,230,175,55,71.9,54.7,23.9,,,,,,,,,,,,,,,,,,,,,,,,
2021S051235300090,35300090,Waterloo,2021A00053530016,2021,121436,104986,15.7,0,0,00909,236,3146.7,0.08,5,20,15,10,90,0,0,0,,,,,95,0,220,150,130,20,68.2,59.1,13.3,,,,,,,,,,,,6,6,6,6,,,,,,,,,
2021S051235300091,35300091,Waterloo,2021A00053530016,2021,121436,104986,15.7,3.4,5.6,00000,799,931,0.86,40,45,80,70,350,5,105,0,355,92000,345,106000,345,60,685,475,440,35,69.3,64.2,7.4,,,,,,,,,,,,,,,,,,,,,,,,
2021S051235300092,35300092,Waterloo,2021A00053530016,2021,121436,104986,15.7,0.5,0,00000,512,4006.3,0.13,35,40,35,30,185,0,0,0,185,112000,190,127000,190,25,455,305,280,30,67,61.5,9.8,,,,,,,,,,,,,,,,,,,,,,,,
2021S051235300095,35300095,Waterloo,2021A00053530016,2021,121436,104986,15.7,1.7,3.3,00000,758,4767.3,0.16,35,60,60,60,360,5,15,185,360,78500,365,103200,365,210,745,525,475,50,70.5,63.8,9.5,,,,,,,,,,,,,,,,,,,,,,,,
2021S051235300096,35300096,Waterloo,2021A00053530016,2021,121436,104986,15.7,1.5,2,00000,496,5617.2,0.09,20,25,30,55,200,0,0,0,205,98000,205,110000,205,60,430,345,295,55,80.2,68.6,15.9,,,,,,,,,,,,,,,,,,,,,,,,
2021S051235300097,35300097,Kitchener,2021A00053530013,2021,256885,233222,10.1,5.1,2.9,00000,619,791.6,0.78,35,45,40,60,255,10,65,0,255,99000,280,125000,280,85,620,450,425,30,72.6,68.5,6.7,,,,,,,,,,,,,,,,,,,,,,,,
2021S051235300098,35300098,Kitchener,2021A00053530013,2021,256885,233222,10.1,9.6,8.5,00000,438,1319.7,0.33,15,45,75,40,210,25,90,0,205,77500,185,89000,185,100,335,240,215,25,71.6,64.2,10.4,,,,,,,,,,,,,,,,,,,,,,,,
2021S051235300099,35300099,Kitchener,2021A00053530013,2021,256885,233222,10.1,1.3,0,00000,552,977.9,0.56,20,35,40,40,235,10,35,0,235,95000,250,100000,250,70,500,270,260,10,54,52,3.7,,,,,,,,,,,,,,,,,,,,,,,,
2021S051235300100,35300100,Kitchener,2021A00053530013,2021,256885,233222,10.1,1.5,0,00000,459,2457.2,0.19,25,25,35,30,200,25,10,0,200,89000,220,100000,220,25,430,275,245,30,64,57,10.9,,,,,,,,,,,,,,,,,,,,,,,,
2021S051235300101,35300101,Kitchener,2021A00053530013,2021,256885,233222,10.1,1.4,7.1,00000,463,2856.3,0.16,25,25,45,40,220,5,100,0,215,75000,225,85000,225,95,420,300,260,40,71.4,61.9,13.3,,,,,,,,,,,,,,,,,,,,,,,,
2021S051235300104,35300104,Kitchener,2021A00053530013,2021,256885,233222,10.1,1.8,1.9,00000,515,3232.9,0.16,30,15,35,50,220,5,20,0,220,91000,215,107000,215,50,460,300,255,40,65.2,55.4,13.3,,,,,,,,,,,,,,,,,,,,,,,,
2021S051235300110,35300110,Kitchener,2021A00053530013,2021,256885,233222,10.1,2.1,2.7,00000,587,2344.2,0.25,10,45,100,80,290,10,10,220,295,62000,295,74000,295,255,540,335,315,20,62,58.3,6,,,,,,,,,,,,,,,,,,,,,,,,
2021S051235300112,35300112,Waterloo,2021A00053530016,2021,121436,104986,15.7,4.4,2,00000,421,1444.3,0.29,20,20,35,45,205,15,60,0,205,81000,205,95000,205,65,365,270,235,30,74,64.4,11.1,,,,,,,,,,,,,,,,,,,,,,,,
2021S051235300113,35300113,Kitchener,2021A00053530013,2021,256885,233222,10.1,2.2,5.6,00000,546,3189.3,0.17,20,40,70,75,270,25,120,0,270,71500,295,87000,295,150,515,370,340,30,71.8,66,8.1,,,,,,,,,,,,,,,,,,,,,,,,
2021S051235300116,35300116,Waterloo,2021A00053530016,2021,121436,104986,15.7,1.8,1.8,00000,538,2419.1,0.22,20,25,65,35,230,5,0,0,225,102000,230,111000,230,10,455,260,245,15,57.1,53.8,5.8,,,,,,,,,,,,,,,,,,,,,,,,
2021S051235300117,35300117,Waterloo,2021A00053530016,2021,121436,104986,15.7,2.8,4.8,00000,536,3026.5,0.18,25,45,60,50,250,0,55,0,245,75500,250,83000,250,105,515,320,255,60,62.1,49.5,18.8,,,,,,,,,,,,,,,,,,,,,,,,
2021S051235300118,35300118,Waterloo,2021A00053530016,2021,121436,104986,15.7,1.7,3.3,00000,755,6281.2,0.12,15,25,45,25,465,10,130,275,470,75000,480,99600,480,185,720,225,200,20,31.3,27.8,8.9,,,,,,,,,,,,,,,,,,,,,,,,
2021S051235300119,35300119,Waterloo,2021A00053530016,2021,121436,104986,15.7,6,5.7,00000,398,2522.2,0.16,10,70,65,65,215,20,105,0,215,66500,215,74500,210,165,350,240,215,30,68.6,61.4,12.5,,,,,,,,,,,,,,,,,,,,,,,,
2021S051235300120,35300120,Waterloo,2021A00053530016,2021,121436,104986,15.7,6.4,4.5,00000,782,3408.9,0.23,35,135,115,100,375,30,215,0,380,73000,365,89600,365,220,770,500,450,45,64.9,58.4,9,,,,,,,,,,,,,,,,,,,,,,,,
2021S051235300121,35300121,Waterloo,2021A00053530016,2021,121436,104986,15.7,9.1,16.4,00010,539,2585.1,0.21,10,60,85,55,295,20,75,120,300,77000,260,98000,260,215,440,285,245,40,64.8,55.7,14,,,,,,,,,,,,,,,,,,,,,,,,
2021S051235300122,35300122,Waterloo,2021A00053530016,2021,121436,104986,15.7,6,7,00000,1086,3169.9,0.34,35,85,140,125,570,30,140,280,570,97000,565,141000,565,365,930,640,550,85,68.8,59.1,13.3,,,,,,,,,,,,,,,,,,,,,,,,
2021S051235300125,35300125,Waterloo,2021A00053530016,2021,121436,104986,15.7,1.3,2.5,00000,435,3125,0.14,30,20,25,20,155,10,15,0,160,128000,160,158000,160,10,350,235,210,25,67.1,60,10.6,,,,,,,,,,,,,,,,,,,,,,,,
2021S051235300126,35300126,Waterloo,2021A00053530016,2021,121436,104986,15.7,2.2,4.3,00000,411,4139,0.1,25,25,30,20,185,5,25,5,185,128000,185,147000,185,60,355,210,190,15,59.2,53.5,7.1,,,,,,,,,,,,,,,,,,,,,,,,
2021S051235300127,35300127,Waterloo,2021A00053530016,2021,121436,104986,15.7,3,2,00000,468,2575.7,0.18,30,20,30,50,200,10,20,5,200,128000,205,198000,205,50,400,285,265,15,71.3,66.3,5.3,,,,,,,,,,,,,,,,,,,,,,,,
2021S051235300128,35300128,Kitchener,2021A00053530013,2021,256885,233222,10.1,1.1,0,00000,419,3273.4,0.13,30,30,15,20,185,0,40,0,185,122000,180,148000,180,40,360,265,245,20,73.6,68.1,7.5,,,,,,,,,,,,,,,,,,,,,,,,
2021S051235300129,35300129,Kitchener,2021A00053530013,2021,256885,233222,10.1,3.2,2.4,00000,536,6218.1,0.09,5,30,70,55,350,0,25,285,350,58800,355,72400,355,330,505,285,250,35,56.4,49.5,12.3,,,,,,,,,,,,,,,,,,,,,,,,
2021S051235300130,35300130,Kitchener,2021A00053530013,2021,256885,233222,10.1,6.8,5.4,00000,388,3019.5,0.13,10,30,55,50,225,10,130,0,225,61200,220,80000,220,160,335,240,220,25,71.6,65.7,10.4,,,,,,,,,,,,,,,,,,,,,,,,
2021S051235300131,35300131,Waterloo,2021A00053530016,2021,121436,104986,15.7,3.1,2.6,00000,553,5552.2,0.1,5,20,75,65,320,15,90,145,320,66000,320,91000,315,250,465,335,290,45,72,62.4,13.4,,,,,,,,,,,,,,,,,,,,,,,,
2021S051235300132,35300132,Waterloo,2021A00053530016,2021,121436,104986,15.7,3,3,00000,1850,5185,0.36,50,150,285,205,1090,20,120,835,1090,82000,1105,107800,1105,635,1685,1010,920,85,59.9,54.6,8.4,,,,,,,,,,,,,,,,,,,,,,,,
2021S051235300133,35300133,Waterloo,2021A00053530016,2021,121436,104986,15.7,1.4,0,00000,540,2450.1,0.22,35,35,50,45,215,20,20,15,215,106000,235,142000,235,75,435,340,320,20,78.2,73.6,5.9,,,,,,,,,,,,,,,,,,,,,,,,
2021S051235300134,35300134,Kitchener,2021A00053530013,2021,256885,233222,10.1,3.4,2.9,00000,541,2213.6,0.24,15,40,75,80,290,50,100,0,290,77000,285,105000,285,175,435,365,315,50,83.9,72.4,13.7,,,,,,,,,,,,,,,,,,,,,,,,
2021S051235300135,35300135,Kitchener,2021A00053530013,2021,256885,233222,10.1,5.4,5.4,00000,532,1221,0.44,20,40,90,85,225,10,45,0,225,84000,225,101000,230,160,480,325,285,35,67.7,59.4,10.8,,,,,,,,,,,,,,,,,,,,,,,,
2021S051235300136,35300136,Kitchener,2021A00053530013,2021,256885,233222,10.1,5.4,10.7,00010,759,1968.9,0.39,25,50,145,105,410,30,110,140,405,70000,390,96400,390,235,650,480,425,55,73.8,65.4,11.5,,,,,,,,,,,,,,,,,,,,,,,,
2021S051235300137,35300137,Kitchener,2021A00053530013,2021,256885,233222,10.1,1.6,4.5,00000,1650,7000.4,0.24,65,120,210,165,805,40,380,40,805,70500,785,81000,785,675,1360,840,720,120,61.8,52.9,14.3,,,,,,,,,,,,,,,,,,,,,,,,
2021S051235300138,35300138,Kitchener,2021A00053530013,2021,256885,233222,10.1,1.9,2.7,00000,302,4950.8,0.06,0,5,35,40,155,10,80,0,160,61200,145,72000,145,95,250,165,160,10,66,64,6.1,,,,,,,,,,,,,,,,,,,,,,,,
2021S051235300139,35300139,Kitchener,2021A00053530013,2021,256885,233222,10.1,1.7,10.5,00010,526,3215.2,0.16,10,35,85,60,300,10,135,70,295,56000,275,60800,275,160,415,255,225,25,61.4,54.2,9.8,,,,,,,,,,,,,,,,,,,,,,,,
2021S051235300140,35300140,Kitchener,2021A00053530013,2021,256885,233222,10.1,3.2,1.8,00000,483,2253.8,0.21,10,35,55,60,220,20,70,0,215,67500,225,78500,225,115,415,295,285,10,71.1,68.7,3.4,,,,,,,,,,,,,,,,,,,,,,,,
2021S051235300141,35300141,Kitchener,2021A00053530013,2021,256885,233222,10.1,2.5,1.6,00000,492,3249.7,0.15,30,15,55,30,240,10,60,50,245,66000,265,98000,265,140,510,320,280,45,62.7,54.9,14.1,,,,,,,,,,,,,,,,,,,,,,,,
2021S051235300142,35300142,Kitchener,2021A00053530013,2021,256885,233222,10.1,1,2,00000,454,2231,0.2,15,20,35,45,205,15,25,0,200,79500,205,102000,205,55,365,230,205,25,63,56.2,10.9,,,,,,,,,,,,,,,,,,,,,,,,
2021S051235300143,35300143,Kitchener,2021A00053530013,2021,256885,233222,10.1,2.3,5.5,00000,472,3586.6,0.13,20,30,50,70,225,15,30,0,225,75000,225,83000,225,45,430,290,240,50,67.4,55.8,17.2,,,,,,,,,,,,,,,,,,,,,,,,
2021S051235300144,35300144,Kitchener,2021A00053530013,2021,256885,233222,10.1,1.7,1.4,00000,560,1637.9,0.34,20,20,40,70,300,15,5,120,300,66000,295,70500,295,140,525,255,245,15,48.6,46.7,5.9,,,,,,,,,,,,,,,,,,,,,,,,
2021S051235300145,35300145,Kitchener,2021A00053530013,2021,256885,233222,10.1,1.8,7.1,00000,686,3356.2,0.2,30,35,75,75,340,10,95,0,340,68500,340,82400,340,140,640,420,380,40,65.6,59.4,9.5,,,,,,,,,,,,,,,,,,,,,,,,
2021S051235300146,35300146,Kitchener,2021A00053530013,2021,256885,233222,10.1,2.5,3,00000,670,5317.5,0.13,45,55,75,70,275,5,130,0,275,66500,280,77500,280,160,545,385,325,55,70.6,59.6,14.3,,,,,,,,,,,,,,,,,,,,,,,,
2021S051235300147,35300147,Kitchener,2021A00053530013,2021,256885,233222,10.1,2.9,5.9,00000,601,5194.5,0.12,35,40,75,45,280,15,100,0,280,62400,270,62800,270,135,490,325,290,35,66.3,59.2,10.8,,,,,,,,,,,,,,,,,,,,,,,,
2021S051235300148,35300148,Kitchener,2021A00053530013,2021,256885,233222,10.1,1.9,3.4,00000,766,4537.9,0.17,30,50,105,95,360,30,160,0,360,70500,360,71600,365,260,625,420,390,35,67.2,62.4,8.3,,,,,,,,,,,,,,,,,,,,,,,,
2021S051235300149,35300149,Kitchener,2021A00053530013,2021,256885,233222,10.1,5.4,7.2,00000,995,4933.1,0.2,30,65,125,105,465,10,380,5,465,58400,455,66000,450,370,745,515,460,55,69.1,61.7,10.7,,,,,,,,,,,,,,,,,,,,,,,,
2021S051235300150,35300150,Kitchener,2021A00053530013,2021,256885,233222,10.1,2.7,3.4,00000,1052,2824.2,0.37,50,75,95,70,480,0,300,65,480,54000,485,61800,485,355,825,500,440,65,60.6,53.3,13,,,,,,,,,,,,,,,,,,,,,,,,
2021S051235300151,35300151,Kitchener,2021A00053530013,2021,256885,233222,10.1,2.6,5,00000,471,1510.6,0.31,25,30,55,45,235,5,105,0,230,67000,240,77000,240,85,435,305,275,30,70.1,63.2,9.8,,,,,,,,,,,,,,,,,,,,,,,,
2021S051235300152,35300152,Kitchener,2021A00053530013,2021,256885,233222,10.1,0.5,0,00000,509,1318.7,0.39,30,40,40,35,190,5,0,0,190,90000,210,91000,210,35,470,320,295,30,68.1,62.8,9.4,,,,,,,,,,,,,,,,,,,,,,,,
2021S051235300153,35300153,Kitchener,2021A00053530013,2021,256885,233222,10.1,2.7,2.9,00000,298,1583.4,0.19,10,20,50,40,150,0,135,0,145,57600,135,57000,135,135,235,150,130,20,63.8,55.3,13.3,,,,,,,,,,,,,,,,,,,,,,,,
2021S051235300154,35300154,Kitchener,2021A00053530013,2021,256885,233222,10.1,0.3,1,00000,1019,1543.7,0.66,65,60,85,95,400,5,5,60,400,84000,410,89200,405,205,860,590,515,75,68.6,59.9,12.7,,,,,,,,,,,,,,,,,,,,,,,,
2021S051235300155,35300155,Kitchener,2021A00053530013,2021,256885,233222,10.1,1.1,3,00000,767,8318.9,0.09,55,45,55,75,275,0,80,0,275,67000,265,74000,265,170,540,345,320,30,63.9,59.3,8.7,,,,,,,,,,,,,,,,,,,,,,,,
2021S051235300158,35300158,Kitchener,2021A00053530013,2021,256885,233222,10.1,1.3,4.9,00000,426,2624.8,0.16,15,25,40,25,160,0,0,0,160,95000,160,96000,160,15,410,225,180,45,54.9,43.9,20,,,,,,,,,,,,,,,,,,,,,,,,
2021S051235300159,35300159,Kitchener,2021A00053530013,2021,256885,233222,10.1,1.9,7.9,00000,426,2143.9,0.2,20,25,30,30,155,0,0,0,160,108000,145,114000,145,20,330,230,210,15,69.7,63.6,6.5,,,,,,,,,,,,,,,,,,,,,,,,
2021S051235300160,35300160,Kitchener,2021A00053530013,2021,256885,233222,10.1,0,0,00909,219,2528.9,0.09,10,10,5,5,95,0,0,0,,,,,95,0,215,110,95,10,51.2,44.2,9.1,,,,,,,,,,,,6,6,6,6,,,,,,,,,
2021S051235300161,35300161,Kitchener,2021A00053530013,2021,256885,233222,10.1,2,11.1,00010,415,3586.9,0.12,20,30,20,30,145,0,0,0,150,94000,125,102000,125,20,265,200,180,15,75.5,67.9,7.5,,,,,,,,,,,,,,,,,,,,,,,,
2021S051235300162,35300162,Kitchener,2021A00053530013,2021,256885,233222,10.1,1.3,0,00909,230,4291,0.05,10,15,15,15,80,0,0,0,,,,,80,0,185,115,105,10,62.2,56.8,8.7,,,,,,,,,,,,6,6,6,6,,,,,,,,,
2021S051235300163,35300163,Kitchener,2021A00053530013,2021,256885,233222,10.1,0.5,0,00000,513,3456.9,0.15,25,25,25,40,190,0,0,0,195,109000,205,96000,205,15,440,255,215,40,58,48.9,15.7,,,,,,,,,,,,,,,,,,,,,,,,
2021S051235300164,35300164,Kitchener,2021A00053530013,2021,256885,233222,10.1,1.8,4.9,00000,447,1907,0.23,25,20,40,25,165,5,0,0,165,103000,170,100000,170,25,350,225,205,20,64.3,58.6,8.9,,,,,,,,,,,,,,,,,,,,,,,,
2021S051235300165,35300165,Kitchener,2021A00053530013,2021,256885,233222,10.1,0,0,00009,253,3874.4,0.07,15,25,10,15,100,5,0,0,100,86000,,,95,30,185,120,110,10,64.9,59.5,8.3,,,,,,,,,,,,,,6,6,,,,,,,,,
2021S051235300166,35300166,Kitchener,2021A00053530013,2021,256885,233222,10.1,0.3,2.6,00000,839,4724.1,0.18,65,50,95,95,315,10,0,105,310,87000,310,92000,310,200,685,525,465,60,76.6,67.9,11.4,,,,,,,,,,,,,,,,,,,,,,,,
2021S051235300167,35300167,Kitchener,2021A00053530013,2021,256885,233222,10.1,1.7,5.7,00000,743,5295.8,0.14,45,45,65,65,345,0,65,185,340,57200,345,65200,345,205,615,360,310,50,58.5,50.4,13.9,,,,,,,,,,,,,,,,,,,,,,,,
2021S051235300168,35300168,Kitchener,2021A00053530013,2021,256885,233222,10.1,3.8,4,00009,289,5079.1,0.06,15,35,20,20,105,5,0,0,105,86000,,,95,15,215,155,140,15,72.1,65.1,9.7,,,,,,,,,,,,,,6,6,,,,,,,,,
2021S051235300169,35300169,Kitchener,2021A00053530013,2021,256885,233222,10.1,2.7,1.2,00000,671,9345.4,0.07,25,35,40,35,330,0,140,135,325,63200,335,70400,330,280,590,290,250,40,49.2,42.4,13.8,,,,,,,,,,,,,,,,,,,,,,,,
2021S051235300171,35300171,Kitchener,2021A00053530013,2021,256885,233222,10.1,0.6,2.6,00000,468,2653.1,0.18,25,25,20,35,155,5,0,0,160,84000,155,100000,155,65,385,245,195,50,63.6,50.6,20.4,,,,,,,,,,,,,,,,,,,,,,,,
2021S051235300172,35300172,Kitchener,2021A00053530013,2021,256885,233222,10.1,2.2,2.2,00000,466,3222.7,0.14,10,25,35,35,180,5,0,0,180,113000,185,102000,185,15,370,240,230,10,64.9,62.2,4.2,,,,,,,,,,,,,,,,,,,,,,,,
2021S051235300173,35300173,Kitchener,2021A00053530013,2021,256885,233222,10.1,1.6,3.1,00000,680,5067.1,0.13,35,50,70,75,255,15,25,0,250,89000,250,95000,250,105,545,375,310,60,68.8,56.9,16,,,,,,,,,,,,,,,,,,,,,,,,
2021S051235300177,35300177,Kitchener,2021A00053530013,2021,256885,233222,10.1,1.5,3,00000,627,2435,0.26,30,45,45,35,265,0,0,0,260,84000,270,104000,270,35,585,320,290,30,54.7,49.6,9.4,,,,,,,,,,,,,,,,,,,,,,,,
2021S051235300179,35300179,Kitchener,2021A00053530013,2021,256885,233222,10.1,2.7,6,00000,564,5049.2,0.11,15,40,40,55,260,0,10,95,265,67000,270,68000,270,140,450,260,240,20,57.8,53.3,7.7,,,,,,,,,,,,,,,,,,,,,,,,
2021S051235300180,35300180,Kitchener,2021A00053530013,2021,256885,233222,10.1,1.6,2,00000,587,3515,0.17,35,35,40,50,190,5,0,0,195,109000,205,128000,205,20,550,370,350,25,67.3,63.6,6.8,,,,,,,,,,,,,,,,,,,,,,,,
2021S051235300181,35300181,Kitchener,2021A00053530013,2021,256885,233222,10.1,0.6,0,00000,461,3540.7,0.13,30,25,15,25,170,5,0,0,170,99000,170,99000,170,20,380,220,195,20,57.9,51.3,9.1,,,,,,,,,,,,,,,,,,,,,,,,
2021S051235300182,35300182,Kitchener,2021A00053530013,2021,256885,233222,10.1,0,0,00000,495,2649.9,0.19,35,30,30,25,170,5,0,0,175,92000,165,96000,165,45,395,190,170,20,48.1,43,10.5,,,,,,,,,,,,,,,,,,,,,,,,
2021S051235300183,35300183,Kitchener,2021A00053530013,2021,256885,233222,10.1,0.6,0,00000,417,3163.9,0.13,15,20,20,40,155,5,0,0,155,110000,155,108000,155,0,310,205,190,10,66.1,61.3,4.9,,,,,,,,,,,,,,,,,,,,,,,,
2021S051235300184,35300184,Kitchener,2021A00053530013,2021,256885,233222,10.1,1.2,4.8,00000,474,2670.4,0.18,25,30,30,45,165,0,0,0,165,118000,160,120000,165,10,380,285,275,15,75,72.4,5.3,,,,,,,,,,,,,,,,,,,,,,,,
2021S051235300185,35300185,Kitchener,2021A00053530013,2021,256885,233222,10.1,1.1,0,00000,768,3436.2,0.22,55,55,45,50,265,0,0,0,265,101000,275,121000,275,15,705,530,480,50,75.2,68.1,9.4,,,,,,,,,,,,,,,,,,,,,,,,
2021S051235300186,35300186,Kitchener,2021A00053530013,2021,256885,233222,10.1,0.7,0,00000,1018,3504.3,0.29,45,45,50,30,300,0,0,40,300,102000,275,107000,270,35,610,385,335,50,63.1,54.9,13,,,,,,,,,,,,,,,,,,,,,,,,
2021S051235300187,35300187,Kitchener,2021A00053530013,2021,256885,233222,10.1,0,0,00000,430,2426.6,0.18,25,25,40,30,145,0,0,0,145,116000,155,128000,155,15,395,305,290,10,77.2,73.4,3.3,,,,,,,,,,,,,,,,,,,,,,,,
2021S051235300189,35300189,Kitchener,2021A00053530013,2021,256885,233222,10.1,0.4,1.6,00000,747,3051.5,0.24,55,40,45,60,240,10,0,0,240,97000,240,96000,240,45,580,350,285,60,60.3,49.1,17.1,,,,,,,,,,,,,,,,,,,,,,,,
2021S051235300190,35300190,Kitchener,2021A00053530013,2021,256885,233222,10.1,0.7,2.9,00000,357,3342.7,0.11,15,15,15,40,135,5,0,0,135,99000,140,108000,140,25,310,230,210,20,74.2,67.7,8.7,,,,,,,,,,,,,,,,,,,,,,,,
2021S051235300191,35300191,Kitchener,2021A00053530013,2021,256885,233222,10.1,3.3,0,00000,303,1606.6,0.19,15,15,30,30,120,10,0,0,125,82000,130,94000,130,20,270,180,140,40,66.7,51.9,22.2,,,,,,,,,,,,,,,,,,,,,,,,
2021S051235300192,35300192,Kitchener,2021A00053530013,2021,256885,233222,10.1,0.6,0,00000,476,5042.4,0.09,25,25,40,40,170,5,0,0,170,89000,165,87000,165,25,335,230,205,25,68.7,61.2,10.9,,,,,,,,,,,,,,,,,,,,,,,,
2021S051235300193,35300193,Kitchener,2021A00053530013,2021,256885,233222,10.1,1.8,3.9,00000,1626,5832.1,0.28,120,125,165,165,625,5,170,0,620,68500,620,79200,620,405,1285,840,720,110,65.4,56,13.1,,,,,,,,,,,,,,,,,,,,,,,,
2021S051235300194,35300194,Kitchener,2021A00053530013,2021,256885,233222,10.1,1.2,2.3,00000,399,2174.4,0.18,5,15,30,25,170,5,0,0,170,100000,170,99000,170,15,330,220,185,40,66.7,56.1,18.2,,,,,,,,,,,,,,,,,,,,,,,,
2021S051235300195,35300195,Kitchener,2021A00053530013,2021,256885,233222,10.1,1.4,0,00000,359,3146.4,0.11,20,15,20,25,145,0,0,0,145,107000,130,116000,135,25,265,190,170,20,71.7,64.2,10.5,,,,,,,,,,,,,,,,,,,,,,,,
2021S051235300196,35300196,Kitchener,2021A00053530013,2021,256885,233222,10.1,1.8,4.5,00000,454,1880.7,0.24,25,30,30,15,170,15,0,0,170,96000,175,138000,175,35,385,235,200,35,61,51.9,14.9,,,,,,,,,,,,,,,,,,,,,,,,
2021S051235300197,35300197,Kitchener,2021A00053530013,2021,256885,233222,10.1,0.9,0,00000,543,2057.6,0.26,15,25,25,35,225,5,0,0,225,110000,230,117000,225,40,475,305,280,30,64.2,58.9,9.8,,,,,,,,,,,,,,,,,,,,,,,,
2021S051235300198,35300198,Kitchener,2021A00053530013,2021,256885,233222,10.1,1,2,00000,521,2423.3,0.22,20,25,25,20,200,10,0,0,200,121000,205,139000,205,10,490,320,290,25,65.3,59.2,7.8,,,,,,,,,,,,,,,,,,,,,,,,
2021S051235300199,35300199,Kitchener,2021A00053530013,2021,256885,233222,10.1,1.5,2.1,00000,519,3928.8,0.13,40,30,25,35,190,0,0,0,195,78000,190,86000,190,110,395,235,215,10,59.5,54.4,4.3,,,,,,,,,,,,,,,,,,,,,,,,
2021S051235300200,35300200,Kitchener,2021A00053530013,2021,256885,233222,10.1,2.6,2.1,00000,382,4103.1,0.09,10,35,50,55,190,0,0,160,190,54400,190,59600,190,155,310,190,155,35,61.3,50,18.4,,,,,,,,,,,,,,,,,,,,,,,,
2021S051235300201,35300201,Kitchener,2021A00053530013,2021,256885,233222,10.1,3.2,4.3,00000,426,3191,0.13,30,20,60,25,190,5,65,0,185,65500,180,78000,180,110,325,225,195,30,69.2,60,13.3,,,,,,,,,,,,,,,,,,,,,,,,
2021S051235300202,35300202,Kitchener,2021A00053530013,2021,256885,233222,10.1,5.3,4.7,00000,654,7163.2,0.09,35,50,75,75,260,10,15,160,260,70500,250,78000,250,180,540,320,255,65,59.3,47.2,20.3,,,,,,,,,,,,,,,,,,,,,,,,
2021S051235300203,35300203,Kitchener,2021A00053530013,2021,256885,233222,10.1,2.4,1.9,00000,545,6638.2,0.08,35,35,45,35,205,0,65,0,205,66000,215,74000,215,135,455,220,185,40,48.4,40.7,18.2,,,,,,,,,,,,,,,,,,,,,,,,
2021S051235300204,35300204,Kitchener,2021A00053530013,2021,256885,233222,10.1,0.7,0,00000,359,3505.9,0.1,5,20,25,35,135,0,0,0,135,88000,140,86000,135,0,280,140,130,15,50,46.4,10.7,,,,,,,,,,,,,,,,,,,,,,,,
2021S051235300205,35300205,Kitchener,2021A00053530013,2021,256885,233222,10.1,1.9,3.8,00000,606,7087.7,0.09,25,35,50,50,215,0,55,0,215,72000,215,72000,215,155,410,225,205,25,54.9,50,11.1,,,,,,,,,,,,,,,,,,,,,,,,
2021S051235300206,35300206,Kitchener,2021A00053530013,2021,256885,233222,10.1,1.1,4.3,00000,479,2084.4,0.23,35,10,30,20,185,0,0,0,185,99000,190,100000,190,25,405,170,155,15,42,38.3,8.8,,,,,,,,,,,,,,,,,,,,,,,,
2021S051235300207,35300207,Kitchener,2021A00053530013,2021,256885,233222,10.1,1.6,3.2,00000,711,1718.2,0.41,45,65,45,45,250,20,65,0,245,85000,240,89000,235,120,480,340,300,35,70.8,62.5,10.3,,,,,,,,,,,,,,,,,,,,,,,,
2021S051235300208,35300208,Kitchener,2021A00053530013,2021,256885,233222,10.1,0,0,00000,483,2048.3,0.24,30,20,25,25,165,0,0,0,165,119000,165,142000,170,10,370,250,235,15,67.6,63.5,6,,,,,,,,,,,,,,,,,,,,,,,,
2021S051235300212,35300212,Kitchener,2021A00053530013,2021,256885,233222,10.1,0,0,00000,320,3782.5,0.08,35,15,20,25,115,0,0,0,115,96000,105,104000,105,0,220,110,105,0,50,47.7,0,,,,,,,,,,,,,,,,,,,,,,,,
2021S051235300213,35300213,Kitchener,2021A00053530013,2021,256885,233222,10.1,1.6,2.5,00000,858,5678.4,0.15,60,50,80,60,320,130,15,0,320,85000,305,97000,305,85,670,450,410,40,67.2,61.2,8.9,,,,,,,,,,,,,,,,,,,,,,,,
2021S051235300214,35300214,Kitchener,2021A00053530013,2021,256885,233222,10.1,0,0,00000,302,2969.5,0.1,20,10,15,20,105,5,0,0,110,109000,110,118000,110,10,260,135,105,35,51.9,40.4,25.9,,,,,,,,,,,,,,,,,,,,,,,,
2021S051235300217,35300217,Kitchener,2021A00053530013,2021,256885,233222,10.1,3,4,00909,304,5314.7,0.06,5,20,15,20,95,0,0,95,,,,,105,105,160,70,65,0,43.8,40.6,0,,,,,,,,,,,,6,6,6,6,,,,,,,,,
2021S051235300218,35300218,Kitchener,2021A00053530013,2021,256885,233222,10.1,1,4,00000,1053,5411.1,0.19,80,35,80,65,400,5,55,10,405,81000,390,90000,390,155,845,475,415,60,56.2,49.1,12.6,,,,,,,,,,,,,,,,,,,,,,,,
2021S051235300219,35300219,Kitchener,2021A00053530013,2021,256885,233222,10.1,1.5,2.9,00000,412,4577.8,0.09,30,30,40,30,135,0,0,0,135,102000,130,110000,130,35,295,180,175,0,61,59.3,0,,,,,,,,,,,,,,,,,,,,,,,,
2021S051235300222,35300222,Kitchener,2021A00053530013,2021,256885,233222,10.1,0.8,3.6,00909,315,9431.1,0.03,5,10,25,35,115,0,0,115,,,,,110,85,210,125,95,30,59.5,45.2,24,,,,,,,,,,,,6,6,6,6,,,,,,,,,
2021S051235300223,35300223,Kitchener,2021A00053530013,2021,256885,233222,10.1,5.5,7.1,00000,1123,3955.6,0.28,50,90,130,95,505,5,190,0,505,63600,500,72800,500,320,875,585,515,65,66.9,58.9,11.1,,,,,,,,,,,,,,,,,,,,,,,,
2021S051235300224,35300224,Kitchener,2021A00053530013,2021,256885,233222,10.1,3,1.8,00000,558,4052.3,0.14,15,35,55,40,235,5,85,0,235,67500,235,76500,235,130,485,285,235,50,58.8,48.5,17.5,,,,,,,,,,,,,,,,,,,,,,,,
2021S051235300225,35300225,Kitchener,2021A00053530013,2021,256885,233222,10.1,2.7,6.5,00000,570,8096.6,0.07,45,55,55,50,185,0,15,0,185,62400,180,84000,180,110,450,255,235,30,56.7,52.2,11.8,,,,,,,,,,,,,,,,,,,,,,,,
2021S051235300226,35300226,Kitchener,2021A00053530013,2021,256885,233222,10.1,2.9,2.4,00000,404,3779.2,0.11,25,30,40,45,175,10,45,0,175,76500,160,68000,160,65,285,160,135,25,56.1,47.4,15.6,,,,,,,,,,,,,,,,,,,,,,,,
2021S051235300227,35300227,Kitchener,2021A00053530013,2021,256885,233222,10.1,3.2,4.2,00000,807,10717.1,0.08,35,65,60,75,280,15,145,75,275,63200,290,66500,290,250,565,280,230,45,49.6,40.7,16.1,,,,,,,,,,,,,,,,,,,,,,,,
2021S051235300228,35300228,Kitchener,2021A00053530013,2021,256885,233222,10.1,4.3,5.9,00000,1001,4230.8,0.24,60,70,90,90,330,0,145,145,325,56800,325,64800,320,315,680,415,335,80,61,49.3,19.3,,,,,,,,,,,,,,,,,,,,,,,,
2021S051235300231,35300231,Kitchener,2021A00053530013,2021,256885,233222,10.1,0.5,1.9,00000,515,1603.9,0.32,30,35,20,25,205,0,0,0,205,192000,205,224000,205,10,445,305,295,15,68.5,66.3,4.9,,,,,,,,,,,,,,,,,,,,,,,,
2021S051235300237,35300237,Kitchener,2021A00053530013,2021,256885,233222,10.1,1.6,1.3,00000,927,4700.8,0.2,60,60,70,85,315,0,65,55,320,75000,320,78500,320,170,680,390,340,50,57.4,50,12.8,,,,,,,,,,,,,,,,,,,,,,,,
2021S051235300238,35300238,Kitchener,2021A00053530013,2021,256885,233222,10.1,3.1,3.1,00000,418,10885.4,0.04,40,45,50,30,130,0,5,0,130,62800,120,77000,125,95,345,200,185,15,58,53.6,7.5,,,,,,,,,,,,,,,,,,,,,,,,
2021S051235300243,35300243,Kitchener,2021A00053530013,2021,256885,233222,10.1,0.8,0,00000,790,4249.6,0.19,70,50,45,50,255,0,0,0,255,80000,265,99000,260,130,630,375,290,80,59.5,46,21.3,,,,,,,,,,,,,,,,,,,,,,,,
2021S051235300247,35300247,Kitchener,2021A00053530013,2021,256885,233222,10.1,0.3,0,00000,1277,2604.5,0.49,70,65,35,50,355,0,0,0,355,121000,365,131000,365,10,885,550,485,65,62.1,54.8,11.8,,,,,,,,,,,,,,,,,,,,,,,,
2021S051235300249,35300249,Kitchener,2021A00053530013,2021,256885,233222,10.1,0,0,00000,695,2468,0.28,45,30,25,40,240,0,0,0,240,117000,255,142000,255,0,600,410,390,15,68.3,65,3.7,,,,,,,,,,,,,,,,,,,,,,,,
2021S051235300250,35300250,Kitchener,2021A00053530013,2021,256885,233222,10.1,0.6,2.6,00000,494,3103,0.16,30,50,20,20,155,5,0,0,155,129000,150,122000,155,0,360,195,175,20,54.2,48.6,10.3,,,,,,,,,,,,,,,,,,,,,,,,
2021S051235300252,35300252,Kitchener,2021A00053530013,2021,256885,233222,10.1,0.5,0,00000,487,3449,0.14,25,20,25,35,185,0,0,0,185,114000,185,131000,185,0,430,290,255,35,67.4,59.3,12.1,,,,,,,,,,,,,,,,,,,,,,,,
2021S051235300253,35300253,Kitchener,2021A00053530013,2021,256885,233222,10.1,0.5,2.2,00000,518,3147,0.16,25,25,30,40,185,5,0,0,180,114000,175,124000,180,10,435,255,240,15,58.6,55.2,5.9,,,,,,,,,,,,,,,,,,,,,,,,
2021S051235300254,35300254,Kitchener,2021A00053530013,2021,256885,233222,10.1,0,0,00000,412,3176.6,0.13,30,20,20,15,150,0,0,0,145,134000,150,120000,150,0,370,285,270,15,77,73,5.3,,,,,,,,,,,,,,,,,,,,,,,,
2021S051235300255,35300255,Kitchener,2021A00053530013,2021,256885,233222,10.1,0,0,00909,202,1416.5,0.14,10,10,15,15,75,0,0,0,,,,,70,0,175,80,75,0,45.7,42.9,0,,,,,,,,,,,,6,6,6,6,,,,,,,,,
2021S051235300256,35300256,Kitchener,2021A00053530013,2021,256885,233222,10.1,0.5,0,00000,546,2046.5,0.27,35,25,20,20,180,0,0,0,180,126000,190,160000,190,0,505,310,300,0,61.4,59.4,0,,,,,,,,,,,,,,,,,,,,,,,,
2021S051235300259,35300259,Kitchener,2021A00053530013,2021,256885,233222,10.1,0,0,00000,503,4174.3,0.12,20,30,45,45,175,0,0,0,175,109000,175,127000,175,25,415,325,285,45,78.3,68.7,13.8,,,,,,,,,,,,,,,,,,,,,,,,
2021S051235300262,35300262,Kitchener,2021A00053530013,2021,256885,233222,10.1,1.5,4,00000,556,2860.1,0.19,35,30,55,45,200,5,0,0,195,79500,190,96000,185,100,400,295,260,30,73.8,65,10.2,,,,,,,,,,,,,,,,,,,,,,,,
2021S051235300265,35300265,Waterloo,2021A00053530016,2021,121436,104986,15.7,0.9,1.1,00000,994,6271.3,0.16,55,65,55,55,350,0,0,5,350,69500,360,78400,360,285,720,375,290,90,52.1,40.3,24,,,,,,,,,,,,,,,,,,,,,,,,
2021S051235300266,35300266,Waterloo,2021A00053530016,2021,121436,104986,15.7,2.6,0,00000,326,5318.1,0.06,15,20,35,25,115,5,0,0,115,117000,120,108000,120,0,310,180,165,10,58.1,53.2,5.6,,,,,,,,,,,,,,,,,,,,,,,,
2021S051235300267,35300267,Waterloo,2021A00053530016,2021,121436,104986,15.7,0.6,0,00000,487,3053.3,0.16,50,45,25,20,175,0,0,0,175,76000,170,132000,170,90,385,265,235,25,68.8,61,9.4,,,,,,,,,,,,,,,,,,,,,,,,
2021S051235300268,35300268,Waterloo,2021A00053530016,2021,121436,104986,15.7,1.5,0,00000,672,3877.7,0.17,75,50,40,25,195,0,0,0,195,143000,205,208000,205,45,600,375,305,70,62.5,50.8,18.7,,,,,,,,,,,,,,,,,,,,,,,,
2021S051235300269,35300269,Waterloo,2021A00053530016,2021,121436,104986,15.7,2,0,00000,564,3323.5,0.17,35,30,60,45,250,0,65,0,250,93000,270,98000,270,40,530,300,280,25,56.6,52.8,8.3,,,,,,,,,,,,,,,,,,,,,,,,
2021S051235300273,35300273,Waterloo,2021A00053530016,2021,121436,104986,15.7,0,1.4,00000,801,3943.9,0.2,55,65,55,40,295,5,0,0,295,117000,295,135000,290,50,635,470,420,45,74,66.1,9.6,,,,,,,,,,,,,,,,,,,,,,,,
2021S051235300275,35300275,Waterloo,2021A00053530016,2021,121436,104986,15.7,1.4,1.9,00000,606,4508.9,0.13,55,55,50,30,215,0,0,0,215,108000,215,124000,215,55,440,330,300,25,75,68.2,7.6,,,,,,,,,,,,,,,,,,,,,,,,
2021S051235300276,35300276,Waterloo,2021A00053530016,2021,121436,104986,15.7,1,2,00000,518,3589.7,0.14,35,30,30,30,210,5,0,0,210,108000,205,121000,205,15,435,325,285,45,74.7,65.5,13.8,,,,,,,,,,,,,,,,,,,,,,,,
2021S051235300277,35300277,Kitchener,2021A00053530013,2021,256885,233222,10.1,1.5,1.9,00000,672,5324.9,0.13,65,55,55,45,205,10,0,0,205,121000,210,110000,210,50,590,345,305,40,58.5,51.7,11.6,,,,,,,,,,,,,,,,,,,,,,,,
2021S051235300280,35300280,Kitchener,2021A00053530013,2021,256885,233222,10.1,1.3,3.6,00000,752,2310.3,0.33,60,55,45,35,220,0,0,0,225,170000,220,310000,220,0,645,470,420,50,72.9,65.1,10.6,,,,,,,,,,,,,,,,,,,,,,,,
2021S051235300282,35300282,Waterloo,2021A00053530016,2021,121436,104986,15.7,2,5.1,00000,899,1155.7,0.78,40,45,60,50,390,5,50,90,390,104000,395,131000,395,145,785,460,415,45,58.6,52.9,9.8,,,,,,,,,,,,,,,,,,,,,,,,
2021S051235300283,35300283,Waterloo,2021A00053530016,2021,121436,104986,15.7,1.5,1.5,00000,674,2379.1,0.28,20,50,35,30,265,0,45,30,265,118000,265,176000,265,45,515,360,325,35,69.9,63.1,9.7,,,,,,,,,,,,,,,,,,,,,,,,
2021S051235300285,35300285,Waterloo,2021A00053530016,2021,121436,104986,15.7,2.6,1.1,00000,1101,3380.4,0.33,80,75,100,80,380,20,70,90,380,83000,390,109200,395,190,875,570,500,65,65.1,57.1,11.4,,,,,,,,,,,,,,,,,,,,,,,,
2021S051235300286,35300286,Waterloo,2021A00053530016,2021,121436,104986,15.7,2.3,2.5,00000,1131,8555.2,0.13,70,130,145,110,485,10,200,0,485,56800,485,64400,485,430,865,530,440,90,61.3,50.9,17,,,,,,,,,,,,,,,,,,,,,,,,
2021S051235300287,35300287,Waterloo,2021A00053530016,2021,121436,104986,15.7,2.9,3.8,00000,762,3415.5,0.22,35,110,120,65,315,20,115,10,310,75500,325,82400,325,225,645,445,385,60,69,59.7,13.5,,,,,,,,,,,,,,,,,,,,,,,,
2021S051235300288,35300288,Waterloo,2021A00053530016,2021,121436,104986,15.7,2.2,0,00000,447,2769.5,0.16,25,85,50,30,185,10,0,35,180,90000,215,110000,215,60,460,255,235,20,55.4,51.1,7.8,,,,,,,,,,,,,,,,,,,,,,,,
2021S051235300289,35300289,Waterloo,2021A00053530016,2021,121436,104986,15.7,5.5,6.6,00000,1369,5531.3,0.25,50,220,215,140,705,5,30,580,705,58000,715,73600,720,445,1305,700,585,115,53.6,44.8,16.4,,,,,,,,,,,,,,,,,,,,,,,,
2021S051235300290,35300290,Waterloo,2021A00053530016,2021,121436,104986,15.7,4.4,5.1,00000,1945,2911.2,0.67,95,155,180,150,690,10,20,650,690,92000,775,108600,775,765,1235,710,655,55,57.5,53,7.7,,,,,,,,,,,,,,,,,,,,,,,,
2021S051235300291,35300291,Waterloo,2021A00053530016,2021,121436,104986,15.7,5.7,4.9,00000,560,3351.3,0.17,20,65,50,50,245,15,50,60,245,91000,240,101000,240,90,430,270,225,45,62.8,52.3,16.7,,,,,,,,,,,,,,,,,,,,,,,,
2021S051235300292,35300292,Waterloo,2021A00053530016,2021,121436,104986,15.7,1.5,2,00000,473,1846.9,0.26,20,15,25,30,200,5,0,0,200,131000,190,148000,190,0,390,240,220,15,61.5,56.4,6.3,,,,,,,,,,,,,,,,,,,,,,,,
2021S051235300296,35300296,Waterloo,2021A00053530016,2021,121436,104986,15.7,15.4,17.3,01010,3283,8257,0.4,315,1885,680,170,1530,20,60,1400,1530,30600,1535,40320,1530,1390,2875,1625,1320,305,56.5,45.9,18.8,,,,,,,,,,,,,,,,,,,,,,,,
2021S051235300297,35300297,Waterloo,2021A00053530016,2021,121436,104986,15.7,9.8,10.7,00010,1454,2364.2,0.62,75,480,350,160,705,0,115,540,705,49600,715,56200,715,685,1315,910,770,140,69.2,58.6,15.4,,,,,,,,,,,,,,,,,,,,,,,,
2021S051235300298,35300298,Waterloo,2021A00053530016,2021,121436,104986,15.7,27.5,28.8,02020,2340,5231.4,0.45,210,1095,545,200,1250,35,180,960,1250,37200,1090,41400,1090,1025,1970,1325,1055,270,67.3,53.6,20.4,,,,,,,,,,,,,,,,,,,,,,,,
2021S051235300329,35300329,Kitchener,2021A00053530013,2021,256885,233222,10.1,1.8,0,00000,399,6303.3,0.06,20,40,70,50,170,5,0,0,170,76500,170,95000,170,85,345,255,220,35,73.9,63.8,13.7,,,,,,,,,,,,,,,,,,,,,,,,
2021S051235300330,35300330,Kitchener,2021A00053530013,2021,256885,233222,10.1,2.2,2.1,00000,520,3631.3,0.14,30,35,45,50,185,5,0,0,180,96000,190,102000,190,30,410,315,270,45,76.8,65.9,14.3,,,,,,,,,,,,,,,,,,,,,,,,
2021S051235300332,35300332,Kitchener,2021A00053530013,2021,256885,233222,10.1,0.8,0,00000,299,2045.1,0.15,10,25,20,20,120,15,0,0,120,99000,120,112000,120,10,245,100,80,15,40.8,32.7,15,,,,,,,,,,,,,,,,,,,,,,,,
2021S051235300333,35300333,Kitchener,2021A00053530013,2021,256885,233222,10.1,2.3,3.6,00000,630,4158.4,0.15,30,60,60,60,220,10,0,0,215,94000,215,106000,215,30,470,330,325,10,70.2,69.1,3,,,,,,,,,,,,,,,,,,,,,,,,
2021S051235300334,35300334,Kitchener,2021A00053530013,2021,256885,233222,10.1,0,0,00000,251,809.4,0.31,10,15,10,20,95,5,0,0,90,104000,105,94000,105,0,230,130,130,0,56.5,56.5,0,,,,,,,,,,,,,,,,,,,,,,,,
2021S051235300335,35300335,Kitchener,2021A00053530013,2021,256885,233222,10.1,2.5,1.6,00000,615,6346.7,0.1,30,60,105,85,240,0,0,0,240,79000,250,86000,250,105,590,415,400,15,70.3,67.8,3.6,,,,,,,,,,,,,,,,,,,,,,,,
2021S051235300338,35300338,Kitchener,2021A00053530013,2021,256885,233222,10.1,12.9,15.7,01010,766,5575,0.14,25,190,190,80,365,0,145,215,365,53200,345,52400,345,345,600,460,385,75,76.7,64.2,16.3,,,,,,,,,,,,,,,,,,,,,,,,
2021S051235300339,35300339,Kitchener,2021A00053530013,2021,256885,233222,10.1,2.7,3,00000,1023,1264.5,0.81,70,70,115,100,415,15,95,0,415,88000,415,122800,415,160,860,570,500,70,66.3,58.1,12.3,,,,,,,,,,,,,,,,,,,,,,,,
2021S051235300340,35300340,Kitchener,2021A00053530013,2021,256885,233222,10.1,1.7,2.9,00000,1271,12232.9,0.1,50,65,135,125,690,0,0,545,690,64500,700,73800,695,375,1145,805,680,130,70.3,59.4,16.1,,,,,,,,,,,,,,,,,,,,,,,,
2021S051235300341,35300341,Kitchener,2021A00053530013,2021,256885,233222,10.1,0.4,0,00000,646,3672.5,0.18,45,30,40,50,265,5,0,0,260,92000,250,96000,255,35,525,325,310,15,61.9,59,4.6,,,,,,,,,,,,,,,,,,,,,,,,
2021S051235300343,35300343,Kitchener,2021A00053530013,2021,256885,233222,10.1,1,0,00000,502,4162.5,0.12,15,35,30,50,195,0,0,0,195,83000,195,92000,195,35,400,240,205,30,60,51.3,12.5,,,,,,,,,,,,,,,,,,,,,,,,
2021S051235300344,35300344,Kitchener,2021A00053530013,2021,256885,233222,10.1,1.4,1.8,00000,1048,9821.9,0.11,45,95,120,105,440,0,65,190,435,65500,450,74800,450,225,855,570,520,50,66.7,60.8,8.8,,,,,,,,,,,,,,,,,,,,,,,,
2021S051235300347,35300347,Kitchener,2021A00053530013,2021,256885,233222,10.1,3.1,4,00000,515,3781.2,0.14,35,35,55,25,195,5,20,0,190,89000,185,100000,185,55,420,320,295,30,76.2,70.2,9.4,,,,,,,,,,,,,,,,,,,,,,,,
2021S051235300348,35300348,Kitchener,2021A00053530013,2021,256885,233222,10.1,2.1,2.1,00000,429,3704.7,0.12,20,30,60,40,195,15,60,0,190,78000,180,84000,180,100,380,225,165,60,59.2,43.4,26.7,,,,,,,,,,,,,,,,,,,,,,,,
2021S051235300349,35300349,Kitchener,2021A00053530013,2021,256885,233222,10.1,2,4.7,00000,528,4603.3,0.11,20,30,50,55,250,10,130,0,245,68500,255,69000,255,170,490,275,220,55,56.1,44.9,20,,,,,,,,,,,,,,,,,,,,,,,,
2021S051235300350,35300350,Kitchener,2021A00053530013,2021,256885,233222,10.1,1.7,1.8,00000,552,2319.3,0.24,15,35,60,55,230,5,5,0,230,90000,230,89000,230,45,455,290,275,25,63.7,60.4,8.6,,,,,,,,,,,,,,,,,,,,,,,,
2021S051235300351,35300351,Kitchener,2021A00053530013,2021,256885,233222,10.1,0.8,1.5,00000,632,2867.5,0.22,40,40,70,65,265,0,60,0,260,77000,275,85000,275,125,590,350,300,50,59.3,50.8,14.3,,,,,,,,,,,,,,,,,,,,,,,,
2021S051235300353,35300353,Kitchener,2021A00053530013,2021,256885,233222,10.1,2.3,3.7,00000,484,7311.2,0.07,30,40,35,35,215,0,0,130,215,53600,210,61600,215,105,340,195,175,20,57.4,51.5,10.3,,,,,,,,,,,,,,,,,,,,,,,,
2021S051235300354,35300354,Kitchener,2021A00053530013,2021,256885,233222,10.1,3.9,3.7,00000,987,4558.9,0.22,45,95,110,110,410,10,95,215,410,65000,430,69600,430,320,835,495,435,55,59.3,52.1,11.1,,,,,,,,,,,,,,,,,,,,,,,,
2021S051235300355,35300355,Kitchener,2021A00053530013,2021,256885,233222,10.1,2.3,2.2,00000,365,2393.4,0.15,10,20,25,25,175,15,30,0,175,69500,185,83000,185,50,365,195,180,15,53.4,49.3,7.7,,,,,,,,,,,,,,,,,,,,,,,,
2021S051235300357,35300357,Kitchener,2021A00053530013,2021,256885,233222,10.1,1.7,1.3,00000,618,924.9,0.67,15,30,45,40,305,10,95,0,300,66500,305,74500,305,140,530,345,305,40,65.1,57.5,11.6,,,,,,,,,,,,,,,,,,,,,,,,
2021S051235300358,35300358,Kitchener,2021A00053530013,2021,256885,233222,10.1,3,4.1,00000,574,2316.4,0.25,10,35,60,40,300,10,35,150,305,58800,280,72000,280,85,450,205,190,20,45.6,42.2,9.8,,,,,,,,,,,,,,,,,,,,,,,,
2021S051235300359,35300359,Kitchener,2021A00053530013,2021,256885,233222,10.1,2.3,1.8,00000,510,2378.7,0.21,30,45,50,55,220,20,40,0,220,97000,230,111000,235,75,485,370,350,15,76.3,72.2,4.1,,,,,,,,,,,,,,,,,,,,,,,,
2021S051235300360,35300360,Kitchener,2021A00053530013,2021,256885,233222,10.1,1.6,2.7,00000,633,2051.9,0.31,25,40,50,45,305,15,35,95,305,78000,305,85000,305,60,540,345,310,35,63.9,57.4,10.1,,,,,,,,,,,,,,,,,,,,,,,,
2021S051235300361,35300361,Kitchener,2021A00053530013,2021,256885,233222,10.1,0.9,0,00000,485,2357.8,0.21,20,20,45,45,235,5,110,0,235,61600,260,77500,260,155,440,305,245,60,69.3,55.7,19.7,,,,,,,,,,,,,,,,,,,,,,,,
2021S051235300362,35300362,Kitchener,2021A00053530013,2021,256885,233222,10.1,2.8,1.9,00000,500,1027.1,0.49,25,35,40,50,210,10,70,0,210,90000,210,115000,210,95,440,285,270,20,64.8,61.4,7,,,,,,,,,,,,,,,,,,,,,,,,
2021S051235300363,35300363,Kitchener,2021A00053530013,2021,256885,233222,10.1,4.7,6.8,00000,559,2670.8,0.21,30,40,35,55,235,25,75,0,230,71500,235,89000,235,80,435,295,280,15,67.8,64.4,5.1,,,,,,,,,,,,,,,,,,,,,,,,
2021S051235300364,35300364,Kitchener,2021A00053530013,2021,256885,233222,10.1,5.1,6.8,00000,501,4965.3,0.1,25,25,45,50,235,25,85,0,240,72500,230,84000,230,95,445,300,265,35,67.4,59.6,11.7,,,,,,,,,,,,,,,,,,,,,,,,
2021S051235300365,35300365,Kitchener,2021A00053530013,2021,256885,233222,10.1,2.5,7.6,00000,628,5340.1,0.12,30,40,75,60,315,50,85,70,310,56400,310,62400,310,220,485,280,230,45,57.7,47.4,16.1,,,,,,,,,,,,,,,,,,,,,,,,
2021S051235300366,35300366,Kitchener,2021A00053530013,2021,256885,233222,10.1,3,4.9,00000,673,2021.6,0.33,25,50,90,80,325,20,125,45,325,60800,310,63200,310,210,485,335,305,30,69.1,62.9,9,,,,,,,,,,,,,,,,,,,,,,,,
2021S051235300367,35300367,Kitchener,2021A00053530013,2021,256885,233222,10.1,1.5,4.7,00000,477,7271.3,0.07,20,60,80,65,270,10,150,75,270,55600,240,56800,245,200,395,310,285,20,78.5,72.2,6.5,,,,,,,,,,,,,,,,,,,,,,,,
2021S051235300368,35300368,Kitchener,2021A00053530013,2021,256885,233222,10.1,2.6,7.3,00000,336,4087.6,0.08,15,30,60,45,155,20,60,0,155,65500,165,75500,170,95,355,240,225,15,67.6,63.4,6.3,,,,,,,,,,,,,,,,,,,,,,,,
2021S051235300369,35300369,Kitchener,2021A00053530013,2021,256885,233222,10.1,2.3,1.1,00000,563,11215.1,0.05,10,30,80,40,355,10,60,275,355,48800,370,70000,370,180,590,285,240,50,48.3,40.7,17.5,,,,,,,,,,,,,,,,,,,,,,,,
2021S051235300370,35300370,Kitchener,2021A00053530013,2021,256885,233222,10.1,1.4,4.3,00000,647,22157.5,0.03,15,45,75,90,365,5,5,350,365,67500,370,96800,370,270,595,415,370,45,69.7,62.2,10.8,,,,,,,,,,,,,,,,,,,,,,,,
2021S051235300371,35300371,Kitchener,2021A00053530013,2021,256885,233222,10.1,1.4,4.8,00000,1105,8295.8,0.13,45,80,130,85,505,25,165,250,500,60000,495,74000,495,420,865,540,465,80,62.4,53.8,14.8,,,,,,,,,,,,,,,,,,,,,,,,
2021S051235300372,35300372,Kitchener,2021A00053530013,2021,256885,233222,10.1,1.3,7.3,00000,1504,3709,0.41,40,70,110,120,815,30,90,550,815,62800,800,80600,800,685,1320,615,540,80,46.6,40.9,13,,,,,,,,,,,,,,,,,,,,,,,,
2021S051235300373,35300373,Kitchener,2021A00053530013,2021,256885,233222,10.1,2.5,0,00009,259,4868.4,0.05,5,20,30,30,120,15,25,0,120,72000,,,115,50,215,175,135,40,81.4,62.8,22.9,,,,,,,,,,,,,,6,6,,,,,,,,,
2021S051235300374,35300374,Kitchener,2021A00053530013,2021,256885,233222,10.1,2.1,7.2,00000,1084,3811.5,0.28,40,80,145,120,510,80,80,190,515,72500,515,87200,515,275,980,690,595,95,70.4,60.7,13.8,,,,,,,,,,,,,,,,,,,,,,,,
2021S051235300375,35300375,Kitchener,2021A00053530013,2021,256885,233222,10.1,0.5,0,00000,449,4682,0.1,25,15,40,55,200,20,40,0,200,93000,215,114000,215,75,395,315,295,20,79.7,74.7,6.3,,,,,,,,,,,,,,,,,,,,,,,,
2021S051235300376,35300376,Kitchener,2021A00053530013,2021,256885,233222,10.1,1.6,3.3,00000,671,2355.2,0.28,25,50,90,80,365,35,105,100,365,67000,370,85200,370,185,615,435,395,40,70.7,64.2,9.2,,,,,,,,,,,,,,,,,,,,,,,,
2021S051235300377,35300377,Kitchener,2021A00053530013,2021,256885,233222,10.1,2.6,4.7,00000,695,1753.3,0.4,20,40,80,100,340,35,95,0,345,72000,325,84000,330,165,610,455,385,70,74.6,63.1,15.4,,,,,,,,,,,,,,,,,,,,,,,,
2021S051235300378,35300378,Kitchener,2021A00053530013,2021,256885,233222,10.1,1.9,2.5,00000,610,1497.7,0.41,25,40,95,55,315,40,115,0,310,65500,325,65200,325,185,555,390,355,35,70.3,64,9,,,,,,,,,,,,,,,,,,,,,,,,
2021S051235300379,35300379,Kitchener,2021A00053530013,2021,256885,233222,10.1,4.5,6.1,00000,507,4190.1,0.12,15,20,45,35,200,5,90,0,195,68000,195,82000,195,100,365,230,200,30,63,54.8,13,,,,,,,,,,,,,,,,,,,,,,,,
2021S051235300380,35300380,Kitchener,2021A00053530013,2021,256885,233222,10.1,2.2,1.8,00000,516,4012.4,0.13,25,30,50,35,225,15,55,0,230,59200,240,77000,240,135,420,265,220,45,63.1,52.4,17,,,,,,,,,,,,,,,,,,,,,,,,
2021S051235300381,35300381,Kitchener,2021A00053530013,2021,256885,233222,10.1,3.3,9.7,00000,1162,4436.8,0.26,10,135,305,260,780,5,165,590,775,72500,795,90600,795,595,1100,915,860,55,83.2,78.2,6,,,,,,,,,,,,,,,,,,,,,,,,
2021S051235300382,35300382,Kitchener,2021A00053530013,2021,256885,233222,10.1,1.7,4.3,00000,475,4891.9,0.1,10,45,55,55,280,15,155,70,285,41600,290,60800,290,245,415,265,230,35,63.9,55.4,13.2,,,,,,,,,,,,,,,,,,,,,,,,
2021S051235300383,35300383,Kitchener,2021A00053530013,2021,256885,233222,10.1,0.3,4.2,00000,740,17411.8,0.04,10,65,70,95,375,5,30,325,375,64000,370,74000,370,320,645,400,340,60,62,52.7,15,,,,,,,,,,,,,,,,,,,,,,,,
2021S051235300384,35300384,Kitchener,2021A00053530013,2021,256885,233222,10.1,7.2,7.3,00000,356,2746.9,0.13,25,15,50,35,165,20,55,0,170,82000,155,144000,160,50,325,250,205,45,76.9,63.1,18,,,,,,,,,,,,,,,,,,,,,,,,
2021S051235300385,35300385,Kitchener,2021A00053530013,2021,256885,233222,10.1,1.8,2.3,00000,596,15360.8,0.04,15,15,65,70,345,5,15,295,340,61600,355,136500,355,210,585,305,250,55,52.1,42.7,18,,,,,,,,,,,,,,,,,,,,,,,,
2021S051235300386,35300386,Kitchener,2021A00053530013,2021,256885,233222,10.1,0.8,1.6,00000,477,5932.8,0.08,5,30,50,50,265,25,60,105,265,59200,265,64000,265,195,390,270,235,40,69.2,60.3,14.8,,,,,,,,,,,,,,,,,,,,,,,,
2021S051235300387,35300387,Kitchener,2021A00053530013,2021,256885,233222,10.1,0.5,6.3,00000,474,4768.6,0.1,30,30,30,35,200,60,25,0,205,83000,190,118000,190,55,365,280,245,35,76.7,67.1,12.5,,,,,,,,,,,,,,,,,,,,,,,,
2021S051235300388,35300388,Kitchener,2021A00053530013,2021,256885,233222,10.1,2.2,7.5,00000,544,5991.2,0.09,15,25,60,60,275,15,55,90,275,78500,260,115000,260,85,450,305,280,30,67.8,62.2,9.8,,,,,,,,,,,,,,,,,,,,,,,,
2021S051235300389,35300389,Kitchener,2021A00053530013,2021,256885,233222,10.1,1.5,4.1,00000,432,1991.7,0.22,15,15,35,45,205,25,45,0,200,83000,205,98000,205,65,385,270,255,15,70.1,66.2,5.6,,,,,,,,,,,,,,,,,,,,,,,,
2021S051235300390,35300390,Kitchener,2021A00053530013,2021,256885,233222,10.1,0.6,2.4,00000,456,1918.4,0.24,20,15,25,25,165,5,20,0,165,83000,160,112000,160,45,285,195,190,10,68.4,66.7,5.1,,,,,,,,,,,,,,,,,,,,,,,,
2021S051235300391,35300391,Kitchener,2021A00053530013,2021,256885,233222,10.1,2.6,6.5,00000,455,4513.9,0.1,25,20,35,25,190,20,30,0,185,97000,190,124000,195,50,425,320,285,30,75.3,67.1,9.4,,,,,,,,,,,,,,,,,,,,,,,,
2021S051235300392,35300392,Kitchener,2021A00053530013,2021,256885,233222,10.1,0,0,00000,438,3818.7,0.11,35,15,10,20,150,0,0,0,145,172000,150,365000,150,0,360,255,240,15,70.8,66.7,5.9,,,,,,,,,,,,,,,,,,,,,,,,
2021S051235300393,35300393,Kitchener,2021A00053530013,2021,256885,233222,10.1,2.9,4.4,00000,405,4364.2,0.09,15,5,15,30,175,5,15,0,175,101000,165,122000,170,30,325,240,230,15,73.8,70.8,6.3,,,,,,,,,,,,,,,,,,,,,,,,
2021S051235300394,35300394,Kitchener,2021A00053530013,2021,256885,233222,10.1,2,0,00000,473,5818,0.08,20,25,35,45,205,55,45,0,200,93000,220,85000,220,110,385,315,295,25,81.8,76.6,7.9,,,,,,,,,,,,,,,,,,,,,,,,
2021S051235300395,35300395,Kitchener,2021A00053530013,2021,256885,233222,10.1,5.9,14.6,00010,417,1776.7,0.23,15,35,45,45,200,35,100,0,205,67000,185,99000,185,120,340,265,245,25,77.9,72.1,9.4,,,,,,,,,,,,,,,,,,,,,,,,
2021S051235300396,35300396,Kitchener,2021A00053530013,2021,256885,233222,10.1,5.9,6.8,00000,1419,4511.9,0.31,20,125,270,215,805,30,265,480,805,64500,845,64200,845,655,1280,945,835,105,73.8,65.2,11.1,,,,,,,,,,,,,,,,,,,,,,,,
2021S051235300397,35300397,Kitchener,2021A00053530013,2021,256885,233222,10.1,4,15.4,00010,494,5458.6,0.09,15,40,50,50,325,20,160,120,325,30800,290,40400,290,275,405,190,145,40,46.9,35.8,21.1,,,,,,,,,,,,,,,,,,,,,,,,
2021S051235300398,35300398,Kitchener,2021A00053530013,2021,256885,233222,10.1,0,0,00000,402,2311.7,0.17,20,15,30,25,165,5,0,0,160,98000,165,143000,165,15,355,250,210,40,70.4,59.2,16,,,,,,,,,,,,,,,,,,,,,,,,
2021S051235300399,35300399,Kitchener,2021A00053530013,2021,256885,233222,10.1,2.4,3.3,00000,624,2439.4,0.26,20,30,35,30,255,10,25,0,255,106000,245,117000,240,55,515,405,350,55,78.6,68,13.6,,,,,,,,,,,,,,,,,,,,,,,,
2021S051235300400,35300400,Kitchener,2021A00053530013,2021,256885,233222,10.1,1.8,2.5,00000,387,3172.1,0.12,20,20,30,35,170,0,35,0,170,81000,155,86000,155,45,275,170,150,15,61.8,54.5,8.8,,,,,,,,,,,,,,,,,,,,,,,,
2021S051235300401,35300401,Kitchener,2021A00053530013,2021,256885,233222,10.1,2.4,1.9,00000,433,2162.8,0.2,15,35,40,35,205,10,60,0,210,81000,215,84000,215,80,355,260,235,25,73.2,66.2,9.6,,,,,,,,,,,,,,,,,,,,,,,,
2021S051235300402,35300402,Kitchener,2021A00053530013,2021,256885,233222,10.1,0.8,1.5,00000,602,2986.1,0.2,40,30,50,40,260,0,50,0,265,86000,260,97000,265,60,525,315,295,20,60,56.2,6.3,,,,,,,,,,,,,,,,,,,,,,,,
2021S051235300403,35300403,Kitchener,2021A00053530013,2021,256885,233222,10.1,2,4.8,00000,621,3100.3,0.2,30,20,30,55,250,5,25,0,250,98000,245,106000,245,70,520,305,305,0,58.7,58.7,0,,,,,,,,,,,,,,,,,,,,,,,,
2021S051235300404,35300404,Kitchener,2021A00053530013,2021,256885,233222,10.1,1.4,0,00000,484,3228.8,0.15,20,25,40,45,215,0,60,0,215,86000,220,90000,215,85,425,300,260,40,70.6,61.2,13.3,,,,,,,,,,,,,,,,,,,,,,,,
2021S051235300405,35300405,Kitchener,2021A00053530013,2021,256885,233222,10.1,2.3,1.3,00000,606,2100.5,0.29,20,45,70,50,305,35,95,40,305,62800,325,70000,330,190,575,375,335,40,65.2,58.3,10.7,,,,,,,,,,,,,,,,,,,,,,,,
2021S051235300406,35300406,Kitchener,2021A00053530013,2021,256885,233222,10.1,1,2,00000,416,2439.9,0.17,20,20,35,45,200,15,80,0,200,70500,200,101000,200,85,340,300,255,40,88.2,75,13.3,,,,,,,,,,,,,,,,,,,,,,,,
2021S051235300407,35300407,Kitchener,2021A00053530013,2021,256885,233222,10.1,2,5.2,00000,705,3444.1,0.2,10,40,75,75,395,10,195,130,390,52400,390,64800,390,335,625,395,330,70,63.2,52.8,17.7,,,,,,,,,,,,,,,,,,,,,,,,
2021S051235300408,35300408,Kitchener,2021A00053530013,2021,256885,233222,10.1,0,0,00000,497,2317,0.21,20,25,20,45,200,5,0,0,195,113000,195,123000,195,10,450,300,260,40,66.7,57.8,13.3,,,,,,,,,,,,,,,,,,,,,,,,
2021S051235300409,35300409,Kitchener,2021A00053530013,2021,256885,233222,10.1,2.5,2.6,00000,794,1993.5,0.4,40,50,55,55,350,0,210,0,350,69500,340,79200,340,200,610,355,325,30,58.2,53.3,8.5,,,,,,,,,,,,,,,,,,,,,,,,
2021S051235300410,35300410,Kitchener,2021A00053530013,2021,256885,233222,10.1,0.7,1.3,00000,611,2441.1,0.25,30,25,30,25,295,0,5,155,295,63600,295,88000,295,170,560,280,260,25,50,46.4,8.9,,,,,,,,,,,,,,,,,,,,,,,,
2021S051235300413,35300413,Kitchener,2021A00053530013,2021,256885,233222,10.1,0,1.8,00000,546,6000,0.09,45,30,45,45,225,0,115,0,230,51200,225,67000,220,160,375,205,175,30,54.7,46.7,14.6,,,,,,,,,,,,,,,,,,,,,,,,
2021S051235300414,35300414,Kitchener,2021A00053530013,2021,256885,233222,10.1,0.6,0,00000,450,3057.1,0.15,35,30,25,40,170,0,0,0,165,94000,175,106000,175,30,390,250,215,35,64.1,55.1,14,,,,,,,,,,,,,,,,,,,,,,,,
2021S051235300415,35300415,Kitchener,2021A00053530013,2021,256885,233222,10.1,2.1,1.4,00000,660,5148.2,0.13,30,35,60,60,290,0,10,275,290,55600,285,62400,285,285,535,330,245,85,61.7,45.8,25.8,,,,,,,,,,,,,,,,,,,,,,,,
2021S051235300416,35300416,Kitchener,2021A00053530013,2021,256885,233222,10.1,1,3.8,00000,325,5701.8,0.06,35,20,20,20,100,0,0,0,100,100000,100,106000,100,60,250,165,130,35,66,52,21.2,,,,,,,,,,,,,,,,,,,,,,,,
2021S051235300417,35300417,Kitchener,2021A00053530013,2021,256885,233222,10.1,1.2,0,00000,436,4082.4,0.11,20,25,30,45,175,5,45,0,170,85000,180,89000,175,55,385,235,215,15,61,55.8,6.4,,,,,,,,,,,,,,,,,,,,,,,,
2021S051235300418,35300418,Kitchener,2021A00053530013,2021,256885,233222,10.1,0.3,0,00000,793,2492.1,0.32,50,40,40,30,290,5,10,0,290,121000,280,141000,285,15,640,340,310,25,53.1,48.4,7.4,,,,,,,,,,,,,,,,,,,,,,,,
2021S051235300424,35300424,Kitchener,2021A00053530013,2021,256885,233222,10.1,1,3.8,00000,470,542.9,0.87,25,25,15,15,205,20,5,0,205,82000,205,91000,205,35,390,215,180,25,55.1,46.2,11.6,,,,,,,,,,,,,,,,,,,,,,,,
2021S051235300425,35300425,Kitchener,2021A00053530013,2021,256885,233222,10.1,4.2,4.8,00909,231,6916.2,0.03,15,20,30,15,95,20,10,30,,,,,85,45,140,105,85,20,75,60.7,19,,,,,,,,,,,,6,6,6,6,,,,,,,,,
2021S051235300429,35300429,Kitchener,2021A00053530013,2021,256885,233222,10.1,2.6,4.5,00000,655,2607.5,0.25,20,25,45,45,345,0,0,325,350,54400,360,61600,355,195,590,250,185,65,42.4,31.4,26,,,,,,,,,,,,,,,,,,,,,,,,
2021S051235300431,35300431,Kitchener,2021A00053530013,2021,256885,233222,10.1,0.5,0,00000,561,4466.6,0.13,45,40,65,55,210,25,40,0,210,78500,220,78000,220,100,440,265,230,35,60.2,52.3,13.2,,,,,,,,,,,,,,,,,,,,,,,,
2021S051235300432,35300432,Kitchener,2021A00053530013,2021,256885,233222,10.1,2.1,1.8,00000,535,1406.8,0.38,20,60,85,55,235,35,95,0,230,62400,240,82000,245,145,500,385,365,30,77,73,7.8,,,,,,,,,,,,,,,,,,,,,,,,
2021S051235300433,35300433,Kitchener,2021A00053530013,2021,256885,233222,10.1,1,2.2,00000,475,5478.7,0.09,20,40,40,50,195,25,25,0,190,80000,195,91000,190,70,390,255,210,45,65.4,53.8,17.6,,,,,,,,,,,,,,,,,,,,,,,,
2021S051235300434,35300434,Kitchener,2021A00053530013,2021,256885,233222,10.1,2.5,4.3,00000,849,7846.6,0.11,75,70,65,50,280,15,50,0,285,60800,295,65500,295,195,640,285,235,50,44.5,36.7,17.5,,,,,,,,,,,,,,,,,,,,,,,,
2021S051235300435,35300435,Kitchener,2021A00053530013,2021,256885,233222,10.1,0.7,6.1,00000,394,6042.9,0.07,30,30,35,30,135,5,5,0,135,74500,130,102000,130,55,340,230,185,40,67.6,54.4,17.4,,,,,,,,,,,,,,,,,,,,,,,,
2021S051235300436,35300436,Kitchener,2021A00053530013,2021,256885,233222,10.1,2.6,4.1,00000,515,6219.8,0.08,35,35,70,55,195,5,50,0,195,75500,195,87000,195,75,440,295,255,40,67,58,13.6,,,,,,,,,,,,,,,,,,,,,,,,
2021S051235300437,35300437,Kitchener,2021A00053530013,2021,256885,233222,10.1,1.2,1.3,00000,945,1716,0.55,55,60,85,80,320,10,20,0,320,101000,320,117200,320,60,765,550,480,70,71.9,62.7,12.7,,,,,,,,,,,,,,,,,,,,,,,,
2021S051235300438,35300438,Kitchener,2021A00053530013,2021,256885,233222,10.1,4.3,11.5,00010,1741,1992.9,0.87,60,95,110,85,675,10,320,5,675,64000,670,79800,670,325,1205,675,610,60,56,50.6,8.9,,,,,,,,,,,,,,,,,,,,,,,,
2021S051235300439,35300439,Kitchener,2021A00053530013,2021,256885,233222,10.1,3,6.1,00000,635,2806,0.23,30,50,30,45,265,5,60,0,265,83000,255,91000,255,70,515,255,220,45,49.5,42.7,17.6,,,,,,,,,,,,,,,,,,,,,,,,
2021S051235300440,35300440,Kitchener,2021A00053530013,2021,256885,233222,10.1,2.6,2.9,00000,619,2588.9,0.24,40,35,60,70,270,5,80,45,270,60800,280,74500,280,160,520,350,300,50,67.3,57.7,14.3,,,,,,,,,,,,,,,,,,,,,,,,
2021S051235300441,35300441,Kitchener,2021A00053530013,2021,256885,233222,10.1,2.7,2.9,00000,317,3154.2,0.1,15,20,30,40,145,0,15,30,145,82000,135,98000,135,50,265,195,185,15,73.6,69.8,7.7,,,,,,,,,,,,,,,,,,,,,,,,
2021S051235300442,35300442,Kitchener,2021A00053530013,2021,256885,233222,10.1,0.6,2.6,00000,397,856.3,0.46,15,25,20,30,155,5,0,0,150,102000,160,112000,160,10,385,225,215,0,58.4,55.8,0,,,,,,,,,,,,,,,,,,,,,,,,
2021S051235300443,35300443,Kitchener,2021A00053530013,2021,256885,233222,10.1,1,4,00000,300,2695.4,0.11,25,20,5,10,105,0,0,0,105,121000,95,148000,95,0,220,135,125,10,61.4,56.8,7.4,,,,,,,,,,,,,,,,,,,,,,,,
2021S051235300444,35300444,Kitchener,2021A00053530013,2021,256885,233222,10.1,0.6,0,00000,471,1887,0.25,35,25,15,25,165,0,0,0,165,118000,170,139000,170,10,410,250,225,20,61,54.9,8,,,,,,,,,,,,,,,,,,,,,,,,
2021S051235300445,35300445,Kitchener,2021A00053530013,2021,256885,233222,10.1,0.9,1.8,00000,466,1527.4,0.31,25,15,20,15,230,0,0,70,230,60800,220,89000,220,15,440,220,190,30,50,43.2,13.6,,,,,,,,,,,,,,,,,,,,,,,,
2021S051235300446,35300446,Kitchener,2021A00053530013,2021,256885,233222,10.1,3.8,5.7,00000,731,10943.1,0.07,45,35,50,55,345,0,300,0,345,45200,340,52600,340,320,530,295,225,65,55.7,42.5,22,,,,,,,,,,,,,,,,,,,,,,,,
2021S051235300447,35300447,Kitchener,2021A00053530013,2021,256885,233222,10.1,1.6,2.2,00000,502,2134.4,0.24,30,25,20,30,185,0,0,0,180,115000,180,122000,185,0,420,305,285,20,72.6,67.9,6.6,,,,,,,,,,,,,,,,,,,,,,,,
2021S051235300448,35300448,Kitchener,2021A00053530013,2021,256885,233222,10.1,3.3,3.1,00000,825,10456.3,0.08,35,45,45,60,390,0,0,295,390,51600,390,58800,385,285,710,340,285,55,47.9,40.1,16.2,,,,,,,,,,,,,,,,,,,,,,,,
2021S051235300449,35300449,Kitchener,2021A00053530013,2021,256885,233222,10.1,2.5,2.9,00000,568,4761.1,0.12,35,40,65,55,275,0,85,5,275,66000,290,68500,290,140,525,345,270,70,65.7,51.4,20.3,,,,,,,,,,,,,,,,,,,,,,,,
2021S051235300450,35300450,Kitchener,2021A00053530013,2021,256885,233222,10.1,1,3.9,00000,502,3669.6,0.14,30,25,55,40,200,0,95,0,205,78500,205,84000,200,75,395,245,215,35,62,54.4,14.3,,,,,,,,,,,,,,,,,,,,,,,,
2021S051235300451,35300451,Kitchener,2021A00053530013,2021,256885,233222,10.1,0.5,0,00000,496,3258.9,0.15,20,30,40,35,195,0,20,0,190,103000,190,115000,190,20,380,260,235,25,68.4,61.8,9.6,,,,,,,,,,,,,,,,,,,,,,,,
2021S051235300452,35300452,Kitchener,2021A00053530013,2021,256885,233222,10.1,1.9,0,00000,406,2098.2,0.19,25,25,25,20,155,0,5,0,160,100000,160,118000,160,10,330,230,210,20,69.7,63.6,8.7,,,,,,,,,,,,,,,,,,,,,,,,
2021S051235300453,35300453,Kitchener,2021A00053530013,2021,256885,233222,10.1,1,0,00000,529,883.6,0.6,30,25,35,40,205,0,5,0,200,119000,200,130000,200,10,470,320,285,30,68.1,60.6,9.4,,,,,,,,,,,,,,,,,,,,,,,,
2021S051235300454,35300454,Kitchener,2021A00053530013,2021,256885,233222,10.1,2.6,4.4,00000,640,3676,0.17,25,40,75,75,265,40,75,0,265,77500,270,89000,270,125,530,415,335,80,78.3,63.2,19.3,,,,,,,,,,,,,,,,,,,,,,,,
2021S051235300455,35300455,Kitchener,2021A00053530013,2021,256885,233222,10.1,3.4,1.7,00000,435,1837,0.24,20,45,25,25,235,5,110,50,235,36400,250,54000,250,225,390,220,180,40,56.4,46.2,18.2,,,,,,,,,,,,,,,,,,,,,,,,
2021S051235300456,35300456,Kitchener,2021A00053530013,2021,256885,233222,10.1,1.1,1.5,00000,557,4466.7,0.12,15,25,80,65,265,0,15,210,265,63200,275,68000,270,235,455,265,230,40,58.2,50.5,15.1,,,,,,,,,,,,,,,,,,,,,,,,
2021S051235300460,35300460,Kitchener,2021A00053530013,2021,256885,233222,10.1,3.3,0,00000,606,4270.6,0.14,20,40,50,55,240,0,60,0,245,95000,245,113000,245,75,490,345,315,30,70.4,64.3,8.7,,,,,,,,,,,,,,,,,,,,,,,,
2021S051235300462,35300462,Kitchener,2021A00053530013,2021,256885,233222,10.1,1.1,1.1,00000,1059,1045.5,1.01,65,55,35,35,370,10,0,0,370,140000,365,197000,365,15,860,485,420,65,56.4,48.8,13.4,,,,,,,,,,,,,,,,,,,,,,,,
2021S051235300463,35300463,Kitchener,2021A00053530013,2021,256885,233222,10.1,0,0,00000,439,2035.2,0.22,20,25,15,25,165,0,0,0,165,119000,160,141000,165,0,375,220,215,10,58.7,57.3,4.5,,,,,,,,,,,,,,,,,,,,,,,,
2021S051235300473,35300473,Kitchener,2021A00053530013,2021,256885,233222,10.1,2.5,3.8,00000,1080,485.6,2.22,60,155,205,85,365,40,5,0,365,102000,340,133000,340,145,920,550,485,60,59.8,52.7,10.9,,,,,,,,,,,,,,,,,,,,,,,,
2021S051235300563,35300563,Kitchener,2021A00053530013,2021,256885,233222,10.1,1.3,3.1,00000,1092,717.4,1.52,70,70,85,85,395,10,0,0,390,119000,390,118400,390,25,875,635,570,65,72.6,65.1,10.2,,,,,,,,,,,,,,,,,,,,,,,,
2021S051235300564,35300564,Kitchener,2021A00053530013,2021,256885,233222,10.1,1.7,1.1,00000,860,1612.9,0.53,45,60,50,35,355,0,0,145,360,90000,355,106800,360,165,815,455,430,35,55.8,52.8,7.7,,,,,,,,,,,,,,,,,,,,,,,,
2021S051235300565,35300565,Kitchener,2021A00053530013,2021,256885,233222,10.1,0,0,00000,810,3511.1,0.23,45,60,45,55,270,5,0,0,270,120000,280,149000,280,25,725,490,420,65,67.6,57.9,13.3,,,,,,,,,,,,,,,,,,,,,,,,
2021S051235300566,35300566,Kitchener,2021A00053530013,2021,256885,233222,10.1,2.8,3.8,00009,267,1289.2,0.21,10,15,20,20,110,0,5,0,105,99000,,,105,10,220,125,115,15,56.8,52.3,12,,,,,,,,,,,,,,6,6,,,,,,,,,
2021S051235300567,35300567,Kitchener,2021A00053530013,2021,256885,233222,10.1,0.5,0,00000,531,3597.6,0.15,35,15,30,30,190,0,0,0,190,99000,195,101000,200,20,445,285,260,25,64,58.4,8.8,,,,,,,,,,,,,,,,,,,,,,,,
2021S051235300568,35300568,Kitchener,2021A00053530013,2021,256885,233222,10.1,0.7,1.3,00000,808,2170.9,0.37,35,50,65,45,300,15,0,0,300,109000,305,131000,305,25,685,455,430,25,66.4,62.8,5.5,,,,,,,,,,,,,,,,,,,,,,,,
2021S051235300569,35300569,Kitchener,2021A00053530013,2021,256885,233222,10.1,0.9,0,00000,315,2441.9,0.13,20,15,30,15,110,5,5,0,105,109000,105,122000,105,15,280,200,180,10,71.4,64.3,5,,,,,,,,,,,,,,,,,,,,,,,,
2021S051235300573,35300573,Kitchener,2021A00053530013,2021,256885,233222,10.1,0.4,0,00000,781,474.1,1.65,45,55,50,50,280,15,30,0,280,96000,295,108000,295,40,685,460,425,40,67.2,62,8.7,,,,,,,,,,,,,,,,,,,,,,,,
2021S051235300574,35300574,Kitchener,2021A00053530013,2021,256885,233222,10.1,1,1.4,00000,738,2174.4,0.34,45,45,45,65,290,15,25,0,290,102000,290,105000,290,55,590,415,355,60,70.3,60.2,14.5,,,,,,,,,,,,,,,,,,,,,,,,
2021S051235300575,35300575,Kitchener,2021A00053530013,2021,256885,233222,10.1,0.7,2.7,00000,360,2024.7,0.18,25,20,10,25,145,15,20,0,145,96000,145,134000,145,20,315,195,175,15,61.9,55.6,7.7,,,,,,,,,,,,,,,,,,,,,,,,
2021S051235300579,35300579,Waterloo,2021A00053530016,2021,121436,104986,15.7,0,0,00000,559,1985.1,0.28,35,50,40,10,185,0,0,0,190,170000,185,186000,185,0,450,305,280,20,67.8,62.2,6.6,,,,,,,,,,,,,,,,,,,,,,,,
2021S051235300580,35300580,Waterloo,2021A00053530016,2021,121436,104986,15.7,0.4,0,00000,689,1972.5,0.35,40,50,30,30,240,15,0,0,235,160000,245,194000,250,0,690,430,405,25,62.3,58.7,5.8,,,,,,,,,,,,,,,,,,,,,,,,
2021S051235300581,35300581,Waterloo,2021A00053530016,2021,121436,104986,15.7,0,0,00000,392,3478.3,0.11,20,25,25,15,155,0,5,0,160,99000,155,108000,160,20,340,265,235,30,77.9,69.1,11.3,,,,,,,,,,,,,,,,,,,,,,,,
2021S051235300582,35300582,Waterloo,2021A00053530016,2021,121436,104986,15.7,1.3,1,00000,1138,1145.2,0.99,80,90,25,30,390,10,0,0,395,190000,385,275000,385,0,945,540,495,40,57.1,52.4,7.4,,,,,,,,,,,,,,,,,,,,,,,,
2021S051235300583,35300583,Waterloo,2021A00053530016,2021,121436,104986,15.7,0.7,0,00000,386,1995.9,0.19,30,10,5,5,145,0,0,0,140,144000,130,154000,130,0,280,120,110,10,42.9,39.3,8.3,,,,,,,,,,,,,,,,,,,,,,,,
2021S051235300584,35300584,Waterloo,2021A00053530016,2021,121436,104986,15.7,0.5,3.6,00000,582,2940.9,0.2,25,25,40,35,220,5,0,0,225,109000,215,166000,215,25,490,300,275,30,61.2,56.1,10,,,,,,,,,,,,,,,,,,,,,,,,
2021S051235300587,35300587,Waterloo,2021A00053530016,2021,121436,104986,15.7,1.7,6.9,00009,255,3541.7,0.07,10,20,15,30,115,0,0,0,120,82000,,,115,55,200,145,135,10,72.5,67.5,6.9,,,,,,,,,,,,,,6,6,,,,,,,,,
2021S051235300588,35300588,Waterloo,2021A00053530016,2021,121436,104986,15.7,2,5.3,00000,425,3764.4,0.11,35,30,25,20,145,0,0,0,150,112000,150,138000,155,35,360,245,230,15,68.1,63.9,6.1,,,,,,,,,,,,,,,,,,,,,,,,
2021S051235300589,35300589,Waterloo,2021A00053530016,2021,121436,104986,15.7,1.1,3.1,00000,974,1707.6,0.57,55,40,85,90,520,5,60,340,525,54800,555,88800,555,440,930,540,485,60,58.1,52.2,11.1,,,,,,,,,,,,,,,,,,,,,,,,
2021S051235300590,35300590,Waterloo,2021A00053530016,2021,121436,104986,15.7,3.4,2.7,00000,418,2240.1,0.19,30,20,10,10,145,5,0,0,145,166000,140,204000,140,0,320,190,190,0,59.4,59.4,0,,,,,,,,,,,,,,,,,,,,,,,,
2021S051235300591,35300591,Waterloo,2021A00053530016,2021,121436,104986,15.7,2.7,2.1,00000,1258,751.2,1.67,45,110,210,110,590,10,300,135,590,79500,565,117600,565,390,1085,840,770,70,77.4,71,8.3,,,,,,,,,,,,,,,,,,,,,,,,
2021S051235300598,35300598,Waterloo,2021A00053530016,2021,121436,104986,15.7,0.9,0,00009,275,1769.6,0.16,15,15,15,10,110,0,0,0,115,107000,,,95,0,225,135,130,10,60,57.8,7.4,,,,,,,,,,,,,,6,6,,,,,,,,,
2021S051235300599,35300599,Waterloo,2021A00053530016,2021,121436,104986,15.7,0.5,0,00000,492,4226.8,0.12,35,25,20,35,185,5,0,0,185,85000,185,93000,185,80,390,225,190,30,57.7,48.7,13.3,,,,,,,,,,,,,,,,,,,,,,,,
2021S051235300600,35300600,Waterloo,2021A00053530016,2021,121436,104986,15.7,1.5,3.8,00000,532,2704.6,0.2,30,35,35,40,205,15,0,0,205,89000,190,102000,190,45,390,240,215,25,61.5,55.1,10.4,,,,,,,,,,,,,,,,,,,,,,,,
2021S051235300701,35300701,Kitchener,2021A00053530013,2021,256885,233222,10.1,1.3,5.2,00000,1026,3207.3,0.32,60,55,55,75,390,0,60,60,390,87000,375,95200,375,120,810,470,370,90,58,45.7,19.1,,,,,,,,,,,,,,,,,,,,,,,,
2021S051235300702,35300702,Kitchener,2021A00053530013,2021,256885,233222,10.1,1.4,4.4,00000,563,1900.1,0.3,15,20,45,35,280,5,145,0,275,62000,270,81000,275,160,470,320,250,70,68.1,53.2,21.9,,,,,,,,,,,,,,,,,,,,,,,,
2021S051235300708,35300708,Kitchener,2021A00053530013,2021,256885,233222,10.1,1.4,2.4,00000,4056,8294.5,0.49,200,340,505,330,1535,5,85,975,1535,63200,1515,71000,1520,1215,3185,1930,1585,340,60.6,49.8,17.6,,,,,,,,,,,,,,,,,,,,,,,,
2021S051235300709,35300709,Kitchener,2021A00053530013,2021,256885,233222,10.1,0.4,0,00000,733,1836.2,0.4,45,40,25,30,245,5,0,0,240,135000,250,170000,250,15,640,395,360,35,61.7,56.3,8.9,,,,,,,,,,,,,,,,,,,,,,,,
2021S051235300711,35300711,Kitchener,2021A00053530013,2021,256885,233222,10.1,2.2,8.7,00000,510,1044.2,0.49,30,40,35,35,185,0,5,55,180,87000,170,100000,170,65,325,225,215,10,69.2,66.2,4.4,,,,,,,,,,,,,,,,,,,,,,,,
2021S051235300713,35300713,Kitchener,2021A00053530013,2021,256885,233222,10.1,2.1,1.3,00000,1355,4117.3,0.33,65,90,150,160,620,0,405,55,620,70000,645,79600,645,455,1255,865,755,105,68.9,60.2,12.1,,,,,,,,,,,,,,,,,,,,,,,,
2021S051235300714,35300714,Kitchener,2021A00053530013,2021,256885,233222,10.1,1.2,0.8,00000,1244,3991,0.31,55,65,75,75,515,5,75,170,515,76500,530,90400,530,260,1090,650,560,90,59.6,51.4,13.8,,,,,,,,,,,,,,,,,,,,,,,,
2021S051235300716,35300716,Kitchener,2021A00053530013,2021,256885,233222,10.1,1.1,1.7,00000,1658,3891.1,0.43,80,85,120,130,725,20,80,155,725,69000,750,80400,750,390,1460,925,825,100,63.4,56.5,10.8,,,,,,,,,,,,,,,,,,,,,,,,
2021S051235300717,35300717,Kitchener,2021A00053530013,2021,256885,233222,10.1,2.7,5.6,00000,1606,14911.8,0.11,70,105,210,205,640,5,40,525,640,62400,630,65600,630,545,1160,810,655,155,69.8,56.5,19.1,,,,,,,,,,,,,,,,,,,,,,,,
2021S051235300718,35300718,Waterloo,2021A00053530016,2021,121436,104986,15.7,2.3,2.3,00000,1142,2220.1,0.51,50,80,145,125,530,5,60,170,530,71000,555,88400,555,230,1025,750,660,90,73.2,64.4,12,,,,,,,,,,,,,,,,,,,,,,,,
2021S051235300719,35300719,Waterloo,2021A00053530016,2021,121436,104986,15.7,20.9,27.5,02020,955,2400.1,0.4,100,450,250,55,410,10,35,365,415,38400,380,52600,380,380,825,510,435,70,61.8,52.7,13.7,,,,,,,,,,,,,,,,,,,,,,,,
2021S051235300720,35300720,Waterloo,2021A00053530016,2021,121436,104986,15.7,0.6,3.8,00000,851,3934.4,0.22,75,55,60,45,310,0,95,5,310,79500,315,83000,310,175,640,390,310,75,60.9,48.4,19.2,,,,,,,,,,,,,,,,,,,,,,,,
2021S051235300726,35300726,Kitchener,2021A00053530013,2021,256885,233222,10.1,2.6,2,00000,575,3716.9,0.15,40,40,50,55,195,0,0,0,195,110000,205,110000,205,40,460,380,330,50,82.6,71.7,13.2,,,,,,,,,,,,,,,,,,,,,,,,
2021S051235300728,35300728,Waterloo,2021A00053530016,2021,121436,104986,15.7,7.1,8.7,00000,1600,7847,0.2,95,415,390,160,755,0,265,490,755,54400,695,61400,700,685,1350,880,645,235,65.2,47.8,26.7,,,,,,,,,,,,,,,,,,,,,,,,
2021S051235300729,35300729,Kitchener,2021A00053530013,2021,256885,233222,10.1,1,2.8,00000,962,8651.1,0.11,10,25,40,70,590,5,35,460,590,57600,580,66800,580,500,865,345,320,25,39.9,37,7.2,,,,,,,,,,,,,,,,,,,,,,,,
2021S051235300730,35300730,Kitchener,2021A00053530013,2021,256885,233222,10.1,7.7,8.4,00000,1376,8369.8,0.16,75,125,150,135,585,0,190,280,585,53200,575,57400,570,490,1050,615,500,105,58.6,47.6,17.1,,,,,,,,,,,,,,,,,,,,,,,,
2021S051235300732,35300732,Waterloo,2021A00053530016,2021,121436,104986,15.7,3,4.5,00000,709,3127.5,0.23,45,70,55,55,265,20,35,0,265,109000,265,139000,265,85,610,480,430,45,78.7,70.5,9.4,,,,,,,,,,,,,,,,,,,,,,,,
2021S051235300737,35300737,Waterloo,2021A00053530016,2021,121436,104986,15.7,0.8,3.1,00000,1198,3778,0.32,145,80,45,45,380,0,0,0,385,160000,375,196000,375,35,1005,765,670,95,76.1,66.7,12.4,,,,,,,,,,,,,,,,,,,,,,,,
2021S051235300738,35300738,Waterloo,2021A00053530016,2021,121436,104986,15.7,1,1.3,00000,958,3274.1,0.29,110,80,35,50,300,0,0,0,300,129000,315,143000,315,55,735,565,490,75,76.9,66.7,13.3,,,,,,,,,,,,,,,,,,,,,,,,
2021S051235300739,35300739,Waterloo,2021A00053530016,2021,121436,104986,15.7,0,0,00000,391,5792.6,0.07,50,35,15,15,120,0,0,0,120,146000,125,172000,125,20,360,260,235,25,72.2,65.3,9.6,,,,,,,,,,,,,,,,,,,,,,,,
2021S051235300740,35300740,Waterloo,2021A00053530016,2021,121436,104986,15.7,0,0,00000,965,3199.6,0.3,105,85,40,45,300,10,0,0,300,166000,285,186000,285,25,700,555,475,90,79.3,67.9,16.2,,,,,,,,,,,,,,,,,,,,,,,,
2021S051235300749,35300749,Waterloo,2021A00053530016,2021,121436,104986,15.7,0,0,09999,5,1.7,2.9,,,,,,,,,,,,,,,,,,,,,,,,,6,6,6,6,6,6,6,6,6,6,6,6,6,6,6,6,6,6,6,6,6
2021S051235300821,35300821,Waterloo,2021A00053530016,2021,121436,104986,15.7,1,2,00000,1240,3185.2,0.39,110,95,100,60,395,0,0,0,395,139000,400,162000,405,70,1020,750,690,65,73.5,67.6,8.7,,,,,,,,,,,,,,,,,,,,,,,,
2021S051235300822,35300822,Waterloo,2021A00053530016,2021,121436,104986,15.7,1.3,2.2,00000,1850,4799,0.39,180,120,100,100,545,0,0,0,545,123000,560,137000,560,70,1475,1065,915,145,72.2,62,13.6,,,,,,,,,,,,,,,,,,,,,,,,
2021S051235300823,35300823,Waterloo,2021A00053530016,2021,121436,104986,15.7,1.4,3.8,00000,692,3663.3,0.19,65,40,35,35,210,0,0,0,210,120000,205,117000,205,55,490,330,285,45,67.3,58.2,13.6,,,,,,,,,,,,,,,,,,,,,,,,
2021S051235300824,35300824,Waterloo,2021A00053530016,2021,121436,104986,15.7,0.4,0,00000,826,1869.2,0.44,60,75,35,15,225,5,0,0,225,206000,225,286000,225,0,675,440,395,45,65.2,58.5,10.2,,,,,,,,,,,,,,,,,,,,,,,,
2021S051235300825,35300825,Waterloo,2021A00053530016,2021,121436,104986,15.7,1.2,0,00000,277,1667.7,0.17,30,30,20,15,85,0,0,0,85,162000,85,128000,85,10,215,155,125,30,72.1,58.1,19.4,,,,,,,,,,,,,,,,,,,,,,,,
2021S051235300826,35300826,Waterloo,2021A00053530016,2021,121436,104986,15.7,1.6,1.3,00000,904,2254.4,0.4,65,60,75,50,315,0,0,0,315,126000,330,153000,330,80,740,495,460,40,66.9,62.2,8.1,,,,,,,,,,,,,,,,,,,,,,,,
2021S051235300827,35300827,Waterloo,2021A00053530016,2021,121436,104986,15.7,0.9,0,00000,369,5110.8,0.07,50,25,20,20,115,0,0,0,120,145000,115,128000,115,10,240,145,120,20,60.4,50,13.8,,,,,,,,,,,,,,,,,,,,,,,,
2021S051235300828,35300828,Waterloo,2021A00053530016,2021,121436,104986,15.7,2,2.6,00000,486,5015.5,0.1,50,40,20,25,150,0,0,0,155,134000,150,130000,150,20,395,285,250,35,72.2,63.3,12.3,,,,,,,,,,,,,,,,,,,,,,,,
2021S051235300830,35300830,Waterloo,2021A00053530016,2021,121436,104986,15.7,2.5,3.4,00000,972,421.2,2.31,65,65,50,35,360,0,0,0,360,116000,345,140000,345,25,785,485,440,40,61.8,56.1,8.2,,,,,,,,,,,,,,,,,,,,,,,,
2021S051235300833,35300833,Waterloo,2021A00053530016,2021,121436,104986,15.7,0.5,0,00000,637,3382.9,0.19,45,45,25,40,220,0,0,0,220,157000,220,180000,215,0,545,420,385,35,77.1,70.6,8.3,,,,,,,,,,,,,,,,,,,,,,,,
2021S051235300836,35300836,Kitchener,2021A00053530013,2021,256885,233222,10.1,2.9,5.6,00000,421,108.9,3.87,15,25,40,50,210,10,100,0,210,57600,225,62000,225,125,380,255,200,55,67.1,52.6,21.6,,,,,,,,,,,,,,,,,,,,,,,,
2021S051235300837,35300837,Kitchener,2021A00053530013,2021,256885,233222,10.1,1.5,6.3,00000,546,642.4,0.85,30,30,45,55,265,15,40,35,265,70500,250,75500,255,120,420,260,240,20,61.9,57.1,7.7,,,,,,,,,,,,,,,,,,,,,,,,
2021S051235300838,35300838,Kitchener,2021A00053530013,2021,256885,233222,10.1,2,10,00010,458,2834.2,0.16,20,35,55,50,205,0,45,0,205,88000,180,94000,180,60,350,245,220,25,70,62.9,10.2,,,,,,,,,,,,,,,,,,,,,,,,
2021S051235300839,35300839,Kitchener,2021A00053530013,2021,256885,233222,10.1,1.8,9.5,00000,332,2618.3,0.13,10,20,40,45,170,20,55,0,170,76000,145,86000,150,60,235,175,175,10,74.5,74.5,5.7,,,,,,,,,,,,,,,,,,,,,,,,
2021S051235300840,35300840,Kitchener,2021A00053530013,2021,256885,233222,10.1,2.2,6.2,00000,1251,6598.1,0.19,35,70,210,190,580,15,50,235,585,85000,565,94400,565,345,1005,735,660,75,73.1,65.7,10.2,,,,,,,,,,,,,,,,,,,,,,,,
2021S051235300841,35300841,Kitchener,2021A00053530013,2021,256885,233222,10.1,4.3,9.4,00000,505,1676.1,0.3,20,35,95,65,280,45,150,15,275,59200,240,73000,240,155,365,260,210,45,71.2,57.5,17.3,,,,,,,,,,,,,,,,,,,,,,,,
2021S051235300842,35300842,Kitchener,2021A00053530013,2021,256885,233222,10.1,7,7.5,00000,393,1903.1,0.21,15,15,75,40,215,30,130,0,215,53600,205,72500,205,145,350,270,230,40,77.1,65.7,14.8,,,,,,,,,,,,,,,,,,,,,,,,
2021S051235300843,35300843,Kitchener,2021A00053530013,2021,256885,233222,10.1,3.7,7.5,00000,394,3465.3,0.11,15,25,45,50,220,35,100,0,215,55600,210,73000,210,140,325,235,215,20,72.3,66.2,8.5,,,,,,,,,,,,,,,,,,,,,,,,
2021S051235300844,35300844,Kitchener,2021A00053530013,2021,256885,233222,10.1,3.1,1.3,00000,553,6110.5,0.09,15,55,100,80,290,40,60,105,290,78500,315,95000,315,185,550,435,395,45,79.1,71.8,10.3,,,,,,,,,,,,,,,,,,,,,,,,
2021S051235300845,35300845,Kitchener,2021A00053530013,2021,256885,233222,10.1,3.8,2.1,00000,426,3996.2,0.11,20,25,25,45,185,20,45,5,185,78000,200,93000,200,75,435,270,230,40,62.1,52.9,14.8,,,,,,,,,,,,,,,,,,,,,,,,
2021S051235300846,35300846,Kitchener,2021A00053530013,2021,256885,233222,10.1,2,1.9,00000,452,4196.8,0.11,25,35,30,40,200,15,40,0,205,93000,220,104000,220,60,480,370,355,15,77.1,74,4.1,,,,,,,,,,,,,,,,,,,,,,,,
2021S051235300847,35300847,Kitchener,2021A00053530013,2021,256885,233222,10.1,3.5,6.8,00000,410,4270.8,0.1,15,25,35,30,170,10,30,0,170,81000,175,90000,175,70,330,215,205,10,65.2,62.1,4.7,,,,,,,,,,,,,,,,,,,,,,,,
2021S051235300872,35300872,Waterloo,2021A00053530016,2021,121436,104986,15.7,0,0,00000,554,4281.3,0.13,55,40,25,15,180,0,0,0,175,176000,185,202000,185,0,500,380,365,15,76,73,3.9,,,,,,,,,,,,,,,,,,,,,,,,
2021S051235300873,35300873,Waterloo,2021A00053530016,2021,121436,104986,15.7,0.8,1.1,00000,1102,3201.6,0.34,70,95,60,65,370,5,0,0,370,138000,375,140500,375,35,875,605,530,80,69.1,60.6,13.2,,,,,,,,,,,,,,,,,,,,,,,,
2021S051235300874,35300874,Waterloo,2021A00053530016,2021,121436,104986,15.7,0.7,0,00000,643,1060.5,0.61,30,40,45,55,265,0,5,0,270,109000,270,151000,270,50,605,435,405,30,71.9,66.9,6.9,,,,,,,,,,,,,,,,,,,,,,,,
2021S051235300875,35300875,Waterloo,2021A00053530016,2021,121436,104986,15.7,1.9,2.6,00000,1402,1900.2,0.74,90,80,65,115,470,5,5,0,475,132000,460,161000,460,60,1025,785,665,120,76.6,64.9,15.3,,,,,,,,,,,,,,,,,,,,,,,,
2021S051235300876,35300876,Waterloo,2021A00053530016,2021,121436,104986,15.7,1,0,00000,550,4250.4,0.13,45,45,30,40,200,5,0,0,200,122000,200,138000,200,30,520,405,385,15,77.9,74,3.7,,,,,,,,,,,,,,,,,,,,,,,,
2021S051235300877,35300877,Kitchener,2021A00053530013,2021,256885,233222,10.1,1,0.8,00000,1685,4196.8,0.4,140,120,95,115,515,10,0,0,520,123000,500,130000,500,20,1430,1100,970,135,76.9,67.8,12.3,,,,,,,,,,,,,,,,,,,,,,,,
2021S051235300878,35300878,Kitchener,2021A00053530013,2021,256885,233222,10.1,0.6,2.2,00000,548,4687.8,0.12,30,35,30,40,175,0,0,0,180,100000,180,93000,185,35,425,275,245,30,64.7,57.6,10.9,,,,,,,,,,,,,,,,,,,,,,,,
2021S051235300881,35300881,Kitchener,2021A00053530013,2021,256885,233222,10.1,0.3,0,00000,1007,1839.6,0.55,70,70,40,40,335,5,0,0,340,154000,335,177000,335,0,860,500,450,50,58.1,52.3,10,,,,,,,,,,,,,,,,,,,,,,,,
2021S051235300882,35300882,Kitchener,2021A00053530013,2021,256885,233222,10.1,0.5,0,00000,1106,3728.9,0.3,85,70,60,65,370,5,50,5,375,113000,360,149000,365,70,940,650,595,55,69.1,63.3,8.5,,,,,,,,,,,,,,,,,,,,,,,,
2021S051235300883,35300883,Kitchener,2021A00053530013,2021,256885,233222,10.1,0.2,0,00000,1740,1404.2,1.24,165,130,75,60,540,10,10,0,535,160000,545,187000,545,25,1395,950,850,95,68.1,60.9,10,,,,,,,,,,,,,,,,,,,,,,,,
2021S051235300894,35300894,Kitchener,2021A00053530013,2021,256885,233222,10.1,1.4,2.9,00000,603,117.3,5.14,40,50,45,50,140,5,5,0,140,198000,135,420000,135,10,400,285,260,20,71.3,65,7,,,,,,,,,,,,,,,,,,,,,,,,
2021S051235300902,35300902,Kitchener,2021A00053530013,2021,256885,233222,10.1,0.5,1.3,00000,2978,3479.4,0.86,205,155,130,160,910,0,0,20,910,143000,920,166800,920,100,2310,1750,1585,170,75.8,68.6,9.7,,,,,,,,,,,,,,,,,,,,,,,,
2021S051235300913,35300913,Kitchener,2021A00053530013,2021,256885,233222,10.1,1.3,2.6,00000,1995,4329.4,0.46,115,165,240,220,765,5,170,65,770,93000,785,102000,785,290,1610,1250,1120,135,77.6,69.6,10.8,,,,,,,,,,,,,,,,,,,,,,,,
2021S051235300916,35300916,Kitchener,2021A00053530013,2021,256885,233222,10.1,1.5,1,00000,1233,5422.2,0.23,100,90,115,105,390,20,0,0,390,113000,385,116400,385,95,965,690,615,80,71.5,63.7,11.6,,,,,,,,,,,,,,,,,,,,,,,,
2021S051235300917,35300917,Kitchener,2021A00053530013,2021,256885,233222,10.1,1.4,2.8,00000,1107,2402.3,0.46,45,50,75,75,280,0,0,0,285,101000,265,107000,265,70,595,440,375,65,73.9,63,14.8,,,,,,,,,,,,,,,,,,,,,,,,
2021S051235300918,35300918,Kitchener,2021A00053530013,2021,256885,233222,10.1,1.4,1.2,00000,3293,2218.9,1.48,245,200,285,310,1025,70,0,180,1020,120000,1035,130800,1035,225,2575,1895,1685,210,73.6,65.4,11.1,,,,,,,,,,,,,,,,,,,,,,,,
2021S051235300919,35300919,Kitchener,2021A00053530013,2021,256885,233222,10.1,1,1.4,00000,2121,7843.9,0.27,190,150,145,150,600,5,0,0,605,114000,590,119600,590,125,1580,1200,1065,135,75.9,67.4,11.3,,,,,,,,,,,,,,,,,,,,,,,,
2021S051235300920,35300920,Kitchener,2021A00053530013,2021,256885,233222,10.1,2.5,3.4,00000,1081,2891.9,0.37,60,70,115,90,355,10,0,0,355,106000,355,112800,360,100,855,630,540,90,73.7,63.2,14.3,,,,,,,,,,,,,,,,,,,,,,,,
2021S051235300921,35300921,Kitchener,2021A00053530013,2021,256885,233222,10.1,1.7,2.1,00000,2047,6663.4,0.31,165,150,145,155,580,5,0,0,580,119000,580,122800,580,155,1600,1230,1110,120,76.9,69.4,9.8,,,,,,,,,,,,,,,,,,,,,,,,
2021S051235300922,35300922,Kitchener,2021A00053530013,2021,256885,233222,10.1,0.7,1.2,00000,3213,5468,0.59,265,195,230,215,980,15,5,5,975,119000,980,125600,980,165,2510,1775,1580,195,70.7,62.9,11,,,,,,,,,,,,,,,,,,,,,,,,
2021S051235300927,35300927,Waterloo,2021A00053530016,2021,121436,104986,15.7,0.8,1.7,00000,1394,3925.7,0.36,130,95,65,70,480,0,0,0,480,135000,480,145000,485,40,1175,840,770,65,71.5,65.5,7.7,,,,,,,,,,,,,,,,,,,,,,,,
2021S051235300928,35300928,Waterloo,2021A00053530016,2021,121436,104986,15.7,0,0,00000,327,5282.7,0.06,35,35,15,15,95,0,0,0,95,180000,90,156000,95,0,225,165,155,10,73.3,68.9,6.1,,,,,,,,,,,,,,,,,,,,,,,,
2021S051235300929,35300929,Kitchener,2021A00053530013,2021,256885,233222,10.1,0.8,0,00000,1829,496,3.69,155,105,65,40,640,5,0,0,640,182000,655,218800,655,15,1620,1050,935,110,64.8,57.7,10.5,,,,,,,,,,,,,,,,,,,,,,,,
2021S051235300930,35300930,Kitchener,2021A00053530013,2021,256885,233222,10.1,0.8,0,00000,1213,372.1,3.26,90,75,50,35,390,5,0,0,395,218000,395,287000,395,0,1085,775,715,65,71.4,65.9,8.4,,,,,,,,,,,,,,,,,,,,,,,,
2021S051235300932,35300932,Waterloo,2021A00053530016,2021,121436,104986,15.7,1.5,2.6,00000,2742,723.7,3.79,245,160,155,190,785,10,0,0,780,137000,775,154000,775,130,1965,1380,1230,150,70.2,62.6,10.9,,,,,,,,,,,,,,,,,,,,,,,,
2021S051235300944,35300944,Waterloo,2021A00053530016,2021,121436,104986,15.7,0.4,0,00000,1639,873.5,1.88,200,130,75,50,475,15,0,0,475,178000,475,204000,475,35,1290,865,765,100,67.1,59.3,11.6,,,,,,,,,,,,,,,,,,,,,,,,
2021S051235300945,35300945,Waterloo,2021A00053530016,2021,121436,104986,15.7,0.5,2.1,00000,678,1658.5,0.41,85,50,20,15,190,5,0,0,190,166000,185,208000,185,10,525,365,330,35,69.5,62.9,9.6,,,,,,,,,,,,,,,,,,,,,,,,
2021S051235300946,35300946,Kitchener,2021A00053530013,2021,256885,233222,10.1,2.7,0,00000,321,924.5,0.35,10,20,40,30,150,0,50,0,150,69500,150,82000,150,80,300,195,180,15,65,60,7.7,,,,,,,,,,,,,,,,,,,,,,,,
2021S051235300947,35300947,Kitchener,2021A00053530013,2021,256885,233222,10.1,1.3,2.5,00000,337,2059.9,0.16,15,20,35,20,150,5,60,0,150,80000,150,79000,155,75,280,175,160,15,62.5,57.1,8.6,,,,,,,,,,,,,,,,,,,,,,,,
2021S051235300950,35300950,Kitchener,2021A00053530013,2021,256885,233222,10.1,0.4,1.5,00000,482,4151.6,0.12,15,15,30,25,270,0,20,135,270,48800,250,64500,255,165,425,185,145,40,43.5,34.1,21.6,,,,,,,,,,,,,,,,,,,,,,,,
2021S051235300952,35300952,Kitchener,2021A00053530013,2021,256885,233222,10.1,1.3,0,00000,794,6136,0.13,30,30,40,55,390,0,60,230,390,58400,405,77200,405,295,735,425,390,30,57.8,53.1,7.1,,,,,,,,,,,,,,,,,,,,,,,,
2021S051235300954,35300954,Kitchener,2021A00053530013,2021,256885,233222,10.1,0.9,0,00000,649,2404.6,0.27,40,45,35,30,225,5,0,0,230,117000,240,126000,240,20,590,395,345,50,66.9,58.5,12.7,,,,,,,,,,,,,,,,,,,,,,,,
2021S051235300955,35300955,Kitchener,2021A00053530013,2021,256885,233222,10.1,0.3,0,00000,854,2855.2,0.3,45,45,50,40,315,0,0,0,315,105000,305,117000,305,20,685,410,355,50,59.9,51.8,12.2,,,,,,,,,,,,,,,,,,,,,,,,
2021S051235300957,35300957,Kitchener,2021A00053530013,2021,256885,233222,10.1,0.4,1.5,00000,769,4870.2,0.16,35,50,60,70,270,5,0,0,270,91000,285,97000,285,55,685,460,390,70,67.2,56.9,15.2,,,,,,,,,,,,,,,,,,,,,,,,
2021S051235300958,35300958,Kitchener,2021A00053530013,2021,256885,233222,10.1,2.3,3.7,00000,604,2801.5,0.22,30,20,45,55,220,5,0,0,220,94000,215,106000,215,20,510,365,315,45,71.6,61.8,12.3,,,,,,,,,,,,,,,,,,,,,,,,
2021S051235300960,35300960,Kitchener,2021A00053530013,2021,256885,233222,10.1,1.9,1.3,00000,875,4706.8,0.19,40,60,115,85,325,30,100,0,320,73500,330,79600,330,190,715,415,375,35,58,52.4,8.4,,,,,,,,,,,,,,,,,,,,,,,,
2021S051235300961,35300961,Kitchener,2021A00053530013,2021,256885,233222,10.1,1,0,00000,603,4085.4,0.15,40,50,55,35,210,5,0,0,205,88000,220,108000,220,50,540,375,330,45,69.4,61.1,12,,,,,,,,,,,,,,,,,,,,,,,,
2021S051235300962,35300962,Kitchener,2021A00053530013,2021,256885,233222,10.1,3.8,4.6,00000,665,3998.8,0.17,35,55,85,45,260,5,140,5,260,65500,255,65000,255,180,485,300,255,45,61.9,52.6,15,,,,,,,,,,,,,,,,,,,,,,,,
2021S051235300963,35300963,Kitchener,2021A00053530013,2021,256885,233222,10.1,1.5,6,00000,414,1368.1,0.3,15,20,25,25,195,10,80,0,195,86000,195,102000,190,20,375,235,220,10,62.7,58.7,4.3,,,,,,,,,,,,,,,,,,,,,,,,
2021S051235300970,35300970,Waterloo,2021A00053530016,2021,121436,104986,15.7,0.8,3.2,00000,799,2612.8,0.31,60,65,45,45,245,5,0,0,240,147000,240,151000,240,10,615,440,385,55,71.5,62.6,12.5,,,,,,,,,,,,,,,,,,,,,,,,
2021S051235300971,35300971,Waterloo,2021A00053530016,2021,121436,104986,15.7,0,0,00000,542,2966.6,0.18,50,30,20,30,175,0,0,0,175,153000,175,160000,175,10,490,370,330,40,75.5,67.3,10.8,,,,,,,,,,,,,,,,,,,,,,,,
2021S051235300972,35300972,Waterloo,2021A00053530016,2021,121436,104986,15.7,0,0,00000,370,3239.9,0.11,25,20,15,15,120,5,0,0,125,159000,130,188000,130,10,410,290,235,55,70.7,57.3,19,,,,,,,,,,,,,,,,,,,,,,,,
2021S051235300973,35300973,Waterloo,2021A00053530016,2021,121436,104986,15.7,0.4,3.3,00000,702,3275.8,0.21,30,45,30,55,245,5,0,0,250,113000,235,132000,235,0,540,320,295,30,59.3,54.6,9.4,,,,,,,,,,,,,,,,,,,,,,,,
2021S051235300974,35300974,Waterloo,2021A00053530016,2021,121436,104986,15.7,0.8,0,00000,336,3297.4,0.1,20,25,15,20,120,5,0,0,120,124000,125,138000,125,10,275,190,180,10,69.1,65.5,5.3,,,,,,,,,,,,,,,,,,,,,,,,
2021S051235300975,35300975,Waterloo,2021A00053530016,2021,121436,104986,15.7,0.5,0,00000,626,4088.8,0.15,35,55,55,40,210,5,0,0,210,122000,215,145000,215,20,525,400,360,40,76.2,68.6,10,,,,,,,,,,,,,,,,,,,,,,,,
2021S051235300976,35300976,Waterloo,2021A00053530016,2021,121436,104986,15.7,0.4,3,00000,732,4008.8,0.18,65,35,40,55,265,0,0,0,265,110000,260,117000,260,30,580,405,350,55,69.8,60.3,13.6,,,,,,,,,,,,,,,,,,,,,,,,
2021S051235300977,35300977,Waterloo,2021A00053530016,2021,121436,104986,15.7,1.8,4.7,00000,450,2873.6,0.16,20,15,20,45,165,5,0,0,165,104000,160,97000,160,0,325,230,200,25,70.8,61.5,10.9,,,,,,,,,,,,,,,,,,,,,,,,
2021S051235300979,35300979,Kitchener,2021A00053530013,2021,256885,233222,10.1,0.9,0,00000,817,2769.5,0.3,40,45,90,90,330,15,30,60,330,90000,340,129000,340,60,715,500,460,40,69.9,64.3,8,,,,,,,,,,,,,,,,,,,,,,,,
2021S051235300980,35300980,Kitchener,2021A00053530013,2021,256885,233222,10.1,2,2,00000,1012,1368.5,0.74,65,60,85,80,400,5,150,0,405,97000,410,141500,410,165,865,590,550,40,68.2,63.6,6.8,,,,,,,,,,,,,,,,,,,,,,,,
2021S051235300981,35300981,Kitchener,2021A00053530013,2021,256885,233222,10.1,1.5,1.2,00000,716,4841.1,0.15,35,45,50,60,345,0,195,0,340,54000,355,80400,350,270,575,325,265,55,56.5,46.1,16.9,,,,,,,,,,,,,,,,,,,,,,,,
2021S051235300982,35300982,Kitchener,2021A00053530013,2021,256885,233222,10.1,3.9,6.3,00000,567,3361,0.17,25,30,55,80,255,0,105,55,255,74500,250,86000,245,150,445,310,285,25,69.7,64,8.1,,,,,,,,,,,,,,,,,,,,,,,,
2021S051235300983,35300983,Kitchener,2021A00053530013,2021,256885,233222,10.1,5.3,4.5,00000,1002,10470.2,0.1,50,55,125,115,435,5,75,315,435,71000,450,88400,450,305,820,485,425,60,59.1,51.8,12.4,,,,,,,,,,,,,,,,,,,,,,,,
2021S051235300984,35300984,Kitchener,2021A00053530013,2021,256885,233222,10.1,0,0,00000,360,1740,0.21,20,20,20,30,120,0,0,0,115,135000,120,176000,120,0,310,220,200,25,71,64.5,11.4,,,,,,,,,,,,,,,,,,,,,,,,
2021S051235300985,35300985,Kitchener,2021A00053530013,2021,256885,233222,10.1,1.2,2.4,00000,468,2182.8,0.21,40,15,10,15,165,0,0,0,160,118000,165,136000,165,0,395,255,230,25,64.6,58.2,9.8,,,,,,,,,,,,,,,,,,,,,,,,
2021S051235300987,35300987,Kitchener,2021A00053530013,2021,256885,233222,10.1,1.2,2.4,00000,404,3840.3,0.11,20,20,35,30,165,0,0,0,160,99000,170,106000,170,35,375,230,215,15,61.3,57.3,6.5,,,,,,,,,,,,,,,,,,,,,,,,
2021S051235300988,35300988,Kitchener,2021A00053530013,2021,256885,233222,10.1,0.5,0,00000,611,3926.7,0.16,25,45,45,45,205,5,0,0,205,109000,200,102000,200,10,500,315,265,50,63,53,15.9,,,,,,,,,,,,,,,,,,,,,,,,
2021S051235300989,35300989,Kitchener,2021A00053530013,2021,256885,233222,10.1,0.9,0,00000,604,4010.6,0.15,30,35,25,25,225,5,0,0,220,92000,235,102000,235,35,555,380,330,40,68.5,59.5,10.5,,,,,,,,,,,,,,,,,,,,,,,,
2021S051235300991,35300991,Kitchener,2021A00053530013,2021,256885,233222,10.1,0.4,1.6,00000,768,4261.9,0.18,45,55,50,45,255,10,0,0,250,123000,250,121000,250,0,575,390,360,30,67.8,62.6,7.7,,,,,,,,,,,,,,,,,,,,,,,,
2021S051235300992,35300992,Kitchener,2021A00053530013,2021,256885,233222,10.1,2.1,1.1,00000,1041,3403.1,0.31,55,60,70,70,380,5,0,0,385,110000,370,113200,375,45,860,605,555,45,70.3,64.5,7.4,,,,,,,,,,,,,,,,,,,,,,,,
2021S051235300993,35300993,Kitchener,2021A00053530013,2021,256885,233222,10.1,0.7,0,00000,425,3231.9,0.13,30,20,15,25,155,0,0,0,150,103000,155,100000,150,15,315,200,175,25,63.5,55.6,12.5,,,,,,,,,,,,,,,,,,,,,,,,
2021S051235301001,35301001,Kitchener,2021A00053530013,2021,256885,233222,10.1,1.8,2.3,00000,447,1962.2,0.23,15,25,30,30,170,5,0,0,170,108000,175,130000,175,0,435,280,275,10,64.4,63.2,3.6,,,,,,,,,,,,,,,,,,,,,,,,
2021S051235301002,35301002,Kitchener,2021A00053530013,2021,256885,233222,10.1,0,0,00000,656,3565.2,0.18,40,35,45,40,230,0,0,0,230,105000,240,115000,240,0,590,410,390,25,69.5,66.1,6.1,,,,,,,,,,,,,,,,,,,,,,,,
2021S051235301003,35301003,Kitchener,2021A00053530013,2021,256885,233222,10.1,1.9,1.5,00000,748,5451.9,0.14,45,50,60,70,260,5,15,0,255,86000,250,97000,250,110,585,395,340,45,67.5,58.1,11.4,,,,,,,,,,,,,,,,,,,,,,,,
2021S051235301004,35301004,Kitchener,2021A00053530013,2021,256885,233222,10.1,1.3,0,00000,919,1080.2,0.85,70,65,50,50,300,30,5,0,300,125000,330,113200,330,20,725,425,370,60,58.6,51,14.1,,,,,,,,,,,,,,,,,,,,,,,,
2021S051235301005,35301005,Kitchener,2021A00053530013,2021,256885,233222,10.1,2.2,3.3,00000,2565,2110.8,1.22,180,145,150,230,770,10,5,0,770,131000,730,158000,725,25,1860,1460,1355,105,78.5,72.8,7.2,,,,,,,,,,,,,,,,,,,,,,,,
2021S051235301009,35301009,Kitchener,2021A00053530013,2021,256885,233222,10.1,0,0,00000,502,2004,0.25,15,20,20,25,190,0,0,0,190,132000,190,144000,190,0,390,240,240,0,61.5,61.5,0,,,,,,,,,,,,,,,,,,,,,,,,
2021S051235301010,35301010,Kitchener,2021A00053530013,2021,256885,233222,10.1,1.5,0,00909,196,3684.2,0.05,30,15,10,5,70,0,0,0,,,,,70,0,150,110,95,15,73.3,63.3,13.6,,,,,,,,,,,,6,6,6,6,,,,,,,,,
2021S051235301012,35301012,Kitchener,2021A00053530013,2021,256885,233222,10.1,0.7,0.6,00000,6689,2134.9,3.13,415,340,365,550,2030,15,90,5,2030,134000,2020,142400,2020,255,4890,3720,3390,330,76.1,69.3,8.9,,,,,,,,,,,,,,,,,,,,,,,,
2021S051235301013,35301013,Kitchener,2021A00053530013,2021,256885,233222,10.1,0,0,00000,671,2757.9,0.24,55,40,20,30,230,0,0,0,235,125000,245,139000,245,10,620,430,410,20,69.4,66.1,4.7,,,,,,,,,,,,,,,,,,,,,,,,
2021S051235301014,35301014,Kitchener,2021A00053530013,2021,256885,233222,10.1,0.6,0,00000,490,3864.4,0.13,25,35,30,30,165,0,0,0,165,126000,170,124000,170,15,390,210,205,0,53.8,52.6,0,,,,,,,,,,,,,,,,,,,,,,,,
2021S051235301017,35301017,Waterloo,2021A00053530016,2021,121436,104986,15.7,1.2,2,00000,1303,911.3,1.43,90,90,50,50,415,5,0,0,415,145000,405,230000,405,40,1065,790,710,80,74.2,66.7,10.1,,,,,,,,,,,,,,,,,,,,,,,,
2021S051235301031,35301031,Kitchener,2021A00053530013,2021,256885,233222,10.1,0.4,0,00000,1916,2855,0.67,170,110,95,80,535,5,0,0,535,168000,550,171000,550,20,1465,1020,940,85,69.6,64.2,8.3,,,,,,,,,,,,,,,,,,,,,,,,
2021S051235301032,35301032,Kitchener,2021A00053530013,2021,256885,233222,10.1,1.3,1.8,00000,7904,1549.2,5.1,590,510,540,685,2240,45,35,30,2240,127000,2215,149400,2215,465,5880,4320,3895,425,73.5,66.2,9.8,,,,,,,,,,,,,,,,,,,,,,,,
2021S051235301033,35301033,Kitchener,2021A00053530013,2021,256885,233222,10.1,1.3,2.4,00000,9831,915.8,10.73,605,515,760,1080,3115,25,240,10,3110,111000,3075,118900,3075,835,7085,5300,4800,500,74.8,67.7,9.4,,,,,,,,,,,,,,,,,,,,,,,,
2021S051235301037,35301037,Kitchener,2021A00053530013,2021,256885,233222,10.1,2.1,2.8,00000,1681,798.5,2.11,45,55,100,110,860,5,30,680,855,70000,840,76400,840,765,1500,675,580,90,45,38.7,13.3,,,,,,,,,,,,,,,,,,,,,,,,
2021S051235301038,35301038,Kitchener,2021A00053530013,2021,256885,233222,10.1,0.8,3.3,00000,1136,383.8,2.96,70,105,115,100,365,5,0,0,365,114000,360,134500,365,60,945,720,645,75,76.2,68.3,10.4,,,,,,,,,,,,,,,,,,,,,,,,
2021S051235301039,35301039,Kitchener,2021A00053530013,2021,256885,233222,10.1,1.8,0,00000,1751,4144.4,0.42,145,90,70,115,510,5,0,0,515,176000,495,207000,490,15,1265,965,865,105,76.3,68.4,10.9,,,,,,,,,,,,,,,,,,,,,,,,
2021S051235301040,35301040,Kitchener,2021A00053530013,2021,256885,233222,10.1,2.4,1,00000,1107,557.5,1.99,75,60,50,45,380,5,30,0,375,138000,375,181000,375,30,870,605,560,45,69.5,64.4,7.4,,,,,,,,,,,,,,,,,,,,,,,,
2021S051235301041,35301041,Waterloo,2021A00053530016,2021,121436,104986,15.7,1.5,0.8,00000,1508,413.6,3.65,90,110,75,100,530,0,30,80,535,160000,525,269000,530,35,1250,840,785,50,67.2,62.8,6,,,,,,,,,,,,,,,,,,,,,,,,
2021S051235301042,35301042,Waterloo,2021A00053530016,2021,121436,104986,15.7,0.4,0.8,00000,1615,1043.8,1.55,155,90,50,75,480,10,0,0,485,135000,515,153500,515,35,1245,895,790,105,71.9,63.5,11.7,,,,,,,,,,,,,,,,,,,,,,,,
2021S051235301043,35301043,Waterloo,2021A00053530016,2021,121436,104986,15.7,1,1.3,00000,3885,1048.9,3.7,365,275,260,205,1220,5,45,170,1225,107000,1235,151200,1235,330,3025,1875,1605,270,62,53.1,14.4,,,,,,,,,,,,,,,,,,,,,,,,
2021S051235301044,35301044,Waterloo,2021A00053530016,2021,121436,104986,15.7,1.2,0.5,00000,3017,2648.8,1.14,210,220,180,215,830,5,0,0,835,139000,835,150000,835,110,2310,1695,1495,200,73.4,64.7,11.8,,,,,,,,,,,,,,,,,,,,,,,,
2021S051235301052,35301052,Kitchener,2021A00053530013,2021,256885,233222,10.1,3.1,4.1,00000,2048,3178.6,0.64,150,180,225,195,680,15,170,0,675,104000,710,117000,710,260,1775,1360,1190,165,76.6,67,12.1,,,,,,,,,,,,,,,,,,,,,,,,
2021S051235301053,35301053,Kitchener,2021A00053530013,2021,256885,233222,10.1,4.5,5.1,00000,1788,764.4,2.34,150,135,150,100,560,10,0,75,560,129000,515,135500,515,50,1320,965,850,110,73.1,64.4,11.4,,,,,,,,,,,,,,,,,,,,,,,,
2021S051235301054,35301054,Kitchener,2021A00053530013,2021,256885,233222,10.1,0.7,0.9,00000,1401,1046.1,1.34,95,85,110,125,455,10,0,0,455,105000,485,113200,490,115,1245,870,780,90,69.9,62.7,10.3,,,,,,,,,,,,,,,,,,,,,,,,
2021S051235301055,35301055,Kitchener,2021A00053530013,2021,256885,233222,10.1,1,2.5,00000,1361,2186.3,0.62,85,80,135,155,485,5,0,0,485,99000,470,106800,475,135,1040,775,700,75,74.5,67.3,9.7,,,,,,,,,,,,,,,,,,,,,,,,
2021S051235301056,35301056,Kitchener,2021A00053530013,2021,256885,233222,10.1,0,0,00909,233,4844.1,0.05,5,25,30,30,80,0,0,0,,,,,80,55,200,160,130,30,80,65,18.8,,,,,,,,,,,,6,6,6,6,,,,,,,,,
2021S051235301057,35301057,Kitchener,2021A00053530013,2021,256885,233222,10.1,3.5,3.7,00000,2447,4701.2,0.52,100,260,435,235,970,0,435,525,970,66500,980,73000,980,970,2060,1420,1320,100,68.9,64.1,7,,,,,,,,,,,,,,,,,,,,,,,,
2021S051235301059,35301059,Kitchener,2021A00053530013,2021,256885,233222,10.1,0,0,00999,51,8.5,5.99,5,5,5,0,15,5,0,0,,,,,,,,,,,,,,,,,,,,,,,,,6,6,6,6,6,6,6,6,6,6,6,6,6
2021S051235301060,35301060,Kitchener,2021A00053530013,2021,256885,233222,10.1,1.9,0.5,00000,5504,673.3,8.17,405,365,390,445,1655,10,40,5,1650,120000,1665,138800,1660,245,4445,3390,3085,305,76.3,69.4,9,,,,,,,,,,,,,,,,,,,,,,,,
2021S051235370050,35370050,Windsor,2021A00053537039,2021,229660,217188,5.7,1.8,0,00000,293,3113.7,0.09,15,15,10,15,110,0,0,0,110,95000,125,106000,125,0,270,160,100,60,59.3,37,37.5,,,,,,,,,,,,,,,,,,,,,,,,
2021S051235370051,35370051,Windsor,2021A00053537039,2021,229660,217188,5.7,0,0,00000,602,3960.5,0.15,40,35,20,35,210,0,0,0,215,97000,220,112000,215,0,560,300,245,55,53.6,43.8,18.3,,,,,,,,,,,,,,,,,,,,,,,,
2021S051235370052,35370052,Windsor,2021A00053537039,2021,229660,217188,5.7,0.7,0,00000,439,3658.3,0.12,45,20,15,20,150,0,0,0,150,102000,150,114000,150,10,370,220,185,35,59.5,50,15.9,,,,,,,,,,,,,,,,,,,,,,,,
2021S051235370053,35370053,Windsor,2021A00053537039,2021,229660,217188,5.7,0.9,0,00000,297,4354.8,0.07,20,15,5,20,110,0,0,0,105,87000,110,84000,110,15,220,145,130,15,65.9,59.1,10.3,,,,,,,,,,,,,,,,,,,,,,,,
2021S051235370054,35370054,Windsor,2021A00053537039,2021,229660,217188,5.7,2.4,4.1,00000,623,2715.8,0.23,30,35,65,50,295,0,95,135,295,58800,300,61200,300,235,485,215,150,65,44.3,30.9,30.2,,,,,,,,,,,,,,,,,,,,,,,,
2021S051235370055,35370055,Windsor,2021A00053537039,2021,229660,217188,5.7,1.1,2.2,00000,502,3488.5,0.14,25,20,20,20,175,0,0,0,180,100000,180,107000,180,0,410,210,185,30,51.2,45.1,14.3,,,,,,,,,,,,,,,,,,,,,,,,
2021S051235370056,35370056,Windsor,2021A00053537039,2021,229660,217188,5.7,1.1,1.5,00000,770,3352.2,0.23,60,40,35,40,265,0,0,0,260,95000,265,110000,260,15,675,415,330,90,61.5,48.9,21.7,,,,,,,,,,,,,,,,,,,,,,,,
2021S051235370057,35370057,Windsor,2021A00053537039,2021,229660,217188,5.7,0.4,0,00000,686,674.3,1.02,45,30,35,40,225,0,0,0,225,100000,230,111000,230,10,580,385,315,70,66.4,54.3,18.2,,,,,,,,,,,,,,,,,,,,,,,,
2021S051235370059,35370059,Windsor,2021A00053537039,2021,229660,217188,5.7,4.3,1.4,00000,637,189.9,3.35,40,30,45,45,280,0,165,0,275,50400,300,65000,295,180,565,300,215,90,53.1,38.1,30,,,,,,,,,,,,,,,,,,,,,,,,
2021S051235370060,35370060,Windsor,2021A00053537039,2021,229660,217188,5.7,1.9,3.8,00000,521,2151.1,0.24,40,30,25,15,205,0,0,125,205,41600,205,55600,205,200,340,125,85,40,36.8,25,32,,,,,,,,,,,,,,,,,,,,,,,,
2021S051235370061,35370061,Windsor,2021A00053537039,2021,229660,217188,5.7,0.9,3.8,00000,671,2418.9,0.28,45,40,45,35,215,0,0,0,215,95000,205,119000,205,10,585,305,220,85,52.1,37.6,27.9,,,,,,,,,,,,,,,,,,,,,,,,
2021S051235370062,35370062,Windsor,2021A00053537039,2021,229660,217188,5.7,0,0,00000,464,3912.3,0.12,35,30,25,30,155,0,0,0,155,102000,160,113000,160,25,410,255,195,60,62.2,47.6,23.5,,,,,,,,,,,,,,,,,,,,,,,,
2021S051235370063,35370063,Windsor,2021A00053537039,2021,229660,217188,5.7,0.8,0,00000,376,4277.6,0.09,15,15,20,20,125,0,0,0,125,91000,135,96000,135,10,295,150,125,25,50.8,42.4,16.7,,,,,,,,,,,,,,,,,,,,,,,,
2021S051235370064,35370064,Windsor,2021A00053537039,2021,229660,217188,5.7,0.7,0,00000,391,2087.6,0.19,20,20,25,30,140,0,0,0,140,96000,140,100000,145,0,300,190,180,10,63.3,60,5.3,,,,,,,,,,,,,,,,,,,,,,,,
2021S051235370065,35370065,Windsor,2021A00053537039,2021,229660,217188,5.7,0.9,0,00000,339,3462.7,0.1,25,20,10,15,115,0,0,0,110,110000,115,122000,115,0,265,170,145,20,64.2,54.7,11.8,,,,,,,,,,,,,,,,,,,,,,,,
2021S051235370066,35370066,Windsor,2021A00053537039,2021,229660,217188,5.7,0,0,00000,480,3511.3,0.14,20,25,25,30,170,0,0,0,170,95000,175,103000,180,0,385,205,170,35,53.2,44.2,17.1,,,,,,,,,,,,,,,,,,,,,,,,
2021S051235370073,35370073,Windsor,2021A00053537039,2021,229660,217188,5.7,1.5,3.4,00000,1432,2011.5,0.71,100,90,100,110,535,0,45,0,535,69000,515,75600,515,255,1110,620,515,105,55.9,46.4,16.9,,,,,,,,,,,,,,,,,,,,,,,,
2021S051235370074,35370074,Windsor,2021A00053537039,2021,229660,217188,5.7,5.6,12.5,00919,116,7631.6,0.02,10,10,15,15,35,0,0,0,,,,,30,0,95,55,40,10,57.9,42.1,18.2,,,,,,,,,,,,6,6,6,6,,,,,,,,,
2021S051235370075,35370075,Windsor,2021A00053537039,2021,229660,217188,5.7,4.2,9,00000,841,7163.5,0.12,75,60,50,75,310,0,85,70,310,44800,290,47200,290,290,570,275,195,80,48.2,34.2,29.1,,,,,,,,,,,,,,,,,,,,,,,,
2021S051235370076,35370076,Windsor,2021A00053537039,2021,229660,217188,5.7,2.3,3.1,00000,924,2684.5,0.34,40,45,75,55,390,0,125,0,390,57200,390,65600,395,260,775,430,345,85,55.5,44.5,19.8,,,,,,,,,,,,,,,,,,,,,,,,
2021S051235370077,35370077,Windsor,2021A00053537039,2021,229660,217188,5.7,4.3,8.6,00000,815,5624.6,0.14,45,65,80,85,370,0,370,0,370,43600,360,49000,360,355,590,320,240,80,54.2,40.7,25,,,,,,,,,,,,,,,,,,,,,,,,
2021S051235370078,35370078,Windsor,2021A00053537039,2021,229660,217188,5.7,1.7,1.7,00000,523,4424.7,0.12,30,30,40,30,240,0,65,0,245,51600,245,63600,245,130,445,185,175,10,41.6,39.3,5.4,,,,,,,,,,,,,,,,,,,,,,,,
2021S051235370079,35370079,Windsor,2021A00053537039,2021,229660,217188,5.7,0.7,0,00000,326,244.1,1.34,10,15,25,20,145,0,0,0,150,70500,145,75000,145,20,290,180,130,45,62.1,44.8,25,,,,,,,,,,,,,,,,,,,,,,,,
2021S051235370080,35370080,Windsor,2021A00053537039,2021,229660,217188,5.7,1.9,2.1,00000,660,2844.8,0.23,25,35,35,35,375,0,20,200,375,46800,385,56600,380,245,585,240,160,75,41,27.4,31.3,,,,,,,,,,,,,,,,,,,,,,,,
2021S051235370081,35370081,Windsor,2021A00053537039,2021,229660,217188,5.7,2.2,0,00000,485,3563.6,0.14,40,20,30,40,185,0,0,0,180,54400,190,56000,190,95,395,185,145,35,46.8,36.7,18.9,,,,,,,,,,,,,,,,,,,,,,,,
2021S051235370082,35370082,Windsor,2021A00053537039,2021,229660,217188,5.7,1,0,00000,518,2534.2,0.2,35,25,30,35,200,0,0,0,200,72500,205,86000,205,50,420,265,195,70,63.1,46.4,26.4,,,,,,,,,,,,,,,,,,,,,,,,
2021S051235370083,35370083,Windsor,2021A00053537039,2021,229660,217188,5.7,2.9,2.9,00000,549,3208.6,0.17,25,35,35,45,280,5,70,100,280,52400,280,63600,280,180,480,230,175,60,47.9,36.5,26.1,,,,,,,,,,,,,,,,,,,,,,,,
2021S051235370086,35370086,Windsor,2021A00053537039,2021,229660,217188,5.7,1.1,2.4,00000,366,2671.5,0.14,25,15,25,20,175,5,50,0,175,66500,155,86000,150,70,280,185,155,25,66.1,55.4,13.5,,,,,,,,,,,,,,,,,,,,,,,,
2021S051235370087,35370087,Windsor,2021A00053537039,2021,229660,217188,5.7,0.7,0,00000,313,1829.3,0.17,10,20,20,25,135,0,0,0,140,71000,140,75000,135,10,265,150,130,20,56.6,49.1,13.3,,,,,,,,,,,,,,,,,,,,,,,,
2021S051235370088,35370088,Windsor,2021A00053537039,2021,229660,217188,5.7,3.6,5.7,00000,339,1870.9,0.18,20,25,30,25,135,5,0,0,140,74000,140,82000,140,20,255,150,130,25,58.8,51,16.7,,,,,,,,,,,,,,,,,,,,,,,,
2021S051235370089,35370089,Windsor,2021A00053537039,2021,229660,217188,5.7,3,3.1,00000,274,2439.9,0.11,10,10,20,20,135,0,0,0,135,73500,130,78000,130,15,235,165,140,30,70.2,59.6,18.2,,,,,,,,,,,,,,,,,,,,,,,,
2021S051235370090,35370090,Windsor,2021A00053537039,2021,229660,217188,5.7,1.6,0,00000,405,2685.7,0.15,25,20,25,20,190,0,5,0,185,79000,200,89000,200,30,430,240,170,65,55.8,39.5,27.1,,,,,,,,,,,,,,,,,,,,,,,,
2021S051235370091,35370091,Windsor,2021A00053537039,2021,229660,217188,5.7,5.7,1.8,00000,609,6569.6,0.09,55,40,40,35,230,0,0,0,230,52400,240,57600,240,175,390,150,100,55,38.5,25.6,36.7,,,,,,,,,,,,,,,,,,,,,,,,
2021S051235370092,35370092,Windsor,2021A00053537039,2021,229660,217188,5.7,3.7,8.9,00000,515,2735,0.19,30,30,35,40,220,0,25,0,215,60800,205,64000,205,100,380,185,115,60,48.7,30.3,32.4,,,,,,,,,,,,,,,,,,,,,,,,
2021S051235370093,35370093,Windsor,2021A00053537039,2021,229660,217188,5.7,0.4,0,00000,639,2890.1,0.22,30,40,55,45,270,5,5,0,270,76000,275,82000,280,45,545,330,270,50,60.6,49.5,15.2,,,,,,,,,,,,,,,,,,,,,,,,
2021S051235370094,35370094,Windsor,2021A00053537039,2021,229660,217188,5.7,0,0,00000,441,3782.2,0.12,35,25,30,40,205,0,0,0,205,81000,210,88000,210,15,400,240,185,50,60,46.3,20.8,,,,,,,,,,,,,,,,,,,,,,,,
2021S051235370095,35370095,Windsor,2021A00053537039,2021,229660,217188,5.7,3.1,1.7,00000,506,3042.7,0.17,40,20,50,40,225,10,35,0,225,81000,230,90000,230,10,445,245,215,30,55.1,48.3,12.2,,,,,,,,,,,,,,,,,,,,,,,,
2021S051235370096,35370096,Windsor,2021A00053537039,2021,229660,217188,5.7,2.1,2.1,00000,481,2362.5,0.2,15,15,20,30,195,5,0,0,195,124000,190,194000,190,10,395,260,235,25,65.8,59.5,9.6,,,,,,,,,,,,,,,,,,,,,,,,
2021S051235370097,35370097,Windsor,2021A00053537039,2021,229660,217188,5.7,0.5,0,00000,450,2570,0.18,20,25,20,25,200,10,5,0,200,105000,215,170000,215,25,410,275,250,25,67.1,61,9.1,,,,,,,,,,,,,,,,,,,,,,,,
2021S051235370098,35370098,Windsor,2021A00053537039,2021,229660,217188,5.7,2.6,0,00000,597,2927.9,0.2,30,35,40,50,270,15,50,0,275,63200,270,84000,270,80,515,340,270,70,66,52.4,20.6,,,,,,,,,,,,,,,,,,,,,,,,
2021S051235370099,35370099,Windsor,2021A00053537039,2021,229660,217188,5.7,4.3,7.4,00000,1292,8723.8,0.15,10,25,20,40,690,0,45,565,690,65000,680,95400,680,265,1005,335,275,60,33.3,27.4,17.9,,,,,,,,,,,,,,,,,,,,,,,,
2021S051235370100,35370100,Windsor,2021A00053537039,2021,229660,217188,5.7,1.1,2.1,00000,468,4574.8,0.1,30,35,40,35,185,5,5,0,185,82000,185,92000,185,25,355,245,200,45,69,56.3,18.4,,,,,,,,,,,,,,,,,,,,,,,,
2021S051235370101,35370101,Windsor,2021A00053537039,2021,229660,217188,5.7,1.1,1.5,00000,568,1758,0.32,25,25,40,40,270,5,30,0,270,70500,265,82000,265,55,515,285,245,40,55.3,47.6,14,,,,,,,,,,,,,,,,,,,,,,,,
2021S051235370102,35370102,Windsor,2021A00053537039,2021,229660,217188,5.7,1.4,0,00000,427,3826.2,0.11,25,20,25,25,205,10,5,55,210,56400,225,81000,230,90,425,290,215,75,68.2,50.6,25.9,,,,,,,,,,,,,,,,,,,,,,,,
2021S051235370103,35370103,Windsor,2021A00053537039,2021,229660,217188,5.7,1.9,0,00000,546,5729.3,0.1,40,30,30,35,205,0,45,0,210,61600,215,70500,215,165,435,270,225,50,62.1,51.7,18.5,,,,,,,,,,,,,,,,,,,,,,,,
2021S051235370104,35370104,Windsor,2021A00053537039,2021,229660,217188,5.7,0,0,00000,509,3912.4,0.13,25,20,65,45,205,10,0,0,200,75000,215,93000,210,30,455,300,275,35,65.9,60.4,11.7,,,,,,,,,,,,,,,,,,,,,,,,
2021S051235370105,35370105,Windsor,2021A00053537039,2021,229660,217188,5.7,0.4,0,00000,537,3111.2,0.17,40,25,30,35,230,10,25,0,225,75500,230,76000,235,40,410,255,215,35,62.2,52.4,13.7,,,,,,,,,,,,,,,,,,,,,,,,
2021S051235370106,35370106,Windsor,2021A00053537039,2021,229660,217188,5.7,1.6,1.6,00000,711,5333.8,0.13,35,50,55,60,255,5,50,0,260,65000,260,69000,260,200,580,330,245,85,56.9,42.2,25.8,,,,,,,,,,,,,,,,,,,,,,,,
2021S051235370108,35370108,Windsor,2021A00053537039,2021,229660,217188,5.7,1.4,1.1,00000,828,2416.1,0.34,45,55,65,65,370,5,0,0,365,71500,370,89600,370,25,695,445,375,70,64,54,15.7,,,,,,,,,,,,,,,,,,,,,,,,
2021S051235370109,35370109,Windsor,2021A00053537039,2021,229660,217188,5.7,2.6,0,00000,494,3800,0.13,35,35,45,35,190,0,0,0,195,82000,195,88000,195,0,405,280,240,40,69.1,59.3,14.3,,,,,,,,,,,,,,,,,,,,,,,,
2021S051235370110,35370110,Windsor,2021A00053537039,2021,229660,217188,5.7,2.7,4.2,00000,417,3019.6,0.14,20,30,25,35,185,10,5,0,185,76500,185,76000,190,30,375,235,200,35,62.7,53.3,14.9,,,,,,,,,,,,,,,,,,,,,,,,
2021S051235370111,35370111,Windsor,2021A00053537039,2021,229660,217188,5.7,0.5,0,00000,485,2164.2,0.22,25,40,35,35,205,0,5,0,210,73000,220,85000,220,35,470,245,180,60,52.1,38.3,24.5,,,,,,,,,,,,,,,,,,,,,,,,
2021S051235370112,35370112,Windsor,2021A00053537039,2021,229660,217188,5.7,1.3,3.4,00000,489,2171.4,0.23,20,25,45,40,235,15,25,0,235,68500,235,72000,235,50,385,250,210,35,64.9,54.5,14,,,,,,,,,,,,,,,,,,,,,,,,
2021S051235370113,35370113,Windsor,2021A00053537039,2021,229660,217188,5.7,2.8,5.6,00000,435,2983.5,0.15,20,10,40,30,215,10,40,0,215,55600,210,77000,210,55,365,250,185,70,68.5,50.7,28,,,,,,,,,,,,,,,,,,,,,,,,
2021S051235370114,35370114,Windsor,2021A00053537039,2021,229660,217188,5.7,0.5,0,00000,419,3143.3,0.13,10,25,30,45,200,0,0,0,195,69000,200,77000,205,30,360,210,165,40,58.3,45.8,19,,,,,,,,,,,,,,,,,,,,,,,,
2021S051235370115,35370115,Windsor,2021A00053537039,2021,229660,217188,5.7,3.2,4.1,00000,432,2079.9,0.21,10,20,45,35,190,0,5,0,190,77000,195,79500,195,30,355,250,190,65,70.4,53.5,26,,,,,,,,,,,,,,,,,,,,,,,,
2021S051235370116,35370116,Windsor,2021A00053537039,2021,229660,217188,5.7,2.9,4,00000,424,3035.1,0.14,20,25,35,25,210,5,5,60,210,46400,190,61200,190,125,310,125,100,25,40.3,32.3,20,,,,,,,,,,,,,,,,,,,,,,,,
2021S051235370117,35370117,Windsor,2021A00053537039,2021,229660,217188,5.7,2.6,4,00000,417,2656.1,0.16,15,25,40,40,190,20,5,0,195,75000,195,81000,195,35,400,240,205,35,60,51.3,14.6,,,,,,,,,,,,,,,,,,,,,,,,
2021S051235370118,35370118,Windsor,2021A00053537039,2021,229660,217188,5.7,1.8,1.9,00000,474,2662.9,0.18,20,20,30,45,230,20,0,0,225,64000,225,70000,225,40,400,220,170,55,55,42.5,25,,,,,,,,,,,,,,,,,,,,,,,,
2021S051235370119,35370119,Windsor,2021A00053537039,2021,229660,217188,5.7,0.5,0,00000,509,525.8,0.97,20,20,60,50,200,0,0,0,200,86000,205,102000,205,15,445,290,250,40,65.2,56.2,13.8,,,,,,,,,,,,,,,,,,,,,,,,
2021S051235370120,35370120,Windsor,2021A00053537039,2021,229660,217188,5.7,2.4,0,00000,481,793.3,0.61,20,25,25,30,210,5,0,0,210,71500,205,87000,200,30,385,240,185,55,62.3,48.1,22.9,,,,,,,,,,,,,,,,,,,,,,,,
2021S051235370121,35370121,Windsor,2021A00053537039,2021,229660,217188,5.7,0.4,0,00000,655,1336.2,0.49,40,30,40,55,275,5,0,0,270,77500,285,96000,285,35,640,405,345,65,63.3,53.9,16,,,,,,,,,,,,,,,,,,,,,,,,
2021S051235370122,35370122,Windsor,2021A00053537039,2021,229660,217188,5.7,0.6,0,00000,379,2922.1,0.13,10,25,30,30,170,10,0,0,175,87000,175,81000,175,20,305,195,160,30,63.9,52.5,15.4,,,,,,,,,,,,,,,,,,,,,,,,
2021S051235370123,35370123,Windsor,2021A00053537039,2021,229660,217188,5.7,2.7,6.1,00000,491,2636.9,0.19,15,30,65,30,260,20,60,0,260,66500,250,81000,250,65,435,270,210,55,62.1,48.3,20.4,,,,,,,,,,,,,,,,,,,,,,,,
2021S051235370128,35370128,Windsor,2021A00053537039,2021,229660,217188,5.7,1,1.4,00000,720,2134,0.34,45,25,40,45,290,5,5,0,295,80000,285,93000,285,25,580,350,265,85,60.3,45.7,24.3,,,,,,,,,,,,,,,,,,,,,,,,
2021S051235370129,35370129,Windsor,2021A00053537039,2021,229660,217188,5.7,0.6,0,00000,489,3163,0.15,40,25,30,40,180,0,0,0,180,68000,185,78500,190,60,380,215,185,25,56.6,48.7,11.6,,,,,,,,,,,,,,,,,,,,,,,,
2021S051235370130,35370130,Windsor,2021A00053537039,2021,229660,217188,5.7,0.6,0,00000,468,2832.9,0.17,15,30,20,20,175,0,0,0,170,91000,185,103000,185,10,450,235,185,45,52.2,41.1,19.1,,,,,,,,,,,,,,,,,,,,,,,,
2021S051235370131,35370131,Windsor,2021A00053537039,2021,229660,217188,5.7,5.9,10.5,00010,586,3997.3,0.15,45,30,30,35,235,0,70,0,235,45200,230,49600,230,140,385,175,125,50,45.5,32.5,28.6,,,,,,,,,,,,,,,,,,,,,,,,
2021S051235370134,35370134,Windsor,2021A00053537039,2021,229660,217188,5.7,2.9,5.6,00000,797,693.1,1.15,60,50,45,45,280,0,10,0,280,94000,285,98000,285,45,670,425,305,120,63.4,45.5,28.2,,,,,,,,,,,,,,,,,,,,,,,,
2021S051235370135,35370135,Windsor,2021A00053537039,2021,229660,217188,5.7,0.9,1.8,00000,580,496.2,1.17,40,40,30,20,220,0,0,0,215,96000,215,111000,215,15,505,260,200,65,51.5,39.6,25,,,,,,,,,,,,,,,,,,,,,,,,
2021S051235370136,35370136,Windsor,2021A00053537039,2021,229660,217188,5.7,3.4,1.7,00000,449,145.2,3.09,15,20,15,35,235,5,75,0,230,56800,240,63600,240,125,395,220,185,35,55.7,46.8,15.9,,,,,,,,,,,,,,,,,,,,,,,,
2021S051235370137,35370137,Windsor,2021A00053537039,2021,229660,217188,5.7,2.5,1.4,00000,701,2555.6,0.27,55,45,45,40,280,10,0,0,275,68000,295,76000,295,80,605,355,245,105,58.7,40.5,29.6,,,,,,,,,,,,,,,,,,,,,,,,
2021S051235370138,35370138,Windsor,2021A00053537039,2021,229660,217188,5.7,0.6,2.4,00000,403,2219.2,0.18,25,20,35,25,170,5,0,0,170,81000,165,85000,165,30,345,180,150,30,52.2,43.5,16.7,,,,,,,,,,,,,,,,,,,,,,,,
2021S051235370139,35370139,Windsor,2021A00053537039,2021,229660,217188,5.7,0,0,00000,375,2084.5,0.18,15,15,30,25,155,5,0,0,160,90000,160,102000,155,10,325,200,175,25,61.5,53.8,12.5,,,,,,,,,,,,,,,,,,,,,,,,
2021S051235370140,35370140,Windsor,2021A00053537039,2021,229660,217188,5.7,5,5.6,00000,362,2117,0.17,20,20,35,25,135,0,0,0,140,92000,135,102000,135,15,325,240,200,40,73.8,61.5,16.7,,,,,,,,,,,,,,,,,,,,,,,,
2021S051235370141,35370141,Windsor,2021A00053537039,2021,229660,217188,5.7,0,0,00000,334,1100.5,0.3,20,30,25,25,125,0,0,0,125,77000,120,84000,120,10,235,140,125,15,59.6,53.2,10.7,,,,,,,,,,,,,,,,,,,,,,,,
2021S051235370143,35370143,Windsor,2021A00053537039,2021,229660,217188,5.7,0.8,2.1,00000,1168,4957.6,0.24,90,110,80,70,380,0,0,0,380,101000,380,103600,380,50,980,610,475,130,62.2,48.5,21.3,,,,,,,,,,,,,,,,,,,,,,,,
2021S051235370144,35370144,Windsor,2021A00053537039,2021,229660,217188,5.7,1,2,00000,629,3625.4,0.17,55,50,40,50,200,0,0,0,205,98000,195,106000,195,30,455,275,230,45,60.4,50.5,16.4,,,,,,,,,,,,,,,,,,,,,,,,
2021S051235370145,35370145,Windsor,2021A00053537039,2021,229660,217188,5.7,1.9,3.9,00000,574,2671,0.21,35,35,45,35,215,0,0,0,215,83000,210,95000,210,25,490,310,220,90,63.3,44.9,29,,,,,,,,,,,,,,,,,,,,,,,,
2021S051235370146,35370146,Windsor,2021A00053537039,2021,229660,217188,5.7,1.9,3.8,00000,1626,823.9,1.97,120,125,125,105,530,10,40,0,530,89000,535,94800,535,155,1330,760,620,140,57.1,46.6,18.4,,,,,,,,,,,,,,,,,,,,,,,,
2021S051235370147,35370147,Windsor,2021A00053537039,2021,229660,217188,5.7,1.7,1.7,00000,560,795.5,0.7,30,50,45,35,240,5,75,0,240,66500,240,78500,240,90,460,265,210,55,57.6,45.7,20.8,,,,,,,,,,,,,,,,,,,,,,,,
2021S051235370148,35370148,Windsor,2021A00053537039,2021,229660,217188,5.7,0.8,0,00000,767,1692.8,0.45,35,50,60,40,240,0,0,0,235,94000,235,115000,235,20,655,405,335,70,61.8,51.1,17.3,,,,,,,,,,,,,,,,,,,,,,,,
2021S051235370149,35370149,Windsor,2021A00053537039,2021,229660,217188,5.7,0,0,00000,691,3642.6,0.19,50,55,30,30,215,0,0,0,220,78500,220,93000,220,80,520,310,250,65,59.6,48.1,21,,,,,,,,,,,,,,,,,,,,,,,,
2021S051235370150,35370150,Windsor,2021A00053537039,2021,229660,217188,5.7,1.8,1.7,00000,652,2783.9,0.23,55,50,45,50,225,0,0,0,230,58400,230,62400,230,120,440,205,165,40,46.6,37.5,19.5,,,,,,,,,,,,,,,,,,,,,,,,
2021S051235370151,35370151,Windsor,2021A00053537039,2021,229660,217188,5.7,0.5,0,00000,505,1169.8,0.43,20,35,30,40,210,0,0,0,210,110000,200,119000,205,0,405,245,215,35,60.5,53.1,14.3,,,,,,,,,,,,,,,,,,,,,,,,
2021S051235370152,35370152,Windsor,2021A00053537039,2021,229660,217188,5.7,0,0,00000,437,3157.5,0.14,15,15,20,30,180,0,0,0,180,123000,185,133000,185,0,340,210,185,25,61.8,54.4,11.9,,,,,,,,,,,,,,,,,,,,,,,,
2021S051235370153,35370153,Windsor,2021A00053537039,2021,229660,217188,5.7,0.5,2.2,00000,411,3176.2,0.13,20,25,30,30,185,0,0,0,185,95000,180,121000,180,10,415,245,200,45,59,48.2,18.4,,,,,,,,,,,,,,,,,,,,,,,,
2021S051235370154,35370154,Windsor,2021A00053537039,2021,229660,217188,5.7,1.9,2.6,00000,322,1651.3,0.2,15,15,15,25,155,5,0,0,155,89000,160,93000,160,15,290,160,135,25,55.2,46.6,15.6,,,,,,,,,,,,,,,,,,,,,,,,
2021S051235370155,35370155,Windsor,2021A00053537039,2021,229660,217188,5.7,1.7,2.1,00000,433,3285.3,0.13,20,15,30,35,180,10,20,0,180,86000,185,97000,185,55,395,245,205,40,62,51.9,16.3,,,,,,,,,,,,,,,,,,,,,,,,
2021S051235370156,35370156,Windsor,2021A00053537039,2021,229660,217188,5.7,0,0,00000,390,2031.3,0.19,15,15,25,40,185,0,0,0,185,83000,200,96000,200,25,375,240,205,35,64,54.7,14.6,,,,,,,,,,,,,,,,,,,,,,,,
2021S051235370157,35370157,Windsor,2021A00053537039,2021,229660,217188,5.7,1.9,1.9,00000,491,4431.4,0.11,20,30,55,60,215,20,25,0,210,71500,210,82000,210,65,415,270,205,65,65.1,49.4,24.1,,,,,,,,,,,,,,,,,,,,,,,,
2021S051235370158,35370158,Windsor,2021A00053537039,2021,229660,217188,5.7,0.5,1.9,00000,472,2758.6,0.17,15,25,35,30,210,5,5,0,205,105000,215,105000,210,35,390,235,210,25,60.3,53.8,10.6,,,,,,,,,,,,,,,,,,,,,,,,
2021S051235370159,35370159,Windsor,2021A00053537039,2021,229660,217188,5.7,2,1.4,00000,690,3349.5,0.21,40,35,50,75,290,30,20,0,295,62800,280,72500,285,90,565,315,230,85,55.8,40.7,27,,,,,,,,,,,,,,,,,,,,,,,,
2021S051235370160,35370160,Windsor,2021A00053537039,2021,229660,217188,5.7,0.7,0,00000,570,2676.1,0.21,20,25,55,50,300,10,5,0,295,70500,305,76500,305,45,520,320,265,60,61.5,51,18.8,,,,,,,,,,,,,,,,,,,,,,,,
2021S051235370161,35370161,Windsor,2021A00053537039,2021,229660,217188,5.7,2.4,1.9,00000,413,2984.1,0.14,20,20,30,40,210,5,0,0,205,68000,210,83000,210,30,390,265,190,75,67.9,48.7,28.3,,,,,,,,,,,,,,,,,,,,,,,,
2021S051235370162,35370162,Windsor,2021A00053537039,2021,229660,217188,5.7,1.8,0,00000,389,3225.5,0.12,30,15,30,35,170,0,0,0,170,106000,170,116000,170,10,340,230,205,25,67.6,60.3,10.9,,,,,,,,,,,,,,,,,,,,,,,,
2021S051235370163,35370163,Windsor,2021A00053537039,2021,229660,217188,5.7,1.8,3.2,00000,787,2226.9,0.35,40,40,70,75,380,35,40,0,380,60400,375,73600,375,135,630,330,255,80,52.4,40.5,24.2,,,,,,,,,,,,,,,,,,,,,,,,
2021S051235370164,35370164,Windsor,2021A00053537039,2021,229660,217188,5.7,2.2,0,00000,372,4110.5,0.09,30,30,40,30,185,50,20,0,180,59600,180,70500,180,85,335,175,130,45,52.2,38.8,25.7,,,,,,,,,,,,,,,,,,,,,,,,
2021S051235370165,35370165,Windsor,2021A00053537039,2021,229660,217188,5.7,3,1.7,00000,557,2595.5,0.21,25,35,50,45,235,45,5,0,235,63600,230,74000,225,95,400,270,220,55,67.5,55,20.4,,,,,,,,,,,,,,,,,,,,,,,,
2021S051235370166,35370166,Windsor,2021A00053537039,2021,229660,217188,5.7,3,2.6,00000,601,3744.5,0.16,20,30,60,45,330,40,60,130,325,45200,325,54000,320,255,520,300,230,75,57.7,44.2,25,,,,,,,,,,,,,,,,,,,,,,,,
2021S051235370167,35370167,Windsor,2021A00053537039,2021,229660,217188,5.7,4.5,7.2,00000,523,1332.8,0.39,15,30,30,40,335,0,115,190,340,32800,315,50400,320,260,425,170,145,25,40,34.1,14.7,,,,,,,,,,,,,,,,,,,,,,,,
2021S051235370168,35370168,Windsor,2021A00053537039,2021,229660,217188,5.7,7.3,7.4,00000,409,5801.4,0.07,15,25,50,40,215,5,65,130,220,44000,215,49200,215,200,340,155,85,70,45.6,25,45.2,,,,,,,,,,,,,,,,,,,,,,,,
2021S051235370169,35370169,Windsor,2021A00053537039,2021,229660,217188,5.7,2.9,2,00000,503,4014.4,0.13,25,30,35,25,210,25,15,0,210,84000,215,130000,215,60,430,255,220,30,59.3,51.2,11.8,,,,,,,,,,,,,,,,,,,,,,,,
2021S051235370170,35370170,Windsor,2021A00053537039,2021,229660,217188,5.7,2.5,4.3,00000,483,6457.2,0.07,30,55,55,40,200,10,35,0,200,67000,205,70000,205,100,330,240,195,40,72.7,59.1,16.7,,,,,,,,,,,,,,,,,,,,,,,,
2021S051235370171,35370171,Windsor,2021A00053537039,2021,229660,217188,5.7,3,1.9,00000,541,3568.6,0.15,40,35,50,45,235,25,20,0,230,74000,220,85000,220,80,445,280,225,50,62.9,50.6,17.9,,,,,,,,,,,,,,,,,,,,,,,,
2021S051235370172,35370172,Windsor,2021A00053537039,2021,229660,217188,5.7,0.5,2,00000,530,2807.2,0.19,35,45,30,35,195,10,5,0,195,67000,210,77500,210,80,450,300,215,90,66.7,47.8,30,,,,,,,,,,,,,,,,,,,,,,,,
2021S051235370173,35370173,Windsor,2021A00053537039,2021,229660,217188,5.7,6.9,6.8,00000,492,6586.3,0.07,15,25,65,45,285,10,25,190,290,52000,285,63600,285,235,415,260,225,35,62.7,54.2,13.5,,,,,,,,,,,,,,,,,,,,,,,,
2021S051235370174,35370174,Windsor,2021A00053537039,2021,229660,217188,5.7,2.2,1.7,00000,529,4091.3,0.13,30,40,45,40,235,25,15,40,230,61200,255,76000,255,110,520,330,285,45,63.5,54.8,13.6,,,,,,,,,,,,,,,,,,,,,,,,
2021S051235370175,35370175,Windsor,2021A00053537039,2021,229660,217188,5.7,3.7,5.3,00000,623,5950.3,0.1,15,55,80,55,320,10,180,90,325,45200,315,49600,315,275,495,270,205,65,54.5,41.4,24.1,,,,,,,,,,,,,,,,,,,,,,,,
2021S051235370176,35370176,Windsor,2021A00053537039,2021,229660,217188,5.7,4.5,0,00000,436,3992.7,0.11,30,45,40,35,175,35,35,0,175,74000,165,98000,165,75,375,185,145,40,49.3,38.7,21.6,,,,,,,,,,,,,,,,,,,,,,,,
2021S051235370177,35370177,Windsor,2021A00053537039,2021,229660,217188,5.7,4,5.4,00000,463,7408,0.06,25,50,75,40,225,5,65,55,225,55200,235,68500,235,170,390,270,210,65,69.2,53.8,24.1,,,,,,,,,,,,,,,,,,,,,,,,
2021S051235370178,35370178,Windsor,2021A00053537039,2021,229660,217188,5.7,4.4,5.1,00000,375,5067.6,0.07,30,40,30,30,160,25,10,0,160,67000,155,73000,155,45,305,170,140,30,55.7,45.9,17.6,,,,,,,,,,,,,,,,,,,,,,,,
2021S051235370179,35370179,Windsor,2021A00053537039,2021,229660,217188,5.7,2.2,6.1,00000,589,1887.2,0.31,40,40,35,55,270,40,55,0,270,56000,265,67000,270,110,520,285,245,40,54.8,47.1,14,,,,,,,,,,,,,,,,,,,,,,,,
2021S051235370180,35370180,Windsor,2021A00053537039,2021,229660,217188,5.7,5.3,8.9,00000,437,5221,0.08,25,35,45,35,185,35,40,0,190,59600,180,73500,180,80,365,200,165,35,54.8,45.2,17.5,,,,,,,,,,,,,,,,,,,,,,,,
2021S051235370181,35370181,Windsor,2021A00053537039,2021,229660,217188,5.7,5.7,6.7,00000,476,4269.1,0.11,20,60,50,45,230,40,100,0,230,48000,235,67000,235,165,410,255,185,70,62.2,45.1,27.5,,,,,,,,,,,,,,,,,,,,,,,,
2021S051235370182,35370182,Windsor,2021A00053537039,2021,229660,217188,5.7,5.2,7.8,00000,674,9132.8,0.07,20,50,85,65,325,25,110,185,330,42000,325,49200,325,300,520,295,240,60,56.7,46.2,20.3,,,,,,,,,,,,,,,,,,,,,,,,
2021S051235370183,35370183,Windsor,2021A00053537039,2021,229660,217188,5.7,4.7,6.8,00000,447,6286.9,0.07,30,35,25,30,195,30,100,0,190,46000,185,57200,185,130,345,165,90,75,47.8,26.1,45.5,,,,,,,,,,,,,,,,,,,,,,,,
2021S051235370184,35370184,Windsor,2021A00053537039,2021,229660,217188,5.7,5.4,12.7,00010,522,4784.6,0.11,15,45,70,50,260,20,65,145,260,41600,250,58000,250,210,425,250,215,40,58.8,50.6,16,,,,,,,,,,,,,,,,,,,,,,,,
2021S051235370185,35370185,Windsor,2021A00053537039,2021,229660,217188,5.7,10.5,8,01000,500,6793.5,0.07,15,35,55,35,210,20,110,45,210,38800,225,46000,225,185,400,185,125,60,46.3,31.3,32.4,,,,,,,,,,,,,,,,,,,,,,,,
2021S051235370186,35370186,Windsor,2021A00053537039,2021,229660,217188,5.7,11.4,14.5,01010,575,6756.8,0.09,20,125,105,45,250,45,105,45,245,48800,250,63600,250,190,515,370,300,70,71.8,58.3,18.9,,,,,,,,,,,,,,,,,,,,,,,,
2021S051235370187,35370187,Windsor,2021A00053537039,2021,229660,217188,5.7,12.3,11.8,01010,386,2803.2,0.14,20,65,45,40,210,30,45,100,210,47600,210,57200,210,165,365,225,190,35,61.6,52.1,15.6,,,,,,,,,,,,,,,,,,,,,,,,
2021S051235370188,35370188,Windsor,2021A00053537039,2021,229660,217188,5.7,1.8,2.6,00000,417,5332.5,0.08,30,65,55,25,170,40,35,0,165,54800,170,78000,170,110,405,210,150,60,51.9,37,28.6,,,,,,,,,,,,,,,,,,,,,,,,
2021S051235370189,35370189,Windsor,2021A00053537039,2021,229660,217188,5.7,7,14.3,00010,536,4151.8,0.13,15,60,60,45,270,30,60,100,270,67000,250,74000,250,135,440,235,190,40,53.4,43.2,17,,,,,,,,,,,,,,,,,,,,,,,,
2021S051235370190,35370190,Windsor,2021A00053537039,2021,229660,217188,5.7,10.2,11.8,01010,423,5196.6,0.08,0,10,35,10,205,10,55,105,205,32800,205,36400,205,170,245,95,75,15,38.8,30.6,15.8,,,,,,,,,,,,,,,,,,,,,,,,
2021S051235370191,35370191,Windsor,2021A00053537039,2021,229660,217188,5.7,7.3,10.5,00010,702,3339.7,0.21,10,45,80,60,420,10,90,290,420,45200,425,57800,425,350,655,315,255,60,48.1,38.9,19,,,,,,,,,,,,,,,,,,,,,,,,
2021S051235370192,35370192,Windsor,2021A00053537039,2021,229660,217188,5.7,5.4,4.5,00000,698,5496.1,0.13,20,45,75,45,350,0,95,255,355,43200,380,56000,385,260,545,295,230,65,54.1,42.2,22,,,,,,,,,,,,,,,,,,,,,,,,
2021S051235370193,35370193,Windsor,2021A00053537039,2021,229660,217188,5.7,5.1,5.5,00000,494,37709.9,0.01,10,35,100,50,350,0,5,345,350,50400,390,56600,395,180,525,320,245,75,61,46.7,23.4,,,,,,,,,,,,,,,,,,,,,,,,
2021S051235370194,35370194,Windsor,2021A00053537039,2021,229660,217188,5.7,19.3,22.4,01020,495,2858,0.17,10,15,50,50,285,0,0,285,285,64000,220,73500,220,95,335,150,130,25,44.8,38.8,16.7,,,,,,,,,,,,,,,,,,,,,,,,
2021S051235370195,35370195,Windsor,2021A00053537039,2021,229660,217188,5.7,6.5,9.1,00000,393,5720.5,0.07,50,40,20,25,185,0,10,130,185,37200,185,38800,180,180,305,135,70,60,44.3,23,44.4,,,,,,,,,,,,,,,,,,,,,,,,
2021S051235370196,35370196,Windsor,2021A00053537039,2021,229660,217188,5.7,7.4,5.5,00000,554,4834.2,0.11,5,10,40,20,445,0,0,445,445,25800,440,38200,440,335,525,140,130,15,26.7,24.8,10.7,,,,,,,,,,,,,,,,,,,,,,,,
2021S051235370197,35370197,Windsor,2021A00053537039,2021,229660,217188,5.7,13.9,19.4,01010,551,7950.9,0.07,25,50,40,25,360,5,25,295,360,24000,360,27100,360,355,450,160,115,45,35.6,25.6,28.1,,,,,,,,,,,,,,,,,,,,,,,,
2021S051235370198,35370198,Windsor,2021A00053537039,2021,229660,217188,5.7,12,7,01000,474,3137,0.15,30,45,45,30,185,50,65,0,185,46800,185,51200,180,120,330,145,115,30,43.9,34.8,20.7,,,,,,,,,,,,,,,,,,,,,,,,
2021S051235370199,35370199,Windsor,2021A00053537039,2021,229660,217188,5.7,11.7,17.5,01010,549,5797.3,0.09,15,55,60,60,215,30,120,0,215,47200,230,58800,230,160,485,245,205,40,50.5,42.3,16.3,,,,,,,,,,,,,,,,,,,,,,,,
2021S051235370200,35370200,Windsor,2021A00053537039,2021,229660,217188,5.7,2.6,8.2,00000,466,4247.9,0.11,35,20,40,30,195,15,40,80,195,37200,205,41200,205,180,410,105,80,25,25.6,19.5,23.8,,,,,,,,,,,,,,,,,,,,,,,,
2021S051235370201,35370201,Windsor,2021A00053537039,2021,229660,217188,5.7,6.2,7.7,00000,521,5782.5,0.09,45,40,35,35,210,65,60,0,205,42400,220,47600,220,155,405,160,120,45,39.5,29.6,28.1,,,,,,,,,,,,,,,,,,,,,,,,
2021S051235370202,35370202,Windsor,2021A00053537039,2021,229660,217188,5.7,2.9,8.3,00000,502,6189.9,0.08,30,45,45,40,210,55,70,0,205,52800,200,66000,200,125,485,305,195,110,62.9,40.2,36.1,,,,,,,,,,,,,,,,,,,,,,,,
2021S051235370203,35370203,Windsor,2021A00053537039,2021,229660,217188,5.7,1,0,00000,511,9410.7,0.05,40,30,40,25,195,15,15,135,200,43200,210,52800,210,185,435,145,125,20,33.3,28.7,13.8,,,,,,,,,,,,,,,,,,,,,,,,
2021S051235370204,35370204,Windsor,2021A00053537039,2021,229660,217188,5.7,6.3,6.4,00000,403,1950.6,0.21,35,35,25,30,190,20,80,30,190,41200,190,50000,190,165,335,165,125,40,49.3,37.3,24.2,,,,,,,,,,,,,,,,,,,,,,,,
2021S051235370205,35370205,Windsor,2021A00053537039,2021,229660,217188,5.7,9.4,15.7,00010,444,6333.8,0.07,20,35,30,40,205,10,20,140,205,44000,185,53200,185,175,355,150,125,25,42.3,35.2,16.7,,,,,,,,,,,,,,,,,,,,,,,,
2021S051235370206,35370206,Windsor,2021A00053537039,2021,229660,217188,5.7,3.1,4.2,00000,515,6568.9,0.08,5,25,35,35,390,5,10,365,390,24200,390,31800,390,375,445,125,95,30,28.1,21.3,24,,,,,,,,,,,,,,,,,,,,,,,,
2021S051235370207,35370207,Windsor,2021A00053537039,2021,229660,217188,5.7,5.4,3.6,00000,566,18025.5,0.03,5,20,10,5,440,0,0,440,440,22400,460,25500,455,455,535,85,50,30,15.9,9.3,35.3,,,,,,,,,,,,,,,,,,,,,,,,
2021S051235370208,35370208,Windsor,2021A00053537039,2021,229660,217188,5.7,3.1,5.9,00000,345,2858.3,0.12,10,20,30,35,195,10,30,125,195,44000,200,50800,200,170,320,125,100,25,39.1,31.3,20,,,,,,,,,,,,,,,,,,,,,,,,
2021S051235370209,35370209,Windsor,2021A00053537039,2021,229660,217188,5.7,5.2,6.8,00000,511,4899.3,0.1,30,35,40,35,305,10,20,230,305,28200,280,40800,285,260,455,160,110,55,35.2,24.2,34.4,,,,,,,,,,,,,,,,,,,,,,,,
2021S051235370210,35370210,Windsor,2021A00053537039,2021,229660,217188,5.7,3.1,4.1,00000,726,6131.8,0.12,45,60,70,55,290,35,95,0,295,52400,310,69000,310,190,620,340,270,70,54.8,43.5,20.6,,,,,,,,,,,,,,,,,,,,,,,,
2021S051235370211,35370211,Windsor,2021A00053537039,2021,229660,217188,5.7,2.7,4.1,00000,687,6426.6,0.11,30,50,45,55,300,65,60,0,295,54800,300,55200,300,160,510,205,195,15,40.2,38.2,7.3,,,,,,,,,,,,,,,,,,,,,,,,
2021S051235370212,35370212,Windsor,2021A00053537039,2021,229660,217188,5.7,6.7,8.3,00000,599,4394.7,0.14,30,50,60,45,255,75,65,0,255,56400,240,61600,240,120,445,305,235,65,68.5,52.8,21.3,,,,,,,,,,,,,,,,,,,,,,,,
2021S051235370213,35370213,Windsor,2021A00053537039,2021,229660,217188,5.7,6,8.6,00000,527,5588.5,0.09,40,50,50,35,235,40,90,0,235,50800,235,65500,235,155,445,235,195,30,52.8,43.8,12.8,,,,,,,,,,,,,,,,,,,,,,,,
2021S051235370214,35370214,Windsor,2021A00053537039,2021,229660,217188,5.7,3.8,0,00000,436,6459.3,0.07,20,40,50,40,185,50,70,0,185,54000,180,54400,180,100,320,190,135,50,59.4,42.2,26.3,,,,,,,,,,,,,,,,,,,,,,,,
2021S051235370215,35370215,Windsor,2021A00053537039,2021,229660,217188,5.7,6,6.4,00000,502,6452.4,0.08,30,35,40,40,180,35,45,0,185,48400,195,58800,195,130,375,170,140,30,45.3,37.3,17.6,,,,,,,,,,,,,,,,,,,,,,,,
2021S051235370216,35370216,Windsor,2021A00053537039,2021,229660,217188,5.7,5.7,6.5,00000,507,6167.9,0.08,35,40,50,50,195,40,30,0,190,60400,180,60400,180,85,310,180,130,55,58.1,41.9,30.6,,,,,,,,,,,,,,,,,,,,,,,,
2021S051235370217,35370217,Windsor,2021A00053537039,2021,229660,217188,5.7,5.6,6.4,00000,525,6587.2,0.08,45,40,45,25,195,45,90,0,195,44400,200,61600,200,145,410,180,145,35,43.9,35.4,19.4,,,,,,,,,,,,,,,,,,,,,,,,
2021S051235370218,35370218,Windsor,2021A00053537039,2021,229660,217188,5.7,6.9,5.7,00000,450,5494.5,0.08,15,35,60,35,220,25,100,0,215,54000,210,70000,215,135,395,210,170,40,53.2,43,19,,,,,,,,,,,,,,,,,,,,,,,,
2021S051235370219,35370219,Windsor,2021A00053537039,2021,229660,217188,5.7,7.7,11.1,00010,453,6318,0.07,35,35,35,40,195,45,70,0,195,57200,205,65000,200,130,370,225,155,70,60.8,41.9,31.1,,,,,,,,,,,,,,,,,,,,,,,,
2021S051235370220,35370220,Windsor,2021A00053537039,2021,229660,217188,5.7,8.3,9.8,00000,413,4029.3,0.1,15,25,40,25,205,50,55,0,205,64500,200,66500,200,135,330,225,185,40,68.2,56.1,17.8,,,,,,,,,,,,,,,,,,,,,,,,
2021S051235370221,35370221,Windsor,2021A00053537039,2021,229660,217188,5.7,3.8,5.3,00000,568,2074.5,0.27,15,35,60,50,320,20,215,0,315,62000,310,75500,310,185,455,305,255,50,67,56,16.4,,,,,,,,,,,,,,,,,,,,,,,,
2021S051235370222,35370222,Windsor,2021A00053537039,2021,229660,217188,5.7,4.4,6.8,00000,446,4621.8,0.1,25,25,50,40,225,35,100,0,230,61600,235,69500,235,145,355,235,195,50,66.2,54.9,21.3,,,,,,,,,,,,,,,,,,,,,,,,
2021S051235370223,35370223,Windsor,2021A00053537039,2021,229660,217188,5.7,2,4.3,00000,465,4803.7,0.1,30,40,40,30,195,35,10,0,195,78000,205,100000,200,75,460,270,225,40,58.7,48.9,14.8,,,,,,,,,,,,,,,,,,,,,,,,
2021S051235370224,35370224,Windsor,2021A00053537039,2021,229660,217188,5.7,4.6,6.7,00000,458,5739.3,0.08,20,40,45,40,170,35,20,0,175,70500,185,83000,180,70,390,245,200,45,62.8,51.3,18.4,,,,,,,,,,,,,,,,,,,,,,,,
2021S051235370225,35370225,Windsor,2021A00053537039,2021,229660,217188,5.7,5.6,4.8,00000,385,5147.1,0.07,25,15,45,30,180,35,25,0,175,64000,160,76000,160,60,305,200,140,60,65.6,45.9,30,,,,,,,,,,,,,,,,,,,,,,,,
2021S051235370226,35370226,Windsor,2021A00053537039,2021,229660,217188,5.7,3.5,2.1,00000,446,5603,0.08,30,30,30,35,200,30,40,0,200,58000,185,70500,185,85,330,210,160,50,63.6,48.5,23.8,,,,,,,,,,,,,,,,,,,,,,,,
2021S051235370227,35370227,Windsor,2021A00053537039,2021,229660,217188,5.7,3.7,8.3,00000,405,2609.5,0.16,25,30,35,25,190,10,35,0,185,70500,170,77500,170,75,320,195,160,35,60.9,50,17.9,,,,,,,,,,,,,,,,,,,,,,,,
2021S051235370228,35370228,Windsor,2021A00053537039,2021,229660,217188,5.7,4.3,3.5,00000,490,5020.5,0.1,20,35,60,55,230,30,55,0,230,61600,235,70500,240,100,455,300,250,50,65.9,54.9,16.7,,,,,,,,,,,,,,,,,,,,,,,,
2021S051235370229,35370229,Windsor,2021A00053537039,2021,229660,217188,5.7,1.5,2,00000,449,5028,0.09,25,30,50,35,200,20,25,0,195,67000,205,77000,205,85,390,245,180,65,62.8,46.2,26.5,,,,,,,,,,,,,,,,,,,,,,,,
2021S051235370230,35370230,Windsor,2021A00053537039,2021,229660,217188,5.7,2.4,0,00000,509,4313.6,0.12,20,40,55,45,245,25,65,0,245,61200,260,74000,260,130,445,260,215,45,58.4,48.3,17.3,,,,,,,,,,,,,,,,,,,,,,,,
2021S051235370231,35370231,Windsor,2021A00053537039,2021,229660,217188,5.7,3.2,8.9,00000,411,4285.7,0.1,10,15,30,40,190,40,10,0,185,65000,170,77000,175,50,335,210,160,50,62.7,47.8,23.8,,,,,,,,,,,,,,,,,,,,,,,,
2021S051235370232,35370232,Windsor,2021A00053537039,2021,229660,217188,5.7,0,0,00000,436,4291.3,0.1,20,20,25,40,180,25,10,0,180,73500,185,80000,185,35,350,200,155,45,57.1,44.3,22.5,,,,,,,,,,,,,,,,,,,,,,,,
2021S051235370233,35370233,Windsor,2021A00053537039,2021,229660,217188,5.7,1.6,0,00000,577,3776.2,0.15,45,35,40,50,245,75,25,0,245,58400,250,77000,250,110,510,260,215,45,51,42.2,17.3,,,,,,,,,,,,,,,,,,,,,,,,
2021S051235370234,35370234,Windsor,2021A00053537039,2021,229660,217188,5.7,4.2,10.7,00010,453,5712.5,0.08,30,20,45,30,215,50,35,50,210,50400,210,49600,210,135,320,160,120,40,50,37.5,25,,,,,,,,,,,,,,,,,,,,,,,,
2021S051235370235,35370235,Windsor,2021A00053537039,2021,229660,217188,5.7,2.7,5.4,00000,498,3918.2,0.13,30,30,55,40,225,40,100,0,225,51600,230,65500,225,140,425,230,200,30,54.1,47.1,13,,,,,,,,,,,,,,,,,,,,,,,,
2021S051235370236,35370236,Windsor,2021A00053537039,2021,229660,217188,5.7,2.1,4.6,00000,553,1958.9,0.28,25,35,65,60,240,50,30,0,240,56000,265,67000,265,130,480,280,210,70,58.3,43.8,25,,,,,,,,,,,,,,,,,,,,,,,,
2021S051235370237,35370237,Windsor,2021A00053537039,2021,229660,217188,5.7,3.3,4.9,00000,582,4546.9,0.13,25,45,50,45,235,35,35,0,240,62000,245,69000,245,85,455,255,215,45,56,47.3,17.6,,,,,,,,,,,,,,,,,,,,,,,,
2021S051235370238,35370238,Windsor,2021A00053537039,2021,229660,217188,5.7,2.3,4.9,00000,593,1959,0.3,40,35,50,50,255,60,50,0,255,52000,240,56400,240,145,430,230,190,35,53.5,44.2,15.2,,,,,,,,,,,,,,,,,,,,,,,,
2021S051235370239,35370239,Windsor,2021A00053537039,2021,229660,217188,5.7,2.5,5,00000,563,1511.8,0.37,30,50,60,50,240,60,40,0,240,61200,235,73500,235,130,420,285,240,45,67.9,57.1,15.8,,,,,,,,,,,,,,,,,,,,,,,,
2021S051235370240,35370240,Windsor,2021A00053537039,2021,229660,217188,5.7,2.5,1.5,00000,569,751.7,0.76,25,30,45,65,275,25,30,0,275,76000,275,84000,270,55,500,300,265,45,60,53,15,,,,,,,,,,,,,,,,,,,,,,,,
2021S051235370241,35370241,Windsor,2021A00053537039,2021,229660,217188,5.7,0.9,0,00000,489,3448.5,0.14,35,25,35,35,215,20,20,0,215,100000,235,133000,235,55,450,290,245,45,64.4,54.4,15.5,,,,,,,,,,,,,,,,,,,,,,,,
2021S051235370242,35370242,Windsor,2021A00053537039,2021,229660,217188,5.7,3.8,0,00000,404,2170.9,0.19,10,30,55,35,205,30,50,0,205,62800,230,84000,230,95,360,255,220,35,70.8,61.1,13.7,,,,,,,,,,,,,,,,,,,,,,,,
2021S051235370243,35370243,Windsor,2021A00053537039,2021,229660,217188,5.7,2.4,2,00000,445,1201.4,0.37,20,25,35,40,210,10,15,0,210,115000,220,194000,220,40,420,285,265,20,67.9,63.1,7,,,,,,,,,,,,,,,,,,,,,,,,
2021S051235370244,35370244,Windsor,2021A00053537039,2021,229660,217188,5.7,4.6,2.3,00000,429,748.7,0.57,30,25,30,30,190,25,95,0,195,33600,190,32800,190,140,275,110,105,15,40,38.2,13.6,,,,,,,,,,,,,,,,,,,,,,,,
2021S051235370245,35370245,Windsor,2021A00053537039,2021,229660,217188,5.7,6.2,14.8,00010,632,5901,0.11,45,40,60,65,270,50,55,0,275,55600,225,70000,225,120,435,245,185,60,56.3,42.5,24.5,,,,,,,,,,,,,,,,,,,,,,,,
2021S051235370246,35370246,Windsor,2021A00053537039,2021,229660,217188,5.7,6.6,15.5,00010,615,708.3,0.87,25,50,70,55,285,50,75,0,285,57200,255,65000,255,110,430,230,190,40,53.5,44.2,17.4,,,,,,,,,,,,,,,,,,,,,,,,
2021S051235370247,35370247,Windsor,2021A00053537039,2021,229660,217188,5.7,5.2,6.9,00000,504,1578.5,0.32,25,35,35,45,230,30,40,0,230,54000,230,62000,230,100,410,220,165,60,53.7,40.2,27.3,,,,,,,,,,,,,,,,,,,,,,,,
2021S051235370248,35370248,Windsor,2021A00053537039,2021,229660,217188,5.7,2.2,4.5,00000,397,3452.2,0.12,25,25,25,25,180,10,20,0,180,60800,180,65000,180,40,345,200,135,65,58,39.1,32.5,,,,,,,,,,,,,,,,,,,,,,,,
2021S051235370249,35370249,Windsor,2021A00053537039,2021,229660,217188,5.7,2.9,4.8,00000,396,2152.2,0.18,15,30,35,30,175,10,5,0,175,65000,170,71500,170,55,310,165,110,55,53.2,35.5,33.3,,,,,,,,,,,,,,,,,,,,,,,,
2021S051235370250,35370250,Windsor,2021A00053537039,2021,229660,217188,5.7,3.2,4.3,00000,429,4165,0.1,25,20,40,30,190,10,5,0,190,65000,185,86000,185,50,400,285,230,55,71.3,57.5,19.3,,,,,,,,,,,,,,,,,,,,,,,,
2021S051235370251,35370251,Windsor,2021A00053537039,2021,229660,217188,5.7,3.2,9.1,00000,538,3645,0.15,35,40,40,45,225,35,5,0,220,66500,210,79500,210,50,420,240,205,40,57.1,48.8,16.7,,,,,,,,,,,,,,,,,,,,,,,,
2021S051235370252,35370252,Windsor,2021A00053537039,2021,229660,217188,5.7,1.6,0,00000,405,950.3,0.43,15,30,30,30,190,5,0,0,190,68500,170,77000,170,30,345,185,140,45,53.6,40.6,24.3,,,,,,,,,,,,,,,,,,,,,,,,
2021S051235370253,35370253,Windsor,2021A00053537039,2021,229660,217188,5.7,2.9,7,00000,397,3507.1,0.11,20,30,45,25,170,5,15,0,170,66000,170,75000,170,40,360,200,155,50,55.6,43.1,25,,,,,,,,,,,,,,,,,,,,,,,,
2021S051235370254,35370254,Windsor,2021A00053537039,2021,229660,217188,5.7,2.3,2.2,00000,375,3321.5,0.11,15,25,30,25,175,10,15,0,175,67500,175,80000,170,40,380,245,205,40,64.5,53.9,16.3,,,,,,,,,,,,,,,,,,,,,,,,
2021S051235370255,35370255,Windsor,2021A00053537039,2021,229660,217188,5.7,2.7,1.9,00000,485,2909.4,0.17,25,15,30,50,220,20,20,0,220,60400,220,68500,220,50,405,170,140,35,42,34.6,20.6,,,,,,,,,,,,,,,,,,,,,,,,
2021S051235370256,35370256,Windsor,2021A00053537039,2021,229660,217188,5.7,3.8,4.3,00000,480,3902.4,0.12,45,40,40,30,185,15,25,0,190,60800,190,70500,190,105,420,210,175,40,50,41.7,19,,,,,,,,,,,,,,,,,,,,,,,,
2021S051235370257,35370257,Windsor,2021A00053537039,2021,229660,217188,5.7,3.2,4.4,00000,417,2366.6,0.18,25,25,25,30,185,15,5,0,185,71500,180,79000,180,45,325,230,185,45,70.8,56.9,19.6,,,,,,,,,,,,,,,,,,,,,,,,
2021S051235370258,35370258,Windsor,2021A00053537039,2021,229660,217188,5.7,1.3,0,00000,363,3073.7,0.12,20,10,40,30,160,10,0,0,160,76000,180,70500,180,30,320,185,130,55,57.8,40.6,29.7,,,,,,,,,,,,,,,,,,,,,,,,
2021S051235370259,35370259,Windsor,2021A00053537039,2021,229660,217188,5.7,2.3,4.5,00000,507,2337.5,0.22,10,20,35,40,260,0,5,0,265,59200,275,63600,275,95,415,235,185,50,56.6,44.6,21.3,,,,,,,,,,,,,,,,,,,,,,,,
2021S051235370260,35370260,Windsor,2021A00053537039,2021,229660,217188,5.7,0.6,2.4,00000,412,2597.7,0.16,20,20,40,35,170,0,0,0,170,76500,160,88000,160,15,310,200,180,20,64.5,58.1,10,,,,,,,,,,,,,,,,,,,,,,,,
2021S051235370261,35370261,Windsor,2021A00053537039,2021,229660,217188,5.7,3.9,1.9,00000,397,3235.5,0.12,5,20,35,30,205,10,60,0,205,58000,205,68000,205,80,360,220,195,30,61.1,54.2,13.6,,,,,,,,,,,,,,,,,,,,,,,,
2021S051235370262,35370262,Windsor,2021A00053537039,2021,229660,217188,5.7,6.4,12.3,00010,475,5900.6,0.08,25,40,50,45,220,15,90,0,215,58800,205,70500,205,115,370,245,150,95,66.2,40.5,38.8,,,,,,,,,,,,,,,,,,,,,,,,
2021S051235370263,35370263,Windsor,2021A00053537039,2021,229660,217188,5.7,1.9,0,00000,335,1457.2,0.23,5,20,10,15,210,0,40,105,215,53200,210,85000,210,140,335,135,110,20,40.3,32.8,14.8,,,,,,,,,,,,,,,,,,,,,,,,
2021S051235370264,35370264,Windsor,2021A00053537039,2021,229660,217188,5.7,2.6,2.6,00000,399,2286.5,0.17,40,30,20,20,155,0,0,0,155,67500,155,84000,155,60,305,140,100,35,45.9,32.8,25,,,,,,,,,,,,,,,,,,,,,,,,
2021S051235370266,35370266,Windsor,2021A00053537039,2021,229660,217188,5.7,2.1,1.4,00000,1269,4990.2,0.25,15,35,65,45,890,5,0,840,895,50400,900,60500,895,645,1210,440,370,65,36.4,30.6,14.8,,,,,,,,,,,,,,,,,,,,,,,,
2021S051235370267,35370267,Windsor,2021A00053537039,2021,229660,217188,5.7,1.9,2.5,00000,691,9188.8,0.08,25,30,50,40,310,20,80,175,315,48000,325,49800,325,290,445,165,150,15,37.1,33.7,9.1,,,,,,,,,,,,,,,,,,,,,,,,
2021S051235370268,35370268,Windsor,2021A00053537039,2021,229660,217188,5.7,1.8,2.1,00000,579,2183.3,0.27,20,35,30,25,380,0,200,65,380,46400,375,105200,375,280,525,290,250,35,55.2,47.6,12.1,,,,,,,,,,,,,,,,,,,,,,,,
2021S051235370269,35370269,Windsor,2021A00053537039,2021,229660,217188,5.7,2.3,5.5,00000,469,2021.6,0.23,30,20,30,25,220,5,55,0,220,83000,210,85000,205,65,370,225,210,15,60.8,56.8,6.7,,,,,,,,,,,,,,,,,,,,,,,,
2021S051235370270,35370270,Windsor,2021A00053537039,2021,229660,217188,5.7,0,2.9,00000,352,1617.6,0.22,10,20,20,20,145,0,0,0,145,98000,130,106000,130,10,265,155,120,35,58.5,45.3,22.6,,,,,,,,,,,,,,,,,,,,,,,,
2021S051235370271,35370271,Windsor,2021A00053537039,2021,229660,217188,5.7,0.5,4.1,00000,483,3030.1,0.16,25,25,25,30,200,5,0,0,200,96000,190,111000,190,10,360,235,195,40,65.3,54.2,17,,,,,,,,,,,,,,,,,,,,,,,,
2021S051235370272,35370272,Windsor,2021A00053537039,2021,229660,217188,5.7,1.1,2.3,00000,452,3249.5,0.14,20,15,35,35,175,0,0,0,175,87000,185,98000,180,10,390,295,215,80,75.6,55.1,27.1,,,,,,,,,,,,,,,,,,,,,,,,
2021S051235370273,35370273,Windsor,2021A00053537039,2021,229660,217188,5.7,0.5,0,00000,418,2923.1,0.14,20,20,25,30,190,5,35,0,190,86000,200,97000,200,40,385,240,190,50,62.3,49.4,20.8,,,,,,,,,,,,,,,,,,,,,,,,
2021S051235370274,35370274,Windsor,2021A00053537039,2021,229660,217188,5.7,0.7,1.5,00000,629,2515,0.25,40,30,35,45,270,5,0,35,270,79000,265,95000,265,55,515,290,240,50,56.3,46.6,17.2,,,,,,,,,,,,,,,,,,,,,,,,
2021S051235370275,35370275,Windsor,2021A00053537039,2021,229660,217188,5.7,0.6,0,00000,383,2301.7,0.17,20,20,40,30,175,0,10,0,175,88000,175,109000,175,15,380,205,170,30,53.9,44.7,14.6,,,,,,,,,,,,,,,,,,,,,,,,
2021S051235370276,35370276,Windsor,2021A00053537039,2021,229660,217188,5.7,2,7.7,00000,485,3474.2,0.14,20,20,35,30,255,5,0,110,255,60800,240,82000,240,110,410,240,195,50,58.5,47.6,20.8,,,,,,,,,,,,,,,,,,,,,,,,
2021S051235370277,35370277,Windsor,2021A00053537039,2021,229660,217188,5.7,2.3,4.6,00000,776,1822,0.43,45,35,35,25,345,5,40,0,345,81000,325,109200,330,90,610,310,255,45,50.8,41.8,14.5,,,,,,,,,,,,,,,,,,,,,,,,
2021S051235370278,35370278,Windsor,2021A00053537039,2021,229660,217188,5.7,2.9,3.7,00000,332,6497.1,0.05,15,10,25,35,210,0,45,130,210,51200,220,60800,220,195,335,180,135,45,53.7,40.3,25,,,,,,,,,,,,,,,,,,,,,,,,
2021S051235370279,35370279,Windsor,2021A00053537039,2021,229660,217188,5.7,0,0,09999,10,1960.8,0.01,,,,,,,,,,,,,,,,,,,,,,,,,6,6,6,6,6,6,6,6,6,6,6,6,6,6,6,6,6,6,6,6,6
2021S051235370284,35370284,Windsor,2021A00053537039,2021,229660,217188,5.7,0.8,1.7,00000,555,3247.5,0.17,30,30,55,50,240,0,80,10,240,78500,235,84000,240,105,445,300,245,50,67.4,55.1,16.7,,,,,,,,,,,,,,,,,,,,,,,,
2021S051235370285,35370285,Windsor,2021A00053537039,2021,229660,217188,5.7,0.4,0,00000,469,4676,0.1,20,25,30,30,265,0,55,115,265,56800,275,69500,275,185,465,215,190,25,46.2,40.9,11.6,,,,,,,,,,,,,,,,,,,,,,,,
2021S051235370286,35370286,Windsor,2021A00053537039,2021,229660,217188,5.7,1.5,4.4,00000,468,2327.2,0.2,25,20,20,25,200,5,10,0,200,87000,175,83000,175,20,330,160,115,45,48.5,34.8,28.1,,,,,,,,,,,,,,,,,,,,,,,,
2021S051235370287,35370287,Windsor,2021A00053537039,2021,229660,217188,5.7,1.3,1.7,00000,461,1698.6,0.27,10,20,20,20,240,0,0,0,235,74500,245,92000,245,20,430,235,190,45,54.7,44.2,19.1,,,,,,,,,,,,,,,,,,,,,,,,
2021S051235370288,35370288,Windsor,2021A00053537039,2021,229660,217188,5.7,1.3,1,00000,709,3228.6,0.22,25,40,35,45,385,0,100,135,390,60400,405,87600,405,160,715,370,320,50,51.7,44.8,13.5,,,,,,,,,,,,,,,,,,,,,,,,
2021S051235370289,35370289,Windsor,2021A00053537039,2021,229660,217188,5.7,0.6,0,00000,407,1981.5,0.21,25,15,25,25,165,0,0,0,165,100000,175,121000,175,10,385,210,175,35,54.5,45.5,16.7,,,,,,,,,,,,,,,,,,,,,,,,
2021S051235370290,35370290,Windsor,2021A00053537039,2021,229660,217188,5.7,0.4,0.4,00000,590,2875.2,0.21,35,45,40,35,220,5,0,0,225,100000,225,115000,225,15,470,270,245,20,57.4,52.1,7.4,,,,,,,,,,,,,,,,,,,,,,,,
2021S051235370291,35370291,Windsor,2021A00053537039,2021,229660,217188,5.7,1.4,0,00000,776,3438.2,0.23,40,30,70,60,290,5,5,0,290,94000,300,114000,300,30,625,395,335,55,63.2,53.6,13.9,,,,,,,,,,,,,,,,,,,,,,,,
2021S051235370292,35370292,Windsor,2021A00053537039,2021,229660,217188,5.7,1.3,1,00000,870,5708.7,0.15,40,45,70,55,385,0,0,165,385,55600,395,68000,395,245,765,400,285,110,52.3,37.3,27.5,,,,,,,,,,,,,,,,,,,,,,,,
2021S051235370293,35370293,Windsor,2021A00053537039,2021,229660,217188,5.7,2,6.3,00000,962,10894.7,0.09,45,65,75,65,445,0,85,175,445,58400,440,67200,435,255,830,430,350,80,51.8,42.2,18.6,,,,,,,,,,,,,,,,,,,,,,,,
2021S051235370294,35370294,Windsor,2021A00053537039,2021,229660,217188,5.7,4.6,3.3,00000,647,5074.5,0.13,50,40,45,40,240,0,0,55,240,62800,230,69500,235,105,520,250,175,75,48.1,33.7,30,,,,,,,,,,,,,,,,,,,,,,,,
2021S051235370295,35370295,Windsor,2021A00053537039,2021,229660,217188,5.7,1.9,3.8,00000,283,7546.7,0.04,15,15,20,10,105,0,0,0,110,65500,105,82000,100,25,215,120,110,10,55.8,51.2,8.3,,,,,,,,,,,,,,,,,,,,,,,,
2021S051235370296,35370296,Windsor,2021A00053537039,2021,229660,217188,5.7,2.3,3.6,00000,518,1190,0.44,25,40,45,40,220,0,20,20,215,73500,230,80000,230,140,440,315,215,95,71.6,48.9,30.2,,,,,,,,,,,,,,,,,,,,,,,,
2021S051235370297,35370297,Windsor,2021A00053537039,2021,229660,217188,5.7,0.9,0,00000,564,3035.5,0.19,15,20,40,60,230,0,0,0,230,99000,240,116000,235,10,515,305,260,45,59.2,50.5,14.8,,,,,,,,,,,,,,,,,,,,,,,,
2021S051235370298,35370298,Windsor,2021A00053537039,2021,229660,217188,5.7,0.5,0,00000,502,2122.6,0.24,25,20,20,30,200,0,0,0,200,99000,210,111000,210,10,470,270,225,45,57.4,47.9,16.7,,,,,,,,,,,,,,,,,,,,,,,,
2021S051235370299,35370299,Windsor,2021A00053537039,2021,229660,217188,5.7,0.6,0,00000,432,1626.5,0.27,20,30,15,10,160,0,0,0,160,105000,155,110000,160,0,335,190,145,45,56.7,43.3,23.7,,,,,,,,,,,,,,,,,,,,,,,,
2021S051235370300,35370300,Windsor,2021A00053537039,2021,229660,217188,5.7,2,3.2,00000,536,3071.6,0.17,35,25,25,25,255,0,85,0,255,70500,245,75500,245,150,425,220,175,45,51.8,41.2,20.5,,,,,,,,,,,,,,,,,,,,,,,,
2021S051235370304,35370304,Windsor,2021A00053537039,2021,229660,217188,5.7,4,1.7,00000,440,2152.6,0.2,15,10,20,35,245,30,30,145,250,51600,250,63600,250,240,395,150,125,25,38,31.6,16.7,,,,,,,,,,,,,,,,,,,,,,,,
2021S051235370305,35370305,Windsor,2021A00053537039,2021,229660,217188,5.7,7.8,12.5,00010,390,3183.7,0.12,30,25,35,30,170,45,45,0,165,44400,160,52000,160,105,320,125,100,25,39.1,31.3,20,,,,,,,,,,,,,,,,,,,,,,,,
2021S051235370306,35370306,Windsor,2021A00053537039,2021,229660,217188,5.7,3.5,3,00000,565,5350.4,0.11,25,50,60,45,285,10,120,80,285,48000,280,58400,280,225,530,280,235,40,52.8,44.3,14.3,,,,,,,,,,,,,,,,,,,,,,,,
2021S051235370307,35370307,Windsor,2021A00053537039,2021,229660,217188,5.7,5.5,7.4,00000,482,3724.9,0.13,10,60,75,60,220,50,70,0,215,47200,225,56000,225,185,420,260,200,60,61.9,47.6,23.1,,,,,,,,,,,,,,,,,,,,,,,,
2021S051235370308,35370308,Windsor,2021A00053537039,2021,229660,217188,5.7,7.3,7.7,00000,524,3149,0.17,20,70,80,55,265,40,100,0,260,49600,275,60800,275,185,460,315,255,60,68.5,55.4,19,,,,,,,,,,,,,,,,,,,,,,,,
2021S051235370309,35370309,Windsor,2021A00053537039,2021,229660,217188,5.7,6.7,3.9,00000,490,8477.5,0.06,15,75,50,35,310,10,30,220,310,33600,330,43800,330,300,455,145,80,65,31.9,17.6,44.8,,,,,,,,,,,,,,,,,,,,,,,,
2021S051235370310,35370310,Windsor,2021A00053537039,2021,229660,217188,5.7,9.1,7,00000,569,5890.3,0.1,15,170,145,45,230,10,50,30,230,54000,240,60800,240,200,515,340,310,25,66,60.2,7.4,,,,,,,,,,,,,,,,,,,,,,,,
2021S051235370311,35370311,Windsor,2021A00053537039,2021,229660,217188,5.7,12.8,19.7,01010,626,6447,0.1,25,195,185,35,265,5,85,35,265,44800,240,52800,240,190,520,325,300,25,62.5,57.7,7.7,,,,,,,,,,,,,,,,,,,,,,,,
2021S051235370312,35370312,Windsor,2021A00053537039,2021,229660,217188,5.7,9.1,14.1,00010,594,7434.3,0.08,25,195,160,35,265,30,75,75,260,44000,255,54400,255,220,550,355,285,70,64.5,51.8,19.7,,,,,,,,,,,,,,,,,,,,,,,,
2021S051235370313,35370313,Windsor,2021A00053537039,2021,229660,217188,5.7,8.3,11.3,00010,528,2835.7,0.19,15,150,160,40,240,15,110,50,245,45600,250,42800,250,225,460,305,270,35,66.3,58.7,11.5,,,,,,,,,,,,,,,,,,,,,,,,
2021S051235370314,35370314,Windsor,2021A00053537039,2021,229660,217188,5.7,11.5,10.1,01919,244,444.4,0.55,20,70,50,25,115,15,35,0,,,,,135,85,240,160,135,30,66.7,56.3,18.8,,,,,,,,,,,,6,6,6,6,,,,,,,,,
2021S051235370315,35370315,Windsor,2021A00053537039,2021,229660,217188,5.7,7,8.8,00000,524,3122.8,0.17,15,140,150,45,230,25,45,60,225,40800,240,65000,235,195,620,400,275,125,64.5,44.4,31.3,,,,,,,,,,,,,,,,,,,,,,,,
2021S051235370316,35370316,Windsor,2021A00053537039,2021,229660,217188,5.7,4.8,5.4,00000,523,5943.2,0.09,15,115,130,45,230,5,50,130,230,46000,220,53200,220,190,380,235,175,60,61.8,46.1,25.5,,,,,,,,,,,,,,,,,,,,,,,,
2021S051235370317,35370317,Windsor,2021A00053537039,2021,229660,217188,5.7,9.4,11.8,00010,369,4572.5,0.08,15,85,75,25,210,10,85,105,210,36000,185,43200,185,175,315,170,125,45,54,39.7,26.5,,,,,,,,,,,,,,,,,,,,,,,,
2021S051235370318,35370318,Windsor,2021A00053537039,2021,229660,217188,5.7,2.9,0,00000,422,5248.8,0.08,5,50,65,40,240,5,100,130,245,36400,265,51600,265,255,465,280,230,50,60.2,49.5,17.9,,,,,,,,,,,,,,,,,,,,,,,,
2021S051235370319,35370319,Windsor,2021A00053537039,2021,229660,217188,5.7,3.2,1.9,00000,469,285.1,1.64,15,60,85,55,215,5,180,0,220,44800,220,47200,225,150,335,235,185,50,70.1,55.2,21.3,,,,,,,,,,,,,,,,,,,,,,,,
2021S051235370320,35370320,Windsor,2021A00053537039,2021,229660,217188,5.7,4.5,3.5,00000,450,7563,0.06,25,50,55,40,225,5,95,95,220,38800,235,61200,235,205,430,215,165,50,50,38.4,23.3,,,,,,,,,,,,,,,,,,,,,,,,
2021S051235370321,35370321,Windsor,2021A00053537039,2021,229660,217188,5.7,4.3,4.8,00000,463,5773.1,0.08,15,40,55,40,255,5,95,120,255,43200,260,50000,260,225,390,195,170,25,50,43.6,12.8,,,,,,,,,,,,,,,,,,,,,,,,
2021S051235370322,35370322,Windsor,2021A00053537039,2021,229660,217188,5.7,4.9,7.5,00000,523,4599.8,0.11,25,70,50,40,205,10,30,0,205,58000,210,71500,210,100,430,210,165,45,48.8,38.4,21.4,,,,,,,,,,,,,,,,,,,,,,,,
2021S051235370323,35370323,Windsor,2021A00053537039,2021,229660,217188,5.7,1.8,5.5,00000,528,5993.2,0.09,30,70,70,40,225,20,25,60,225,52400,225,59600,225,165,425,215,145,70,50.6,34.1,32.6,,,,,,,,,,,,,,,,,,,,,,,,
2021S051235370324,35370324,Windsor,2021A00053537039,2021,229660,217188,5.7,2.7,3.8,00000,416,4576.5,0.09,45,30,25,20,115,0,0,0,115,59200,110,64000,110,65,255,115,95,15,45.1,37.3,13,,,,,,,,,,,,,,,,,,,,,,,,
2021S051235370325,35370325,Windsor,2021A00053537039,2021,229660,217188,5.7,7.5,16.3,00010,536,9321.7,0.06,35,70,65,40,175,5,10,55,170,54800,155,66000,155,125,345,175,145,30,50.7,42,17.1,,,,,,,,,,,,,,,,,,,,,,,,
2021S051235370326,35370326,Windsor,2021A00053537039,2021,229660,217188,5.7,6.6,5.6,00000,557,6060.9,0.09,20,85,80,35,285,20,65,115,285,26800,290,46000,290,225,470,230,190,40,48.9,40.4,17.4,,,,,,,,,,,,,,,,,,,,,,,,
2021S051235370327,35370327,Windsor,2021A00053537039,2021,229660,217188,5.7,8.8,18.2,00019,305,1426.6,0.21,10,70,75,20,100,15,10,0,100,69500,,,80,55,185,125,100,25,67.6,54.1,20,,,,,,,,,,,,,,6,6,,,,,,,,,
2021S051235370328,35370328,Windsor,2021A00053537039,2021,229660,217188,5.7,3.8,12.7,00010,478,3050.4,0.16,15,55,50,45,210,5,60,70,205,50000,205,60000,205,145,380,195,150,45,51.3,39.5,23.1,,,,,,,,,,,,,,,,,,,,,,,,
2021S051235370329,35370329,Windsor,2021A00053537039,2021,229660,217188,5.7,6.4,4.3,00000,459,5516.8,0.08,20,60,65,35,185,10,55,0,190,58800,180,73000,175,110,435,270,215,50,62.1,49.4,18.5,,,,,,,,,,,,,,,,,,,,,,,,
2021S051235370330,35370330,Windsor,2021A00053537039,2021,229660,217188,5.7,1,0,00000,438,3223,0.14,15,30,40,40,200,10,5,0,200,57600,170,71000,170,50,335,180,140,45,53.7,41.8,25,,,,,,,,,,,,,,,,,,,,,,,,
2021S051235370331,35370331,Windsor,2021A00053537039,2021,229660,217188,5.7,1.7,1.8,00000,519,3276.5,0.16,30,25,50,35,240,5,5,0,235,64500,235,77500,235,55,440,240,210,30,54.5,47.7,12.5,,,,,,,,,,,,,,,,,,,,,,,,
2021S051235370332,35370332,Windsor,2021A00053537039,2021,229660,217188,5.7,1.6,1.5,00000,535,2639.4,0.2,25,25,45,40,255,0,65,10,255,61600,270,74000,270,100,460,295,250,50,64.1,54.3,16.9,,,,,,,,,,,,,,,,,,,,,,,,
2021S051235370333,35370333,Windsor,2021A00053537039,2021,229660,217188,5.7,4.4,3.4,00000,535,3605.1,0.15,25,45,55,40,230,5,5,0,225,74000,235,89000,235,30,485,345,275,75,71.1,56.7,21.7,,,,,,,,,,,,,,,,,,,,,,,,
2021S051235370334,35370334,Windsor,2021A00053537039,2021,229660,217188,5.7,2.2,0,00000,464,160.8,2.89,30,20,25,40,180,0,0,0,175,76500,185,91000,185,25,400,250,205,45,62.5,51.3,18,,,,,,,,,,,,,,,,,,,,,,,,
2021S051235370335,35370335,Windsor,2021A00053537039,2021,229660,217188,5.7,0.8,0,00000,608,2580.6,0.24,30,30,55,35,245,5,0,0,245,78500,250,75000,250,35,470,265,215,50,56.4,45.7,18.9,,,,,,,,,,,,,,,,,,,,,,,,
2021S051235370336,35370336,Windsor,2021A00053537039,2021,229660,217188,5.7,1,4.1,00000,439,2761,0.16,20,20,30,25,195,5,0,0,195,74000,200,77500,200,15,360,185,160,25,51.4,44.4,13.5,,,,,,,,,,,,,,,,,,,,,,,,
2021S051235370337,35370337,Windsor,2021A00053537039,2021,229660,217188,5.7,0,3.7,00909,226,1741.1,0.13,10,15,15,20,105,0,0,0,,,,,105,20,205,110,95,20,53.7,46.3,18.2,,,,,,,,,,,,6,6,6,6,,,,,,,,,
2021S051235370338,35370338,Windsor,2021A00053537039,2021,229660,217188,5.7,1.4,1.8,00000,607,2034.2,0.3,35,45,55,40,210,10,0,0,210,78000,235,93000,230,75,550,300,265,30,54.5,48.2,10,,,,,,,,,,,,,,,,,,,,,,,,
2021S051235370339,35370339,Windsor,2021A00053537039,2021,229660,217188,5.7,3.2,5.4,00000,942,2331.7,0.4,65,85,100,80,380,5,245,0,380,57600,380,70400,380,255,755,380,295,90,50.3,39.1,23.7,,,,,,,,,,,,,,,,,,,,,,,,
2021S051235370340,35370340,Windsor,2021A00053537039,2021,229660,217188,5.7,1.1,2.4,00000,529,2314.1,0.23,45,50,40,20,180,5,0,0,175,87000,170,127000,170,15,445,170,140,30,38.2,31.5,17.6,,,,,,,,,,,,,,,,,,,,,,,,
2021S051235370341,35370341,Windsor,2021A00053537039,2021,229660,217188,5.7,1.1,0,00000,519,2360.2,0.22,45,40,25,25,175,0,0,0,175,72500,185,91000,185,65,400,225,190,45,56.3,47.5,20,,,,,,,,,,,,,,,,,,,,,,,,
2021S051235370342,35370342,Windsor,2021A00053537039,2021,229660,217188,5.7,3.2,2.6,00000,497,3418.2,0.15,45,25,30,25,155,0,5,0,155,65500,160,78000,160,80,355,210,180,30,59.2,50.7,14.3,,,,,,,,,,,,,,,,,,,,,,,,
2021S051235370343,35370343,Windsor,2021A00053537039,2021,229660,217188,5.7,4.9,5.9,00000,511,3512,0.15,25,40,45,35,205,5,20,0,200,67500,205,88000,205,90,485,285,220,60,58.8,45.4,21.1,,,,,,,,,,,,,,,,,,,,,,,,
2021S051235370344,35370344,Windsor,2021A00053537039,2021,229660,217188,5.7,3.7,3.9,00000,636,2909.4,0.22,45,35,45,35,320,0,0,0,325,47200,310,64500,310,160,525,260,205,55,49.5,39,21.2,,,,,,,,,,,,,,,,,,,,,,,,
2021S051235370345,35370345,Windsor,2021A00053537039,2021,229660,217188,5.7,3.8,2.2,00000,465,3536.1,0.13,25,45,35,35,185,5,35,0,180,60400,190,63600,190,120,350,165,120,45,47.1,34.3,27.3,,,,,,,,,,,,,,,,,,,,,,,,
2021S051235370346,35370346,Windsor,2021A00053537039,2021,229660,217188,5.7,4.4,3.7,00000,558,966.7,0.58,25,105,90,35,205,10,20,0,205,53200,220,61200,220,160,480,285,245,40,59.4,51,14,,,,,,,,,,,,,,,,,,,,,,,,
2021S051235370347,35370347,Windsor,2021A00053537039,2021,229660,217188,5.7,2.5,4.5,00000,463,3417,0.14,40,35,45,25,160,0,0,0,160,55600,170,60800,170,100,350,190,140,50,54.3,40,26.3,,,,,,,,,,,,,,,,,,,,,,,,
2021S051235370348,35370348,Windsor,2021A00053537039,2021,229660,217188,5.7,3.4,3.1,00000,521,3808.5,0.14,15,60,75,40,265,10,50,45,265,41600,260,40000,260,180,395,190,130,60,48.1,32.9,31.6,,,,,,,,,,,,,,,,,,,,,,,,
2021S051235370349,35370349,Windsor,2021A00053537039,2021,229660,217188,5.7,3.8,2.1,00000,476,4114.1,0.12,30,65,60,25,185,5,10,0,185,61600,190,76000,190,75,495,260,210,55,52.5,42.4,21.2,,,,,,,,,,,,,,,,,,,,,,,,
2021S051235370350,35370350,Windsor,2021A00053537039,2021,229660,217188,5.7,4.5,6.3,00000,628,2303.7,0.27,45,45,80,45,265,10,55,0,270,54000,270,69500,270,115,540,285,245,45,52.8,45.4,15.8,,,,,,,,,,,,,,,,,,,,,,,,
2021S051235370351,35370351,Windsor,2021A00053537039,2021,229660,217188,5.7,4.1,3.6,00000,545,933.4,0.58,25,35,55,35,245,25,20,5,240,56800,225,60800,225,55,385,200,160,40,51.9,41.6,20,,,,,,,,,,,,,,,,,,,,,,,,
2021S051235370352,35370352,Windsor,2021A00053537039,2021,229660,217188,5.7,3.8,0,00000,312,4528.3,0.07,20,25,35,25,135,20,40,35,130,44800,120,49000,120,80,220,125,95,30,56.8,43.2,24,,,,,,,,,,,,,,,,,,,,,,,,
2021S051235370353,35370353,Windsor,2021A00053537039,2021,229660,217188,5.7,3.8,1.8,00000,553,2108.3,0.26,25,50,65,50,235,20,25,0,235,54800,230,60000,225,75,425,200,145,55,47.1,34.1,27.5,,,,,,,,,,,,,,,,,,,,,,,,
2021S051235370354,35370354,Windsor,2021A00053537039,2021,229660,217188,5.7,5.1,10.8,00010,560,3121.5,0.18,20,80,90,55,260,20,110,0,255,50800,260,63200,260,185,585,370,280,90,63.2,47.9,24.3,,,,,,,,,,,,,,,,,,,,,,,,
2021S051235370355,35370355,Windsor,2021A00053537039,2021,229660,217188,5.7,5.3,10.2,00010,523,3897.2,0.13,25,130,120,50,205,35,30,0,210,53200,195,74500,195,145,440,340,295,50,77.3,67,14.7,,,,,,,,,,,,,,,,,,,,,,,,
2021S051235370356,35370356,Windsor,2021A00053537039,2021,229660,217188,5.7,9.6,22.4,00020,606,6133.6,0.1,30,200,175,40,205,25,10,30,210,48400,180,59200,180,145,535,305,285,15,57,53.3,4.9,,,,,,,,,,,,,,,,,,,,,,,,
2021S051235370357,35370357,Windsor,2021A00053537039,2021,229660,217188,5.7,6.5,5.4,00000,511,2887,0.18,40,80,80,30,150,15,15,0,155,56000,170,69000,165,135,430,175,145,30,40.7,33.7,17.1,,,,,,,,,,,,,,,,,,,,,,,,
2021S051235370358,35370358,Windsor,2021A00053537039,2021,229660,217188,5.7,9.3,20,00929,244,84.5,2.89,5,10,25,10,80,5,5,0,,,,,70,10,135,80,65,15,59.3,48.1,18.8,,,,,,,,,,,,6,6,6,6,,,,,,,,,
2021S051235370359,35370359,Windsor,2021A00053537039,2021,229660,217188,5.7,1.1,2.2,00000,601,3440.2,0.17,50,55,40,30,180,0,0,0,180,61600,195,73500,195,120,475,255,185,70,53.7,38.9,27.5,,,,,,,,,,,,,,,,,,,,,,,,
2021S051235370360,35370360,Windsor,2021A00053537039,2021,229660,217188,5.7,1.1,1.1,00000,1638,1503.4,1.09,175,155,115,85,465,5,5,0,465,110000,450,121600,450,35,1375,785,635,150,57.1,46.2,19.1,,,,,,,,,,,,,,,,,,,,,,,,
2021S051235370361,35370361,Windsor,2021A00053537039,2021,229660,217188,5.7,0.8,3.3,00000,361,2261.9,0.16,35,30,15,15,120,0,0,0,120,105000,120,98000,120,0,305,130,115,10,42.6,37.7,7.7,,,,,,,,,,,,,,,,,,,,,,,,
2021S051235370362,35370362,Windsor,2021A00053537039,2021,229660,217188,5.7,1.6,0,00000,520,1205.9,0.43,35,45,35,30,180,0,0,0,180,102000,185,128000,180,10,485,265,240,20,54.6,49.5,7.5,,,,,,,,,,,,,,,,,,,,,,,,
2021S051235370363,35370363,Windsor,2021A00053537039,2021,229660,217188,5.7,0,0,00909,239,1880.4,0.13,10,15,10,20,105,0,0,0,,,,,95,0,200,120,100,20,60,50,16.7,,,,,,,,,,,,6,6,6,6,,,,,,,,,
2021S051235370364,35370364,Windsor,2021A00053537039,2021,229660,217188,5.7,0.9,0,00000,531,1866.4,0.28,30,35,30,35,215,0,0,0,210,93000,215,106000,215,15,365,195,160,30,53.4,43.8,15.4,,,,,,,,,,,,,,,,,,,,,,,,
2021S051235370365,35370365,Windsor,2021A00053537039,2021,229660,217188,5.7,1.7,0,00000,451,2733.3,0.17,35,25,30,30,175,0,0,0,175,108000,180,121000,180,20,395,235,185,50,59.5,46.8,21.3,,,,,,,,,,,,,,,,,,,,,,,,
2021S051235370366,35370366,Windsor,2021A00053537039,2021,229660,217188,5.7,2.1,0,00000,372,2546.2,0.15,15,15,20,15,140,0,0,0,140,101000,140,124000,140,0,310,210,175,35,67.7,56.5,16.7,,,,,,,,,,,,,,,,,,,,,,,,
2021S051235370367,35370367,Windsor,2021A00053537039,2021,229660,217188,5.7,1,2,00000,513,2370.6,0.22,35,35,30,25,200,0,0,0,200,95000,200,119000,200,0,420,240,220,25,57.1,52.4,10.4,,,,,,,,,,,,,,,,,,,,,,,,
2021S051235370368,35370368,Windsor,2021A00053537039,2021,229660,217188,5.7,0.8,0,00000,332,2338,0.14,20,15,20,15,130,0,0,0,135,106000,130,122000,135,0,300,190,160,25,63.3,53.3,13.2,,,,,,,,,,,,,,,,,,,,,,,,
2021S051235370369,35370369,Windsor,2021A00053537039,2021,229660,217188,5.7,1.4,1.4,00000,744,2087,0.36,45,45,60,45,285,0,0,0,280,106000,295,102000,290,50,620,380,340,40,61.3,54.8,10.5,,,,,,,,,,,,,,,,,,,,,,,,
2021S051235370370,35370370,Windsor,2021A00053537039,2021,229660,217188,5.7,0,0,00000,400,2359.9,0.17,30,15,20,25,160,0,0,0,160,87000,160,114000,160,25,345,185,145,40,53.6,42,21.6,,,,,,,,,,,,,,,,,,,,,,,,
2021S051235370371,35370371,Windsor,2021A00053537039,2021,229660,217188,5.7,1.6,3.1,00000,646,1947,0.33,40,45,45,35,255,5,0,0,255,94000,255,101000,255,15,535,280,235,45,52.3,43.9,16.1,,,,,,,,,,,,,,,,,,,,,,,,
2021S051235370372,35370372,Windsor,2021A00053537039,2021,229660,217188,5.7,0.9,0,00000,289,1796.1,0.16,25,20,20,10,115,0,0,0,110,88000,125,114000,125,15,280,170,135,30,60.7,48.2,17.6,,,,,,,,,,,,,,,,,,,,,,,,
2021S051235370373,35370373,Windsor,2021A00053537039,2021,229660,217188,5.7,1.8,2.8,00000,1326,1283.5,1.03,50,50,40,35,430,0,0,160,430,79500,450,87600,455,35,895,395,310,85,44.1,34.6,21.5,,,,,,,,,,,,,,,,,,,,,,,,
2021S051235370374,35370374,Windsor,2021A00053537039,2021,229660,217188,5.7,0.8,3.3,00000,640,2538.7,0.25,40,50,40,40,240,0,0,0,245,113000,225,125000,225,10,525,355,310,50,67.6,59,14.1,,,,,,,,,,,,,,,,,,,,,,,,
2021S051235370375,35370375,Windsor,2021A00053537039,2021,229660,217188,5.7,0.6,0,00000,420,1792.6,0.23,30,25,15,20,160,0,0,0,160,112000,170,142000,170,35,395,240,215,25,60.8,54.4,10.4,,,,,,,,,,,,,,,,,,,,,,,,
2021S051235370376,35370376,Windsor,2021A00053537039,2021,229660,217188,5.7,2,0,00000,1040,1005.2,1.03,105,80,50,50,355,0,0,0,360,137000,345,174000,345,25,890,590,520,70,66.3,58.4,11.9,,,,,,,,,,,,,,,,,,,,,,,,
2021S051235370377,35370377,Windsor,2021A00053537039,2021,229660,217188,5.7,1.2,1,00000,1155,1459.8,0.79,110,130,85,45,415,5,55,0,415,91000,405,113600,405,85,875,525,415,110,60,47.4,21,,,,,,,,,,,,,,,,,,,,,,,,
2021S051235370381,35370381,Windsor,2021A00053537039,2021,229660,217188,5.7,1.9,5.3,00000,488,1924.3,0.25,40,45,35,25,155,0,0,0,155,126000,150,144000,150,20,415,240,200,35,57.8,48.2,14.6,,,,,,,,,,,,,,,,,,,,,,,,
2021S051235370383,35370383,Windsor,2021A00053537039,2021,229660,217188,5.7,1.6,2.4,00000,871,1120.4,0.78,65,50,45,40,320,0,0,0,320,96000,330,106800,330,60,735,405,340,70,55.1,46.3,17.3,,,,,,,,,,,,,,,,,,,,,,,,
2021S051235370384,35370384,Windsor,2021A00053537039,2021,229660,217188,5.7,1.1,0,00000,508,1904,0.27,40,40,30,40,175,0,0,0,175,108000,160,130000,165,30,425,235,200,35,55.3,47.1,14.9,,,,,,,,,,,,,,,,,,,,,,,,
2021S051235370385,35370385,Windsor,2021A00053537039,2021,229660,217188,5.7,2.3,2.3,00000,462,2892.9,0.16,35,35,15,20,180,0,0,0,175,94000,175,117000,175,20,375,240,205,35,64,54.7,14.6,,,,,,,,,,,,,,,,,,,,,,,,
2021S051235370386,35370386,Windsor,2021A00053537039,2021,229660,217188,5.7,1.7,0,00000,547,2663.1,0.21,35,30,25,40,235,0,0,0,235,87000,235,105000,235,30,515,285,225,60,55.3,43.7,21.1,,,,,,,,,,,,,,,,,,,,,,,,
2021S051235370387,35370387,Windsor,2021A00053537039,2021,229660,217188,5.7,1.8,0,00000,411,2495.4,0.16,20,20,25,20,170,0,0,0,175,100000,170,93000,175,0,325,165,150,15,50.8,46.2,9.1,,,,,,,,,,,,,,,,,,,,,,,,
2021S051235370388,35370388,Windsor,2021A00053537039,2021,229660,217188,5.7,1.9,3.9,00000,663,2131.1,0.31,40,25,40,30,310,0,130,0,310,74500,320,89200,320,60,585,235,195,40,40.2,33.3,17,,,,,,,,,,,,,,,,,,,,,,,,
2021S051235370389,35370389,Windsor,2021A00053537039,2021,229660,217188,5.7,0,0,00000,459,3253,0.14,45,35,20,15,145,0,0,0,150,122000,145,146000,145,15,360,220,190,30,61.1,52.8,13.6,,,,,,,,,,,,,,,,,,,,,,,,
2021S051235370390,35370390,Windsor,2021A00053537039,2021,229660,217188,5.7,1.1,0,00000,426,1894.2,0.22,20,20,20,20,180,5,20,0,185,87000,185,101000,185,50,345,190,160,30,55.1,46.4,15.8,,,,,,,,,,,,,,,,,,,,,,,,
2021S051235370391,35370391,Windsor,2021A00053537039,2021,229660,217188,5.7,3.5,1.8,00000,604,3036.7,0.2,50,55,35,30,225,0,0,0,230,84000,230,93000,230,90,510,350,280,65,68.6,54.9,18.6,,,,,,,,,,,,,,,,,,,,,,,,
2021S051235370392,35370392,Windsor,2021A00053537039,2021,229660,217188,5.7,0.7,0,00000,371,2128.5,0.17,25,15,25,10,140,0,0,0,145,108000,145,120000,145,10,335,185,160,20,55.2,47.8,10.8,,,,,,,,,,,,,,,,,,,,,,,,
2021S051235370393,35370393,Windsor,2021A00053537039,2021,229660,217188,5.7,3,2.5,00000,418,2768.2,0.15,20,15,25,30,165,5,0,0,165,96000,150,108000,150,10,315,175,150,20,55.6,47.6,11.4,,,,,,,,,,,,,,,,,,,,,,,,
2021S051235370394,35370394,Windsor,2021A00053537039,2021,229660,217188,5.7,1.7,2.2,00000,548,2651.2,0.21,30,30,25,20,180,0,0,0,180,117000,175,144000,180,10,390,205,185,15,52.6,47.4,7.3,,,,,,,,,,,,,,,,,,,,,,,,
2021S051235370395,35370395,Windsor,2021A00053537039,2021,229660,217188,5.7,0.4,0,00000,826,2251.3,0.37,55,55,45,40,270,5,0,0,270,123000,275,139000,275,25,665,375,340,40,56.4,51.1,10.7,,,,,,,,,,,,,,,,,,,,,,,,
2021S051235370396,35370396,Windsor,2021A00053537039,2021,229660,217188,5.7,1.7,2.7,00000,762,207,3.68,45,45,50,30,300,5,0,0,300,89000,290,110000,290,65,645,410,300,110,63.6,46.5,26.8,,,,,,,,,,,,,,,,,,,,,,,,
2021S051235370397,35370397,Windsor,2021A00053537039,2021,229660,217188,5.7,0.7,0,00000,440,3904.2,0.11,25,25,35,20,145,0,0,0,145,98000,140,126000,140,0,370,215,190,25,58.1,51.4,11.6,,,,,,,,,,,,,,,,,,,,,,,,
2021S051235370398,35370398,Windsor,2021A00053537039,2021,229660,217188,5.7,0.3,1.3,00000,1097,2336.5,0.47,85,90,70,55,310,0,20,0,310,103000,315,111000,320,65,880,430,360,65,48.9,40.9,15.1,,,,,,,,,,,,,,,,,,,,,,,,
2021S051235370413,35370413,Windsor,2021A00053537039,2021,229660,217188,5.7,1.1,1.4,00000,590,67.5,8.74,20,20,30,25,280,0,5,0,280,98000,280,124000,280,30,550,275,250,25,50,45.5,9.1,,,,,,,,,,,,,,,,,,,,,,,,
2021S051235370414,35370414,Windsor,2021A00053537039,2021,229660,217188,5.7,3.4,4.3,00000,397,315.9,1.26,20,25,40,35,175,10,90,0,175,57600,190,61200,190,115,315,165,125,45,52.4,39.7,27.3,,,,,,,,,,,,,,,,,,,,,,,,
2021S051235370415,35370415,Windsor,2021A00053537039,2021,229660,217188,5.7,2.5,2.1,00000,570,2523.2,0.23,50,35,35,35,195,0,5,0,195,59200,180,69500,180,70,350,220,150,70,62.9,42.9,31.8,,,,,,,,,,,,,,,,,,,,,,,,
2021S051235370416,35370416,Windsor,2021A00053537039,2021,229660,217188,5.7,3.1,4.8,00000,565,4808.5,0.12,60,55,25,40,160,0,35,0,165,50800,185,52000,185,185,385,155,110,45,40.3,28.6,29,,,,,,,,,,,,,,,,,,,,,,,,
2021S051235370519,35370519,Windsor,2021A00053537039,2021,229660,217188,5.7,1.2,0,00000,438,749.1,0.58,20,20,25,25,170,0,5,0,170,107000,180,130000,175,35,355,190,180,0,53.5,50.7,0,,,,,,,,,,,,,,,,,,,,,,,,
2021S051235370521,35370521,Windsor,2021A00053537039,2021,229660,217188,5.7,1.5,2.9,00000,880,1544.4,0.57,75,80,45,40,270,0,0,0,275,152000,270,196000,270,15,705,430,385,40,61,54.6,9.3,,,,,,,,,,,,,,,,,,,,,,,,
2021S051235370522,35370522,Windsor,2021A00053537039,2021,229660,217188,5.7,0.5,0,00000,569,2080.4,0.27,45,40,35,25,195,0,0,0,195,138000,190,147000,195,15,445,300,260,40,67.4,58.4,13.3,,,,,,,,,,,,,,,,,,,,,,,,
2021S051235370523,35370523,Windsor,2021A00053537039,2021,229660,217188,5.7,1,0,00000,584,1966.3,0.3,45,35,40,15,190,0,0,0,195,145000,195,272000,195,15,485,325,295,30,67,60.8,9.2,,,,,,,,,,,,,,,,,,,,,,,,
2021S051235370524,35370524,Windsor,2021A00053537039,2021,229660,217188,5.7,1.3,0,00000,579,2259.1,0.26,35,35,45,35,230,5,45,0,235,97000,250,106000,245,50,545,350,290,55,64.2,53.2,15.7,,,,,,,,,,,,,,,,,,,,,,,,
2021S051235370525,35370525,Windsor,2021A00053537039,2021,229660,217188,5.7,0.7,3,00000,1422,2477.4,0.57,110,125,85,75,405,0,0,0,400,119000,375,149000,375,35,1225,715,545,170,58.4,44.5,23.8,,,,,,,,,,,,,,,,,,,,,,,,
2021S051235370543,35370543,Windsor,2021A00053537039,2021,229660,217188,5.7,1.5,2,00000,520,2489.2,0.21,25,20,35,35,205,15,0,0,205,67500,200,77500,195,55,405,225,190,40,55.6,46.9,17.8,,,,,,,,,,,,,,,,,,,,,,,,
2021S051235370544,35370544,Windsor,2021A00053537039,2021,229660,217188,5.7,2,0,00000,511,1913.9,0.27,30,35,35,40,205,10,5,0,205,71000,220,85000,215,65,465,260,200,60,55.9,43,23.1,,,,,,,,,,,,,,,,,,,,,,,,
2021S051235370545,35370545,Windsor,2021A00053537039,2021,229660,217188,5.7,5.6,4.1,00000,452,3299.3,0.14,10,25,35,45,195,10,15,0,195,67500,190,70500,190,40,380,210,155,55,55.3,40.8,26.2,,,,,,,,,,,,,,,,,,,,,,,,
2021S051235370546,35370546,Windsor,2021A00053537039,2021,229660,217188,5.7,2.5,0,00000,466,2599,0.18,20,35,45,30,200,15,10,0,205,65000,205,80000,205,50,425,270,215,55,63.5,50.6,20.4,,,,,,,,,,,,,,,,,,,,,,,,
2021S051235370547,35370547,Windsor,2021A00053537039,2021,229660,217188,5.7,1.6,9.4,00000,423,4159.3,0.1,35,35,25,25,125,0,0,0,125,81000,115,98000,115,25,315,185,110,75,58.7,34.9,40.5,,,,,,,,,,,,,,,,,,,,,,,,
2021S051235370548,35370548,Windsor,2021A00053537039,2021,229660,217188,5.7,0.6,0,00000,497,2439.9,0.2,25,30,20,20,175,0,0,0,170,94000,180,94000,180,10,400,205,145,55,51.3,36.3,26.8,,,,,,,,,,,,,,,,,,,,,,,,
2021S051235370553,35370553,Windsor,2021A00053537039,2021,229660,217188,5.7,1.1,2.7,00000,761,1227.8,0.62,20,15,10,15,445,5,0,290,445,70000,455,114000,455,265,785,260,205,50,33.1,26.1,19.2,,,,,,,,,,,,,,,,,,,,,,,,
2021S051235370554,35370554,Windsor,2021A00053537039,2021,229660,217188,5.7,3,5.5,00000,1737,7471,0.23,40,40,120,120,1160,0,0,1025,1160,55600,1135,62400,1135,690,1535,735,600,140,47.9,39.1,19,,,,,,,,,,,,,,,,,,,,,,,,
2021S051235370655,35370655,Windsor,2021A00053537039,2021,229660,217188,5.7,1.6,1.8,00000,919,36.4,25.27,40,70,85,70,245,5,0,0,245,91000,250,135000,250,50,585,350,295,55,59.8,50.4,15.7,,,,,,,,,,,,,,,,,,,,,,,,
2021S051235370656,35370656,Windsor,2021A00053537039,2021,229660,217188,5.7,4,6,00000,730,536.1,1.36,45,55,40,45,275,0,5,0,275,66000,260,81000,260,40,570,350,300,50,61.4,52.6,14.3,,,,,,,,,,,,,,,,,,,,,,,,
2021S051235370658,35370658,Windsor,2021A00053537039,2021,229660,217188,5.7,0.8,3.4,00000,872,6123.6,0.14,70,65,35,35,235,0,0,0,235,110000,230,123000,230,30,615,365,295,75,59.3,48,20.5,,,,,,,,,,,,,,,,,,,,,,,,
2021S051235370659,35370659,Windsor,2021A00053537039,2021,229660,217188,5.7,0.2,1,00000,1637,4828.9,0.34,160,125,90,110,415,0,0,0,415,114000,410,131000,415,45,1165,760,635,125,65.2,54.5,16.4,,,,,,,,,,,,,,,,,,,,,,,,
2021S051235370660,35370660,Windsor,2021A00053537039,2021,229660,217188,5.7,1.6,2.1,00000,1144,3429.3,0.33,85,65,70,85,375,0,0,0,375,83000,385,91200,385,135,890,565,465,95,63.5,52.2,16.8,,,,,,,,,,,,,,,,,,,,,,,,
2021S051235370661,35370661,Windsor,2021A00053537039,2021,229660,217188,5.7,1.6,4.3,00000,578,4459.9,0.13,50,30,25,50,185,0,0,0,185,97000,175,114000,175,30,440,260,215,45,59.1,48.9,17.3,,,,,,,,,,,,,,,,,,,,,,,,
2021S051235370662,35370662,Windsor,2021A00053537039,2021,229660,217188,5.7,1.3,5.1,00000,498,2480.1,0.2,65,45,25,5,160,0,0,0,155,162000,160,188000,155,10,420,305,290,10,72.6,69,3.3,,,,,,,,,,,,,,,,,,,,,,,,
2021S051235370663,35370663,Windsor,2021A00053537039,2021,229660,217188,5.7,0.6,2.4,00000,459,1489.8,0.31,30,50,25,15,160,0,0,0,160,158000,165,166000,165,10,375,190,165,25,50.7,44,13.2,,,,,,,,,,,,,,,,,,,,,,,,
2021S051235370664,35370664,Windsor,2021A00053537039,2021,229660,217188,5.7,0.3,0,00000,987,1993.9,0.5,95,65,60,65,310,0,0,0,310,112000,310,116000,310,30,750,515,430,85,68.7,57.3,16.5,,,,,,,,,,,,,,,,,,,,,,,,
2021S051235370665,35370665,Windsor,2021A00053537039,2021,229660,217188,5.7,1.4,3.7,00000,665,1905.4,0.35,60,50,35,25,215,0,0,0,220,127000,200,138000,205,15,550,300,265,35,54.5,48.2,11.7,,,,,,,,,,,,,,,,,,,,,,,,
2021S051235370666,35370666,Windsor,2021A00053537039,2021,229660,217188,5.7,1,1.4,00000,886,3729,0.24,85,70,45,30,290,0,0,0,285,129000,290,168000,290,30,770,440,380,55,57.1,49.4,12.5,,,,,,,,,,,,,,,,,,,,,,,,
2021S051235370667,35370667,Windsor,2021A00053537039,2021,229660,217188,5.7,0.8,1,00000,1411,2339.6,0.6,105,105,65,50,390,0,0,0,395,121000,395,149500,400,45,1115,600,480,125,53.8,43,20.8,,,,,,,,,,,,,,,,,,,,,,,,
2021S051235370845,35370845,Windsor,2021A00053537039,2021,229660,217188,5.7,1.4,0,00000,690,2214.4,0.31,70,65,55,25,205,5,0,0,210,125000,205,128000,205,10,570,345,280,65,60.5,49.1,18.8,,,,,,,,,,,,,,,,,,,,,,,,
2021S051235370846,35370846,Windsor,2021A00053537039,2021,229660,217188,5.7,0,0,00000,462,2918.5,0.16,40,45,25,20,145,0,0,0,145,147000,160,146000,155,0,400,270,235,35,67.5,58.8,13,,,,,,,,,,,,,,,,,,,,,,,,
2021S051235370847,35370847,Windsor,2021A00053537039,2021,229660,217188,5.7,1.2,0,00000,486,2239.6,0.22,50,40,20,15,165,0,0,0,165,126000,170,148000,170,0,455,255,230,25,56,50.5,9.8,,,,,,,,,,,,,,,,,,,,,,,,
2021S051235370848,35370848,Windsor,2021A00053537039,2021,229660,217188,5.7,0.5,2.3,00000,425,1524.4,0.28,25,15,25,20,185,0,0,0,180,95000,185,121000,185,10,420,275,225,50,65.5,53.6,18.2,,,,,,,,,,,,,,,,,,,,,,,,
2021S051235370849,35370849,Windsor,2021A00053537039,2021,229660,217188,5.7,1.6,4.3,00000,495,1791.5,0.28,20,30,30,30,190,0,0,0,190,99000,190,121000,195,15,385,240,205,30,62.3,53.2,12.5,,,,,,,,,,,,,,,,,,,,,,,,
2021S051235370851,35370851,Windsor,2021A00053537039,2021,229660,217188,5.7,0.6,0.9,00000,2190,2030.2,1.08,155,130,155,130,650,0,10,0,655,104000,650,105800,650,55,1605,930,770,160,57.9,48,17.2,,,,,,,,,,,,,,,,,,,,,,,,
2021S051235370852,35370852,Windsor,2021A00053537039,2021,229660,217188,5.7,0.6,0,00000,565,4229,0.13,30,45,40,35,165,0,0,0,170,123000,170,126000,170,10,480,330,250,75,68.8,52.1,22.7,,,,,,,,,,,,,,,,,,,,,,,,
2021S051235370855,35370855,Windsor,2021A00053537039,2021,229660,217188,5.7,1.3,1.8,00000,644,4259.3,0.15,50,40,25,40,225,5,0,0,225,84000,220,101000,220,50,500,295,250,45,59,50,15.3,,,,,,,,,,,,,,,,,,,,,,,,
2021S051235370856,35370856,Windsor,2021A00053537039,2021,229660,217188,5.7,1.1,2.2,00000,550,2657,0.21,45,25,30,30,180,0,0,0,180,94000,180,111000,180,0,510,240,195,40,47.1,38.2,16.7,,,,,,,,,,,,,,,,,,,,,,,,
2021S051235370857,35370857,Windsor,2021A00053537039,2021,229660,217188,5.7,2.1,4.4,00000,524,3363.3,0.16,35,30,35,35,190,0,0,0,190,83000,175,97000,175,10,380,230,170,60,60.5,44.7,26.1,,,,,,,,,,,,,,,,,,,,,,,,
2021S051235370858,35370858,Windsor,2021A00053537039,2021,229660,217188,5.7,1.3,1.7,00000,694,1783.1,0.39,50,40,35,45,240,0,0,0,235,92000,235,89000,235,50,515,315,275,40,61.2,53.4,12.7,,,,,,,,,,,,,,,,,,,,,,,,
2021S051235370859,35370859,Windsor,2021A00053537039,2021,229660,217188,5.7,5.5,7.1,00000,499,3229.8,0.15,0,5,5,5,405,0,0,350,400,23200,390,32800,395,350,460,90,50,40,19.6,10.9,44.4,,,,,,,,,,,,,,,,,,,,,,,,
2021S051235370860,35370860,Windsor,2021A00053537039,2021,229660,217188,5.7,0,0,00000,448,1837.6,0.24,25,30,30,30,185,0,0,0,190,99000,190,94000,190,15,385,220,155,65,57.1,40.3,29.5,,,,,,,,,,,,,,,,,,,,,,,,
2021S051235370861,35370861,Windsor,2021A00053537039,2021,229660,217188,5.7,0.6,0,00000,464,2556.5,0.18,40,30,25,20,170,0,0,0,170,86000,165,87000,170,20,335,190,140,50,56.7,41.8,26.3,,,,,,,,,,,,,,,,,,,,,,,,
2021S051235370862,35370862,Windsor,2021A00053537039,2021,229660,217188,5.7,1.1,2.2,00000,439,2070.8,0.21,15,25,20,25,180,5,0,0,180,82000,175,96000,180,10,360,210,180,30,58.3,50,14.3,,,,,,,,,,,,,,,,,,,,,,,,
2021S051235370863,35370863,Windsor,2021A00053537039,2021,229660,217188,5.7,2,2.7,00000,672,3356.6,0.2,45,30,50,30,300,0,115,0,305,65000,315,78000,315,180,625,285,235,50,45.6,37.6,17.5,,,,,,,,,,,,,,,,,,,,,,,,
2021S051235370864,35370864,Windsor,2021A00053537039,2021,229660,217188,5.7,1.8,4.7,00000,413,2120.1,0.19,20,25,35,25,170,5,5,0,170,89000,170,109000,170,25,360,180,155,30,50,43.1,16.7,,,,,,,,,,,,,,,,,,,,,,,,
2021S051235370865,35370865,Windsor,2021A00053537039,2021,229660,217188,5.7,0.4,0,00000,695,2377.7,0.29,30,45,30,60,260,0,0,0,260,99000,260,105000,260,15,625,335,305,30,53.6,48.8,9,,,,,,,,,,,,,,,,,,,,,,,,
2021S051235370879,35370879,Windsor,2021A00053537039,2021,229660,217188,5.7,0.9,0,00000,756,4225.8,0.18,65,55,40,60,220,0,0,0,225,141000,230,133000,230,0,615,380,290,90,61.8,47.2,23.7,,,,,,,,,,,,,,,,,,,,,,,,
2021S051235370880,35370880,Windsor,2021A00053537039,2021,229660,217188,5.7,0.6,1.9,00000,1894,2521.6,0.75,175,120,80,90,630,0,5,0,625,124000,620,135500,615,30,1490,890,765,130,59.7,51.3,14.6,,,,,,,,,,,,,,,,,,,,,,,,
2021S051235370881,35370881,Windsor,2021A00053537039,2021,229660,217188,5.7,1,0,00000,1202,1112.3,1.08,95,65,50,55,515,0,20,0,510,107000,510,126400,510,100,1075,565,490,80,52.6,45.6,14.2,,,,,,,,,,,,,,,,,,,,,,,,
2021S051235370882,35370882,Windsor,2021A00053537039,2021,229660,217188,5.7,1.3,1.9,00000,2565,1965.8,1.3,150,115,145,295,840,5,0,0,840,112000,830,126400,830,55,2025,1375,1150,225,67.9,56.8,16.4,,,,,,,,,,,,,,,,,,,,,,,,
2021S051235370883,35370883,Windsor,2021A00053537039,2021,229660,217188,5.7,1.6,2,00000,1895,1516.6,1.25,170,145,150,135,610,5,10,0,610,101000,610,114000,610,45,1515,1045,915,130,69,60.4,12.4,,,,,,,,,,,,,,,,,,,,,,,,
2021S051235370884,35370884,Windsor,2021A00053537039,2021,229660,217188,5.7,1.1,1.1,00000,1055,1701.6,0.62,75,70,75,80,375,0,0,0,380,88000,390,96000,390,80,920,540,445,95,58.7,48.4,17.6,,,,,,,,,,,,,,,,,,,,,,,,
2021S051235370885,35370885,Windsor,2021A00053537039,2021,229660,217188,5.7,3.8,10.9,00010,706,922.2,0.77,55,55,55,45,205,5,5,0,205,90000,200,101000,200,55,515,270,245,25,52.4,47.6,9.3,,,,,,,,,,,,,,,,,,,,,,,,
2021S051235370886,35370886,Windsor,2021A00053537039,2021,229660,217188,5.7,1.5,3.3,00000,1875,3845.4,0.49,185,180,105,75,480,0,25,0,480,123000,485,140500,485,55,1515,950,795,150,62.7,52.5,15.8,,,,,,,,,,,,,,,,,,,,,,,,
2021S051235370887,35370887,Windsor,2021A00053537039,2021,229660,217188,5.7,2.1,4.9,00000,1010,3333.3,0.3,105,90,50,55,245,5,0,0,245,113000,220,130000,220,40,690,370,290,85,53.6,42,23,,,,,,,,,,,,,,,,,,,,,,,,
2021S051235370888,35370888,Windsor,2021A00053537039,2021,229660,217188,5.7,1.4,1.1,00000,1422,3710.9,0.38,155,140,85,75,355,0,0,0,355,101000,350,117600,350,25,1015,565,460,100,55.7,45.3,17.7,,,,,,,,,,,,,,,,,,,,,,,,
2021S051235370889,35370889,Windsor,2021A00053537039,2021,229660,217188,5.7,2.2,3.4,00000,1088,839.1,1.3,60,55,70,45,365,0,0,0,360,75500,345,90800,345,90,815,410,310,95,50.3,38,23.2,,,,,,,,,,,,,,,,,,,,,,,,
2021S051235370890,35370890,Windsor,2021A00053537039,2021,229660,217188,5.7,0.6,0.8,00000,7492,3051.4,2.46,410,345,360,370,3025,0,30,85,3025,91000,3045,104200,3040,205,6190,3425,2825,600,55.3,45.6,17.5,,,,,,,,,,,,,,,,,,,,,,,,
2021S051235370892,35370892,Windsor,2021A00053537039,2021,229660,217188,5.7,1.2,0,00000,2447,2962.5,0.83,220,145,135,170,605,10,0,0,605,123000,605,134000,605,50,1900,1175,935,245,61.8,49.2,20.9,,,,,,,,,,,,,,,,,,,,,,,,
2021S051235370893,35370893,Windsor,2021A00053537039,2021,229660,217188,5.7,1.4,0,00000,649,1659.8,0.39,60,50,20,15,215,0,0,5,220,113000,225,127000,225,0,575,315,250,60,54.8,43.5,19,,,,,,,,,,,,,,,,,,,,,,,,
2021S051235390010,35390010,London,2021A00053539036,2021,422324,383822,10,0.5,1.9,00000,571,2836.6,0.2,40,40,25,35,220,0,0,0,215,111000,220,120000,220,0,560,370,350,20,66.1,62.5,5.4,,,,,,,,,,,,,,,,,,,,,,,,
2021S051235390011,35390011,London,2021A00053539036,2021,422324,383822,10,1.3,0,00000,583,2586.5,0.23,35,20,30,25,230,0,0,0,235,108000,235,114000,230,10,535,290,260,25,54.2,48.6,8.6,,,,,,,,,,,,,,,,,,,,,,,,
2021S051235390012,35390012,London,2021A00053539036,2021,422324,383822,10,0.9,0,00000,633,2515.9,0.25,60,35,20,45,230,0,0,0,230,113000,230,126000,230,0,510,325,295,35,63.7,57.8,10.8,,,,,,,,,,,,,,,,,,,,,,,,
2021S051235390013,35390013,London,2021A00053539036,2021,422324,383822,10,0.4,0,00000,617,2719.3,0.23,45,35,15,40,230,0,0,0,230,106000,215,101000,215,15,430,245,215,30,57,50,12.2,,,,,,,,,,,,,,,,,,,,,,,,
2021S051235390014,35390014,London,2021A00053539036,2021,422324,383822,10,2,1,00000,1122,2129.8,0.53,65,60,80,65,395,10,0,0,395,98000,405,113200,400,35,880,535,515,20,60.8,58.5,3.7,,,,,,,,,,,,,,,,,,,,,,,,
2021S051235390018,35390018,London,2021A00053539036,2021,422324,383822,10,0.8,0,00000,347,2749.6,0.13,25,30,20,10,125,0,0,0,125,110000,130,114000,135,0,330,190,165,25,57.6,50,13.2,,,,,,,,,,,,,,,,,,,,,,,,
2021S051235390021,35390021,London,2021A00053539036,2021,422324,383822,10,0.8,0,00000,351,3125.6,0.11,20,20,10,25,120,0,0,0,125,136000,120,134000,120,10,270,150,145,0,55.6,53.7,0,,,,,,,,,,,,,,,,,,,,,,,,
2021S051235390023,35390023,London,2021A00053539036,2021,422324,383822,10,1.7,3.3,00000,662,1792.1,0.37,35,45,30,20,240,0,0,0,235,116000,245,150000,245,0,545,305,270,35,56,49.5,11.5,,,,,,,,,,,,,,,,,,,,,,,,
2021S051235390024,35390024,London,2021A00053539036,2021,422324,383822,10,0,0,00000,390,2557.4,0.15,30,25,30,20,130,0,0,0,130,144000,135,196000,135,10,360,180,175,0,50,48.6,0,,,,,,,,,,,,,,,,,,,,,,,,
2021S051235390025,35390025,London,2021A00053539036,2021,422324,383822,10,0.5,0,00000,554,2196.7,0.25,35,40,20,20,200,5,0,0,200,118000,200,141000,200,20,455,285,265,20,62.6,58.2,7,,,,,,,,,,,,,,,,,,,,,,,,
2021S051235390026,35390026,London,2021A00053539036,2021,422324,383822,10,0,0,00000,457,2681.9,0.17,25,30,20,25,170,0,0,0,170,123000,180,126000,175,0,370,200,190,10,54.1,51.4,5,,,,,,,,,,,,,,,,,,,,,,,,
2021S051235390027,35390027,London,2021A00053539036,2021,422324,383822,10,0,0,00000,349,3401.6,0.1,25,20,15,15,110,0,0,0,115,140000,120,152000,120,0,310,190,160,30,61.3,51.6,15.8,,,,,,,,,,,,,,,,,,,,,,,,
2021S051235390031,35390031,London,2021A00053539036,2021,422324,383822,10,2.8,3.6,00000,612,2636.8,0.23,40,40,35,25,220,5,0,0,215,144000,210,184000,210,0,575,380,360,25,66.1,62.6,6.6,,,,,,,,,,,,,,,,,,,,,,,,
2021S051235390032,35390032,London,2021A00053539036,2021,422324,383822,10,1.2,1.2,00000,1505,1988.1,0.76,45,80,90,80,655,0,50,470,655,73000,735,109800,735,570,1305,720,635,80,55.2,48.7,11.1,,,,,,,,,,,,,,,,,,,,,,,,
2021S051235390033,35390033,London,2021A00053539036,2021,422324,383822,10,0,0,00009,256,1904.8,0.13,5,5,5,5,125,0,0,0,125,105000,,,135,0,230,55,55,0,23.9,23.9,0,,,,,,,,,,,,,,6,6,,,,,,,,,
2021S051235390034,35390034,London,2021A00053539036,2021,422324,383822,10,0.3,3.1,00000,983,991,0.99,65,45,40,45,385,15,5,0,385,113000,385,167000,385,15,855,470,445,30,55,52,6.4,,,,,,,,,,,,,,,,,,,,,,,,
2021S051235390035,35390035,London,2021A00053539036,2021,422324,383822,10,18,19.6,01010,432,363.1,1.19,60,85,40,10,185,20,50,0,185,57200,160,94000,160,95,315,170,150,20,54,47.6,11.8,,,,,,,,,,,,,,,,,,,,,,,,
2021S051235390036,35390036,London,2021A00053539036,2021,422324,383822,10,24,22.7,02020,1130,4835.3,0.23,70,430,245,105,600,5,15,565,605,40000,540,49400,540,525,920,655,550,105,71.2,59.8,16,,,,,,,,,,,,,,,,,,,,,,,,
2021S051235390037,35390037,London,2021A00053539036,2021,422324,383822,10,41.3,41.7,04040,408,1304.8,0.31,50,135,25,10,180,35,25,0,175,59600,125,98000,125,80,270,195,155,40,72.2,57.4,20.5,,,,,,,,,,,,,,,,,,,,,,,,
2021S051235390038,35390038,London,2021A00053539036,2021,422324,383822,10,20.5,26.2,02020,422,1756.9,0.24,50,50,30,20,175,15,5,0,175,110000,140,146000,145,30,290,170,145,30,58.6,50,17.6,,,,,,,,,,,,,,,,,,,,,,,,
2021S051235390039,35390039,London,2021A00053539036,2021,422324,383822,10,4.3,5.4,00000,399,2428.5,0.16,15,20,15,10,140,10,5,0,140,140000,150,164000,155,30,275,175,170,10,63.6,61.8,5.7,,,,,,,,,,,,,,,,,,,,,,,,
2021S051235390040,35390040,London,2021A00053539036,2021,422324,383822,10,9.9,15,00010,389,1776.3,0.22,25,35,25,35,165,15,40,0,160,129000,155,158000,155,35,350,220,210,10,62.9,60,4.5,,,,,,,,,,,,,,,,,,,,,,,,
2021S051235390041,35390041,London,2021A00053539036,2021,422324,383822,10,2.5,2,00000,594,3359.7,0.18,30,25,20,30,200,15,0,0,205,118000,225,156000,225,25,435,250,225,25,57.5,51.7,10,,,,,,,,,,,,,,,,,,,,,,,,
2021S051235390042,35390042,London,2021A00053539036,2021,422324,383822,10,9.5,16.4,00010,622,2940.9,0.21,25,60,65,25,285,50,60,65,285,112000,275,180000,275,75,545,380,345,30,69.7,63.3,7.9,,,,,,,,,,,,,,,,,,,,,,,,
2021S051235390043,35390043,London,2021A00053539036,2021,422324,383822,10,8.5,14.6,00010,448,2609.2,0.17,20,45,45,30,190,45,5,0,190,107000,190,125000,190,60,410,275,250,30,67.1,61,10.9,,,,,,,,,,,,,,,,,,,,,,,,
2021S051235390044,35390044,London,2021A00053539036,2021,422324,383822,10,9.1,7.5,00000,577,2662.7,0.22,25,85,90,65,305,60,75,55,305,69500,305,118000,305,180,470,325,280,45,69.1,59.6,13.8,,,,,,,,,,,,,,,,,,,,,,,,
2021S051235390045,35390045,London,2021A00053539036,2021,422324,383822,10,5.8,8.1,00000,333,3531.3,0.09,15,35,60,35,170,35,45,0,170,69500,150,112000,150,65,290,190,160,30,65.5,55.2,15.8,,,,,,,,,,,,,,,,,,,,,,,,
2021S051235390046,35390046,London,2021A00053539036,2021,422324,383822,10,4.5,5.8,00000,646,4455.2,0.15,15,65,130,105,420,25,60,280,420,54400,425,63000,425,350,600,470,395,75,78.3,65.8,16,,,,,,,,,,,,,,,,,,,,,,,,
2021S051235390047,35390047,London,2021A00053539036,2021,422324,383822,10,2.8,1.3,00000,668,2539.9,0.26,30,70,100,80,325,75,60,0,325,68500,340,75200,340,145,625,430,355,70,68.8,56.8,16.3,,,,,,,,,,,,,,,,,,,,,,,,
2021S051235390048,35390048,London,2021A00053539036,2021,422324,383822,10,2.6,5.8,00000,617,3832.3,0.16,20,45,90,80,350,25,160,25,350,64000,345,82000,345,190,570,435,375,60,76.3,65.8,13.8,,,,,,,,,,,,,,,,,,,,,,,,
2021S051235390049,35390049,London,2021A00053539036,2021,422324,383822,10,2.7,1.2,00000,650,4042.3,0.16,25,60,105,85,375,105,155,0,375,48400,370,52000,375,270,535,385,320,65,72,59.8,16.9,,,,,,,,,,,,,,,,,,,,,,,,
2021S051235390050,35390050,London,2021A00053539036,2021,422324,383822,10,2,3.3,00000,477,3677.7,0.13,10,30,40,65,250,35,70,0,250,57200,240,76000,240,105,430,300,265,30,69.8,61.6,10,,,,,,,,,,,,,,,,,,,,,,,,
2021S051235390051,35390051,London,2021A00053539036,2021,422324,383822,10,2,1.7,00000,496,3815.4,0.13,15,15,55,50,250,55,55,0,250,69000,250,79000,250,90,410,280,235,40,68.3,57.3,14.3,,,,,,,,,,,,,,,,,,,,,,,,
2021S051235390052,35390052,London,2021A00053539036,2021,422324,383822,10,3.8,0,00000,386,4525.2,0.09,20,15,35,50,190,60,35,0,185,72500,200,67000,200,95,330,210,185,25,63.6,56.1,11.9,,,,,,,,,,,,,,,,,,,,,,,,
2021S051235390053,35390053,London,2021A00053539036,2021,422324,383822,10,2.1,0,00000,506,3176.4,0.16,10,40,60,70,280,50,120,0,285,56400,295,63600,295,180,475,315,255,55,66.3,53.7,17.5,,,,,,,,,,,,,,,,,,,,,,,,
2021S051235390054,35390054,London,2021A00053539036,2021,422324,383822,10,4.1,3.8,00000,431,4323,0.1,15,30,55,60,220,45,70,0,220,60400,215,66500,215,105,340,240,215,25,70.6,63.2,10.4,,,,,,,,,,,,,,,,,,,,,,,,
2021S051235390055,35390055,London,2021A00053539036,2021,422324,383822,10,4.1,4.3,00000,384,3847.7,0.1,10,20,25,40,195,35,40,0,190,63200,195,80000,195,80,325,230,200,30,70.8,61.5,13,,,,,,,,,,,,,,,,,,,,,,,,
2021S051235390056,35390056,London,2021A00053539036,2021,422324,383822,10,2.4,0,00000,379,451.4,0.84,25,20,20,25,125,0,0,0,125,114000,115,112000,120,25,280,225,215,15,80.4,76.8,6.7,,,,,,,,,,,,,,,,,,,,,,,,
2021S051235390057,35390057,London,2021A00053539036,2021,422324,383822,10,2.9,2.3,00000,335,3230.5,0.1,15,10,30,25,170,20,35,0,175,52400,185,67500,185,80,350,205,195,15,58.6,55.7,7.3,,,,,,,,,,,,,,,,,,,,,,,,
2021S051235390058,35390058,London,2021A00053539036,2021,422324,383822,10,2.6,5.5,00000,435,1534.9,0.28,15,25,50,40,230,30,65,0,230,49600,220,83000,220,110,350,210,180,30,60,51.4,14.3,,,,,,,,,,,,,,,,,,,,,,,,
2021S051235390059,35390059,London,2021A00053539036,2021,422324,383822,10,1.4,1.4,00000,635,3183,0.2,30,40,65,60,280,25,90,0,280,66000,300,68500,300,145,595,375,295,80,63,49.6,21.3,,,,,,,,,,,,,,,,,,,,,,,,
2021S051235390060,35390060,London,2021A00053539036,2021,422324,383822,10,3,4.1,00000,422,756.4,0.56,30,25,35,45,200,30,20,0,195,56000,195,62000,195,80,410,235,195,35,57.3,47.6,14.9,,,,,,,,,,,,,,,,,,,,,,,,
2021S051235390061,35390061,London,2021A00053539036,2021,422324,383822,10,4.3,1.8,00000,478,4454.8,0.11,30,35,70,45,230,15,85,0,230,56000,230,71000,230,110,440,275,230,45,62.5,52.3,16.4,,,,,,,,,,,,,,,,,,,,,,,,
2021S051235390062,35390062,London,2021A00053539036,2021,422324,383822,10,2.5,6,00000,723,5811.9,0.12,20,105,125,75,400,15,290,0,400,52000,425,57400,425,320,720,505,415,80,70.1,57.6,15.8,,,,,,,,,,,,,,,,,,,,,,,,
2021S051235390063,35390063,London,2021A00053539036,2021,422324,383822,10,2.2,1.3,00000,646,2843.3,0.23,15,40,65,60,320,30,25,0,320,71500,325,83600,325,50,595,360,325,35,60.5,54.6,9.7,,,,,,,,,,,,,,,,,,,,,,,,
2021S051235390064,35390064,London,2021A00053539036,2021,422324,383822,10,0.9,0,00000,491,1896.5,0.26,10,10,25,25,320,0,45,135,320,34000,325,54600,325,200,470,220,195,25,46.8,41.5,11.4,,,,,,,,,,,,,,,,,,,,,,,,
2021S051235390065,35390065,London,2021A00053539036,2021,422324,383822,10,2.3,1.6,00000,560,1910.6,0.29,20,30,45,55,260,20,10,0,260,80000,235,89000,235,25,465,315,275,40,67.7,59.1,12.7,,,,,,,,,,,,,,,,,,,,,,,,
2021S051235390066,35390066,London,2021A00053539036,2021,422324,383822,10,0.6,2.3,00000,401,2705.8,0.15,15,20,30,30,175,0,0,0,175,79500,165,75000,165,25,330,225,190,35,68.2,57.6,15.6,,,,,,,,,,,,,,,,,,,,,,,,
2021S051235390067,35390067,London,2021A00053539036,2021,422324,383822,10,4.2,4.8,00000,441,2132.5,0.21,15,40,45,35,260,10,215,0,260,42000,275,55200,275,220,430,225,185,40,52.3,43,17.8,,,,,,,,,,,,,,,,,,,,,,,,
2021S051235390068,35390068,London,2021A00053539036,2021,422324,383822,10,1.1,4,00000,468,1240.7,0.38,20,25,45,25,190,15,35,0,185,79500,195,85000,195,65,395,225,190,40,57,48.1,17.8,,,,,,,,,,,,,,,,,,,,,,,,
2021S051235390069,35390069,London,2021A00053539036,2021,422324,383822,10,2.6,2.2,00000,447,2198.7,0.2,30,20,20,25,195,15,0,0,195,82000,185,94000,190,35,405,255,240,15,63,59.3,5.9,,,,,,,,,,,,,,,,,,,,,,,,
2021S051235390070,35390070,London,2021A00053539036,2021,422324,383822,10,2.9,1.7,00000,547,2617.2,0.21,20,30,40,40,245,20,20,0,245,83000,240,78500,240,35,425,240,220,20,56.5,51.8,8.3,,,,,,,,,,,,,,,,,,,,,,,,
2021S051235390071,35390071,London,2021A00053539036,2021,422324,383822,10,0.9,1.8,00000,551,2387.3,0.23,35,40,45,20,235,10,35,0,230,73500,230,92000,230,65,500,345,290,50,69,58,14.5,,,,,,,,,,,,,,,,,,,,,,,,
2021S051235390072,35390072,London,2021A00053539036,2021,422324,383822,10,0.9,3.5,00000,845,2920.8,0.29,40,45,60,65,340,15,0,0,340,74000,330,79600,335,55,645,360,285,75,55.8,44.2,20.8,,,,,,,,,,,,,,,,,,,,,,,,
2021S051235390073,35390073,London,2021A00053539036,2021,422324,383822,10,2.7,4.6,00000,314,813.9,0.39,20,10,15,25,110,0,0,0,115,87000,110,106000,110,15,265,140,115,20,52.8,43.4,14.3,,,,,,,,,,,,,,,,,,,,,,,,
2021S051235390074,35390074,London,2021A00053539036,2021,422324,383822,10,2.3,0,00000,466,3832.2,0.12,25,35,25,30,175,0,0,0,175,92000,190,82000,190,0,390,170,140,25,43.6,35.9,14.7,,,,,,,,,,,,,,,,,,,,,,,,
2021S051235390075,35390075,London,2021A00053539036,2021,422324,383822,10,0.8,0,00000,330,3330,0.1,25,15,20,15,125,0,0,0,120,94000,125,92000,125,15,240,140,130,10,58.3,54.2,7.1,,,,,,,,,,,,,,,,,,,,,,,,
2021S051235390076,35390076,London,2021A00053539036,2021,422324,383822,10,0,0,00000,586,4033,0.15,35,35,30,35,240,0,0,0,245,80000,240,88000,240,35,505,335,285,55,66.3,56.4,16.4,,,,,,,,,,,,,,,,,,,,,,,,
2021S051235390077,35390077,London,2021A00053539036,2021,422324,383822,10,1,2,00000,535,4360.2,0.12,30,45,35,25,200,0,0,0,200,99000,205,119000,205,20,495,380,345,35,76.8,69.7,9.2,,,,,,,,,,,,,,,,,,,,,,,,
2021S051235390079,35390079,London,2021A00053539036,2021,422324,383822,10,1.1,4.8,00009,261,4815.5,0.05,10,20,20,20,85,0,0,0,85,101000,,,85,15,190,125,110,10,65.8,57.9,8,,,,,,,,,,,,,,6,6,,,,,,,,,
2021S051235390087,35390087,London,2021A00053539036,2021,422324,383822,10,1.3,2.6,00000,427,6589.5,0.06,35,15,40,30,150,0,0,0,150,68000,145,67000,150,110,265,185,155,30,69.8,58.5,16.2,,,,,,,,,,,,,,,,,,,,,,,,
2021S051235390091,35390091,London,2021A00053539036,2021,422324,383822,10,0,0,00000,859,1727,0.5,50,60,35,60,300,0,0,0,300,103000,290,108000,290,10,720,540,460,80,75,63.9,14.8,,,,,,,,,,,,,,,,,,,,,,,,
2021S051235390092,35390092,London,2021A00053539036,2021,422324,383822,10,0,0,00000,494,711.6,0.69,10,20,30,35,230,5,75,0,235,60000,245,73000,245,85,455,200,185,15,44,40.7,7.5,,,,,,,,,,,,,,,,,,,,,,,,
2021S051235390093,35390093,London,2021A00053539036,2021,422324,383822,10,0.8,0,00000,357,4020.3,0.09,20,20,15,10,130,0,0,0,130,102000,125,132000,130,0,330,235,205,30,71.2,62.1,12.8,,,,,,,,,,,,,,,,,,,,,,,,
2021S051235390094,35390094,London,2021A00053539036,2021,422324,383822,10,1,4,00000,490,1974.2,0.25,25,25,25,45,200,5,0,0,200,93000,195,96000,195,15,405,230,220,10,56.8,54.3,4.3,,,,,,,,,,,,,,,,,,,,,,,,
2021S051235390095,35390095,London,2021A00053539036,2021,422324,383822,10,1.7,0,00000,848,822.6,1.03,55,35,50,40,405,5,55,0,400,63200,405,68000,405,210,725,320,255,65,44.1,35.2,20.3,,,,,,,,,,,,,,,,,,,,,,,,
2021S051235390096,35390096,London,2021A00053539036,2021,422324,383822,10,4.2,8.7,00000,406,2435.5,0.17,15,25,35,35,190,0,130,0,190,50000,195,61200,195,115,345,175,150,25,50.7,43.5,14.3,,,,,,,,,,,,,,,,,,,,,,,,
2021S051235390097,35390097,London,2021A00053539036,2021,422324,383822,10,0.4,1.6,00000,527,1780.4,0.3,30,35,15,30,260,5,0,55,260,61600,260,79000,260,75,490,240,220,20,49,44.9,8.3,,,,,,,,,,,,,,,,,,,,,,,,
2021S051235390098,35390098,London,2021A00053539036,2021,422324,383822,10,0,0,00000,399,2148.6,0.19,20,15,25,25,180,0,0,0,180,88000,170,101000,170,10,340,220,205,15,64.7,60.3,6.8,,,,,,,,,,,,,,,,,,,,,,,,
2021S051235390099,35390099,London,2021A00053539036,2021,422324,383822,10,0.3,1.1,00000,890,943.3,0.94,35,50,60,60,365,5,0,0,360,89000,360,92800,355,40,725,420,380,45,57.9,52.4,10.7,,,,,,,,,,,,,,,,,,,,,,,,
2021S051235390100,35390100,London,2021A00053539036,2021,422324,383822,10,1.5,2,00000,515,2517.1,0.2,30,25,30,45,200,0,0,0,195,81000,220,92000,220,60,450,240,235,10,53.3,52.2,4.2,,,,,,,,,,,,,,,,,,,,,,,,
2021S051235390101,35390101,London,2021A00053539036,2021,422324,383822,10,2.3,4.7,00000,419,2423.4,0.17,10,20,50,25,175,5,5,0,175,84000,170,93000,170,15,365,230,200,30,63,54.8,13,,,,,,,,,,,,,,,,,,,,,,,,
2021S051235390102,35390102,London,2021A00053539036,2021,422324,383822,10,2.6,2.6,00000,341,1017,0.34,10,20,30,30,155,5,10,0,155,74000,150,73000,150,55,260,180,170,10,69.2,65.4,5.6,,,,,,,,,,,,,,,,,,,,,,,,
2021S051235390103,35390103,London,2021A00053539036,2021,422324,383822,10,2.9,4,00000,408,1156.8,0.35,15,20,40,25,205,5,35,0,205,74500,195,74500,195,50,340,245,225,15,72.1,66.2,6.1,,,,,,,,,,,,,,,,,,,,,,,,
2021S051235390104,35390104,London,2021A00053539036,2021,422324,383822,10,2.2,1.5,00000,580,3211.5,0.18,25,20,40,50,275,15,15,0,275,61200,265,67500,265,45,470,310,270,35,66,57.4,11.3,,,,,,,,,,,,,,,,,,,,,,,,
2021S051235390105,35390105,London,2021A00053539036,2021,422324,383822,10,1.5,3.9,00000,428,4167.5,0.1,20,25,50,40,205,15,10,0,200,67000,195,71000,195,30,340,220,185,30,64.7,54.4,13.6,,,,,,,,,,,,,,,,,,,,,,,,
2021S051235390106,35390106,London,2021A00053539036,2021,422324,383822,10,1.5,0,00000,438,1132.1,0.39,20,20,35,40,205,0,20,0,205,70500,225,84000,220,50,475,285,275,10,60,57.9,3.5,,,,,,,,,,,,,,,,,,,,,,,,
2021S051235390107,35390107,London,2021A00053539036,2021,422324,383822,10,4.4,6.3,00000,421,3742.2,0.11,15,15,35,45,210,5,20,0,205,60800,185,73500,185,45,310,200,155,45,64.5,50,22.5,,,,,,,,,,,,,,,,,,,,,,,,
2021S051235390108,35390108,London,2021A00053539036,2021,422324,383822,10,2.6,4.1,00000,428,3410.4,0.13,25,30,45,30,190,10,30,0,190,62400,195,73500,195,60,405,255,210,45,63,51.9,17.6,,,,,,,,,,,,,,,,,,,,,,,,
2021S051235390109,35390109,London,2021A00053539036,2021,422324,383822,10,5.2,2.3,00000,460,3384.8,0.14,25,20,30,35,190,25,35,0,190,55200,185,69000,185,85,385,230,210,25,59.7,54.5,10.9,,,,,,,,,,,,,,,,,,,,,,,,
2021S051235390110,35390110,London,2021A00053539036,2021,422324,383822,10,2.1,3.3,00000,489,931.8,0.52,25,25,50,30,235,20,65,0,240,60400,255,71500,255,105,465,295,285,10,63.4,61.3,3.4,,,,,,,,,,,,,,,,,,,,,,,,
2021S051235390111,35390111,London,2021A00053539036,2021,422324,383822,10,5,6.5,00000,491,3337.9,0.15,25,40,40,45,240,15,85,0,240,52000,250,63200,250,125,430,305,235,70,70.9,54.7,23,,,,,,,,,,,,,,,,,,,,,,,,
2021S051235390112,35390112,London,2021A00053539036,2021,422324,383822,10,5.1,5.3,00000,411,3650.1,0.11,25,25,35,25,235,25,75,0,235,43200,215,49600,215,105,325,215,165,50,66.2,50.8,23.3,,,,,,,,,,,,,,,,,,,,,,,,
2021S051235390113,35390113,London,2021A00053539036,2021,422324,383822,10,4.6,13.2,00010,386,4849.2,0.08,15,45,50,25,175,30,50,0,170,56800,140,79000,145,45,310,165,145,25,53.2,46.8,15.2,,,,,,,,,,,,,,,,,,,,,,,,
2021S051235390114,35390114,London,2021A00053539036,2021,422324,383822,10,3.2,6.3,00000,383,3792.1,0.1,5,15,35,35,190,20,60,0,190,51600,190,55200,190,100,290,135,130,0,46.6,44.8,0,,,,,,,,,,,,,,,,,,,,,,,,
2021S051235390115,35390115,London,2021A00053539036,2021,422324,383822,10,2,3.1,00000,575,2023.2,0.28,35,30,55,55,255,35,50,0,255,52800,270,63600,270,115,510,260,225,35,51,44.1,13.5,,,,,,,,,,,,,,,,,,,,,,,,
2021S051235390116,35390116,London,2021A00053539036,2021,422324,383822,10,7.5,10.1,00010,546,2259.9,0.24,30,40,55,50,280,30,115,0,280,48400,285,53200,285,200,490,235,195,40,48,39.8,17,,,,,,,,,,,,,,,,,,,,,,,,
2021S051235390117,35390117,London,2021A00053539036,2021,422324,383822,10,1.6,2.2,00000,346,4971.3,0.07,10,25,25,35,190,15,45,55,190,47200,195,55200,195,160,315,170,115,50,54,36.5,29.4,,,,,,,,,,,,,,,,,,,,,,,,
2021S051235390118,35390118,London,2021A00053539036,2021,422324,383822,10,2.1,0,00000,395,2448.9,0.16,10,25,30,25,235,15,20,100,235,32400,225,44000,225,160,315,140,135,10,44.4,42.9,7.1,,,,,,,,,,,,,,,,,,,,,,,,
2021S051235390119,35390119,London,2021A00053539036,2021,422324,383822,10,4.8,10.2,00010,376,1244.2,0.3,15,30,40,30,190,15,70,0,185,44800,185,57200,185,120,330,235,160,75,71.2,48.5,31.9,,,,,,,,,,,,,,,,,,,,,,,,
2021S051235390120,35390120,London,2021A00053539036,2021,422324,383822,10,2.1,5.6,00000,493,2938,0.17,15,40,55,50,290,30,150,0,295,48400,300,53600,300,205,450,295,230,65,65.6,51.1,22,,,,,,,,,,,,,,,,,,,,,,,,
2021S051235390121,35390121,London,2021A00053539036,2021,422324,383822,10,7,11.9,00010,576,3384.3,0.17,10,35,50,70,415,30,55,245,415,24200,385,32400,385,335,495,230,165,65,46.5,33.3,28.3,,,,,,,,,,,,,,,,,,,,,,,,
2021S051235390122,35390122,London,2021A00053539036,2021,422324,383822,10,3.9,6.3,00000,470,5529.4,0.09,20,35,60,65,255,15,145,50,255,54000,250,60400,250,195,380,230,195,35,60.5,51.3,15.2,,,,,,,,,,,,,,,,,,,,,,,,
2021S051235390123,35390123,London,2021A00053539036,2021,422324,383822,10,2,2.8,00000,806,7442.3,0.11,30,80,120,105,450,10,225,160,450,46000,425,59400,425,365,635,450,390,60,70.9,61.4,13.3,,,,,,,,,,,,,,,,,,,,,,,,
2021S051235390124,35390124,London,2021A00053539036,2021,422324,383822,10,0.7,0,00000,376,4993.4,0.08,25,25,15,15,145,20,10,0,145,119000,150,128000,145,35,300,205,195,10,68.3,65,4.9,,,,,,,,,,,,,,,,,,,,,,,,
2021S051235390125,35390125,London,2021A00053539036,2021,422324,383822,10,2.2,0,00000,549,4333.1,0.13,30,35,20,25,230,25,15,0,225,105000,225,115000,225,50,455,280,245,35,61.5,53.8,12.5,,,,,,,,,,,,,,,,,,,,,,,,
2021S051235390126,35390126,London,2021A00053539036,2021,422324,383822,10,1.1,1.5,00000,461,4797.1,0.1,15,30,40,45,265,20,80,110,270,49600,280,70500,275,215,385,250,210,45,64.9,54.5,18,,,,,,,,,,,,,,,,,,,,,,,,
2021S051235390127,35390127,London,2021A00053539036,2021,422324,383822,10,3.6,3.2,00000,373,5747.3,0.06,10,15,40,40,255,5,125,95,255,54400,250,69000,245,205,335,215,175,40,64.2,52.2,18.6,,,,,,,,,,,,,,,,,,,,,,,,
2021S051235390128,35390128,London,2021A00053539036,2021,422324,383822,10,1.9,0.6,00000,1092,9512.2,0.11,15,40,75,75,675,15,75,505,670,59600,700,66800,705,635,1035,550,450,100,53.1,43.5,18.2,,,,,,,,,,,,,,,,,,,,,,,,
2021S051235390129,35390129,London,2021A00053539036,2021,422324,383822,10,2.5,2.1,00000,554,2402.4,0.23,5,50,110,75,395,20,325,0,390,48400,380,65600,385,335,515,380,320,60,73.8,62.1,15.8,,,,,,,,,,,,,,,,,,,,,,,,
2021S051235390130,35390130,London,2021A00053539036,2021,422324,383822,10,5.7,5.5,00000,370,2934.2,0.13,10,40,40,35,230,25,140,0,230,54000,230,79000,230,175,350,250,205,45,71.4,58.6,18,,,,,,,,,,,,,,,,,,,,,,,,
2021S051235390131,35390131,London,2021A00053539036,2021,422324,383822,10,2.6,0,00000,442,3463.9,0.13,20,25,50,60,235,40,60,0,230,75500,260,104000,255,120,470,330,305,20,70.2,64.9,6.1,,,,,,,,,,,,,,,,,,,,,,,,
2021S051235390132,35390132,London,2021A00053539036,2021,422324,383822,10,3.4,2.3,00000,343,3254.3,0.11,15,30,40,40,170,30,55,0,175,76500,175,105000,180,100,300,245,205,40,81.7,68.3,16.3,,,,,,,,,,,,,,,,,,,,,,,,
2021S051235390133,35390133,London,2021A00053539036,2021,422324,383822,10,4.3,3.5,00000,486,3555.2,0.14,20,35,45,50,225,30,70,0,230,60000,235,78000,235,110,390,245,205,45,62.8,52.6,18.4,,,,,,,,,,,,,,,,,,,,,,,,
2021S051235390134,35390134,London,2021A00053539036,2021,422324,383822,10,2.8,5.5,00000,472,3450.3,0.14,30,20,35,40,215,20,40,0,220,95000,215,129000,215,55,380,260,250,10,68.4,65.8,3.8,,,,,,,,,,,,,,,,,,,,,,,,
2021S051235390135,35390135,London,2021A00053539036,2021,422324,383822,10,1.6,2.4,00000,402,2997.8,0.13,30,10,35,30,185,15,20,0,180,88000,165,112000,165,45,365,280,245,35,76.7,67.1,12.5,,,,,,,,,,,,,,,,,,,,,,,,
2021S051235390136,35390136,London,2021A00053539036,2021,422324,383822,10,0.8,1.8,00000,507,3227.2,0.16,20,20,25,40,235,20,10,0,240,91000,230,105000,230,40,390,270,255,15,69.2,65.4,5.6,,,,,,,,,,,,,,,,,,,,,,,,
2021S051235390137,35390137,London,2021A00053539036,2021,422324,383822,10,2.5,1.6,00000,477,3562.4,0.13,20,30,35,40,245,5,0,70,240,78500,240,105000,240,85,395,235,210,25,59.5,53.2,10.6,,,,,,,,,,,,,,,,,,,,,,,,
2021S051235390138,35390138,London,2021A00053539036,2021,422324,383822,10,0.6,0,00000,348,2616.5,0.13,15,10,20,30,160,10,0,0,155,86000,160,86000,160,25,285,200,170,30,70.2,59.6,15,,,,,,,,,,,,,,,,,,,,,,,,
2021S051235390139,35390139,London,2021A00053539036,2021,422324,383822,10,0.5,1.1,00000,830,2219.8,0.37,50,45,65,55,370,0,0,205,370,68500,385,154500,385,200,740,415,370,50,56.1,50,12,,,,,,,,,,,,,,,,,,,,,,,,
2021S051235390142,35390142,London,2021A00053539036,2021,422324,383822,10,1.3,1.7,00000,589,5198.6,0.11,35,40,50,60,235,0,0,70,235,66000,240,84000,235,115,490,300,240,60,61.2,49,20,,,,,,,,,,,,,,,,,,,,,,,,
2021S051235390143,35390143,London,2021A00053539036,2021,422324,383822,10,0.7,3,00000,397,1638.5,0.24,30,15,20,25,140,5,0,0,135,81000,125,79000,125,40,260,140,120,20,53.8,46.2,14.3,,,,,,,,,,,,,,,,,,,,,,,,
2021S051235390144,35390144,London,2021A00053539036,2021,422324,383822,10,2.1,4.6,00000,1501,4488.6,0.33,60,90,105,110,610,0,0,400,610,56800,610,63800,610,420,1085,550,455,95,50.7,41.9,17.3,,,,,,,,,,,,,,,,,,,,,,,,
2021S051235390145,35390145,London,2021A00053539036,2021,422324,383822,10,1.5,1.4,00000,671,2941.7,0.23,45,30,35,40,275,5,0,0,275,83000,275,88000,275,50,520,380,330,50,73.1,63.5,13.2,,,,,,,,,,,,,,,,,,,,,,,,
2021S051235390146,35390146,London,2021A00053539036,2021,422324,383822,10,1.2,1.6,00000,1514,3219.9,0.47,70,80,110,100,750,0,40,400,750,68500,740,87200,740,480,1300,815,720,95,62.7,55.4,11.7,,,,,,,,,,,,,,,,,,,,,,,,
2021S051235390147,35390147,London,2021A00053539036,2021,422324,383822,10,0,0,00000,294,3625.2,0.08,20,25,20,10,95,0,0,0,90,121000,95,124000,95,0,265,120,115,0,45.3,43.4,0,,,,,,,,,,,,,,,,,,,,,,,,
2021S051235390148,35390148,London,2021A00053539036,2021,422324,383822,10,0.8,1.5,00000,704,4043.7,0.17,45,30,45,45,265,0,0,0,260,90000,275,119000,270,20,670,440,390,45,65.7,58.2,10.2,,,,,,,,,,,,,,,,,,,,,,,,
2021S051235390149,35390149,London,2021A00053539036,2021,422324,383822,10,0.9,0,00000,306,4615.4,0.07,15,15,15,20,105,0,0,0,105,94000,105,102000,105,0,235,145,130,20,61.7,55.3,13.8,,,,,,,,,,,,,,,,,,,,,,,,
2021S051235390150,35390150,London,2021A00053539036,2021,422324,383822,10,1.5,0,00000,339,10694,0.03,20,15,25,30,135,0,0,0,130,80000,130,77000,130,25,230,160,140,20,69.6,60.9,12.5,,,,,,,,,,,,,,,,,,,,,,,,
2021S051235390151,35390151,London,2021A00053539036,2021,422324,383822,10,1.4,4.5,00000,818,8163.7,0.1,40,60,105,85,355,0,0,260,350,57200,345,57800,345,285,610,350,275,75,57.4,45.1,21.4,,,,,,,,,,,,,,,,,,,,,,,,
2021S051235390152,35390152,London,2021A00053539036,2021,422324,383822,10,1.2,0,00000,434,3797,0.11,30,25,20,30,170,0,0,0,170,88000,190,89000,190,20,420,225,185,45,53.6,44,20,,,,,,,,,,,,,,,,,,,,,,,,
2021S051235390153,35390153,London,2021A00053539036,2021,422324,383822,10,1.5,6.1,00000,535,3531.4,0.15,30,40,45,35,195,0,0,0,200,83000,185,100000,190,35,390,285,230,50,73.1,59,17.5,,,,,,,,,,,,,,,,,,,,,,,,
2021S051235390154,35390154,London,2021A00053539036,2021,422324,383822,10,1.5,0,00000,630,4525.9,0.14,40,50,45,50,205,0,0,0,205,69000,205,82000,205,110,445,255,210,45,57.3,47.2,17.6,,,,,,,,,,,,,,,,,,,,,,,,
2021S051235390155,35390155,London,2021A00053539036,2021,422324,383822,10,0.9,3.8,00000,353,4889.2,0.07,35,30,30,10,105,0,0,0,105,96000,95,110000,95,0,270,150,130,15,55.6,48.1,10,,,,,,,,,,,,,,,,,,,,,,,,
2021S051235390156,35390156,London,2021A00053539036,2021,422324,383822,10,0,0,00000,372,5145.2,0.07,40,30,25,15,105,0,0,0,105,107000,110,106000,110,0,370,185,135,50,50,36.5,27,,,,,,,,,,,,,,,,,,,,,,,,
2021S051235390157,35390157,London,2021A00053539036,2021,422324,383822,10,1.5,1,00000,1117,2576.1,0.43,80,95,90,65,395,0,45,95,390,81000,400,94800,400,180,915,555,455,100,60.7,49.7,18,,,,,,,,,,,,,,,,,,,,,,,,
2021S051235390158,35390158,London,2021A00053539036,2021,422324,383822,10,1,0,00000,343,4790.5,0.07,30,25,20,20,105,0,0,0,105,95000,110,106000,110,0,275,140,120,20,50.9,43.6,14.3,,,,,,,,,,,,,,,,,,,,,,,,
2021S051235390162,35390162,London,2021A00053539036,2021,422324,383822,10,0.4,0,00000,745,5123.8,0.15,55,35,45,40,230,0,0,0,235,84000,225,98000,225,40,640,410,320,90,64.1,50,22,,,,,,,,,,,,,,,,,,,,,,,,
2021S051235390163,35390163,London,2021A00053539036,2021,422324,383822,10,1.1,0,00909,239,3918,0.06,20,10,15,10,85,0,0,0,,,,,85,10,190,110,95,15,57.9,50,13.6,,,,,,,,,,,,6,6,6,6,,,,,,,,,
2021S051235390164,35390164,London,2021A00053539036,2021,422324,383822,10,0,0,00000,349,4929.4,0.07,30,20,30,20,115,0,0,0,115,96000,115,100000,115,0,310,185,160,25,59.7,51.6,13.5,,,,,,,,,,,,,,,,,,,,,,,,
2021S051235390166,35390166,London,2021A00053539036,2021,422324,383822,10,0.7,0,00000,855,1752.4,0.49,65,55,55,50,295,0,0,0,300,78500,300,82000,300,85,660,435,335,100,65.9,50.8,23,,,,,,,,,,,,,,,,,,,,,,,,
2021S051235390167,35390167,London,2021A00053539036,2021,422324,383822,10,0.5,0,00000,599,4300.1,0.14,25,30,40,45,200,0,0,0,200,90000,200,92000,200,30,495,285,255,30,57.6,51.5,10.5,,,,,,,,,,,,,,,,,,,,,,,,
2021S051235390168,35390168,London,2021A00053539036,2021,422324,383822,10,0.7,2.9,00000,833,6452.4,0.13,65,45,55,50,280,0,0,0,280,70500,275,77500,275,65,590,335,290,45,56.8,49.2,13.4,,,,,,,,,,,,,,,,,,,,,,,,
2021S051235390170,35390170,London,2021A00053539036,2021,422324,383822,10,0,0,00909,196,3975.7,0.05,15,10,0,10,70,0,0,0,,,,,80,10,160,70,70,0,43.8,43.8,0,,,,,,,,,,,,6,6,6,6,,,,,,,,,
2021S051235390171,35390171,London,2021A00053539036,2021,422324,383822,10,0,0,00000,263,4168,0.06,15,20,15,20,90,0,0,0,90,93000,90,96000,90,0,220,135,110,20,61.4,50,14.8,,,,,,,,,,,,,,,,,,,,,,,,
2021S051235390172,35390172,London,2021A00053539036,2021,422324,383822,10,1.2,0.8,00000,1045,118.4,8.83,55,40,55,80,480,15,0,190,480,60800,490,69600,485,130,855,525,470,50,61.4,55,9.5,,,,,,,,,,,,,,,,,,,,,,,,
2021S051235390173,35390173,London,2021A00053539036,2021,422324,383822,10,1,0,00000,807,3387.9,0.24,45,35,45,55,310,5,0,0,310,84000,295,95000,295,20,635,375,345,30,59.1,54.3,8,,,,,,,,,,,,,,,,,,,,,,,,
2021S051235390174,35390174,London,2021A00053539036,2021,422324,383822,10,1.2,1.6,00000,667,2551.6,0.26,50,40,40,40,255,5,0,0,255,92000,255,97000,255,10,580,355,310,45,61.2,53.4,12.7,,,,,,,,,,,,,,,,,,,,,,,,
2021S051235390175,35390175,London,2021A00053539036,2021,422324,383822,10,0.5,1.1,00000,1028,5720.6,0.18,70,50,65,80,370,0,0,0,370,77500,360,82400,360,65,720,420,360,60,58.3,50,14.3,,,,,,,,,,,,,,,,,,,,,,,,
2021S051235390176,35390176,London,2021A00053539036,2021,422324,383822,10,0.6,1.2,00000,929,3905,0.24,60,65,65,75,320,0,0,0,320,79500,320,80000,320,75,710,435,360,75,61.3,50.7,17.2,,,,,,,,,,,,,,,,,,,,,,,,
2021S051235390177,35390177,London,2021A00053539036,2021,422324,383822,10,0,0,00000,250,4417,0.06,10,15,15,20,85,0,0,0,85,92000,90,104000,90,0,225,140,115,25,62.2,51.1,17.9,,,,,,,,,,,,,,,,,,,,,,,,
2021S051235390178,35390178,London,2021A00053539036,2021,422324,383822,10,1.3,2.1,00000,1160,4662.4,0.25,95,65,85,70,375,0,0,0,375,68500,395,74400,395,190,830,420,310,110,50.6,37.3,26.2,,,,,,,,,,,,,,,,,,,,,,,,
2021S051235390179,35390179,London,2021A00053539036,2021,422324,383822,10,0.7,0,00000,416,3360.3,0.12,20,20,25,20,150,0,0,0,150,94000,155,102000,155,30,400,200,185,15,50,46.3,7.5,,,,,,,,,,,,,,,,,,,,,,,,
2021S051235390180,35390180,London,2021A00053539036,2021,422324,383822,10,0.4,0,00000,706,3761.3,0.19,45,50,35,55,250,0,0,0,250,110000,245,125000,250,15,600,395,335,55,65.8,55.8,13.9,,,,,,,,,,,,,,,,,,,,,,,,
2021S051235390181,35390181,London,2021A00053539036,2021,422324,383822,10,1.2,0,00000,425,4497.4,0.09,20,20,25,25,160,0,0,0,165,82000,170,101000,165,15,380,235,195,40,61.8,51.3,17,,,,,,,,,,,,,,,,,,,,,,,,
2021S051235390182,35390182,London,2021A00053539036,2021,422324,383822,10,3,0,00000,256,3737.2,0.07,15,15,20,10,100,0,0,0,100,88000,110,88000,110,10,220,115,90,25,52.3,40.9,21.7,,,,,,,,,,,,,,,,,,,,,,,,
2021S051235390183,35390183,London,2021A00053539036,2021,422324,383822,10,1.3,0,00000,653,5473.6,0.12,35,50,60,45,230,0,0,0,230,80000,230,92000,230,45,505,360,320,35,71.3,63.4,9.7,,,,,,,,,,,,,,,,,,,,,,,,
2021S051235390185,35390185,London,2021A00053539036,2021,422324,383822,10,0.9,3.4,00000,301,1487.2,0.2,15,15,5,20,115,0,0,0,115,105000,120,112000,120,0,275,160,135,20,58.2,49.1,12.5,,,,,,,,,,,,,,,,,,,,,,,,
2021S051235390186,35390186,London,2021A00053539036,2021,422324,383822,10,0.3,0,00000,905,5264.7,0.17,65,55,65,70,350,0,0,0,350,74000,365,81200,360,90,735,430,365,65,58.5,49.7,15.1,,,,,,,,,,,,,,,,,,,,,,,,
2021S051235390187,35390187,London,2021A00053539036,2021,422324,383822,10,0.9,0,00000,599,4727.7,0.13,35,30,30,45,215,0,0,0,215,99000,210,103000,215,10,520,315,280,35,60.6,53.8,11.1,,,,,,,,,,,,,,,,,,,,,,,,
2021S051235390188,35390188,London,2021A00053539036,2021,422324,383822,10,0.7,0,00000,782,4016.4,0.19,45,35,50,40,295,0,0,0,290,76000,295,80000,295,50,605,375,335,45,62,55.4,12,,,,,,,,,,,,,,,,,,,,,,,,
2021S051235390191,35390191,London,2021A00053539036,2021,422324,383822,10,2.2,5.6,00000,821,3867.2,0.21,95,70,50,55,275,0,0,0,270,62800,275,76000,275,175,590,250,220,25,42.4,37.3,10,,,,,,,,,,,,,,,,,,,,,,,,
2021S051235390194,35390194,London,2021A00053539036,2021,422324,383822,10,2.4,1.5,00000,564,2571.8,0.22,15,30,40,50,255,0,85,0,255,59600,275,63200,280,125,525,300,260,45,57.1,49.5,15,,,,,,,,,,,,,,,,,,,,,,,,
2021S051235390197,35390197,London,2021A00053539036,2021,422324,383822,10,3.4,3.9,00000,366,3133.6,0.12,15,20,35,20,200,0,45,110,205,48400,205,73500,205,165,330,195,145,55,59.1,43.9,28.2,,,,,,,,,,,,,,,,,,,,,,,,
2021S051235390198,35390198,London,2021A00053539036,2021,422324,383822,10,6.3,11.1,00010,290,3049.4,0.1,10,20,25,15,145,20,45,0,145,52800,135,61000,135,80,235,155,120,35,66,51.1,22.6,,,,,,,,,,,,,,,,,,,,,,,,
2021S051235390199,35390199,London,2021A00053539036,2021,422324,383822,10,2.7,2.7,00000,337,3554.9,0.09,20,25,35,30,150,20,60,0,145,58000,160,78000,160,90,380,250,150,95,65.8,39.5,38,,,,,,,,,,,,,,,,,,,,,,,,
2021S051235390200,35390200,London,2021A00053539036,2021,422324,383822,10,5.1,8.2,00000,809,2031.1,0.4,35,55,100,90,395,5,275,55,395,43200,370,54000,370,320,600,345,255,90,57.5,42.5,26.1,,,,,,,,,,,,,,,,,,,,,,,,
2021S051235390201,35390201,London,2021A00053539036,2021,422324,383822,10,3.4,1.5,00000,539,2921.4,0.18,20,25,65,50,265,20,25,0,265,71500,265,74000,260,85,490,285,240,50,58.2,49,17.5,,,,,,,,,,,,,,,,,,,,,,,,
2021S051235390202,35390202,London,2021A00053539036,2021,422324,383822,10,5.9,5.1,00000,594,2880.7,0.21,40,45,50,60,255,15,70,0,255,63200,235,75500,235,95,440,240,195,45,54.5,44.3,18.8,,,,,,,,,,,,,,,,,,,,,,,,
2021S051235390203,35390203,London,2021A00053539036,2021,422324,383822,10,3.2,3.5,00000,701,1461.9,0.48,20,40,55,80,345,30,70,55,345,64500,340,71200,340,165,550,365,300,60,66.4,54.5,16.4,,,,,,,,,,,,,,,,,,,,,,,,
2021S051235390204,35390204,London,2021A00053539036,2021,422324,383822,10,0.7,0,00000,520,2593.5,0.2,15,20,65,35,275,25,10,0,275,76500,280,90000,280,60,515,365,330,35,70.9,64.1,9.6,,,,,,,,,,,,,,,,,,,,,,,,
2021S051235390205,35390205,London,2021A00053539036,2021,422324,383822,10,0.9,1.9,00000,434,2792.8,0.16,15,20,55,40,210,15,40,0,210,78500,220,91000,220,95,365,270,240,30,74,65.8,11.1,,,,,,,,,,,,,,,,,,,,,,,,
2021S051235390206,35390206,London,2021A00053539036,2021,422324,383822,10,2.4,2.4,00000,345,2594,0.13,15,15,20,35,165,10,10,0,165,81000,165,87000,165,30,290,160,150,10,55.2,51.7,6.3,,,,,,,,,,,,,,,,,,,,,,,,
2021S051235390207,35390207,London,2021A00053539036,2021,422324,383822,10,0,0,00000,378,2236.7,0.17,15,25,30,25,215,10,150,0,215,48000,200,62400,200,160,295,180,155,30,61,52.5,16.7,,,,,,,,,,,,,,,,,,,,,,,,
2021S051235390208,35390208,London,2021A00053539036,2021,422324,383822,10,2,1.3,00000,557,2032.8,0.27,30,30,65,45,305,10,55,95,310,59200,310,77500,305,190,565,335,295,40,59.3,52.2,11.9,,,,,,,,,,,,,,,,,,,,,,,,
2021S051235390212,35390212,London,2021A00053539036,2021,422324,383822,10,2.1,3.3,00000,624,7473.1,0.08,40,35,45,60,235,0,0,0,235,67000,245,78000,245,150,490,385,355,30,78.6,72.4,7.8,,,,,,,,,,,,,,,,,,,,,,,,
2021S051235390213,35390213,London,2021A00053539036,2021,422324,383822,10,4.5,6.7,00009,274,1751.9,0.16,10,20,5,15,135,15,25,0,135,56400,,,105,35,175,95,80,10,54.3,45.7,10.5,,,,,,,,,,,,,,6,6,,,,,,,,,
2021S051235390214,35390214,London,2021A00053539036,2021,422324,383822,10,1.4,1.1,00000,710,864.9,0.82,30,70,70,65,365,10,30,195,365,58000,385,63000,390,265,680,465,405,60,68.4,59.6,12.9,,,,,,,,,,,,,,,,,,,,,,,,
2021S051235390215,35390215,London,2021A00053539036,2021,422324,383822,10,1.3,2.6,00000,385,2587.4,0.15,20,20,20,30,155,0,0,0,155,86000,155,110000,155,10,355,215,195,20,60.6,54.9,9.3,,,,,,,,,,,,,,,,,,,,,,,,
2021S051235390216,35390216,London,2021A00053539036,2021,422324,383822,10,2.7,2.2,00000,489,2598.3,0.19,15,20,45,40,190,15,15,0,190,81000,195,83000,190,50,410,215,180,35,52.4,43.9,16.3,,,,,,,,,,,,,,,,,,,,,,,,
2021S051235390217,35390217,London,2021A00053539036,2021,422324,383822,10,1.8,1.8,00000,550,3301.3,0.17,35,30,35,35,220,0,40,0,225,70000,230,78500,230,100,435,245,195,50,56.3,44.8,20.4,,,,,,,,,,,,,,,,,,,,,,,,
2021S051235390218,35390218,London,2021A00053539036,2021,422324,383822,10,3.9,4.2,00000,744,2054.1,0.36,30,50,75,60,385,0,0,300,380,52800,385,60600,385,305,620,340,290,45,54.8,46.8,13.2,,,,,,,,,,,,,,,,,,,,,,,,
2021S051235390219,35390219,London,2021A00053539036,2021,422324,383822,10,0.4,0,00000,632,3117.9,0.2,30,30,30,45,235,0,5,0,235,86000,260,100000,260,15,530,360,325,30,67.9,61.3,8.3,,,,,,,,,,,,,,,,,,,,,,,,
2021S051235390226,35390226,London,2021A00053539036,2021,422324,383822,10,0,0,00000,545,2487.4,0.22,30,35,20,25,200,0,0,0,200,95000,195,95000,195,0,440,265,245,20,60.2,55.7,7.5,,,,,,,,,,,,,,,,,,,,,,,,
2021S051235390227,35390227,London,2021A00053539036,2021,422324,383822,10,1.7,1.8,00000,629,1692.7,0.37,35,30,35,40,230,5,0,0,230,98000,225,108000,230,20,520,320,290,25,61.5,55.8,7.8,,,,,,,,,,,,,,,,,,,,,,,,
2021S051235390228,35390228,London,2021A00053539036,2021,422324,383822,10,1.5,3,00000,1049,2225.3,0.47,60,65,85,85,395,0,140,0,400,76500,410,85600,410,80,905,565,470,95,62.4,51.9,16.8,,,,,,,,,,,,,,,,,,,,,,,,
2021S051235390234,35390234,London,2021A00053539036,2021,422324,383822,10,3.2,2.6,00000,371,1658.5,0.22,15,15,20,25,160,5,0,0,160,88000,155,100000,155,20,370,220,190,30,59.5,51.4,13.6,,,,,,,,,,,,,,,,,,,,,,,,
2021S051235390235,35390235,London,2021A00053539036,2021,422324,383822,10,1.1,2.2,00000,494,2795.7,0.18,35,20,15,30,185,0,0,0,180,81000,190,94000,190,65,395,205,180,30,51.9,45.6,14.6,,,,,,,,,,,,,,,,,,,,,,,,
2021S051235390236,35390236,London,2021A00053539036,2021,422324,383822,10,1.1,0,00909,238,5107.3,0.05,20,25,15,20,90,0,0,0,,,,,90,35,170,110,110,0,64.7,64.7,0,,,,,,,,,,,,6,6,6,6,,,,,,,,,
2021S051235390237,35390237,London,2021A00053539036,2021,422324,383822,10,1.3,2.6,00000,435,3335.9,0.13,30,15,35,40,155,0,0,0,155,84000,155,84000,155,70,375,190,160,30,50.7,42.7,15.8,,,,,,,,,,,,,,,,,,,,,,,,
2021S051235390240,35390240,London,2021A00053539036,2021,422324,383822,10,2.1,4.2,00000,703,2675,0.26,35,40,70,50,285,0,0,0,285,81000,275,97000,270,90,535,320,290,30,59.8,54.2,9.4,,,,,,,,,,,,,,,,,,,,,,,,
2021S051235390241,35390241,London,2021A00053539036,2021,422324,383822,10,0.6,2.3,00000,449,2208.6,0.2,30,25,20,20,175,0,0,0,175,102000,165,116000,165,10,360,225,185,35,62.5,51.4,15.6,,,,,,,,,,,,,,,,,,,,,,,,
2021S051235390242,35390242,London,2021A00053539036,2021,422324,383822,10,0.9,0,00000,286,1638,0.17,10,15,10,20,110,0,0,0,110,126000,105,152000,105,0,230,150,140,10,65.2,60.9,6.7,,,,,,,,,,,,,,,,,,,,,,,,
2021S051235390243,35390243,London,2021A00053539036,2021,422324,383822,10,0.5,1.8,00000,545,1606.2,0.34,35,20,10,20,220,5,0,0,220,130000,225,162000,220,10,480,325,295,30,67.7,61.5,9.2,,,,,,,,,,,,,,,,,,,,,,,,
2021S051235390244,35390244,London,2021A00053539036,2021,422324,383822,10,1.6,0,00000,516,2895.6,0.18,20,25,30,40,260,5,70,0,255,73000,240,83000,240,65,415,230,175,60,55.4,42.2,26.1,,,,,,,,,,,,,,,,,,,,,,,,
2021S051235390245,35390245,London,2021A00053539036,2021,422324,383822,10,0.7,1.5,00000,582,2945.3,0.2,25,25,20,45,275,30,20,0,270,92000,270,99000,270,50,460,355,330,30,77.2,71.7,8.5,,,,,,,,,,,,,,,,,,,,,,,,
2021S051235390246,35390246,London,2021A00053539036,2021,422324,383822,10,0.9,1.9,00000,485,3003.1,0.16,25,15,25,30,215,10,35,5,215,103000,225,127000,225,55,460,300,285,15,65.2,62,5,,,,,,,,,,,,,,,,,,,,,,,,
2021S051235390247,35390247,London,2021A00053539036,2021,422324,383822,10,1.5,3,00000,583,3947.2,0.15,35,30,30,40,265,20,45,0,270,99000,270,123000,270,45,515,370,340,30,71.8,66,8.1,,,,,,,,,,,,,,,,,,,,,,,,
2021S051235390248,35390248,London,2021A00053539036,2021,422324,383822,10,0.9,0,00000,565,2427,0.23,40,30,20,15,230,5,20,0,230,140000,240,160000,245,30,495,300,270,25,60.6,54.5,8.3,,,,,,,,,,,,,,,,,,,,,,,,
2021S051235390249,35390249,London,2021A00053539036,2021,422324,383822,10,0.5,0,00000,1123,1103.6,1.02,80,65,30,55,415,5,0,0,420,107000,425,131000,425,25,955,580,520,55,60.7,54.5,9.5,,,,,,,,,,,,,,,,,,,,,,,,
2021S051235390250,35390250,London,2021A00053539036,2021,422324,383822,10,1.1,2.2,00000,439,2355.2,0.19,20,20,30,25,185,0,0,0,185,84000,170,117000,170,10,350,185,135,55,52.9,38.6,29.7,,,,,,,,,,,,,,,,,,,,,,,,
2021S051235390256,35390256,London,2021A00053539036,2021,422324,383822,10,0.5,0,00000,584,1657.7,0.35,35,30,15,35,205,0,0,0,205,105000,200,119000,200,0,450,275,250,30,61.1,55.6,10.9,,,,,,,,,,,,,,,,,,,,,,,,
2021S051235390257,35390257,London,2021A00053539036,2021,422324,383822,10,0.8,0,00000,971,2816.9,0.34,70,50,65,70,375,0,25,0,370,77000,385,95600,390,120,825,515,440,75,62.4,53.3,14.6,,,,,,,,,,,,,,,,,,,,,,,,
2021S051235390258,35390258,London,2021A00053539036,2021,422324,383822,10,3.1,0,00000,293,6181.4,0.05,20,15,25,30,100,0,0,0,95,86000,95,94000,90,60,195,140,140,0,71.8,71.8,0,,,,,,,,,,,,,,,,,,,,,,,,
2021S051235390259,35390259,London,2021A00053539036,2021,422324,383822,10,0.5,0,00000,568,2992.6,0.19,40,25,50,35,195,5,0,0,190,101000,175,111000,175,25,410,265,235,30,64.6,57.3,11.3,,,,,,,,,,,,,,,,,,,,,,,,
2021S051235390260,35390260,London,2021A00053539036,2021,422324,383822,10,0,0,00000,289,1989,0.15,20,20,10,10,115,0,0,0,115,87000,120,98000,120,20,265,150,120,30,56.6,45.3,20,,,,,,,,,,,,,,,,,,,,,,,,
2021S051235390261,35390261,London,2021A00053539036,2021,422324,383822,10,0,0,00000,462,2844.8,0.16,30,15,20,40,165,0,0,0,165,106000,165,105000,165,20,355,185,165,20,52.1,46.5,10.8,,,,,,,,,,,,,,,,,,,,,,,,
2021S051235390262,35390262,London,2021A00053539036,2021,422324,383822,10,0.4,1.7,00000,652,6632.8,0.1,55,35,55,45,240,0,110,0,235,60400,220,58000,215,155,405,255,200,50,63,49.4,19.6,,,,,,,,,,,,,,,,,,,,,,,,
2021S051235390263,35390263,London,2021A00053539036,2021,422324,383822,10,1.8,3.6,00000,341,3396.4,0.1,25,20,20,10,110,0,0,0,115,128000,105,152000,110,0,295,190,185,10,64.4,62.7,5.3,,,,,,,,,,,,,,,,,,,,,,,,
2021S051235390264,35390264,London,2021A00053539036,2021,422324,383822,10,1.3,3.6,00000,679,2510.2,0.27,50,45,35,25,225,5,0,0,225,136000,215,138000,210,10,570,320,280,45,56.1,49.1,14.1,,,,,,,,,,,,,,,,,,,,,,,,
2021S051235390265,35390265,London,2021A00053539036,2021,422324,383822,10,1.2,0,00909,244,3231.8,0.08,20,15,10,10,85,0,0,0,,,,,90,10,235,135,95,40,57.4,40.4,29.6,,,,,,,,,,,,6,6,6,6,,,,,,,,,
2021S051235390266,35390266,London,2021A00053539036,2021,422324,383822,10,0.5,0,00000,429,2049.7,0.21,10,15,15,10,205,5,0,0,200,87000,210,110000,210,10,410,170,155,10,41.5,37.8,5.9,,,,,,,,,,,,,,,,,,,,,,,,
2021S051235390267,35390267,London,2021A00053539036,2021,422324,383822,10,0,0,00000,637,3973.8,0.16,30,55,50,50,270,0,85,0,265,82000,275,88000,275,100,490,305,270,35,62.2,55.1,11.5,,,,,,,,,,,,,,,,,,,,,,,,
2021S051235390272,35390272,London,2021A00053539036,2021,422324,383822,10,3.3,3.8,00000,834,2993.5,0.28,70,70,60,60,305,0,0,165,305,67000,315,83000,320,265,710,460,365,95,64.8,51.4,20.7,,,,,,,,,,,,,,,,,,,,,,,,
2021S051235390273,35390273,London,2021A00053539036,2021,422324,383822,10,2.2,3.4,00000,627,6017.3,0.1,50,45,30,40,235,0,0,0,235,83000,235,90000,230,140,525,355,310,45,67.6,59,12.7,,,,,,,,,,,,,,,,,,,,,,,,
2021S051235390274,35390274,London,2021A00053539036,2021,422324,383822,10,2,2.7,00000,400,2949.9,0.14,15,35,25,25,150,0,0,0,150,98000,140,106000,135,15,320,195,150,40,60.9,46.9,20.5,,,,,,,,,,,,,,,,,,,,,,,,
2021S051235390275,35390275,London,2021A00053539036,2021,422324,383822,10,0,0,00000,338,2688.9,0.13,15,25,15,10,125,0,0,0,120,132000,120,148000,120,0,275,170,135,30,61.8,49.1,17.6,,,,,,,,,,,,,,,,,,,,,,,,
2021S051235390276,35390276,London,2021A00053539036,2021,422324,383822,10,0,0,00000,422,2894.4,0.15,20,15,20,25,150,0,0,0,145,125000,150,144000,150,0,345,225,205,25,65.2,59.4,11.1,,,,,,,,,,,,,,,,,,,,,,,,
2021S051235390277,35390277,London,2021A00053539036,2021,422324,383822,10,0.9,0,00000,347,2728,0.13,20,15,5,20,105,0,0,0,105,132000,110,138000,110,0,260,160,130,25,61.5,50,15.6,,,,,,,,,,,,,,,,,,,,,,,,
2021S051235390278,35390278,London,2021A00053539036,2021,422324,383822,10,0.5,0,00000,551,2996.2,0.18,30,25,20,25,190,0,0,0,195,145000,195,138000,190,0,430,250,235,10,58.1,54.7,4,,,,,,,,,,,,,,,,,,,,,,,,
2021S051235390280,35390280,London,2021A00053539036,2021,422324,383822,10,1.2,4.8,00000,584,2431.3,0.24,35,25,15,20,240,0,15,0,240,108000,240,111000,240,10,435,205,190,20,47.1,43.7,9.8,,,,,,,,,,,,,,,,,,,,,,,,
2021S051235390281,35390281,London,2021A00053539036,2021,422324,383822,10,1.5,0,00000,441,2858.1,0.15,15,20,20,35,200,0,85,0,200,70500,200,105000,200,90,385,225,195,25,58.4,50.6,11.1,,,,,,,,,,,,,,,,,,,,,,,,
2021S051235390282,35390282,London,2021A00053539036,2021,422324,383822,10,0.8,2.9,00000,393,1281.8,0.31,35,20,20,20,130,0,0,0,135,105000,130,120000,130,35,335,210,190,30,62.7,56.7,14.3,,,,,,,,,,,,,,,,,,,,,,,,
2021S051235390283,35390283,London,2021A00053539036,2021,422324,383822,10,2.3,5.6,00000,444,4572.6,0.1,20,20,30,50,215,0,175,0,220,54000,210,62800,210,135,340,220,190,35,64.7,55.9,15.9,,,,,,,,,,,,,,,,,,,,,,,,
2021S051235390284,35390284,London,2021A00053539036,2021,422324,383822,10,2,2.4,00000,752,6488.4,0.12,30,30,50,50,350,0,0,220,350,59600,330,74000,330,145,635,310,245,65,48.8,38.6,21,,,,,,,,,,,,,,,,,,,,,,,,
2021S051235390285,35390285,London,2021A00053539036,2021,422324,383822,10,0.8,1.6,00000,545,3116.1,0.17,30,30,40,50,260,5,0,190,265,58400,250,79500,250,185,505,255,235,20,50.5,46.5,7.8,,,,,,,,,,,,,,,,,,,,,,,,
2021S051235390286,35390286,London,2021A00053539036,2021,422324,383822,10,1.1,0,00000,451,2414.3,0.19,25,25,20,15,180,0,0,0,180,110000,190,108000,185,10,380,220,215,0,57.9,56.6,0,,,,,,,,,,,,,,,,,,,,,,,,
2021S051235390287,35390287,London,2021A00053539036,2021,422324,383822,10,1.2,0,00000,656,4552.4,0.14,35,35,40,60,340,0,0,130,340,58400,350,67200,345,285,565,335,300,35,59.3,53.1,10.4,,,,,,,,,,,,,,,,,,,,,,,,
2021S051235390288,35390288,London,2021A00053539036,2021,422324,383822,10,0.9,0,00000,748,4190.5,0.18,30,35,60,75,430,0,160,135,425,42800,415,66000,420,340,650,355,310,45,54.6,47.7,12.7,,,,,,,,,,,,,,,,,,,,,,,,
2021S051235390289,35390289,London,2021A00053539036,2021,422324,383822,10,1.9,1.1,00000,1269,5430,0.23,40,65,120,115,695,0,35,475,700,50800,690,57700,690,680,1105,660,555,110,59.7,50.2,16.7,,,,,,,,,,,,,,,,,,,,,,,,
2021S051235390290,35390290,London,2021A00053539036,2021,422324,383822,10,1.2,0,00000,381,3742.6,0.1,30,15,15,25,160,0,0,0,160,72000,165,85000,165,80,300,190,175,20,63.3,58.3,10.5,,,,,,,,,,,,,,,,,,,,,,,,
2021S051235390291,35390291,London,2021A00053539036,2021,422324,383822,10,0,0,00000,559,4773.7,0.12,25,20,35,35,280,0,0,125,280,66500,285,64500,285,205,465,210,155,55,45.2,33.3,26.2,,,,,,,,,,,,,,,,,,,,,,,,
2021S051235390292,35390292,London,2021A00053539036,2021,422324,383822,10,1,2,00000,506,2167,0.23,20,20,40,40,200,5,20,0,205,86000,195,99000,195,35,395,260,245,15,65.8,62,5.8,,,,,,,,,,,,,,,,,,,,,,,,
2021S051235390293,35390293,London,2021A00053539036,2021,422324,383822,10,0,0,00000,278,1191.1,0.23,10,20,15,15,110,0,0,0,110,81000,100,108000,100,0,210,175,155,15,83.3,73.8,8.6,,,,,,,,,,,,,,,,,,,,,,,,
2021S051235390296,35390296,London,2021A00053539036,2021,422324,383822,10,0.6,1.3,00000,826,2462,0.34,35,45,25,40,315,0,0,0,315,111000,315,128000,315,20,680,385,335,45,56.6,49.3,11.7,,,,,,,,,,,,,,,,,,,,,,,,
2021S051235390297,35390297,London,2021A00053539036,2021,422324,383822,10,0.6,0,00000,365,2292.7,0.16,20,15,15,20,155,0,45,0,160,80000,170,84000,170,70,325,175,150,25,53.8,46.2,14.3,,,,,,,,,,,,,,,,,,,,,,,,
2021S051235390298,35390298,London,2021A00053539036,2021,422324,383822,10,0.9,0,00000,943,2387.3,0.4,60,45,40,40,330,0,0,0,335,128000,335,127600,335,10,760,510,460,50,67.1,60.5,9.8,,,,,,,,,,,,,,,,,,,,,,,,
2021S051235390299,35390299,London,2021A00053539036,2021,422324,383822,10,1.8,2.3,00000,1294,7245.2,0.18,45,95,140,110,680,0,0,555,675,53600,680,65400,675,560,1095,640,565,75,58.4,51.6,11.7,,,,,,,,,,,,,,,,,,,,,,,,
2021S051235390300,35390300,London,2021A00053539036,2021,422324,383822,10,1.2,0,00000,435,4677.4,0.09,20,30,50,40,170,5,30,0,170,68000,160,72500,160,70,305,200,165,30,65.6,54.1,15,,,,,,,,,,,,,,,,,,,,,,,,
2021S051235390301,35390301,London,2021A00053539036,2021,422324,383822,10,1.8,0,00000,512,2025.3,0.25,10,30,35,35,220,5,75,0,220,78500,235,91000,235,80,425,280,240,40,65.9,56.5,14.3,,,,,,,,,,,,,,,,,,,,,,,,
2021S051235390303,35390303,London,2021A00053539036,2021,422324,383822,10,0.8,0.8,00000,1070,2383.1,0.45,50,55,80,90,510,20,0,175,510,63200,530,69600,530,215,930,645,555,90,69.4,59.7,14,,,,,,,,,,,,,,,,,,,,,,,,
2021S051235390305,35390305,London,2021A00053539036,2021,422324,383822,10,2.8,7.4,00909,222,4344.4,0.05,10,15,25,30,105,10,45,0,,,,,105,45,195,145,135,10,74.4,69.2,6.9,,,,,,,,,,,,6,6,6,6,,,,,,,,,
2021S051235390306,35390306,London,2021A00053539036,2021,422324,383822,10,2.5,5.7,00000,422,2314.9,0.18,15,30,30,55,195,20,35,0,200,64500,220,64500,215,105,345,235,165,70,68.1,47.8,29.8,,,,,,,,,,,,,,,,,,,,,,,,
2021S051235390307,35390307,London,2021A00053539036,2021,422324,383822,10,3,0,00000,416,2890.9,0.14,20,20,35,40,200,15,25,0,200,83000,205,83000,200,70,355,245,225,25,69,63.4,10.2,,,,,,,,,,,,,,,,,,,,,,,,
2021S051235390308,35390308,London,2021A00053539036,2021,422324,383822,10,2.5,3.6,00000,509,3346.5,0.15,20,25,40,50,245,20,45,0,245,60400,225,69000,225,80,405,230,175,55,56.8,43.2,23.9,,,,,,,,,,,,,,,,,,,,,,,,
2021S051235390311,35390311,London,2021A00053539036,2021,422324,383822,10,5.4,11.7,00010,594,3251.2,0.18,40,50,55,65,300,60,105,0,295,73000,285,86000,290,165,460,325,275,50,70.7,59.8,15.4,,,,,,,,,,,,,,,,,,,,,,,,
2021S051235390312,35390312,London,2021A00053539036,2021,422324,383822,10,4.4,3.2,00000,671,2318.6,0.29,20,50,105,80,390,65,205,0,390,56800,405,76000,405,285,610,420,330,85,68.9,54.1,20.2,,,,,,,,,,,,,,,,,,,,,,,,
2021S051235390313,35390313,London,2021A00053539036,2021,422324,383822,10,3.4,5.2,00000,458,1688.8,0.27,5,30,60,55,230,35,20,0,230,72000,260,83000,260,80,435,290,245,35,66.7,56.3,12.1,,,,,,,,,,,,,,,,,,,,,,,,
2021S051235390314,35390314,London,2021A00053539036,2021,422324,383822,10,4.3,3.1,00000,494,3015.9,0.16,25,55,85,50,255,40,70,0,250,54400,305,76000,305,170,560,405,345,55,72.3,61.6,13.6,,,,,,,,,,,,,,,,,,,,,,,,
2021S051235390315,35390315,London,2021A00053539036,2021,422324,383822,10,6.3,5.6,00000,654,2828.7,0.23,15,70,75,20,365,20,35,215,365,27000,385,40600,385,350,560,245,165,80,43.8,29.5,32.7,,,,,,,,,,,,,,,,,,,,,,,,
2021S051235390316,35390316,London,2021A00053539036,2021,422324,383822,10,4.3,7.7,00000,569,2668.9,0.21,30,55,100,45,255,50,25,0,255,70000,240,86000,240,80,460,340,310,30,73.9,67.4,8.8,,,,,,,,,,,,,,,,,,,,,,,,
2021S051235390321,35390321,London,2021A00053539036,2021,422324,383822,10,7.9,8.5,00000,629,5394.5,0.12,20,75,90,50,380,0,0,380,380,34800,375,36400,375,375,535,235,205,30,43.9,38.3,12.8,,,,,,,,,,,,,,,,,,,,,,,,
2021S051235390323,35390323,London,2021A00053539036,2021,422324,383822,10,18.7,18.8,01010,1088,4195.9,0.26,90,255,265,120,535,25,55,350,540,44000,495,51200,495,470,850,560,440,120,65.9,51.8,21.4,,,,,,,,,,,,,,,,,,,,,,,,
2021S051235390324,35390324,London,2021A00053539036,2021,422324,383822,10,18,21.6,01020,433,2058,0.21,35,95,55,25,190,50,10,0,195,60000,195,69500,195,110,375,280,210,75,74.7,56,26.8,,,,,,,,,,,,,,,,,,,,,,,,
2021S051235390325,35390325,London,2021A00053539036,2021,422324,383822,10,7.1,11,00010,669,2816.8,0.24,20,110,115,80,310,70,60,0,310,65000,315,64500,315,170,600,375,320,45,62.5,53.3,12,,,,,,,,,,,,,,,,,,,,,,,,
2021S051235390326,35390326,London,2021A00053539036,2021,422324,383822,10,21.7,18.3,02010,606,2359.8,0.26,50,145,105,40,375,25,65,215,375,26000,340,37200,340,310,530,265,195,65,50,36.8,24.5,,,,,,,,,,,,,,,,,,,,,,,,
2021S051235390327,35390327,London,2021A00053539036,2021,422324,383822,10,12.4,16.9,01010,813,3190.7,0.25,20,80,80,55,250,30,150,0,250,62400,245,90000,245,200,440,280,245,40,63.6,55.7,14.3,,,,,,,,,,,,,,,,,,,,,,,,
2021S051235390328,35390328,London,2021A00053539036,2021,422324,383822,10,5.6,5.6,00000,631,1713.3,0.37,20,50,70,60,355,5,5,300,360,68000,360,103600,360,300,565,365,330,35,64.6,58.4,9.6,,,,,,,,,,,,,,,,,,,,,,,,
2021S051235390329,35390329,London,2021A00053539036,2021,422324,383822,10,10.7,13.9,01010,343,1037.2,0.33,25,30,20,10,145,15,0,0,150,117000,135,158000,135,20,270,110,95,10,40.7,35.2,9.1,,,,,,,,,,,,,,,,,,,,,,,,
2021S051235390330,35390330,London,2021A00053539036,2021,422324,383822,10,24.5,31.5,02030,414,330.3,1.25,15,145,85,45,200,15,120,0,200,43600,180,52000,180,140,340,205,170,35,60.3,50,17.1,,,,,,,,,,,,,,,,,,,,,,,,
2021S051235390333,35390333,London,2021A00053539036,2021,422324,383822,10,6.4,8.8,00000,916,2349.3,0.39,40,110,130,75,405,10,125,85,405,68000,440,88800,440,295,890,610,500,110,68.5,56.2,18,,,,,,,,,,,,,,,,,,,,,,,,
2021S051235390334,35390334,London,2021A00053539036,2021,422324,383822,10,3,4.8,00000,482,2676.3,0.18,35,55,40,30,170,0,0,0,170,105000,180,115000,180,45,440,200,190,15,45.5,43.2,7.5,,,,,,,,,,,,,,,,,,,,,,,,
2021S051235390335,35390335,London,2021A00053539036,2021,422324,383822,10,2.2,5.3,00000,370,2520.4,0.15,10,55,35,20,140,10,0,0,140,100000,150,96000,150,45,325,165,140,30,50.8,43.1,18.2,,,,,,,,,,,,,,,,,,,,,,,,
2021S051235390336,35390336,London,2021A00053539036,2021,422324,383822,10,3.7,5.2,00000,614,1146.6,0.54,40,45,40,15,240,10,0,0,245,127000,225,136000,225,15,480,240,220,25,50,45.8,10.4,,,,,,,,,,,,,,,,,,,,,,,,
2021S051235390337,35390337,London,2021A00053539036,2021,422324,383822,10,2.1,4.3,00000,529,1855.5,0.29,40,45,25,30,190,10,0,0,190,119000,200,136000,195,15,465,295,270,30,63.4,58.1,10.2,,,,,,,,,,,,,,,,,,,,,,,,
2021S051235390338,35390338,London,2021A00053539036,2021,422324,383822,10,12.9,16.1,01010,323,3058.7,0.11,10,75,50,20,125,25,0,0,125,68000,125,92000,125,55,300,170,120,50,56.7,40,29.4,,,,,,,,,,,,,,,,,,,,,,,,
2021S051235390339,35390339,London,2021A00053539036,2021,422324,383822,10,0.7,0,00000,445,3023.1,0.15,30,30,45,25,150,5,0,0,150,100000,160,104000,160,30,405,245,225,20,60.5,55.6,8.2,,,,,,,,,,,,,,,,,,,,,,,,
2021S051235390340,35390340,London,2021A00053539036,2021,422324,383822,10,1.6,4.3,00000,535,3019.2,0.18,40,40,50,40,190,5,0,0,190,97000,175,107000,175,45,405,250,185,65,61.7,45.7,26,,,,,,,,,,,,,,,,,,,,,,,,
2021S051235390341,35390341,London,2021A00053539036,2021,422324,383822,10,0.6,0,00000,382,4068.2,0.09,20,35,30,30,160,10,0,0,160,87000,170,102000,175,45,380,260,235,30,68.4,61.8,11.5,,,,,,,,,,,,,,,,,,,,,,,,
2021S051235390342,35390342,London,2021A00053539036,2021,422324,383822,10,1.7,6.7,00000,351,4517.4,0.08,20,40,25,20,115,0,0,0,120,106000,120,108000,120,15,305,180,175,0,59,57.4,0,,,,,,,,,,,,,,,,,,,,,,,,
2021S051235390343,35390343,London,2021A00053539036,2021,422324,383822,10,0,0,00000,298,3465.1,0.09,25,25,20,20,95,0,0,0,100,123000,95,120000,95,10,245,155,125,30,63.3,51,19.4,,,,,,,,,,,,,,,,,,,,,,,,
2021S051235390344,35390344,London,2021A00053539036,2021,422324,383822,10,0.9,0,00000,295,3943.9,0.07,15,25,15,25,105,0,0,0,105,116000,110,136000,110,15,295,235,190,45,79.7,64.4,19.1,,,,,,,,,,,,,,,,,,,,,,,,
2021S051235390345,35390345,London,2021A00053539036,2021,422324,383822,10,0.9,1.9,00000,608,3776.4,0.16,55,50,50,50,220,5,0,0,220,92000,225,102000,225,50,510,330,285,45,64.7,55.9,13.6,,,,,,,,,,,,,,,,,,,,,,,,
2021S051235390346,35390346,London,2021A00053539036,2021,422324,383822,10,0.6,0,00000,412,4364.4,0.09,35,15,30,30,155,0,0,0,155,91000,165,101000,160,20,375,240,220,25,64,58.7,10.4,,,,,,,,,,,,,,,,,,,,,,,,
2021S051235390347,35390347,London,2021A00053539036,2021,422324,383822,10,0.9,0,00000,352,5742.3,0.06,20,30,50,20,115,0,0,0,110,86000,120,82000,120,65,320,230,195,35,71.9,60.9,15.2,,,,,,,,,,,,,,,,,,,,,,,,
2021S051235390348,35390348,London,2021A00053539036,2021,422324,383822,10,1,2.9,00000,977,6270.9,0.16,100,60,55,55,285,5,0,0,290,63200,270,73000,270,145,595,265,220,40,44.5,37,15.1,,,,,,,,,,,,,,,,,,,,,,,,
2021S051235390349,35390349,London,2021A00053539036,2021,422324,383822,10,5.4,9.8,00000,1003,2400.1,0.42,65,125,95,65,420,0,35,60,425,55600,380,66000,380,235,700,430,370,65,61.4,52.9,15.1,,,,,,,,,,,,,,,,,,,,,,,,
2021S051235390350,35390350,London,2021A00053539036,2021,422324,383822,10,1.7,1.3,00000,741,4692.8,0.16,50,55,65,65,300,0,10,0,300,78000,290,84000,290,65,570,345,295,50,60.5,51.8,14.5,,,,,,,,,,,,,,,,,,,,,,,,
2021S051235390351,35390351,London,2021A00053539036,2021,422324,383822,10,1.4,1.9,00000,575,3676.5,0.16,35,35,30,55,210,5,0,0,215,89000,210,88000,210,40,445,305,275,35,68.5,61.8,11.5,,,,,,,,,,,,,,,,,,,,,,,,
2021S051235390352,35390352,London,2021A00053539036,2021,422324,383822,10,0.6,0,00000,885,3185.7,0.28,45,50,55,45,320,0,50,0,315,82000,330,94400,325,145,725,495,440,55,68.3,60.7,11.1,,,,,,,,,,,,,,,,,,,,,,,,
2021S051235390353,35390353,London,2021A00053539036,2021,422324,383822,10,1.3,0,00000,622,4036.3,0.15,35,50,50,45,225,5,5,0,225,101000,215,101000,215,40,450,270,245,25,60,54.4,9.3,,,,,,,,,,,,,,,,,,,,,,,,
2021S051235390354,35390354,London,2021A00053539036,2021,422324,383822,10,1.4,2.9,00000,427,6589.5,0.06,50,25,25,30,140,0,0,0,140,77000,130,88000,130,70,315,195,175,20,61.9,55.6,10.3,,,,,,,,,,,,,,,,,,,,,,,,
2021S051235390355,35390355,London,2021A00053539036,2021,422324,383822,10,1.1,0.7,00000,5721,3079.4,1.86,440,360,335,430,1835,5,10,0,1830,104000,1855,110800,1860,330,4395,3020,2650,370,68.7,60.3,12.3,,,,,,,,,,,,,,,,,,,,,,,,
2021S051235390360,35390360,London,2021A00053539036,2021,422324,383822,10,0,0,00000,343,2386.9,0.14,25,25,20,20,130,0,0,0,130,102000,135,118000,135,0,305,195,185,15,63.9,60.7,7.7,,,,,,,,,,,,,,,,,,,,,,,,
2021S051235390361,35390361,London,2021A00053539036,2021,422324,383822,10,1.1,1.1,00000,940,2627.2,0.36,50,50,45,40,355,0,0,0,355,98000,350,109600,355,15,810,465,405,60,57.4,50,12.9,,,,,,,,,,,,,,,,,,,,,,,,
2021S051235390364,35390364,London,2021A00053539036,2021,422324,383822,10,2.9,2.2,00000,517,572.5,0.9,50,40,20,10,175,5,0,0,170,236000,165,344000,165,10,475,315,305,15,66.3,64.2,4.8,,,,,,,,,,,,,,,,,,,,,,,,
2021S051235390365,35390365,London,2021A00053539036,2021,422324,383822,10,1,0,00000,579,2493.5,0.23,45,40,20,25,190,5,0,0,190,156000,195,176000,195,20,500,275,250,30,55,50,10.9,,,,,,,,,,,,,,,,,,,,,,,,
2021S051235390366,35390366,London,2021A00053539036,2021,422324,383822,10,1.5,5.7,00000,443,2763.6,0.16,30,40,15,25,140,0,0,0,140,172000,135,196000,135,0,390,235,200,35,60.3,51.3,14.9,,,,,,,,,,,,,,,,,,,,,,,,
2021S051235390367,35390367,London,2021A00053539036,2021,422324,383822,10,2.6,3.4,00000,343,1892.9,0.18,25,30,10,10,115,0,0,0,115,158000,110,232000,105,0,295,185,160,20,62.7,54.2,10.8,,,,,,,,,,,,,,,,,,,,,,,,
2021S051235390368,35390368,London,2021A00053539036,2021,422324,383822,10,6.5,9.8,00000,412,1064,0.39,30,65,60,25,150,10,50,0,150,83000,165,132000,170,65,350,190,185,10,54.3,52.9,5.3,,,,,,,,,,,,,,,,,,,,,,,,
2021S051235390374,35390374,London,2021A00053539036,2021,422324,383822,10,4.7,5.6,00000,369,954.7,0.39,25,45,25,15,145,10,5,0,150,109000,140,144000,140,25,325,190,180,0,58.5,55.4,0,,,,,,,,,,,,,,,,,,,,,,,,
2021S051235390375,35390375,London,2021A00053539036,2021,422324,383822,10,15.2,15.2,01010,612,3161.2,0.19,60,165,80,30,260,5,85,55,255,67000,255,111000,255,150,505,295,220,70,58.4,43.6,23.7,,,,,,,,,,,,,,,,,,,,,,,,
2021S051235390376,35390376,London,2021A00053539036,2021,422324,383822,10,0.8,0,00000,347,1272,0.27,25,30,10,10,120,0,0,0,115,157000,115,164000,115,0,270,160,150,10,59.3,55.6,6.3,,,,,,,,,,,,,,,,,,,,,,,,
2021S051235390379,35390379,London,2021A00053539036,2021,422324,383822,10,1.1,2.2,00000,531,2916,0.18,45,45,25,20,180,0,0,0,180,122000,185,146000,185,0,475,285,270,15,60,56.8,5.3,,,,,,,,,,,,,,,,,,,,,,,,
2021S051235390394,35390394,London,2021A00053539036,2021,422324,383822,10,1.5,0.7,00000,1723,902.3,1.91,110,70,65,100,615,0,0,0,610,144000,610,189000,615,40,1350,910,815,90,67.4,60.4,9.9,,,,,,,,,,,,,,,,,,,,,,,,
2021S051235390395,35390395,London,2021A00053539036,2021,422324,383822,10,0,0,00000,549,2561.8,0.21,30,25,15,30,190,0,0,0,185,147000,175,168000,175,0,420,320,310,10,76.2,73.8,3.1,,,,,,,,,,,,,,,,,,,,,,,,
2021S051235390396,35390396,London,2021A00053539036,2021,422324,383822,10,0.6,0,00000,428,2093.9,0.2,20,20,25,15,180,5,0,0,175,109000,170,115000,165,10,310,210,185,25,67.7,59.7,11.9,,,,,,,,,,,,,,,,,,,,,,,,
2021S051235390399,35390399,London,2021A00053539036,2021,422324,383822,10,1.9,0,00000,447,527.1,0.85,35,40,20,20,155,0,0,0,155,112000,160,140000,165,10,385,280,240,40,72.7,62.3,14.3,,,,,,,,,,,,,,,,,,,,,,,,
2021S051235390400,35390400,London,2021A00053539036,2021,422324,383822,10,0.3,0,00000,1032,1116.6,0.92,80,55,45,25,395,0,0,5,395,116000,410,142500,405,25,900,480,435,45,53.3,48.3,9.4,,,,,,,,,,,,,,,,,,,,,,,,
2021S051235390401,35390401,London,2021A00053539036,2021,422324,383822,10,2.9,2.9,00000,386,1491.5,0.26,20,30,20,25,140,0,0,0,140,139000,140,158000,140,0,320,245,230,20,76.6,71.9,8.2,,,,,,,,,,,,,,,,,,,,,,,,
2021S051235390402,35390402,London,2021A00053539036,2021,422324,383822,10,0.7,2.8,00000,438,1852.8,0.24,40,25,5,20,150,0,0,0,150,170000,145,180000,145,0,335,260,215,50,77.6,64.2,19.2,,,,,,,,,,,,,,,,,,,,,,,,
2021S051235390405,35390405,London,2021A00053539036,2021,422324,383822,10,1,0,00000,492,1637.3,0.3,35,25,20,30,190,0,0,0,195,104000,200,128000,200,20,410,250,235,20,61,57.3,8,,,,,,,,,,,,,,,,,,,,,,,,
2021S051235390406,35390406,London,2021A00053539036,2021,422324,383822,10,1.5,2,00000,499,4365.7,0.11,45,25,25,40,205,0,115,0,200,66500,195,96000,200,110,365,225,195,35,61.6,53.4,15.6,,,,,,,,,,,,,,,,,,,,,,,,
2021S051235390407,35390407,London,2021A00053539036,2021,422324,383822,10,0.6,0,00000,931,1679.6,0.55,75,55,30,35,310,0,0,0,315,123000,320,135000,320,10,770,460,435,20,59.7,56.5,4.3,,,,,,,,,,,,,,,,,,,,,,,,
2021S051235390408,35390408,London,2021A00053539036,2021,422324,383822,10,1,3.8,00000,289,2700.9,0.11,20,20,10,10,105,0,0,0,105,140000,100,164000,100,0,235,180,165,20,76.6,70.2,11.1,,,,,,,,,,,,,,,,,,,,,,,,
2021S051235390409,35390409,London,2021A00053539036,2021,422324,383822,10,0.5,2.1,00000,486,2840.4,0.17,35,30,35,40,195,0,10,0,190,87000,185,95000,185,50,350,255,220,35,72.9,62.9,13.7,,,,,,,,,,,,,,,,,,,,,,,,
2021S051235390410,35390410,London,2021A00053539036,2021,422324,383822,10,1.4,1.6,00000,1050,10725.2,0.1,50,75,90,100,490,0,0,410,490,50800,490,60600,490,410,885,485,405,80,54.8,45.8,16.5,,,,,,,,,,,,,,,,,,,,,,,,
2021S051235390411,35390411,London,2021A00053539036,2021,422324,383822,10,0.6,1.3,00000,778,1980.1,0.39,55,35,40,35,310,0,0,0,305,99000,305,111000,300,50,625,330,305,25,52.8,48.8,7.6,,,,,,,,,,,,,,,,,,,,,,,,
2021S051235390412,35390412,London,2021A00053539036,2021,422324,383822,10,2.7,2.7,00000,356,1931.6,0.18,25,20,10,20,145,0,0,0,150,110000,135,118000,140,0,290,175,165,10,60.3,56.9,5.7,,,,,,,,,,,,,,,,,,,,,,,,
2021S051235390413,35390413,London,2021A00053539036,2021,422324,383822,10,0.9,1.9,00000,541,3227.9,0.17,50,30,20,20,220,0,0,0,220,107000,220,130000,220,0,445,315,265,45,70.8,59.6,14.3,,,,,,,,,,,,,,,,,,,,,,,,
2021S051235390414,35390414,London,2021A00053539036,2021,422324,383822,10,1.3,1.8,00000,499,2896.1,0.17,25,20,20,10,225,0,60,0,230,94000,235,117000,235,0,445,215,185,30,48.3,41.6,14,,,,,,,,,,,,,,,,,,,,,,,,
2021S051235390415,35390415,London,2021A00053539036,2021,422324,383822,10,1.3,0,00000,519,484.3,1.07,15,15,5,15,230,0,0,0,225,148000,220,220000,220,10,415,200,185,10,48.2,44.6,5,,,,,,,,,,,,,,,,,,,,,,,,
2021S051235390416,35390416,London,2021A00053539036,2021,422324,383822,10,1.7,0,00000,440,1488.5,0.3,25,15,15,15,180,0,0,0,180,114000,170,120000,170,15,360,200,175,20,55.6,48.6,10,,,,,,,,,,,,,,,,,,,,,,,,
2021S051235390417,35390417,London,2021A00053539036,2021,422324,383822,10,1.3,5.3,00000,391,1389,0.28,25,20,15,10,150,0,0,0,150,124000,145,132000,145,10,315,210,190,15,66.7,60.3,7.1,,,,,,,,,,,,,,,,,,,,,,,,
2021S051235390418,35390418,London,2021A00053539036,2021,422324,383822,10,1.2,0,00000,402,1366.9,0.29,20,15,15,10,170,0,0,0,170,116000,170,116000,170,0,340,180,155,30,52.9,45.6,16.7,,,,,,,,,,,,,,,,,,,,,,,,
2021S051235390419,35390419,London,2021A00053539036,2021,422324,383822,10,1.5,0,00000,385,2651.5,0.15,15,20,15,20,200,0,0,90,200,82000,200,100000,200,20,335,145,135,15,43.3,40.3,10.3,,,,,,,,,,,,,,,,,,,,,,,,
2021S051235390420,35390420,London,2021A00053539036,2021,422324,383822,10,1,0,00000,799,1986.1,0.4,60,45,30,45,300,0,0,0,300,112000,315,123000,310,10,670,385,330,60,57.5,49.3,15.6,,,,,,,,,,,,,,,,,,,,,,,,
2021S051235390421,35390421,London,2021A00053539036,2021,422324,383822,10,2.1,0,00000,396,1632.3,0.24,15,10,20,25,145,0,0,0,145,106000,160,102000,160,30,345,215,205,15,62.3,59.4,7,,,,,,,,,,,,,,,,,,,,,,,,
2021S051235390422,35390422,London,2021A00053539036,2021,422324,383822,10,1.8,2.4,00000,444,1563.4,0.28,30,15,20,15,170,0,0,0,170,107000,165,106000,170,10,340,185,175,15,54.4,51.5,8.1,,,,,,,,,,,,,,,,,,,,,,,,
2021S051235390425,35390425,London,2021A00053539036,2021,422324,383822,10,5.1,8.4,00000,1159,6347.2,0.18,85,155,130,105,430,0,0,100,430,59600,415,64400,415,320,820,440,385,60,53.7,47,13.6,,,,,,,,,,,,,,,,,,,,,,,,
2021S051235390426,35390426,London,2021A00053539036,2021,422324,383822,10,3,5.1,00000,802,2789.6,0.29,25,80,140,80,400,0,0,400,400,49600,405,58800,405,405,705,410,380,30,58.2,53.9,7.3,,,,,,,,,,,,,,,,,,,,,,,,
2021S051235390429,35390429,London,2021A00053539036,2021,422324,383822,10,2,1.7,00000,557,1398.8,0.4,30,45,45,55,245,25,25,0,245,94000,280,109000,280,85,550,390,350,45,70.9,63.6,11.5,,,,,,,,,,,,,,,,,,,,,,,,
2021S051235390430,35390430,London,2021A00053539036,2021,422324,383822,10,2.9,4,00000,1163,6829.1,0.17,20,190,215,140,685,0,25,655,685,51600,695,57400,695,620,1140,685,585,90,60.1,51.3,13.1,,,,,,,,,,,,,,,,,,,,,,,,
2021S051235390434,35390434,London,2021A00053539036,2021,422324,383822,10,1.3,3,00000,838,1930.4,0.43,35,40,75,75,400,15,60,50,395,64000,395,66800,390,170,695,450,375,80,64.7,54,17.8,,,,,,,,,,,,,,,,,,,,,,,,
2021S051235390435,35390435,London,2021A00053539036,2021,422324,383822,10,2.8,0,00909,238,1913.2,0.12,5,10,10,25,110,5,5,0,,,,,110,20,225,165,150,15,73.3,66.7,9.1,,,,,,,,,,,,6,6,6,6,,,,,,,,,
2021S051235390437,35390437,London,2021A00053539036,2021,422324,383822,10,3.3,5,00000,669,476.8,1.4,35,30,15,30,330,5,0,180,330,91000,310,119000,310,160,535,225,205,20,42.1,38.3,8.9,,,,,,,,,,,,,,,,,,,,,,,,
2021S051235390438,35390438,London,2021A00053539036,2021,422324,383822,10,1.8,2.9,00000,710,1457.9,0.49,30,35,30,25,285,0,10,0,285,148000,280,202000,280,0,635,335,285,50,52.8,44.9,14.9,,,,,,,,,,,,,,,,,,,,,,,,
2021S051235390439,35390439,London,2021A00053539036,2021,422324,383822,10,0.5,2.2,00000,725,2493.1,0.29,15,20,20,25,365,0,0,170,360,87000,370,123600,375,185,735,305,260,45,41.5,35.4,14.8,,,,,,,,,,,,,,,,,,,,,,,,
2021S051235390440,35390440,London,2021A00053539036,2021,422324,383822,10,0.5,0,00000,518,1052.6,0.49,30,35,15,10,210,0,0,0,205,170000,205,250000,205,10,450,235,220,15,52.2,48.9,6.4,,,,,,,,,,,,,,,,,,,,,,,,
2021S051235390441,35390441,London,2021A00053539036,2021,422324,383822,10,1.4,0,00000,736,2113.7,0.35,45,35,25,20,280,0,5,0,280,148000,275,172000,275,10,625,340,305,30,54.4,48.8,8.8,,,,,,,,,,,,,,,,,,,,,,,,
2021S051235390442,35390442,London,2021A00053539036,2021,422324,383822,10,1.6,0,00000,519,3821.8,0.14,10,15,30,25,305,5,90,115,305,56800,305,69500,310,220,475,180,140,40,37.9,29.5,22.2,,,,,,,,,,,,,,,,,,,,,,,,
2021S051235390443,35390443,London,2021A00053539036,2021,422324,383822,10,2.3,0,00000,815,2781.6,0.29,10,20,25,30,490,0,0,305,485,65500,490,82400,490,180,725,235,230,10,32.4,31.7,4.3,,,,,,,,,,,,,,,,,,,,,,,,
2021S051235390444,35390444,London,2021A00053539036,2021,422324,383822,10,0,0,00000,287,2325.8,0.12,10,15,15,10,105,0,0,0,100,128000,110,180000,110,0,250,135,125,10,54,50,7.4,,,,,,,,,,,,,,,,,,,,,,,,
2021S051235390445,35390445,London,2021A00053539036,2021,422324,383822,10,0,0,00000,404,3216.6,0.13,35,15,10,10,130,0,0,0,130,145000,130,168000,130,0,335,240,195,45,71.6,58.2,18.8,,,,,,,,,,,,,,,,,,,,,,,,
2021S051235390446,35390446,London,2021A00053539036,2021,422324,383822,10,0.3,1.3,00000,857,1764.5,0.49,70,50,20,20,315,0,0,0,315,125000,320,180000,320,0,730,480,430,40,65.8,58.9,8.3,,,,,,,,,,,,,,,,,,,,,,,,
2021S051235390448,35390448,London,2021A00053539036,2021,422324,383822,10,0.7,2.8,00000,357,2800,0.13,15,10,20,30,140,0,0,0,140,115000,130,108000,130,0,245,150,140,15,61.2,57.1,10,,,,,,,,,,,,,,,,,,,,,,,,
2021S051235390449,35390449,London,2021A00053539036,2021,422324,383822,10,0.6,2.4,00000,476,3333.3,0.14,15,20,10,30,170,0,0,0,170,132000,150,142000,150,0,310,200,195,10,64.5,62.9,5,,,,,,,,,,,,,,,,,,,,,,,,
2021S051235390451,35390451,London,2021A00053539036,2021,422324,383822,10,0,0,00000,346,3165.6,0.11,20,25,15,10,115,0,0,0,115,154000,120,168000,120,0,315,190,165,20,60.3,52.4,10.5,,,,,,,,,,,,,,,,,,,,,,,,
2021S051235390452,35390452,London,2021A00053539036,2021,422324,383822,10,1.8,2.4,00000,403,3229.2,0.12,25,20,15,20,160,0,5,0,165,106000,170,108000,170,35,330,215,195,20,65.2,59.1,9.3,,,,,,,,,,,,,,,,,,,,,,,,
2021S051235390453,35390453,London,2021A00053539036,2021,422324,383822,10,1.4,5.4,00000,354,2742.1,0.13,25,15,10,20,145,0,0,0,145,92000,135,104000,135,35,300,190,170,15,63.3,56.7,7.9,,,,,,,,,,,,,,,,,,,,,,,,
2021S051235390454,35390454,London,2021A00053539036,2021,422324,383822,10,0,0,00000,436,1880.1,0.23,20,25,20,30,175,0,0,0,170,102000,175,131000,175,25,370,265,245,20,71.6,66.2,7.5,,,,,,,,,,,,,,,,,,,,,,,,
2021S051235390455,35390455,London,2021A00053539036,2021,422324,383822,10,0.9,1.9,00000,489,1688,0.29,30,15,20,30,220,10,0,0,220,94000,210,95000,210,20,380,245,210,35,64.5,55.3,14.3,,,,,,,,,,,,,,,,,,,,,,,,
2021S051235390456,35390456,London,2021A00053539036,2021,422324,383822,10,0,0,00000,464,2208.5,0.21,30,30,15,25,180,0,0,0,180,106000,185,115000,185,10,410,255,240,25,62.2,58.5,9.8,,,,,,,,,,,,,,,,,,,,,,,,
2021S051235390457,35390457,London,2021A00053539036,2021,422324,383822,10,0.6,0,00000,388,2817.7,0.14,15,20,5,10,160,0,0,0,155,124000,165,143000,165,15,365,210,195,15,57.5,53.4,7.1,,,,,,,,,,,,,,,,,,,,,,,,
2021S051235390459,35390459,London,2021A00053539036,2021,422324,383822,10,0.9,2.4,00000,1033,294.5,3.51,90,70,35,40,320,0,0,0,320,194000,320,226000,320,0,800,525,470,50,65.6,58.8,9.5,,,,,,,,,,,,,,,,,,,,,,,,
2021S051235390460,35390460,London,2021A00053539036,2021,422324,383822,10,1.1,1.6,00000,6184,1016.5,6.08,405,310,335,435,2250,35,10,565,2245,113000,2225,136200,2225,705,4805,3265,2975,290,68,61.9,8.9,,,,,,,,,,,,,,,,,,,,,,,,
2021S051235390461,35390461,London,2021A00053539036,2021,422324,383822,10,1.1,0,00000,451,1368.7,0.33,20,25,25,35,185,10,10,0,185,91000,195,94000,195,20,380,235,195,40,61.8,51.3,17,,,,,,,,,,,,,,,,,,,,,,,,
2021S051235390462,35390462,London,2021A00053539036,2021,422324,383822,10,1.2,0,00000,425,2204.4,0.19,20,20,20,30,165,0,0,0,170,107000,170,110000,165,0,335,215,185,35,64.2,55.2,16.3,,,,,,,,,,,,,,,,,,,,,,,,
2021S051235390463,35390463,London,2021A00053539036,2021,422324,383822,10,0.6,0,00000,396,600.1,0.66,25,15,15,20,165,5,30,0,170,82000,175,113000,175,45,365,210,175,25,57.5,47.9,11.9,,,,,,,,,,,,,,,,,,,,,,,,
2021S051235390464,35390464,London,2021A00053539036,2021,422324,383822,10,0.7,0,00000,405,1208.2,0.34,35,20,5,20,140,0,0,0,140,162000,140,180000,140,0,355,230,215,15,64.8,60.6,6.5,,,,,,,,,,,,,,,,,,,,,,,,
2021S051235390465,35390465,London,2021A00053539036,2021,422324,383822,10,0,0,00000,349,1650.1,0.21,15,15,10,20,125,0,0,0,125,138000,130,148000,130,0,305,215,200,20,70.5,65.6,9.3,,,,,,,,,,,,,,,,,,,,,,,,
2021S051235390466,35390466,London,2021A00053539036,2021,422324,383822,10,0,0,00000,583,216.2,2.7,25,15,30,25,180,0,5,0,185,158000,185,182000,185,0,390,225,220,10,57.7,56.4,4.4,,,,,,,,,,,,,,,,,,,,,,,,
2021S051235390539,35390539,London,2021A00053539036,2021,422324,383822,10,0.6,0,00000,448,2437.4,0.18,30,25,10,15,160,5,0,0,155,134000,165,148000,165,10,375,225,215,10,60,57.3,4.4,,,,,,,,,,,,,,,,,,,,,,,,
2021S051235390540,35390540,London,2021A00053539036,2021,422324,383822,10,0,0,00000,486,2142.9,0.23,30,20,20,25,175,5,0,0,180,162000,175,200000,175,0,385,210,190,15,54.5,49.4,7.1,,,,,,,,,,,,,,,,,,,,,,,,
2021S051235390541,35390541,London,2021A00053539036,2021,422324,383822,10,8.3,5.7,00000,744,4940.2,0.15,35,200,190,105,445,20,130,290,450,51600,435,62400,435,420,700,505,400,105,72.1,57.1,20.8,,,,,,,,,,,,,,,,,,,,,,,,
2021S051235390542,35390542,London,2021A00053539036,2021,422324,383822,10,28.2,19.8,02010,640,6765.3,0.09,30,170,255,50,335,20,45,230,335,52800,305,61600,305,255,555,435,335,100,78.4,60.4,23,,,,,,,,,,,,,,,,,,,,,,,,
2021S051235390543,35390543,London,2021A00053539036,2021,422324,383822,10,8.3,9,00000,630,2719,0.23,30,130,140,65,375,25,110,180,375,52000,350,68400,350,275,570,410,325,85,71.9,57,20.7,,,,,,,,,,,,,,,,,,,,,,,,
2021S051235390544,35390544,London,2021A00053539036,2021,422324,383822,10,8.7,10.6,00010,477,3517.7,0.14,10,65,105,70,275,30,190,0,275,62800,255,85000,255,215,450,325,260,65,72.2,57.8,20,,,,,,,,,,,,,,,,,,,,,,,,
2021S051235390545,35390545,London,2021A00053539036,2021,422324,383822,10,8.9,9.8,00000,1152,4660.2,0.25,30,145,240,130,680,5,110,555,680,58000,665,69600,665,595,960,685,585,95,71.4,60.9,13.9,,,,,,,,,,,,,,,,,,,,,,,,
2021S051235390546,35390546,London,2021A00053539036,2021,422324,383822,10,6.3,10.7,00010,641,7317.4,0.09,10,40,65,40,490,5,55,400,490,25000,470,52000,470,370,570,255,225,30,44.7,39.5,11.8,,,,,,,,,,,,,,,,,,,,,,,,
2021S051235390547,35390547,London,2021A00053539036,2021,422324,383822,10,3.1,4.6,00000,779,4811.6,0.16,15,65,120,105,525,5,100,410,520,57600,550,76000,550,335,795,440,385,60,55.3,48.4,13.6,,,,,,,,,,,,,,,,,,,,,,,,
2021S051235390548,35390548,London,2021A00053539036,2021,422324,383822,10,9.9,8.8,00000,965,3264.5,0.3,35,115,165,145,655,0,295,355,655,39600,630,55200,630,575,810,515,440,75,63.6,54.3,14.6,,,,,,,,,,,,,,,,,,,,,,,,
2021S051235390549,35390549,London,2021A00053539036,2021,422324,383822,10,4.1,5.9,00000,1456,3785.8,0.38,30,135,290,185,830,0,255,560,830,69000,840,73800,840,715,1435,1040,925,115,72.5,64.5,11.1,,,,,,,,,,,,,,,,,,,,,,,,
2021S051235390550,35390550,London,2021A00053539036,2021,422324,383822,10,9.3,11.3,00010,1385,2429.4,0.57,15,115,275,210,855,15,100,720,850,73000,825,93200,825,665,1310,985,855,135,75.2,65.3,13.7,,,,,,,,,,,,,,,,,,,,,,,,
2021S051235390551,35390551,London,2021A00053539036,2021,422324,383822,10,5.7,8.2,00000,434,2191.9,0.2,20,20,40,50,195,40,65,0,190,48000,190,48800,190,125,300,185,170,15,61.7,56.7,8.1,,,,,,,,,,,,,,,,,,,,,,,,
2021S051235390552,35390552,London,2021A00053539036,2021,422324,383822,10,3.3,4.3,00000,388,4424.2,0.09,0,25,55,50,275,0,0,270,270,60000,295,67000,295,95,380,230,220,20,60.5,57.9,8.7,,,,,,,,,,,,,,,,,,,,,,,,
2021S051235390553,35390553,London,2021A00053539036,2021,422324,383822,10,3.3,4.8,00000,362,11172.8,0.03,0,15,45,35,250,0,30,210,245,51200,255,50400,255,255,325,220,190,30,67.7,58.5,13.6,,,,,,,,,,,,,,,,,,,,,,,,
2021S051235390554,35390554,London,2021A00053539036,2021,422324,383822,10,4.5,5,00000,1022,6859.1,0.15,30,100,150,110,615,10,220,365,620,52800,650,74200,655,410,995,625,535,100,62.8,53.8,16,,,,,,,,,,,,,,,,,,,,,,,,
2021S051235390555,35390555,London,2021A00053539036,2021,422324,383822,10,2.9,5.2,00000,634,3447.5,0.18,20,50,85,85,380,10,185,150,375,38000,385,53200,385,370,565,350,295,55,61.9,52.2,15.7,,,,,,,,,,,,,,,,,,,,,,,,
2021S051235390556,35390556,London,2021A00053539036,2021,422324,383822,10,2.4,4,00000,669,4911.9,0.14,20,65,115,90,380,20,190,75,385,58000,415,87600,415,305,650,460,380,80,70.8,58.5,17.4,,,,,,,,,,,,,,,,,,,,,,,,
2021S051235390557,35390557,London,2021A00053539036,2021,422324,383822,10,3.9,4.9,00000,675,6141.9,0.11,25,75,115,65,405,15,320,0,405,40800,415,57000,415,375,595,410,305,100,68.9,51.3,24.4,,,,,,,,,,,,,,,,,,,,,,,,
2021S051235390558,35390558,London,2021A00053539036,2021,422324,383822,10,5.3,8.2,00000,737,3219.7,0.23,15,50,115,70,395,10,55,325,395,31600,375,43200,375,360,560,260,210,45,46.4,37.5,17.3,,,,,,,,,,,,,,,,,,,,,,,,
2021S051235390559,35390559,London,2021A00053539036,2021,422324,383822,10,10,8.6,01000,1711,2589.3,0.66,60,285,395,195,975,35,40,815,970,42000,965,44200,965,940,1445,930,785,145,64.4,54.3,15.6,,,,,,,,,,,,,,,,,,,,,,,,
2021S051235390560,35390560,London,2021A00053539036,2021,422324,383822,10,4.7,7,00000,467,1705,0.27,15,45,35,40,215,25,30,0,210,62400,220,67500,225,90,410,245,210,35,59.8,51.2,14.3,,,,,,,,,,,,,,,,,,,,,,,,
2021S051235390561,35390561,London,2021A00053539036,2021,422324,383822,10,3.3,5.9,00000,612,1225.5,0.5,30,40,65,40,270,30,45,0,270,65500,280,76500,275,80,540,375,325,50,69.4,60.2,13.3,,,,,,,,,,,,,,,,,,,,,,,,
2021S051235390562,35390562,London,2021A00053539036,2021,422324,383822,10,1.4,0,00000,509,3557,0.14,15,35,45,40,220,30,10,0,220,76500,195,70500,195,45,370,240,225,15,64.9,60.8,6.3,,,,,,,,,,,,,,,,,,,,,,,,
2021S051235390563,35390563,London,2021A00053539036,2021,422324,383822,10,2.4,0,00000,431,3661.9,0.12,15,20,35,40,205,5,0,0,210,68500,195,67000,200,40,340,210,190,25,61.8,55.9,11.9,,,,,,,,,,,,,,,,,,,,,,,,
2021S051235390564,35390564,London,2021A00053539036,2021,422324,383822,10,1.9,1.9,00000,471,1825.6,0.26,10,25,25,35,215,0,10,0,210,76500,215,86000,215,10,425,235,210,30,55.3,49.4,12.8,,,,,,,,,,,,,,,,,,,,,,,,
2021S051235390578,35390578,London,2021A00053539036,2021,422324,383822,10,2.4,7.8,00000,603,3768.8,0.16,50,35,40,45,210,0,0,0,210,71000,185,85000,185,80,400,290,245,40,72.5,61.3,13.8,,,,,,,,,,,,,,,,,,,,,,,,
2021S051235390579,35390579,London,2021A00053539036,2021,422324,383822,10,1.3,3.6,00000,616,3149.3,0.2,40,40,40,50,230,0,0,0,230,74000,210,84000,210,105,420,285,250,35,67.9,59.5,12.3,,,,,,,,,,,,,,,,,,,,,,,,
2021S051235390580,35390580,London,2021A00053539036,2021,422324,383822,10,1.5,2,00000,919,6883.9,0.13,40,45,65,75,395,0,0,0,400,68500,405,69600,410,55,805,445,380,60,55.3,47.2,13.5,,,,,,,,,,,,,,,,,,,,,,,,
2021S051235390581,35390581,London,2021A00053539036,2021,422324,383822,10,1.6,0,00000,302,3318.7,0.09,20,20,20,25,125,0,0,0,125,76500,125,72000,125,10,275,175,150,25,63.6,54.5,14.3,,,,,,,,,,,,,,,,,,,,,,,,
2021S051235390582,35390582,London,2021A00053539036,2021,422324,383822,10,1.9,5.2,00000,706,4617.4,0.15,40,40,60,60,310,0,95,0,315,72000,305,89000,300,95,660,415,350,65,62.9,53,15.7,,,,,,,,,,,,,,,,,,,,,,,,
2021S051235390584,35390584,London,2021A00053539036,2021,422324,383822,10,2.3,1.5,00000,542,2508.1,0.22,20,50,25,30,265,20,25,50,265,54800,270,75000,270,100,615,385,285,105,62.6,46.3,27.3,,,,,,,,,,,,,,,,,,,,,,,,
2021S051235390585,35390585,London,2021A00053539036,2021,422324,383822,10,1.7,1.3,00000,629,2793.1,0.23,35,45,50,65,300,5,220,0,295,50000,305,56000,305,220,520,295,235,65,56.7,45.2,22,,,,,,,,,,,,,,,,,,,,,,,,
2021S051235390586,35390586,London,2021A00053539036,2021,422324,383822,10,3.7,6.1,00000,434,2606.6,0.17,40,30,20,30,190,5,45,0,185,59200,185,60000,185,110,340,190,125,65,55.9,36.8,34.2,,,,,,,,,,,,,,,,,,,,,,,,
2021S051235390587,35390587,London,2021A00053539036,2021,422324,383822,10,0.9,0,00000,500,2102.6,0.24,20,35,45,45,220,20,20,0,220,66000,215,73500,210,65,375,240,210,30,64,56,12.5,,,,,,,,,,,,,,,,,,,,,,,,
2021S051235390588,35390588,London,2021A00053539036,2021,422324,383822,10,0.6,2.2,00000,393,2817.2,0.14,15,20,45,25,170,10,10,0,175,70000,185,86000,190,30,410,255,220,35,62.2,53.7,13.7,,,,,,,,,,,,,,,,,,,,,,,,
2021S051235390589,35390589,London,2021A00053539036,2021,422324,383822,10,3.2,5.2,00000,512,1768,0.29,20,40,40,50,250,20,125,0,250,50400,235,57600,230,125,385,200,165,40,51.9,42.9,20,,,,,,,,,,,,,,,,,,,,,,,,
2021S051235390590,35390590,London,2021A00053539036,2021,422324,383822,10,1.5,7.1,00909,165,131.9,1.25,5,30,20,15,65,5,5,0,,,,,50,10,105,80,70,10,76.2,66.7,12.5,,,,,,,,,,,,6,6,6,6,,,,,,,,,
2021S051235390592,35390592,London,2021A00053539036,2021,422324,383822,10,6.5,9.6,00000,805,3175.5,0.25,70,270,160,55,325,25,5,125,325,54000,290,62400,285,190,635,350,250,105,55.1,39.4,30,,,,,,,,,,,,,,,,,,,,,,,,
2021S051235390593,35390593,London,2021A00053539036,2021,422324,383822,10,1.4,0,00000,591,8834.1,0.07,25,105,100,45,280,0,100,140,280,53600,280,55600,280,270,505,360,305,65,71.3,60.4,18.1,,,,,,,,,,,,,,,,,,,,,,,,
2021S051235390595,35390595,London,2021A00053539036,2021,422324,383822,10,9.2,10,00010,1277,999.8,1.28,75,355,265,100,445,15,110,0,445,63200,430,76800,430,290,1115,800,645,160,71.7,57.8,20,,,,,,,,,,,,,,,,,,,,,,,,
2021S051235390596,35390596,London,2021A00053539036,2021,422324,383822,10,1.9,3.6,00000,562,2506.7,0.22,35,50,70,30,210,5,0,0,205,83000,225,81000,225,60,505,325,275,50,64.4,54.5,15.4,,,,,,,,,,,,,,,,,,,,,,,,
2021S051235390597,35390597,London,2021A00053539036,2021,422324,383822,10,1.4,1.9,00000,492,4256.1,0.12,20,65,60,40,210,0,50,50,215,66000,225,73500,220,110,420,280,210,65,66.7,50,23.2,,,,,,,,,,,,,,,,,,,,,,,,
2021S051235390598,35390598,London,2021A00053539036,2021,422324,383822,10,1.4,3.7,00000,616,3165.5,0.19,30,45,40,40,215,0,0,0,220,89000,215,102000,215,0,535,330,280,45,61.7,52.3,13.6,,,,,,,,,,,,,,,,,,,,,,,,
2021S051235390599,35390599,London,2021A00053539036,2021,422324,383822,10,0.7,0,00000,419,3550.8,0.12,30,30,30,30,140,5,0,0,140,79500,135,86000,135,85,330,210,165,45,63.6,50,21.4,,,,,,,,,,,,,,,,,,,,,,,,
2021S051235390600,35390600,London,2021A00053539036,2021,422324,383822,10,0.5,0,00000,567,3813,0.15,40,40,40,30,205,0,0,0,200,93000,220,103000,220,0,570,365,290,80,64,50.9,21.9,,,,,,,,,,,,,,,,,,,,,,,,
2021S051235390601,35390601,London,2021A00053539036,2021,422324,383822,10,0.6,1.2,00000,992,4318.7,0.23,75,65,70,45,330,5,0,0,330,92000,330,100800,330,80,810,535,455,80,66,56.2,15,,,,,,,,,,,,,,,,,,,,,,,,
2021S051235390604,35390604,London,2021A00053539036,2021,422324,383822,10,2.5,3,00000,1016,3068.6,0.33,60,135,165,75,405,10,85,0,400,58800,410,80800,405,235,885,625,570,50,70.6,64.4,8,,,,,,,,,,,,,,,,,,,,,,,,
2021S051235390605,35390605,London,2021A00053539036,2021,422324,383822,10,2.3,3.8,00000,705,2280.1,0.31,20,90,85,60,310,10,80,0,310,63200,315,69500,315,125,615,325,280,50,52.8,45.5,15.4,,,,,,,,,,,,,,,,,,,,,,,,
2021S051235390606,35390606,London,2021A00053539036,2021,422324,383822,10,2.8,1.9,00000,865,2861.4,0.3,35,45,60,35,220,5,0,45,215,62000,205,68000,205,120,430,230,210,25,53.5,48.8,10.9,,,,,,,,,,,,,,,,,,,,,,,,
2021S051235390607,35390607,London,2021A00053539036,2021,422324,383822,10,1,2.1,00000,464,2083.5,0.22,20,40,45,30,200,0,40,0,205,73500,190,79000,190,55,355,175,150,25,49.3,42.3,14.3,,,,,,,,,,,,,,,,,,,,,,,,
2021S051235390611,35390611,London,2021A00053539036,2021,422324,383822,10,3.2,4.3,00000,568,2831.5,0.2,40,45,50,30,190,5,5,0,190,83000,175,85000,175,55,450,230,215,15,51.1,47.8,6.5,,,,,,,,,,,,,,,,,,,,,,,,
2021S051235390616,35390616,London,2021A00053539036,2021,422324,383822,10,1,3.8,00000,252,2847.5,0.09,10,15,20,15,105,0,0,0,100,78500,105,80000,105,20,225,110,80,35,48.9,35.6,31.8,,,,,,,,,,,,,,,,,,,,,,,,
2021S051235390617,35390617,London,2021A00053539036,2021,422324,383822,10,1.4,0,00000,300,4037.7,0.07,10,25,30,35,140,0,65,0,140,62000,155,86000,155,85,290,220,185,35,75.9,63.8,15.9,,,,,,,,,,,,,,,,,,,,,,,,
2021S051235390618,35390618,London,2021A00053539036,2021,422324,383822,10,1.4,1.9,00000,605,2795.7,0.22,30,75,105,60,210,0,0,0,215,77500,210,87000,210,80,545,430,390,40,78.9,71.6,9.3,,,,,,,,,,,,,,,,,,,,,,,,
2021S051235390619,35390619,London,2021A00053539036,2021,422324,383822,10,2.3,7.3,00000,426,2065,0.21,20,35,45,45,170,15,5,0,170,74000,170,83000,165,30,360,260,245,10,72.2,68.1,3.8,,,,,,,,,,,,,,,,,,,,,,,,
2021S051235390620,35390620,London,2021A00053539036,2021,422324,383822,10,2.9,0,00000,436,2932.1,0.15,15,55,55,40,175,20,5,0,175,71000,170,89000,175,40,370,255,235,20,68.9,63.5,7.8,,,,,,,,,,,,,,,,,,,,,,,,
2021S051235390621,35390621,London,2021A00053539036,2021,422324,383822,10,4.9,8.2,00000,1209,5052.2,0.24,50,170,200,150,550,25,15,375,555,54800,535,55200,535,485,900,605,520,80,67.2,57.8,13.2,,,,,,,,,,,,,,,,,,,,,,,,
2021S051235390622,35390622,London,2021A00053539036,2021,422324,383822,10,2.7,3.8,00000,1280,1724.4,0.74,45,115,185,135,660,20,175,335,660,48800,665,52000,665,450,1135,625,545,80,55.1,48,12.8,,,,,,,,,,,,,,,,,,,,,,,,
2021S051235390623,35390623,London,2021A00053539036,2021,422324,383822,10,1.3,0,00000,333,5702.1,0.06,20,25,40,30,155,5,5,55,150,62800,155,68000,155,75,315,190,170,25,60.3,54,13.2,,,,,,,,,,,,,,,,,,,,,,,,
2021S051235390624,35390624,London,2021A00053539036,2021,422324,383822,10,1.9,3.8,00000,487,3436.8,0.14,20,30,40,50,210,20,5,0,210,72000,200,83000,200,40,395,335,290,50,84.8,73.4,14.9,,,,,,,,,,,,,,,,,,,,,,,,
2021S051235390625,35390625,London,2021A00053539036,2021,422324,383822,10,2.6,1.8,00000,487,2881.7,0.17,15,35,60,70,225,30,40,0,230,74500,235,74000,235,65,435,310,275,35,71.3,63.2,11.3,,,,,,,,,,,,,,,,,,,,,,,,
2021S051235390626,35390626,London,2021A00053539036,2021,422324,383822,10,2.2,3,00000,477,3958.5,0.12,15,65,95,50,270,0,175,0,270,47600,275,53600,270,195,410,275,225,50,67.1,54.9,18.2,,,,,,,,,,,,,,,,,,,,,,,,
2021S051235390627,35390627,London,2021A00053539036,2021,422324,383822,10,1,2,00000,474,3005.7,0.16,25,30,55,40,205,15,5,0,210,71500,195,79000,200,40,385,235,215,15,61,55.8,6.4,,,,,,,,,,,,,,,,,,,,,,,,
2021S051235390628,35390628,London,2021A00053539036,2021,422324,383822,10,0.9,0,00000,489,2544.2,0.19,25,30,55,50,215,10,0,0,215,74500,215,87000,215,45,405,270,240,25,66.7,59.3,9.3,,,,,,,,,,,,,,,,,,,,,,,,
2021S051235390629,35390629,London,2021A00053539036,2021,422324,383822,10,1.8,5.4,00000,517,3199.3,0.16,30,20,55,50,225,25,10,0,225,73000,220,76000,220,45,410,260,210,45,63.4,51.2,17.3,,,,,,,,,,,,,,,,,,,,,,,,
2021S051235390630,35390630,London,2021A00053539036,2021,422324,383822,10,1.5,3.2,00000,619,2147.8,0.29,30,65,60,55,260,10,50,0,265,72500,270,83000,270,80,630,410,360,50,65.1,57.1,12.2,,,,,,,,,,,,,,,,,,,,,,,,
2021S051235390631,35390631,London,2021A00053539036,2021,422324,383822,10,5,1.7,00000,546,3163.4,0.17,20,55,80,40,255,15,55,55,260,64500,265,80000,265,130,505,345,310,30,68.3,61.4,8.7,,,,,,,,,,,,,,,,,,,,,,,,
2021S051235390632,35390632,London,2021A00053539036,2021,422324,383822,10,3.6,6,00000,488,3388.9,0.14,30,65,50,35,195,15,65,0,195,62800,210,67500,210,170,420,265,235,35,63.1,56,13.2,,,,,,,,,,,,,,,,,,,,,,,,
2021S051235390633,35390633,London,2021A00053539036,2021,422324,383822,10,5.2,6,00000,485,2307.3,0.21,35,40,30,20,190,5,5,0,195,117000,205,148000,210,40,410,245,215,30,59.8,52.4,12.2,,,,,,,,,,,,,,,,,,,,,,,,
2021S051235390634,35390634,London,2021A00053539036,2021,422324,383822,10,1.9,1.6,00000,557,3067.2,0.18,30,50,65,40,265,40,85,0,265,71000,275,87000,275,160,510,325,275,50,63.7,53.9,15.4,,,,,,,,,,,,,,,,,,,,,,,,
2021S051235390635,35390635,London,2021A00053539036,2021,422324,383822,10,2.9,5.2,00000,564,2732.6,0.21,35,45,40,35,240,15,0,0,240,114000,235,145000,235,50,470,325,290,35,69.1,61.7,10.8,,,,,,,,,,,,,,,,,,,,,,,,
2021S051235390636,35390636,London,2021A00053539036,2021,422324,383822,10,1.1,4.3,00000,493,2934.5,0.17,30,20,15,30,185,5,5,0,185,156000,190,164000,190,10,350,270,255,10,77.1,72.9,3.7,,,,,,,,,,,,,,,,,,,,,,,,
2021S051235390637,35390637,London,2021A00053539036,2021,422324,383822,10,3.9,4,00000,854,3732.5,0.23,55,70,90,80,410,40,90,65,415,66500,420,85600,425,225,770,545,490,55,70.8,63.6,10.1,,,,,,,,,,,,,,,,,,,,,,,,
2021S051235390638,35390638,London,2021A00053539036,2021,422324,383822,10,5.9,6.1,00000,521,2504.8,0.21,10,30,60,40,270,50,60,0,275,62000,260,73500,265,100,455,310,240,70,68.1,52.7,22.6,,,,,,,,,,,,,,,,,,,,,,,,
2021S051235390639,35390639,London,2021A00053539036,2021,422324,383822,10,4.1,8,00000,658,3298.2,0.2,15,85,85,70,295,35,20,0,295,76500,280,81000,280,50,550,420,345,75,76.4,62.7,17.9,,,,,,,,,,,,,,,,,,,,,,,,
2021S051235390645,35390645,London,2021A00053539036,2021,422324,383822,10,2.7,2.7,00000,391,2913.6,0.13,20,15,25,15,145,5,0,0,150,79500,150,86000,150,25,350,215,185,30,61.4,52.9,14,,,,,,,,,,,,,,,,,,,,,,,,
2021S051235390646,35390646,London,2021A00053539036,2021,422324,383822,10,0.5,2,00000,515,8333.3,0.06,20,30,60,65,205,0,0,0,205,57200,225,62000,225,170,405,240,210,35,59.3,51.9,14.6,,,,,,,,,,,,,,,,,,,,,,,,
2021S051235390648,35390648,London,2021A00053539036,2021,422324,383822,10,1.1,0,00000,496,2936.6,0.17,25,25,30,30,180,5,0,0,180,94000,190,103000,190,15,455,305,280,25,67,61.5,8.2,,,,,,,,,,,,,,,,,,,,,,,,
2021S051235390649,35390649,London,2021A00053539036,2021,422324,383822,10,1.5,3.1,00000,384,2144.1,0.18,30,40,30,25,130,0,0,0,130,95000,130,114000,130,20,350,215,190,30,61.4,54.3,14,,,,,,,,,,,,,,,,,,,,,,,,
2021S051235390650,35390650,London,2021A00053539036,2021,422324,383822,10,6.5,10.4,00010,500,4985,0.1,25,30,50,40,185,0,5,0,185,75500,185,83000,185,65,410,235,215,20,57.3,52.4,8.5,,,,,,,,,,,,,,,,,,,,,,,,
2021S051235390651,35390651,London,2021A00053539036,2021,422324,383822,10,1.5,2,00000,510,2608.7,0.2,20,35,25,30,205,5,5,0,205,88000,190,104000,190,15,430,250,230,20,58.1,53.5,8,,,,,,,,,,,,,,,,,,,,,,,,
2021S051235390652,35390652,London,2021A00053539036,2021,422324,383822,10,0.6,0.8,00000,1497,2405.6,0.62,100,95,95,85,495,5,0,0,490,113000,490,124000,490,0,1230,860,795,60,69.9,64.6,7,,,,,,,,,,,,,,,,,,,,,,,,
2021S051235390655,35390655,London,2021A00053539036,2021,422324,383822,10,0.9,2.6,00000,662,1921.1,0.34,35,40,50,60,320,0,160,0,325,56800,320,72500,320,180,610,385,320,65,63.1,52.5,16.9,,,,,,,,,,,,,,,,,,,,,,,,
2021S051235390656,35390656,London,2021A00053539036,2021,422324,383822,10,2.6,4.3,00000,436,2984.3,0.15,25,20,30,30,190,5,125,0,190,50800,195,59600,195,135,365,180,155,25,49.3,42.5,13.9,,,,,,,,,,,,,,,,,,,,,,,,
2021S051235390657,35390657,London,2021A00053539036,2021,422324,383822,10,2.2,3.4,00000,603,2624,0.23,35,40,40,40,225,0,0,0,230,84000,230,98000,230,95,525,290,260,35,55.2,49.5,12.1,,,,,,,,,,,,,,,,,,,,,,,,
2021S051235390658,35390658,London,2021A00053539036,2021,422324,383822,10,1.2,0,00000,429,484.9,0.88,20,30,25,30,165,0,0,0,170,82000,180,70000,180,20,345,170,130,40,49.3,37.7,23.5,,,,,,,,,,,,,,,,,,,,,,,,
2021S051235390659,35390659,London,2021A00053539036,2021,422324,383822,10,2.7,2.6,00000,791,1994.5,0.4,40,95,80,50,295,0,0,0,295,80000,320,94000,320,80,710,460,375,85,64.8,52.8,18.5,,,,,,,,,,,,,,,,,,,,,,,,
2021S051235390660,35390660,London,2021A00053539036,2021,422324,383822,10,1.6,3.7,00000,800,2456.2,0.33,35,85,95,70,315,10,5,0,320,72000,325,81200,325,100,735,500,460,35,68,62.6,7,,,,,,,,,,,,,,,,,,,,,,,,
2021S051235390661,35390661,London,2021A00053539036,2021,422324,383822,10,2.5,3.7,00000,822,2100.7,0.39,50,50,90,80,325,35,35,0,325,75500,320,87000,315,90,735,500,415,85,68,56.5,17,,,,,,,,,,,,,,,,,,,,,,,,
2021S051235390662,35390662,London,2021A00053539036,2021,422324,383822,10,2.8,2.7,00000,318,2896.2,0.11,10,30,35,40,145,10,15,0,140,60400,155,74000,155,30,315,205,185,20,65.1,58.7,9.8,,,,,,,,,,,,,,,,,,,,,,,,
2021S051235390663,35390663,London,2021A00053539036,2021,422324,383822,10,4.7,0,00000,339,2727.3,0.12,15,30,35,15,150,10,0,0,150,58800,140,78000,140,30,275,170,130,35,61.8,47.3,20.6,,,,,,,,,,,,,,,,,,,,,,,,
2021S051235390666,35390666,London,2021A00053539036,2021,422324,383822,10,1.8,0,00000,364,1919.8,0.19,25,15,20,40,165,0,5,0,160,77500,160,82000,165,15,290,180,160,25,62.1,55.2,13.9,,,,,,,,,,,,,,,,,,,,,,,,
2021S051235390669,35390669,London,2021A00053539036,2021,422324,383822,10,0.6,1.7,00000,2007,5648.7,0.36,130,140,170,190,940,5,65,515,940,56400,980,67200,980,710,1710,1050,870,180,61.4,50.9,17.1,,,,,,,,,,,,,,,,,,,,,,,,
2021S051235390670,35390670,London,2021A00053539036,2021,422324,383822,10,2.5,0,00000,1595,6172.6,0.26,100,95,100,105,685,0,355,0,690,61200,705,67400,705,290,1330,705,600,105,53,45.1,14.9,,,,,,,,,,,,,,,,,,,,,,,,
2021S051235390672,35390672,London,2021A00053539036,2021,422324,383822,10,5.5,6.7,00000,3271,3656,0.89,90,375,430,260,1930,0,0,1840,1935,44800,1910,52650,1910,1830,2965,1480,1270,205,49.9,42.8,13.9,,,,,,,,,,,,,,,,,,,,,,,,
2021S051235390673,35390673,London,2021A00053539036,2021,422324,383822,10,3.7,5.2,00000,1452,2506.5,0.58,80,180,145,75,615,10,10,90,615,95000,635,137000,635,180,1335,780,680,90,58.4,50.9,11.5,,,,,,,,,,,,,,,,,,,,,,,,
2021S051235390676,35390676,London,2021A00053539036,2021,422324,383822,10,2.7,5.5,00000,1044,5698.7,0.18,40,100,115,80,445,0,160,135,445,58400,425,70800,425,300,825,490,410,80,59.4,49.7,16.3,,,,,,,,,,,,,,,,,,,,,,,,
2021S051235390677,35390677,London,2021A00053539036,2021,422324,383822,10,4.4,7,00000,2863,10380.7,0.28,125,300,430,335,1340,10,205,1100,1335,45600,1305,49600,1305,1265,2255,1305,1090,215,57.9,48.3,16.5,,,,,,,,,,,,,,,,,,,,,,,,
2021S051235390678,35390678,London,2021A00053539036,2021,422324,383822,10,1.3,0.8,00000,1230,5742.3,0.21,85,65,95,85,530,10,55,130,525,60400,575,70800,570,430,1100,650,535,105,59.1,48.6,16.2,,,,,,,,,,,,,,,,,,,,,,,,
2021S051235390679,35390679,London,2021A00053539036,2021,422324,383822,10,8.9,16.5,00010,1066,2490.1,0.43,55,100,115,140,390,25,135,0,395,62000,350,71600,345,265,685,460,360,100,67.2,52.6,21.7,,,,,,,,,,,,,,,,,,,,,,,,
2021S051235390680,35390680,London,2021A00053539036,2021,422324,383822,10,4.3,6.5,00000,1541,3943.2,0.39,130,125,130,115,560,5,115,160,560,47200,565,59800,565,495,1145,575,475,100,50.2,41.5,17.4,,,,,,,,,,,,,,,,,,,,,,,,
2021S051235390681,35390681,London,2021A00053539036,2021,422324,383822,10,3.1,3.7,00000,2728,7592.5,0.36,120,235,265,240,1320,0,140,960,1320,46000,1325,56000,1320,1200,2350,1310,1130,185,55.7,48.1,14.1,,,,,,,,,,,,,,,,,,,,,,,,
2021S051235390682,35390682,London,2021A00053539036,2021,422324,383822,10,3,4.4,00000,1139,1654.8,0.69,70,180,185,90,365,15,5,0,370,70500,375,73600,375,230,880,585,500,85,66.5,56.8,14.5,,,,,,,,,,,,,,,,,,,,,,,,
2021S051235390683,35390683,London,2021A00053539036,2021,422324,383822,10,1.2,1.9,00000,880,5870.6,0.15,50,50,75,75,415,0,145,0,415,66000,445,77200,445,205,825,565,485,80,68.5,58.8,14.2,,,,,,,,,,,,,,,,,,,,,,,,
2021S051235390684,35390684,London,2021A00053539036,2021,422324,383822,10,2.7,3.6,00000,1118,2646.2,0.42,25,25,50,40,450,5,0,365,450,36000,455,50000,455,395,625,260,185,75,41.6,29.6,28.8,,,,,,,,,,,,,,,,,,,,,,,,
2021S051235390685,35390685,London,2021A00053539036,2021,422324,383822,10,1.5,0.7,00000,1408,5245.9,0.27,105,95,90,100,615,5,10,210,615,50000,605,57400,600,285,1030,535,435,100,51.9,42.2,18.7,,,,,,,,,,,,,,,,,,,,,,,,
2021S051235390688,35390688,London,2021A00053539036,2021,422324,383822,10,2.2,5.7,00000,1256,10635.1,0.12,50,80,150,150,645,0,380,260,645,50000,645,53600,640,460,1035,570,425,140,55.1,41.1,24.6,,,,,,,,,,,,,,,,,,,,,,,,
2021S051235390689,35390689,London,2021A00053539036,2021,422324,383822,10,1.9,1.6,00000,1763,6622.8,0.27,110,100,155,120,725,0,175,310,725,65000,755,90000,755,530,1640,880,745,140,53.7,45.4,15.9,,,,,,,,,,,,,,,,,,,,,,,,
2021S051235390690,35390690,London,2021A00053539036,2021,422324,383822,10,1.9,2.9,00000,1635,6670.7,0.25,40,90,155,150,975,0,70,735,975,49200,980,53900,980,725,1385,765,655,110,55.2,47.3,14.4,,,,,,,,,,,,,,,,,,,,,,,,
2021S051235390691,35390691,London,2021A00053539036,2021,422324,383822,10,1.9,2.7,00000,1144,6544.6,0.17,35,50,85,75,745,0,75,585,750,29600,740,39400,745,675,1030,395,295,95,38.3,28.6,24.1,,,,,,,,,,,,,,,,,,,,,,,,
2021S051235390692,35390692,London,2021A00053539036,2021,422324,383822,10,3.1,4.3,00000,1213,4983.6,0.24,30,60,120,85,750,5,25,615,750,46000,740,58500,745,525,1125,655,570,85,58.2,50.7,13,,,,,,,,,,,,,,,,,,,,,,,,
2021S051235390693,35390693,London,2021A00053539036,2021,422324,383822,10,4.6,5.2,00000,1176,4466.4,0.26,60,95,135,145,540,0,0,410,540,60400,545,63200,545,480,955,665,565,100,69.6,59.2,15,,,,,,,,,,,,,,,,,,,,,,,,
2021S051235390694,35390694,London,2021A00053539036,2021,422324,383822,10,1.7,2,00000,1311,9886.9,0.13,55,85,135,125,605,0,0,465,605,59600,635,65600,630,545,1095,650,555,95,59.4,50.7,14.6,,,,,,,,,,,,,,,,,,,,,,,,
2021S051235390696,35390696,London,2021A00053539036,2021,422324,383822,10,2.6,2.7,00000,4152,4784,0.87,100,395,590,465,2110,5,125,1695,2110,56800,2105,63400,2100,1835,3485,2125,1805,320,61,51.8,15.1,,,,,,,,,,,,,,,,,,,,,,,,
2021S051235390697,35390697,London,2021A00053539036,2021,422324,383822,10,2.4,7.5,00000,399,2514.2,0.16,10,10,5,5,210,0,115,0,210,70000,215,164000,215,15,350,130,110,20,37.1,31.4,15.4,,,,,,,,,,,,,,,,,,,,,,,,
2021S051235390698,35390698,London,2021A00053539036,2021,422324,383822,10,0.9,2.4,00000,860,1074.1,0.8,50,50,55,55,335,5,0,0,335,101000,360,148500,360,70,805,450,365,80,55.9,45.3,17.8,,,,,,,,,,,,,,,,,,,,,,,,
2021S051235390699,35390699,London,2021A00053539036,2021,422324,383822,10,1.5,0,00000,420,3514.6,0.12,40,40,25,10,135,0,0,0,135,140000,140,144000,140,0,375,250,210,40,66.7,56,16,,,,,,,,,,,,,,,,,,,,,,,,
2021S051235390700,35390700,London,2021A00053539036,2021,422324,383822,10,0,0,00000,544,4047.6,0.13,70,50,25,20,150,0,0,0,150,146000,150,156000,155,10,445,300,255,40,67.4,57.3,13.3,,,,,,,,,,,,,,,,,,,,,,,,
2021S051235390701,35390701,London,2021A00053539036,2021,422324,383822,10,0,0,00000,760,5003.3,0.15,100,75,30,20,200,0,0,0,200,144000,210,157000,210,0,660,450,405,40,68.2,61.4,8.9,,,,,,,,,,,,,,,,,,,,,,,,
2021S051235390702,35390702,London,2021A00053539036,2021,422324,383822,10,0.5,0,00000,995,1282.7,0.78,50,55,60,65,375,0,0,0,375,94000,405,106400,400,25,935,595,510,75,63.6,54.5,12.6,,,,,,,,,,,,,,,,,,,,,,,,
2021S051235390703,35390703,London,2021A00053539036,2021,422324,383822,10,1.8,1.8,00000,623,2942.8,0.21,45,40,40,45,220,0,0,0,225,94000,225,110000,225,40,490,370,325,40,75.5,66.3,10.8,,,,,,,,,,,,,,,,,,,,,,,,
2021S051235390704,35390704,London,2021A00053539036,2021,422324,383822,10,45,100,04999,42,45.7,0.92,0,20,5,0,15,0,5,10,,,,,,,,,,,,,,,,,,,,,,,,,6,6,6,6,6,6,6,6,6,6,6,6,6
2021S051235390705,35390705,London,2021A00053539036,2021,422324,383822,10,1.7,3,00000,817,2155.1,0.38,45,30,40,50,400,10,65,0,405,73500,400,76400,400,195,670,390,345,40,58.2,51.5,10.3,,,,,,,,,,,,,,,,,,,,,,,,
2021S051235390706,35390706,London,2021A00053539036,2021,422324,383822,10,1.3,2,00000,741,706.7,1.05,15,30,35,45,380,10,10,160,380,70500,395,83600,400,205,705,365,330,30,51.8,46.8,8.2,,,,,,,,,,,,,,,,,,,,,,,,
2021S051235390707,35390707,London,2021A00053539036,2021,422324,383822,10,0,0,00000,1000,3588.1,0.28,80,90,55,40,345,5,0,0,345,116000,375,142000,375,60,885,525,470,55,59.3,53.1,10.5,,,,,,,,,,,,,,,,,,,,,,,,
2021S051235390708,35390708,London,2021A00053539036,2021,422324,383822,10,0.4,0,00000,695,1792.2,0.39,55,50,30,20,250,0,0,0,250,137000,230,162000,230,25,530,305,275,30,57.5,51.9,9.8,,,,,,,,,,,,,,,,,,,,,,,,
2021S051235390709,35390709,London,2021A00053539036,2021,422324,383822,10,1,1.7,00000,1330,739.9,1.8,95,90,55,55,485,5,0,0,485,110000,460,150500,460,25,1045,630,550,80,60.3,52.6,12.7,,,,,,,,,,,,,,,,,,,,,,,,
2021S051235390711,35390711,London,2021A00053539036,2021,422324,383822,10,0.6,0,00000,537,5264.7,0.1,45,40,30,25,180,0,0,0,180,79000,185,91000,185,75,420,255,205,50,60.7,48.8,19.6,,,,,,,,,,,,,,,,,,,,,,,,
2021S051235390727,35390727,London,2021A00053539036,2021,422324,383822,10,1.6,2,00000,15367,546.6,28.11,1065,815,820,1140,4735,0,30,345,4730,112000,4775,123900,4775,1030,11260,7820,6860,960,69.4,60.9,12.3,,,,,,,,,,,,,,,,,,,,,,,,
2021S051235390728,35390728,London,2021A00053539036,2021,422324,383822,10,1.8,2.6,00000,4374,1661.5,2.63,305,240,180,195,1715,0,0,620,1715,128000,1670,184000,1670,455,3525,2035,1880,155,57.7,53.3,7.6,,,,,,,,,,,,,,,,,,,,,,,,
2021S051235390729,35390729,London,2021A00053539036,2021,422324,383822,10,0.6,1.1,00000,1051,2725.6,0.39,70,65,35,15,350,0,0,0,350,110000,350,162000,350,15,705,430,400,25,61,56.7,5.8,,,,,,,,,,,,,,,,,,,,,,,,
2021S051235390730,35390730,London,2021A00053539036,2021,422324,383822,10,2.4,5.1,00000,853,2265.6,0.38,35,40,30,35,380,0,0,125,380,81000,385,128000,385,200,710,280,260,15,39.4,36.6,5.4,,,,,,,,,,,,,,,,,,,,,,,,
2021S051235390731,35390731,London,2021A00053539036,2021,422324,383822,10,2.8,0,00000,312,78.3,3.98,15,25,15,10,105,0,5,0,105,141000,110,158000,105,20,290,180,160,20,62.1,55.2,11.1,,,,,,,,,,,,,,,,,,,,,,,,
2021S051235390745,35390745,London,2021A00053539036,2021,422324,383822,10,1.4,3.9,00000,868,64,13.56,55,35,45,25,295,5,0,0,295,166000,310,186000,310,25,665,425,390,35,63.9,58.6,8.2,,,,,,,,,,,,,,,,,,,,,,,,
2021S051235390746,35390746,London,2021A00053539036,2021,422324,383822,10,3.3,3.3,00000,6534,207,31.57,380,365,500,525,2185,0,10,685,2190,90000,2180,108900,2180,910,4825,2910,2580,330,60.3,53.5,11.3,,,,,,,,,,,,,,,,,,,,,,,,
2021S051235390747,35390747,London,2021A00053539036,2021,422324,383822,10,4.7,7.5,00000,431,9.6,44.8,20,30,20,20,170,5,0,0,170,99000,155,112000,155,35,350,230,205,20,65.7,58.6,8.7,,,,,,,,,,,,,,,,,,,,,,,,
2021S051235390836,35390836,London,2021A00053539036,2021,422324,383822,10,2.8,2.9,00000,354,9.9,35.93,20,15,20,5,140,0,0,0,145,92000,140,106000,140,20,270,220,210,10,81.5,77.8,4.5,,,,,,,,,,,,,,,,,,,,,,,,
2021S051235390837,35390837,London,2021A00053539036,2021,422324,383822,10,3.4,5.4,00000,375,11.9,31.59,15,10,25,15,145,0,5,0,150,100000,145,134000,145,15,365,200,195,0,54.8,53.4,0,,,,,,,,,,,,,,,,,,,,,,,,
2021S051235390838,35390838,London,2021A00053539036,2021,422324,383822,10,0.5,0,00000,728,49.4,14.74,60,50,40,35,220,0,0,0,220,120000,220,133000,220,20,550,425,390,40,77.3,70.9,9.4,,,,,,,,,,,,,,,,,,,,,,,,
2021S051235390839,35390839,London,2021A00053539036,2021,422324,383822,10,0.5,0,00000,601,4655.3,0.13,40,40,30,40,220,0,0,0,220,99000,225,104000,225,15,520,365,325,40,70.2,62.5,11,,,,,,,,,,,,,,,,,,,,,,,,
2021S051235390840,35390840,London,2021A00053539036,2021,422324,383822,10,0,0,00000,688,4664.4,0.15,45,50,35,45,220,0,0,0,215,124000,215,128000,215,0,540,395,330,60,73.1,61.1,15.2,,,,,,,,,,,,,,,,,,,,,,,,
2021S051235390841,35390841,London,2021A00053539036,2021,422324,383822,10,0.6,0,00000,573,2460.3,0.23,55,40,30,25,180,0,0,0,175,126000,180,136000,180,0,520,350,315,30,67.3,60.6,8.6,,,,,,,,,,,,,,,,,,,,,,,,
2021S051235390842,35390842,London,2021A00053539036,2021,422324,383822,10,1.4,2.3,00000,3351,1638.9,2.04,225,180,230,330,1035,0,5,60,1035,113000,1040,121000,1045,190,2450,1990,1810,175,81.2,73.9,8.8,,,,,,,,,,,,,,,,,,,,,,,,
2021S051235390843,35390843,London,2021A00053539036,2021,422324,383822,10,1.6,3.4,00000,2183,718.4,3.04,140,145,125,175,695,0,40,5,700,95000,700,97800,695,115,1595,950,790,155,59.6,49.5,16.3,,,,,,,,,,,,,,,,,,,,,,,,
2021S051235390844,35390844,London,2021A00053539036,2021,422324,383822,10,1.8,1.4,00000,844,197,4.28,60,50,50,60,280,5,0,0,285,108000,280,121000,285,20,700,475,425,50,67.9,60.7,10.5,,,,,,,,,,,,,,,,,,,,,,,,
2021S051235390845,35390845,London,2021A00053539036,2021,422324,383822,10,2.1,3.7,00000,1703,2081.4,0.82,115,115,115,130,655,0,160,0,650,70000,650,78000,650,300,1325,900,725,175,67.9,54.7,19.4,,,,,,,,,,,,,,,,,,,,,,,,
2021S051235390846,35390846,London,2021A00053539036,2021,422324,383822,10,0.6,0,00000,514,6401,0.08,35,30,40,45,180,0,0,0,180,97000,185,109000,185,20,425,330,275,55,77.6,64.7,16.7,,,,,,,,,,,,,,,,,,,,,,,,
2021S051235390847,35390847,London,2021A00053539036,2021,422324,383822,10,1.2,2.4,00000,508,4898.7,0.1,40,45,35,30,165,0,0,0,165,116000,165,131000,165,0,435,320,300,20,73.6,69,6.3,,,,,,,,,,,,,,,,,,,,,,,,
2021S051235390848,35390848,London,2021A00053539036,2021,422324,383822,10,0,0,00000,417,5232.1,0.08,25,35,40,35,135,0,0,0,135,116000,130,106000,130,0,350,220,200,20,62.9,57.1,9.1,,,,,,,,,,,,,,,,,,,,,,,,
2021S051235390849,35390849,London,2021A00053539036,2021,422324,383822,10,0,0,00000,494,2307.3,0.21,25,35,25,40,160,0,0,0,165,123000,165,112000,165,0,375,310,295,10,82.7,78.7,3.2,,,,,,,,,,,,,,,,,,,,,,,,
2021S051235390850,35390850,London,2021A00053539036,2021,422324,383822,10,1.1,0,00000,462,3360,0.14,20,30,35,20,175,0,0,0,175,105000,175,114000,175,10,400,265,255,15,66.3,63.8,5.7,,,,,,,,,,,,,,,,,,,,,,,,
2021S051235390851,35390851,London,2021A00053539036,2021,422324,383822,10,0.5,2,00000,509,1839.5,0.28,20,35,40,25,190,0,0,0,190,99000,195,115000,195,10,495,315,265,50,63.6,53.5,15.9,,,,,,,,,,,,,,,,,,,,,,,,
2021S051235390852,35390852,London,2021A00053539036,2021,422324,383822,10,1.2,2.4,00000,410,3436.7,0.12,25,20,40,25,165,0,0,0,165,87000,160,103000,160,15,400,250,195,60,62.5,48.8,24,,,,,,,,,,,,,,,,,,,,,,,,
2021S051235390853,35390853,London,2021A00053539036,2021,422324,383822,10,2,1.5,00000,539,3288.6,0.16,20,35,45,45,250,15,95,0,250,61600,250,68000,255,115,400,225,190,40,56.3,47.5,17.8,,,,,,,,,,,,,,,,,,,,,,,,
2021S051235390854,35390854,London,2021A00053539036,2021,422324,383822,10,2,2.9,00000,409,3674.8,0.11,30,45,30,40,155,5,30,0,150,68500,145,82000,145,70,335,170,160,15,50.7,47.8,8.8,,,,,,,,,,,,,,,,,,,,,,,,
2021S051235390855,35390855,London,2021A00053539036,2021,422324,383822,10,2.4,3.8,00000,796,6644.4,0.12,65,70,60,55,325,0,100,0,330,52400,325,71600,320,240,645,405,315,85,62.8,48.8,21,,,,,,,,,,,,,,,,,,,,,,,,
2021S051235390856,35390856,London,2021A00053539036,2021,422324,383822,10,1.6,6.7,00000,339,3821.9,0.09,30,30,20,15,125,15,0,0,125,101000,120,94000,120,15,265,180,155,25,67.9,58.5,13.9,,,,,,,,,,,,,,,,,,,,,,,,
2021S051235390857,35390857,London,2021A00053539036,2021,422324,383822,10,1,1.9,00000,615,1283.4,0.48,55,50,35,30,210,5,0,0,210,85000,215,101000,215,75,465,295,250,50,63.4,53.8,16.9,,,,,,,,,,,,,,,,,,,,,,,,
2021S051235390858,35390858,London,2021A00053539036,2021,422324,383822,10,0.6,0,00000,387,60.3,6.42,15,20,20,25,155,5,5,0,160,85000,165,100000,170,25,340,210,200,10,61.8,58.8,4.8,,,,,,,,,,,,,,,,,,,,,,,,
2021S051235390859,35390859,London,2021A00053539036,2021,422324,383822,10,1.2,2.4,00000,466,27.5,16.97,25,25,30,20,170,5,15,0,170,88000,165,88000,165,30,315,235,215,20,74.6,68.3,8.5,,,,,,,,,,,,,,,,,,,,,,,,
2021S051235390860,35390860,London,2021A00053539036,2021,422324,383822,10,2,3.1,00000,584,1567.4,0.37,50,30,45,40,250,0,0,55,250,48000,255,66000,250,185,455,250,195,55,54.9,42.9,22,,,,,,,,,,,,,,,,,,,,,,,,
2021S051235390889,35390889,London,2021A00053539036,2021,422324,383822,10,3.6,5.7,00000,290,877.7,0.33,5,20,20,45,140,15,20,0,135,76500,140,88000,140,45,245,145,135,10,59.2,55.1,6.9,,,,,,,,,,,,,,,,,,,,,,,,
2021S051235390890,35390890,London,2021A00053539036,2021,422324,383822,10,2.4,5.6,00000,762,1204.4,0.63,40,25,40,40,365,30,65,0,370,54400,355,69600,355,85,570,335,305,30,58.8,53.5,9,,,,,,,,,,,,,,,,,,,,,,,,
2021S051235390891,35390891,London,2021A00053539036,2021,422324,383822,10,2,6.6,00000,648,780.7,0.83,5,25,60,65,305,0,0,305,305,57600,300,62800,300,165,425,240,215,25,56.5,50.6,10.4,,,,,,,,,,,,,,,,,,,,,,,,
2021S051235390892,35390892,London,2021A00053539036,2021,422324,383822,10,1,2.8,00000,1055,501.1,2.11,45,40,35,40,290,0,0,0,290,95000,275,110000,275,45,605,330,285,45,54.5,47.1,13.6,,,,,,,,,,,,,,,,,,,,,,,,
2021S051235390893,35390893,London,2021A00053539036,2021,422324,383822,10,0.9,1.2,00000,974,2830.6,0.34,65,55,80,65,340,0,0,0,335,92000,365,100800,365,110,835,550,480,70,65.9,57.5,12.7,,,,,,,,,,,,,,,,,,,,,,,,
2021S051235390894,35390894,London,2021A00053539036,2021,422324,383822,10,1.8,3.8,00009,294,2957.7,0.1,20,20,10,20,110,0,0,0,110,98000,,,95,0,195,115,100,15,59,51.3,13,,,,,,,,,,,,,,6,6,,,,,,,,,
2021S051235390895,35390895,London,2021A00053539036,2021,422324,383822,10,2.5,3.3,00009,313,3105.2,0.1,15,15,10,15,120,0,0,0,125,114000,,,105,0,215,115,110,0,53.5,51.2,0,,,,,,,,,,,,,,6,6,,,,,,,,,
2021S051235390896,35390896,London,2021A00053539036,2021,422324,383822,10,0,0,00909,224,2679.4,0.08,20,15,10,10,85,0,0,0,,,,,85,0,190,130,105,25,68.4,55.3,19.2,,,,,,,,,,,,6,6,6,6,,,,,,,,,
2021S051235390897,35390897,London,2021A00053539036,2021,422324,383822,10,0,0,00000,736,3709.7,0.2,75,35,25,35,215,0,0,0,220,141000,225,157000,225,10,570,435,410,30,76.3,71.9,6.9,,,,,,,,,,,,,,,,,,,,,,,,
2021S051235390898,35390898,London,2021A00053539036,2021,422324,383822,10,0.2,0,00000,1269,1727.2,0.73,95,70,50,45,420,0,0,0,415,145000,425,166000,425,10,980,675,605,70,68.9,61.7,10.4,,,,,,,,,,,,,,,,,,,,,,,,
2021S051235390899,35390899,London,2021A00053539036,2021,422324,383822,10,1.7,1.7,00000,2310,1120.1,2.06,180,85,80,125,700,0,0,0,700,146000,700,190400,705,30,1710,1165,1025,140,68.1,59.9,12,,,,,,,,,,,,,,,,,,,,,,,,
2021S051235390900,35390900,London,2021A00053539036,2021,422324,383822,10,0,0,00000,1039,1195.4,0.87,85,70,30,40,320,5,0,0,315,164000,330,165000,330,10,815,610,555,55,74.8,68.1,9,,,,,,,,,,,,,,,,,,,,,,,,
2021S051235390901,35390901,London,2021A00053539036,2021,422324,383822,10,1.2,2.7,00000,1244,5748.6,0.22,85,100,105,115,435,0,0,0,430,93000,440,96400,445,75,975,695,585,110,71.3,60,15.8,,,,,,,,,,,,,,,,,,,,,,,,
2021S051235390902,35390902,London,2021A00053539036,2021,422324,383822,10,1.6,2.2,00000,4043,3598.9,1.12,290,310,295,300,1400,0,0,375,1395,98000,1430,105600,1430,355,3225,2165,1910,255,67.1,59.2,11.8,,,,,,,,,,,,,,,,,,,,,,,,
2021S051235390904,35390904,London,2021A00053539036,2021,422324,383822,10,4.4,2.6,00000,657,2258.5,0.29,40,110,115,85,315,0,250,0,315,52800,315,51200,310,220,505,335,275,65,66.3,54.5,19.4,,,,,,,,,,,,,,,,,,,,,,,,
2021S051235390905,35390905,London,2021A00053539036,2021,422324,383822,10,1.5,0,00000,560,1747.3,0.32,30,45,20,25,200,0,0,0,200,148000,215,151000,215,0,485,320,275,45,66,56.7,14.1,,,,,,,,,,,,,,,,,,,,,,,,
2021S051235390906,35390906,London,2021A00053539036,2021,422324,383822,10,1.3,0,00000,463,1619.4,0.29,35,30,20,10,145,0,0,0,150,168000,160,196000,160,0,435,220,185,40,50.6,42.5,18.2,,,,,,,,,,,,,,,,,,,,,,,,
2021S051235390907,35390907,London,2021A00053539036,2021,422324,383822,10,0.7,0.9,00000,1132,1234.6,0.92,65,60,60,85,445,0,0,0,445,82000,440,103600,440,75,910,545,455,85,59.9,50,15.6,,,,,,,,,,,,,,,,,,,,,,,,
2021S051235390908,35390908,London,2021A00053539036,2021,422324,383822,10,1,0,00000,298,4227,0.07,35,20,25,25,100,0,10,0,100,53200,100,76000,95,65,255,130,105,25,51,41.2,19.2,,,,,,,,,,,,,,,,,,,,,,,,
2021S051235390909,35390909,London,2021A00053539036,2021,422324,383822,10,0,0,00000,607,583.3,1.04,50,55,20,30,195,5,0,0,200,139000,200,133000,195,0,480,280,255,25,58.3,53.1,8.9,,,,,,,,,,,,,,,,,,,,,,,,
2021S051235390910,35390910,London,2021A00053539036,2021,422324,383822,10,1.2,1.2,00000,869,2819.6,0.31,35,35,20,15,325,0,90,0,325,90000,335,115600,340,100,685,300,270,30,43.8,39.4,10,,,,,,,,,,,,,,,,,,,,,,,,
2021S051235390911,35390911,London,2021A00053539036,2021,422324,383822,10,0.3,0,00000,990,1764.4,0.56,90,50,25,45,310,5,0,0,310,151000,310,172000,310,0,730,470,410,65,64.4,56.2,13.8,,,,,,,,,,,,,,,,,,,,,,,,
2021S051235390912,35390912,London,2021A00053539036,2021,422324,383822,10,0.5,0,00000,600,2631.6,0.23,35,30,20,15,195,0,0,0,200,176000,190,188000,195,0,485,295,275,20,60.8,56.7,6.8,,,,,,,,,,,,,,,,,,,,,,,,
2021S051235390913,35390913,London,2021A00053539036,2021,422324,383822,10,0.5,0,00000,593,1785.6,0.33,50,35,35,25,215,0,0,0,215,114000,220,135000,220,0,545,345,325,20,63.3,59.6,5.8,,,,,,,,,,,,,,,,,,,,,,,,
2021S051235390914,35390914,London,2021A00053539036,2021,422324,383822,10,2.3,1.9,00000,858,3624.8,0.24,45,50,60,70,430,0,25,330,430,44400,425,48000,425,275,655,340,250,95,51.9,38.2,27.9,,,,,,,,,,,,,,,,,,,,,,,,
2021S051235390915,35390915,London,2021A00053539036,2021,422324,383822,10,0.4,1.4,00000,812,4076.3,0.2,65,45,45,55,280,0,0,0,280,87000,270,101000,270,40,640,340,315,30,53.1,49.2,8.8,,,,,,,,,,,,,,,,,,,,,,,,
2021S051235390916,35390916,London,2021A00053539036,2021,422324,383822,10,0.9,2.4,00000,890,3319.7,0.27,45,45,65,55,330,5,0,0,330,84000,325,89200,325,30,750,435,375,65,58,50,14.9,,,,,,,,,,,,,,,,,,,,,,,,
2021S051235390917,35390917,London,2021A00053539036,2021,422324,383822,10,0.3,0,00000,964,4496.3,0.21,55,65,65,65,305,0,0,0,305,86000,310,95000,310,45,720,360,310,50,50,43.1,13.9,,,,,,,,,,,,,,,,,,,,,,,,
2021S051235390918,35390918,London,2021A00053539036,2021,422324,383822,10,0.8,2.3,00000,1126,4452.4,0.25,100,90,55,70,360,0,0,0,360,89000,350,94400,350,35,890,505,410,90,56.7,46.1,17.8,,,,,,,,,,,,,,,,,,,,,,,,
2021S051235390919,35390919,London,2021A00053539036,2021,422324,383822,10,0,0,00000,415,4626.5,0.09,40,30,35,20,110,0,0,0,110,69000,115,59000,115,60,320,125,100,25,39.1,31.3,20,,,,,,,,,,,,,,,,,,,,,,,,
2021S051235390920,35390920,London,2021A00053539036,2021,422324,383822,10,3.5,5.9,00000,351,90000,0,25,25,35,35,145,0,140,0,140,54000,140,67000,135,80,275,150,115,35,54.5,41.8,23.3,,,,,,,,,,,,,,,,,,,,,,,,
2021S051235390921,35390921,London,2021A00053539036,2021,422324,383822,10,0.6,1.1,00000,1087,5246.1,0.21,80,75,80,75,355,0,0,0,350,80000,340,85200,340,80,820,460,405,60,56.1,49.4,13,,,,,,,,,,,,,,,,,,,,,,,,
2021S051235390922,35390922,London,2021A00053539036,2021,422324,383822,10,2.7,4.8,00000,767,8897.9,0.09,45,40,55,45,335,0,0,335,335,50400,340,61600,340,340,585,240,210,30,41,35.9,12.5,,,,,,,,,,,,,,,,,,,,,,,,
2021S051235390923,35390923,London,2021A00053539036,2021,422324,383822,10,1.1,0,00000,977,1796.9,0.54,105,60,20,30,345,0,0,0,350,154000,360,184000,355,10,855,480,435,40,56.1,50.9,8.3,,,,,,,,,,,,,,,,,,,,,,,,
2021S051235390924,35390924,London,2021A00053539036,2021,422324,383822,10,1.3,1.8,00000,1210,1722.7,0.7,45,75,75,45,460,0,0,105,460,85000,435,113200,435,195,820,380,345,35,46.3,42.1,9.2,,,,,,,,,,,,,,,,,,,,,,,,
2021S051235390925,35390925,London,2021A00053539036,2021,422324,383822,10,0,0,00000,955,3667.4,0.26,100,70,20,25,270,0,0,0,270,133000,265,142000,265,10,670,400,370,35,59.7,55.2,8.8,,,,,,,,,,,,,,,,,,,,,,,,
2021S051235390926,35390926,London,2021A00053539036,2021,422324,383822,10,0,0,00000,840,4121.7,0.2,85,55,40,25,270,0,0,0,270,118000,275,153000,275,45,755,445,410,40,58.9,54.3,9,,,,,,,,,,,,,,,,,,,,,,,,
2021S051235390927,35390927,London,2021A00053539036,2021,422324,383822,10,1.4,2.1,00000,3254,3309.9,0.98,250,210,240,160,1145,5,10,10,1145,98000,1145,110400,1145,445,2470,1675,1425,250,67.8,57.7,14.9,,,,,,,,,,,,,,,,,,,,,,,,
2021S051235390928,35390928,London,2021A00053539036,2021,422324,383822,10,3.3,3.8,00000,2164,15402.1,0.14,100,170,265,260,950,0,0,920,945,52000,945,56100,940,930,1720,1005,870,135,58.4,50.6,13.4,,,,,,,,,,,,,,,,,,,,,,,,
2021S051235390929,35390929,London,2021A00053539036,2021,422324,383822,10,3.6,6,00000,1285,3822.1,0.34,100,120,130,105,450,0,0,245,445,54800,445,62000,440,425,915,515,400,110,56.3,43.7,21.4,,,,,,,,,,,,,,,,,,,,,,,,
2021S051235390930,35390930,London,2021A00053539036,2021,422324,383822,10,4.7,9.5,00909,175,7575.8,0.02,10,20,20,15,90,0,0,0,,,,,85,40,125,65,55,10,52,44,15.4,,,,,,,,,,,,6,6,6,6,,,,,,,,,
2021S051235390931,35390931,London,2021A00053539036,2021,422324,383822,10,2.1,2.9,00000,445,5039.6,0.09,30,30,30,30,140,0,0,0,145,102000,145,102000,145,20,395,265,210,55,67.1,53.2,20.8,,,,,,,,,,,,,,,,,,,,,,,,
2021S051235390932,35390932,London,2021A00053539036,2021,422324,383822,10,1.1,2.1,00000,502,3114.1,0.16,40,35,35,20,185,0,0,0,190,107000,190,123000,190,0,465,270,220,50,58.1,47.3,18.5,,,,,,,,,,,,,,,,,,,,,,,,
2021S051235390933,35390933,London,2021A00053539036,2021,422324,383822,10,0.4,0,00000,638,4061.1,0.16,55,40,30,25,225,0,0,0,220,95000,225,108000,225,10,475,315,285,30,66.3,60,9.5,,,,,,,,,,,,,,,,,,,,,,,,
2021S051235390934,35390934,London,2021A00053539036,2021,422324,383822,10,3.3,0.9,00000,1205,434.5,2.77,60,70,95,140,425,5,5,120,420,96000,445,104400,445,115,985,655,595,60,66.5,60.4,9.2,,,,,,,,,,,,,,,,,,,,,,,,
2021S051235390935,35390935,London,2021A00053539036,2021,422324,383822,10,0,0,00000,393,159.5,2.46,30,20,5,5,150,0,0,0,145,157000,155,280000,155,0,335,220,210,10,65.7,62.7,4.5,,,,,,,,,,,,,,,,,,,,,,,,
2021S051235390936,35390936,London,2021A00053539036,2021,422324,383822,10,0,1.5,00000,667,1466.3,0.45,55,55,15,5,270,0,0,0,270,162000,270,194000,270,0,625,305,280,30,48.8,44.8,9.8,,,,,,,,,,,,,,,,,,,,,,,,
2021S051235390937,35390937,London,2021A00053539036,2021,422324,383822,10,0.5,0,00000,602,2935.2,0.21,50,45,25,15,205,0,0,0,200,164000,190,210000,190,0,485,300,280,25,61.9,57.7,8.3,,,,,,,,,,,,,,,,,,,,,,,,
2021S051235390938,35390938,London,2021A00053539036,2021,422324,383822,10,0.6,0.9,00000,2329,870.2,2.68,120,95,35,40,895,0,0,0,890,136000,940,176400,940,105,1990,810,690,120,40.7,34.7,14.8,,,,,,,,,,,,,,,,,,,,,,,,
2021S051235390939,35390939,London,2021A00053539036,2021,422324,383822,10,1.9,1.7,00000,1878,2362.3,0.8,145,95,110,125,725,0,0,60,725,116000,700,143200,700,360,1415,1045,925,115,73.9,65.4,11,,,,,,,,,,,,,,,,,,,,,,,,
2021S051235390940,35390940,London,2021A00053539036,2021,422324,383822,10,1.3,2,00000,641,1912.9,0.34,15,15,20,30,385,0,40,0,385,76000,385,92000,385,75,645,215,185,30,33.3,28.7,14,,,,,,,,,,,,,,,,,,,,,,,,
2021S051235390941,35390941,London,2021A00053539036,2021,422324,383822,10,0,0,00000,356,2337.5,0.15,10,10,15,5,175,0,0,0,175,98000,170,143000,170,10,310,125,110,15,40.3,35.5,12,,,,,,,,,,,,,,,,,,,,,,,,
2021S051235390942,35390942,London,2021A00053539036,2021,422324,383822,10,1.7,2.4,00000,3056,3042,1,225,235,215,230,1000,0,95,20,1000,94000,1015,105000,1015,365,2330,1485,1275,210,63.7,54.7,14.1,,,,,,,,,,,,,,,,,,,,,,,,
2021S051235390943,35390943,London,2021A00053539036,2021,422324,383822,10,2,2.1,00000,3202,4966.7,0.64,200,380,350,305,1165,0,0,450,1165,81000,1185,100000,1185,580,2780,1960,1685,275,70.5,60.6,14,,,,,,,,,,,,,,,,,,,,,,,,
2021S051235390944,35390944,London,2021A00053539036,2021,422324,383822,10,1.3,3.5,00000,576,3014.1,0.19,35,50,40,20,240,0,0,0,240,77000,225,83000,225,30,415,165,145,20,39.8,34.9,12.1,,,,,,,,,,,,,,,,,,,,,,,,
2021S051235390945,35390945,London,2021A00053539036,2021,422324,383822,10,3.1,6.3,00000,559,5739.2,0.1,30,80,55,40,195,0,0,0,195,101000,180,108000,180,35,390,275,250,25,70.5,64.1,9.1,,,,,,,,,,,,,,,,,,,,,,,,
2021S051235390946,35390946,London,2021A00053539036,2021,422324,383822,10,4.6,4.3,00000,2547,18128.1,0.14,65,330,340,240,1310,0,0,1310,1310,54000,1320,57600,1320,1305,2105,1095,915,175,52,43.5,16,,,,,,,,,,,,,,,,,,,,,,,,
2021S051235390947,35390947,London,2021A00053539036,2021,422324,383822,10,4.7,4.5,00000,775,3497.3,0.22,35,100,110,95,365,0,0,360,360,49200,360,48200,360,360,635,365,310,55,57.5,48.8,15.1,,,,,,,,,,,,,,,,,,,,,,,,
2021S051235390948,35390948,London,2021A00053539036,2021,422324,383822,10,2.3,1.4,00000,548,5377.8,0.1,30,40,50,50,300,0,0,225,295,59600,300,68000,300,135,485,310,260,50,63.9,53.6,16.1,,,,,,,,,,,,,,,,,,,,,,,,
2021S051235390949,35390949,London,2021A00053539036,2021,422324,383822,10,0.6,0.8,00000,1378,3342.2,0.41,95,70,55,75,515,0,0,0,510,100000,515,109200,515,40,1135,715,595,120,63,52.4,16.8,,,,,,,,,,,,,,,,,,,,,,,,
2021S051235390950,35390950,London,2021A00053539036,2021,422324,383822,10,0,0,00000,303,3045.2,0.1,10,15,15,10,115,5,0,0,115,121000,110,138000,110,0,260,165,155,10,63.5,59.6,6.1,,,,,,,,,,,,,,,,,,,,,,,,
2021S051235390951,35390951,London,2021A00053539036,2021,422324,383822,10,1.4,1,00000,1227,4085.9,0.3,100,75,75,85,420,5,0,0,415,103000,410,108400,410,60,905,710,650,60,78.5,71.8,8.5,,,,,,,,,,,,,,,,,,,,,,,,
2021S051235390952,35390952,London,2021A00053539036,2021,422324,383822,10,0,0,00000,481,5279.9,0.09,30,25,5,30,155,0,0,0,160,107000,150,120000,150,10,355,265,235,25,74.6,66.2,9.4,,,,,,,,,,,,,,,,,,,,,,,,
2021S051235390953,35390953,London,2021A00053539036,2021,422324,383822,10,1.5,1.5,00000,849,817.3,1.04,75,70,40,35,260,0,0,0,260,116000,265,126000,265,30,650,470,415,55,72.3,63.8,11.7,,,,,,,,,,,,,,,,,,,,,,,,
2021S051235390954,35390954,London,2021A00053539036,2021,422324,383822,10,0,0,00000,1494,1991.7,0.75,110,115,55,85,470,0,5,0,475,116000,460,116000,460,30,1125,775,680,95,68.9,60.4,12.3,,,,,,,,,,,,,,,,,,,,,,,,
2021S051235390955,35390955,London,2021A00053539036,2021,422324,383822,10,4.7,2.4,00000,402,11044,0.04,20,35,50,60,190,0,50,135,190,58800,170,62000,170,165,260,195,175,15,75,67.3,7.7,,,,,,,,,,,,,,,,,,,,,,,,
2021S051235430647,35430647,Barrie,2021A00053543042,2021,147829,141434,4.5,1,1.4,00000,842,2427.9,0.35,50,55,40,75,290,20,0,0,290,109000,300,108000,300,70,700,425,370,55,60.7,52.9,12.9,,,,,,,,,,,,,,,,,,,,,,,,
2021S051235430648,35430648,Barrie,2021A00053543042,2021,147829,141434,4.5,2.2,4.4,00000,543,3111.7,0.17,30,35,45,40,185,15,0,0,185,107000,170,136000,175,20,445,340,290,45,76.4,65.2,13.2,,,,,,,,,,,,,,,,,,,,,,,,
2021S051235430649,35430649,Barrie,2021A00053543042,2021,147829,141434,4.5,2.7,0,00000,420,4285.7,0.1,25,20,45,30,145,5,0,0,145,102000,145,124000,145,15,365,295,270,30,80.8,74,10.2,,,,,,,,,,,,,,,,,,,,,,,,
2021S051235430650,35430650,Barrie,2021A00053543042,2021,147829,141434,4.5,0.4,1.8,00000,643,3744.9,0.17,25,40,45,45,225,20,0,0,230,108000,230,120000,230,30,545,335,295,40,61.5,54.1,11.9,,,,,,,,,,,,,,,,,,,,,,,,
2021S051235430651,35430651,Barrie,2021A00053543042,2021,147829,141434,4.5,0.7,0,00000,431,2209.1,0.2,30,30,30,35,140,5,0,0,140,115000,135,142000,135,0,375,225,195,30,60,52,13.3,,,,,,,,,,,,,,,,,,,,,,,,
2021S051235430652,35430652,Barrie,2021A00053543042,2021,147829,141434,4.5,2.7,2.1,00000,499,3812.1,0.13,20,45,50,40,190,35,0,0,185,98000,195,108000,200,35,425,285,230,55,67.1,54.1,19.3,,,,,,,,,,,,,,,,,,,,,,,,
2021S051235430653,35430653,Barrie,2021A00053543042,2021,147829,141434,4.5,2.2,2.2,00000,513,1986.8,0.26,25,40,40,30,190,15,0,0,185,105000,185,107000,190,60,410,220,205,15,53.7,50,6.8,,,,,,,,,,,,,,,,,,,,,,,,
2021S051235430654,35430654,Barrie,2021A00053543042,2021,147829,141434,4.5,0.5,2.2,00000,496,4095.8,0.12,25,40,40,40,190,10,0,0,190,101000,180,110000,180,40,370,255,220,35,68.9,59.5,13.7,,,,,,,,,,,,,,,,,,,,,,,,
2021S051235430655,35430655,Barrie,2021A00053543042,2021,147829,141434,4.5,3.3,8.3,00000,637,5264.5,0.12,30,45,50,55,240,5,0,0,240,83000,235,78000,235,60,495,350,300,50,70.7,60.6,14.3,,,,,,,,,,,,,,,,,,,,,,,,
2021S051235430656,35430656,Barrie,2021A00053543042,2021,147829,141434,4.5,1.2,7.3,00000,478,4389.3,0.11,20,30,30,30,170,10,0,0,165,94000,165,103000,165,35,380,240,215,30,63.2,56.6,12.5,,,,,,,,,,,,,,,,,,,,,,,,
2021S051235430657,35430657,Barrie,2021A00053543042,2021,147829,141434,4.5,1,1,00000,1241,1979.9,0.63,65,80,85,100,420,55,0,0,420,106000,415,126400,415,80,1105,740,665,75,67,60.2,10.1,,,,,,,,,,,,,,,,,,,,,,,,
2021S051235430658,35430658,Barrie,2021A00053543042,2021,147829,141434,4.5,0.9,3.6,00000,360,5049.1,0.07,30,35,20,35,115,10,0,0,115,104000,120,104000,115,10,260,185,145,45,71.2,55.8,24.3,,,,,,,,,,,,,,,,,,,,,,,,
2021S051235430659,35430659,Barrie,2021A00053543042,2021,147829,141434,4.5,2.1,4.3,00000,540,3921.6,0.14,40,30,30,40,195,15,0,0,195,110000,180,122000,185,20,430,290,260,30,67.4,60.5,10.3,,,,,,,,,,,,,,,,,,,,,,,,
2021S051235430660,35430660,Barrie,2021A00053543042,2021,147829,141434,4.5,0.5,0,00000,561,3463,0.16,40,35,30,40,185,15,0,0,190,116000,195,118000,195,35,450,320,280,45,71.1,62.2,14.1,,,,,,,,,,,,,,,,,,,,,,,,
2021S051235430661,35430661,Barrie,2021A00053543042,2021,147829,141434,4.5,1.2,4.7,00000,725,452.4,1.6,45,40,35,55,260,70,5,0,255,107000,240,141000,240,55,605,440,375,70,72.7,62,15.9,,,,,,,,,,,,,,,,,,,,,,,,
2021S051235430662,35430662,Barrie,2021A00053543042,2021,147829,141434,4.5,1.8,3.8,00000,616,4839,0.13,40,30,60,50,220,20,5,0,215,103000,220,106000,215,85,425,285,225,60,67.1,52.9,21.1,,,,,,,,,,,,,,,,,,,,,,,,
2021S051235430663,35430663,Barrie,2021A00053543042,2021,147829,141434,4.5,1.5,3,00000,362,5993.4,0.06,25,20,40,50,135,0,0,0,130,104000,135,110000,135,25,320,255,225,30,79.7,70.3,11.8,,,,,,,,,,,,,,,,,,,,,,,,
2021S051235430664,35430664,Barrie,2021A00053543042,2021,147829,141434,4.5,1.7,1.7,00000,685,809.3,0.85,55,45,35,40,235,15,0,0,235,114000,235,115000,235,30,575,405,360,40,70.4,62.6,9.9,,,,,,,,,,,,,,,,,,,,,,,,
2021S051235430665,35430665,Barrie,2021A00053543042,2021,147829,141434,4.5,0.8,6.3,00000,346,237.6,1.46,25,20,15,20,125,15,5,0,125,110000,125,98000,125,25,290,185,165,15,63.8,56.9,8.1,,,,,,,,,,,,,,,,,,,,,,,,
2021S051235430666,35430666,Barrie,2021A00053543042,2021,147829,141434,4.5,1.5,2,00000,572,3986.1,0.14,35,25,30,55,200,10,0,0,195,112000,190,115000,190,30,405,325,290,30,80.2,71.6,9.2,,,,,,,,,,,,,,,,,,,,,,,,
2021S051235430667,35430667,Barrie,2021A00053543042,2021,147829,141434,4.5,0.8,0,00000,428,4617,0.09,45,40,25,20,130,15,0,0,130,126000,130,164000,130,15,370,305,285,20,82.4,77,6.6,,,,,,,,,,,,,,,,,,,,,,,,
2021S051235430668,35430668,Barrie,2021A00053543042,2021,147829,141434,4.5,0.6,0,00000,540,4851.8,0.11,50,30,40,35,165,15,0,0,165,123000,165,148000,170,30,465,375,320,55,80.6,68.8,14.7,,,,,,,,,,,,,,,,,,,,,,,,
2021S051235430669,35430669,Barrie,2021A00053543042,2021,147829,141434,4.5,0.9,1.7,00000,1374,1034.9,1.33,40,70,125,120,675,15,440,0,675,81000,700,90800,700,140,1240,690,630,60,55.6,50.8,8.7,,,,,,,,,,,,,,,,,,,,,,,,
2021S051235430670,35430670,Barrie,2021A00053543042,2021,147829,141434,4.5,0.5,2,00000,1347,578.6,2.33,125,75,45,70,390,15,0,0,395,154000,380,155000,380,25,930,760,690,65,81.7,74.2,8.6,,,,,,,,,,,,,,,,,,,,,,,,
2021S051235430671,35430671,Barrie,2021A00053543042,2021,147829,141434,4.5,1.6,3,00000,385,5407.3,0.07,35,35,30,20,130,5,5,0,130,101000,125,118000,125,30,330,275,235,40,83.3,71.2,14.5,,,,,,,,,,,,,,,,,,,,,,,,
2021S051235430672,35430672,Barrie,2021A00053543042,2021,147829,141434,4.5,0,1.9,00000,646,3465.7,0.19,50,50,50,45,210,20,0,0,210,112000,205,123000,205,45,490,385,345,40,78.6,70.4,10.4,,,,,,,,,,,,,,,,,,,,,,,,
2021S051235430673,35430673,Barrie,2021A00053543042,2021,147829,141434,4.5,4.5,15.8,00010,398,2572.7,0.15,25,20,35,20,160,10,30,0,160,99000,130,108000,130,40,285,190,155,35,66.7,54.4,18.4,,,,,,,,,,,,,,,,,,,,,,,,
2021S051235430674,35430674,Barrie,2021A00053543042,2021,147829,141434,4.5,1.7,3.6,00000,351,4698.8,0.07,40,30,25,20,115,10,0,0,115,109000,120,112000,120,15,295,165,155,10,55.9,52.5,6.1,,,,,,,,,,,,,,,,,,,,,,,,
2021S051235430675,35430675,Barrie,2021A00053543042,2021,147829,141434,4.5,0.6,4.8,00000,507,3598.3,0.14,30,30,30,35,165,20,0,0,160,112000,165,118000,165,15,360,270,235,30,75,65.3,11.1,,,,,,,,,,,,,,,,,,,,,,,,
2021S051235430676,35430676,Barrie,2021A00053543042,2021,147829,141434,4.5,4.2,3.3,00000,354,4758.1,0.07,25,25,35,25,120,10,5,0,120,121000,120,150000,125,10,320,195,165,30,60.9,51.6,15.4,,,,,,,,,,,,,,,,,,,,,,,,
2021S051235430677,35430677,Barrie,2021A00053543042,2021,147829,141434,4.5,1.4,2.9,00000,407,2820.5,0.14,20,30,40,30,145,25,0,0,145,111000,140,102000,140,25,345,220,195,20,63.8,56.5,9.1,,,,,,,,,,,,,,,,,,,,,,,,
2021S051235430678,35430678,Barrie,2021A00053543042,2021,147829,141434,4.5,3.3,1.6,00000,602,1751.5,0.34,30,25,45,45,240,55,25,0,235,85000,245,97000,245,115,495,350,315,40,70.7,63.6,11.4,,,,,,,,,,,,,,,,,,,,,,,,
2021S051235430679,35430679,Barrie,2021A00053543042,2021,147829,141434,4.5,0.8,3.2,00000,346,1982.8,0.17,25,25,20,20,120,5,5,0,115,107000,125,122000,125,20,355,230,180,45,64.8,50.7,19.6,,,,,,,,,,,,,,,,,,,,,,,,
2021S051235430680,35430680,Barrie,2021A00053543042,2021,147829,141434,4.5,2.3,7,00000,413,3470.6,0.12,15,20,45,25,175,10,45,0,180,75500,160,98000,160,25,330,230,195,40,69.7,59.1,17.4,,,,,,,,,,,,,,,,,,,,,,,,
2021S051235430681,35430681,Barrie,2021A00053543042,2021,147829,141434,4.5,2.3,6.8,00000,421,6588.4,0.06,30,20,35,35,175,5,120,0,175,66000,170,71000,175,95,300,195,175,25,65,58.3,12.8,,,,,,,,,,,,,,,,,,,,,,,,
2021S051235430682,35430682,Barrie,2021A00053543042,2021,147829,141434,4.5,1.5,1,00000,838,8802.5,0.1,40,65,120,100,400,0,325,0,400,70000,420,81200,420,225,735,520,450,70,70.7,61.2,13.5,,,,,,,,,,,,,,,,,,,,,,,,
2021S051235430683,35430683,Barrie,2021A00053543042,2021,147829,141434,4.5,1,4.2,00000,578,2054,0.28,50,40,35,40,195,5,5,0,195,125000,190,164000,195,25,465,350,305,55,75.3,65.6,15.7,,,,,,,,,,,,,,,,,,,,,,,,
2021S051235430684,35430684,Barrie,2021A00053543042,2021,147829,141434,4.5,1.5,3,00000,408,2577.4,0.16,30,30,25,15,135,10,0,0,135,174000,135,196000,130,0,330,245,215,30,74.2,65.2,12.2,,,,,,,,,,,,,,,,,,,,,,,,
2021S051235430685,35430685,Barrie,2021A00053543042,2021,147829,141434,4.5,1.1,1.4,00000,700,2660.6,0.26,40,50,50,55,275,5,95,0,275,98000,280,126000,280,60,575,430,390,45,74.8,67.8,10.5,,,,,,,,,,,,,,,,,,,,,,,,
2021S051235430686,35430686,Barrie,2021A00053543042,2021,147829,141434,4.5,0.6,5,00000,918,1463.6,0.63,80,40,40,45,320,5,5,0,320,114000,315,145000,315,50,765,540,480,55,70.6,62.7,10.2,,,,,,,,,,,,,,,,,,,,,,,,
2021S051235430687,35430687,Barrie,2021A00053543042,2021,147829,141434,4.5,0.4,0,00000,770,2213.3,0.35,60,45,30,30,245,15,0,0,250,159000,250,204000,250,20,665,480,455,30,72.2,68.4,6.3,,,,,,,,,,,,,,,,,,,,,,,,
2021S051235430688,35430688,Barrie,2021A00053543042,2021,147829,141434,4.5,1,1.9,00000,581,2584.5,0.22,35,40,30,40,200,10,0,0,205,117000,205,140000,205,25,515,310,290,20,60.2,56.3,6.5,,,,,,,,,,,,,,,,,,,,,,,,
2021S051235430689,35430689,Barrie,2021A00053543042,2021,147829,141434,4.5,1.2,0,00000,625,4477.1,0.14,45,20,35,45,160,10,0,0,165,100000,180,110000,175,25,445,285,230,50,64,51.7,17.5,,,,,,,,,,,,,,,,,,,,,,,,
2021S051235430690,35430690,Barrie,2021A00053543042,2021,147829,141434,4.5,1.7,4.4,00000,1285,4431,0.29,65,70,115,125,460,40,30,0,460,99000,450,114800,450,125,985,740,650,90,75.1,66,12.2,,,,,,,,,,,,,,,,,,,,,,,,
2021S051235430691,35430691,Barrie,2021A00053543042,2021,147829,141434,4.5,1.6,4.5,00000,490,555.4,0.88,35,30,25,35,190,15,0,0,185,97000,165,108000,165,75,375,255,245,10,68,65.3,3.9,,,,,,,,,,,,,,,,,,,,,,,,
2021S051235430693,35430693,Barrie,2021A00053543042,2021,147829,141434,4.5,0.9,1.8,00000,613,6229.7,0.1,50,35,40,65,220,0,25,0,220,101000,225,109000,225,70,500,375,325,50,75,65,13.3,,,,,,,,,,,,,,,,,,,,,,,,
2021S051235430694,35430694,Barrie,2021A00053543042,2021,147829,141434,4.5,0.6,4.9,00000,504,2532.7,0.2,50,20,25,45,165,0,0,0,165,108000,160,100000,160,45,380,230,215,15,60.5,56.6,6.5,,,,,,,,,,,,,,,,,,,,,,,,
2021S051235430696,35430696,Barrie,2021A00053543042,2021,147829,141434,4.5,1.2,4.7,00000,479,5813.1,0.08,40,35,30,25,165,5,0,0,165,114000,170,131000,170,50,430,285,245,40,66.3,57,14,,,,,,,,,,,,,,,,,,,,,,,,
2021S051235430698,35430698,Barrie,2021A00053543042,2021,147829,141434,4.5,0,0,00000,583,4995.7,0.12,65,30,40,35,190,20,0,0,195,104000,190,122000,190,40,490,330,275,50,67.3,56.1,15.2,,,,,,,,,,,,,,,,,,,,,,,,
2021S051235430699,35430699,Barrie,2021A00053543042,2021,147829,141434,4.5,1.8,5.4,00000,671,3930.9,0.17,55,75,40,50,230,30,0,0,225,110000,220,126000,225,60,515,400,345,50,77.7,67,12.5,,,,,,,,,,,,,,,,,,,,,,,,
2021S051235430700,35430700,Barrie,2021A00053543042,2021,147829,141434,4.5,0.9,1.9,00000,589,5913.7,0.1,50,45,50,40,215,0,35,0,210,92000,220,103000,220,65,470,325,300,25,69.1,63.8,7.7,,,,,,,,,,,,,,,,,,,,,,,,
2021S051235430701,35430701,Barrie,2021A00053543042,2021,147829,141434,4.5,2.1,6.3,00000,583,4203.3,0.14,45,30,45,50,190,5,5,0,190,95000,195,111000,190,65,495,330,300,35,66.7,60.6,10.6,,,,,,,,,,,,,,,,,,,,,,,,
2021S051235430702,35430702,Barrie,2021A00053543042,2021,147829,141434,4.5,1.6,4.3,00000,519,4629.8,0.11,30,35,45,50,185,0,0,0,185,105000,185,114000,185,80,420,325,290,35,77.4,69,10.8,,,,,,,,,,,,,,,,,,,,,,,,
2021S051235430703,35430703,Barrie,2021A00053543042,2021,147829,141434,4.5,1.4,3,00000,432,5814.3,0.07,40,30,35,45,140,5,5,0,140,99000,130,98000,130,55,275,235,210,25,85.5,76.4,10.6,,,,,,,,,,,,,,,,,,,,,,,,
2021S051235430704,35430704,Barrie,2021A00053543042,2021,147829,141434,4.5,2.1,0,00000,463,5076.8,0.09,40,25,35,40,145,10,0,0,145,121000,145,128000,150,25,395,295,250,45,74.7,63.3,15.3,,,,,,,,,,,,,,,,,,,,,,,,
2021S051235430705,35430705,Barrie,2021A00053543042,2021,147829,141434,4.5,0.6,0,00000,506,5406,0.09,35,50,35,45,160,5,0,0,160,111000,155,118000,155,40,395,295,255,35,74.7,64.6,11.9,,,,,,,,,,,,,,,,,,,,,,,,
2021S051235430706,35430706,Barrie,2021A00053543042,2021,147829,141434,4.5,1.3,0,00000,677,3703.5,0.18,40,45,50,55,225,5,5,0,230,104000,250,105000,250,65,610,455,385,65,74.6,63.1,14.3,,,,,,,,,,,,,,,,,,,,,,,,
2021S051235430707,35430707,Barrie,2021A00053543042,2021,147829,141434,4.5,1.6,1.6,00000,702,1873.5,0.37,40,45,50,40,250,20,0,0,255,111000,265,117000,270,45,575,430,370,60,74.8,64.3,14,,,,,,,,,,,,,,,,,,,,,,,,
2021S051235430708,35430708,Barrie,2021A00053543042,2021,147829,141434,4.5,1.6,4.2,00000,524,4911,0.11,30,30,50,45,185,15,0,0,185,110000,185,115000,185,45,480,330,300,30,68.8,62.5,9.1,,,,,,,,,,,,,,,,,,,,,,,,
2021S051235430709,35430709,Barrie,2021A00053543042,2021,147829,141434,4.5,2.3,6.3,00000,336,4609.1,0.07,30,25,35,20,130,10,0,0,130,108000,125,122000,125,15,265,200,200,0,75.5,75.5,0,,,,,,,,,,,,,,,,,,,,,,,,
2021S051235430710,35430710,Barrie,2021A00053543042,2021,147829,141434,4.5,0,0,00000,411,3191,0.13,30,25,35,35,145,15,0,0,145,118000,155,124000,155,15,340,255,225,30,75,66.2,11.8,,,,,,,,,,,,,,,,,,,,,,,,
2021S051235430711,35430711,Barrie,2021A00053543042,2021,147829,141434,4.5,1.6,6.4,00000,510,1666.7,0.31,40,30,20,35,185,0,5,0,185,105000,195,115000,195,45,460,305,270,35,66.3,58.7,11.5,,,,,,,,,,,,,,,,,,,,,,,,
2021S051235430712,35430712,Barrie,2021A00053543042,2021,147829,141434,4.5,0.6,2.4,00000,545,5636,0.1,50,35,30,40,170,5,15,0,175,114000,165,116000,165,35,405,310,280,25,76.5,69.1,8.1,,,,,,,,,,,,,,,,,,,,,,,,
2021S051235430713,35430713,Barrie,2021A00053543042,2021,147829,141434,4.5,0.6,2.5,00000,541,5583.1,0.1,50,55,45,20,165,10,5,0,165,113000,150,122000,150,25,400,290,255,35,72.5,63.8,12.1,,,,,,,,,,,,,,,,,,,,,,,,
2021S051235430714,35430714,Barrie,2021A00053543042,2021,147829,141434,4.5,1.6,0,00000,622,1541.9,0.4,55,45,40,55,185,15,0,0,185,138000,175,138000,175,20,515,405,345,60,78.6,67,14.8,,,,,,,,,,,,,,,,,,,,,,,,
2021S051235430988,35430988,Barrie,2021A00053543042,2021,147829,141434,4.5,2,2.8,00000,1899,1555.3,1.22,145,105,130,140,590,30,0,0,585,113000,565,126800,565,160,1370,990,880,115,72.3,64.2,11.6,,,,,,,,,,,,,,,,,,,,,,,,
2021S051235430989,35430989,Barrie,2021A00053543042,2021,147829,141434,4.5,0.9,1.9,00000,1216,5754.9,0.21,90,75,80,105,430,10,0,0,430,102000,455,101200,455,120,1010,760,660,105,75.2,65.3,13.8,,,,,,,,,,,,,,,,,,,,,,,,
2021S051235430992,35430992,Barrie,2021A00053543042,2021,147829,141434,4.5,0.4,1.7,00000,705,686,1.03,50,40,35,30,240,15,0,0,235,133000,235,139000,235,25,555,375,335,35,67.6,60.4,9.3,,,,,,,,,,,,,,,,,,,,,,,,
2021S051235430993,35430993,Barrie,2021A00053543042,2021,147829,141434,4.5,0,2.7,00000,424,4269.9,0.1,35,35,40,25,145,15,0,0,145,119000,145,128000,150,35,365,255,235,25,69.9,64.4,9.8,,,,,,,,,,,,,,,,,,,,,,,,
2021S051235430994,35430994,Barrie,2021A00053543042,2021,147829,141434,4.5,1.2,0,00000,530,2122.5,0.25,40,45,25,30,170,10,0,0,165,111000,165,126000,165,35,455,350,315,35,76.9,69.2,10,,,,,,,,,,,,,,,,,,,,,,,,
2021S051235430995,35430995,Barrie,2021A00053543042,2021,147829,141434,4.5,2,2,00000,627,6424.2,0.1,50,50,45,45,200,5,0,0,200,112000,200,126000,205,35,490,375,330,45,76.5,67.3,12,,,,,,,,,,,,,,,,,,,,,,,,
2021S051235430996,35430996,Barrie,2021A00053543042,2021,147829,141434,4.5,1.4,0,00000,407,1495.8,0.27,25,30,30,45,150,0,0,0,145,102000,155,114000,155,30,360,255,225,30,70.8,62.5,11.8,,,,,,,,,,,,,,,,,,,,,,,,
2021S051235430997,35430997,Barrie,2021A00053543042,2021,147829,141434,4.5,2.9,5.7,00000,385,6536.5,0.06,15,25,35,40,135,0,0,0,140,90000,140,94000,140,50,300,240,215,25,80,71.7,10.4,,,,,,,,,,,,,,,,,,,,,,,,
2021S051235430998,35430998,Barrie,2021A00053543042,2021,147829,141434,4.5,1.9,3.9,00000,865,4479.5,0.19,40,65,85,80,315,15,0,0,315,108000,290,116000,290,50,705,510,460,55,72.3,65.2,10.8,,,,,,,,,,,,,,,,,,,,,,,,
2021S051235430999,35430999,Barrie,2021A00053543042,2021,147829,141434,4.5,4.4,4.4,00000,396,8959.3,0.04,15,20,45,45,180,5,45,0,180,77500,180,87000,180,70,295,220,185,35,74.6,62.7,15.9,,,,,,,,,,,,,,,,,,,,,,,,
2021S051235431000,35431000,Barrie,2021A00053543042,2021,147829,141434,4.5,1.1,2.2,00000,471,3971.3,0.12,35,20,35,35,180,5,30,0,180,81000,200,90000,195,75,400,285,260,25,71.3,65,8.8,,,,,,,,,,,,,,,,,,,,,,,,
2021S051235431001,35431001,Barrie,2021A00053543042,2021,147829,141434,4.5,1.3,2.8,00000,396,3376,0.12,15,25,40,45,150,10,0,0,150,96000,135,106000,135,15,275,220,195,20,80,70.9,9.1,,,,,,,,,,,,,,,,,,,,,,,,
2021S051235431002,35431002,Barrie,2021A00053543042,2021,147829,141434,4.5,0.8,0,00000,378,3080.7,0.12,25,35,25,30,125,5,0,0,125,107000,130,118000,130,35,300,200,170,30,66.7,56.7,15,,,,,,,,,,,,,,,,,,,,,,,,
2021S051235431003,35431003,Barrie,2021A00053543042,2021,147829,141434,4.5,2.1,2.8,00000,769,1578.4,0.49,55,65,50,55,280,15,5,0,280,75000,295,92000,295,165,655,395,315,85,60.3,48.1,21.5,,,,,,,,,,,,,,,,,,,,,,,,
2021S051235431004,35431004,Barrie,2021A00053543042,2021,147829,141434,4.5,3.2,4,00000,540,1751.5,0.31,10,10,30,35,315,30,0,15,310,64000,300,65000,300,140,455,150,135,15,33,29.7,10,,,,,,,,,,,,,,,,,,,,,,,,
2021S051235431005,35431005,Barrie,2021A00053543042,2021,147829,141434,4.5,0.7,0,00000,373,1916.8,0.19,20,25,25,25,135,10,0,0,135,107000,135,104000,135,25,305,210,185,20,68.9,60.7,9.5,,,,,,,,,,,,,,,,,,,,,,,,
2021S051235431006,35431006,Barrie,2021A00053543042,2021,147829,141434,4.5,1.8,0,00000,426,253.6,1.68,25,25,45,40,170,45,0,0,165,100000,180,95000,180,60,430,320,255,65,74.4,59.3,20.3,,,,,,,,,,,,,,,,,,,,,,,,
2021S051235431007,35431007,Barrie,2021A00053543042,2021,147829,141434,4.5,1.1,2.2,00000,476,2660.7,0.18,20,30,30,35,180,10,10,0,180,103000,190,118000,185,50,425,295,270,30,69.4,63.5,10.2,,,,,,,,,,,,,,,,,,,,,,,,
2021S051235431008,35431008,Barrie,2021A00053543042,2021,147829,141434,4.5,0.6,0,00000,457,2485,0.18,30,25,15,20,160,0,0,0,160,128000,155,136000,160,15,335,215,195,15,64.2,58.2,7,,,,,,,,,,,,,,,,,,,,,,,,
2021S051235431009,35431009,Barrie,2021A00053543042,2021,147829,141434,4.5,1.9,5.8,00000,538,2923.9,0.18,20,30,45,55,210,15,15,0,205,100000,205,100000,205,35,410,230,200,30,56.1,48.8,13,,,,,,,,,,,,,,,,,,,,,,,,
2021S051235431010,35431010,Barrie,2021A00053543042,2021,147829,141434,4.5,3.9,7.4,00000,515,3554.2,0.14,25,35,45,25,200,5,115,0,205,56000,195,75500,195,125,405,205,175,35,50.6,43.2,17.1,,,,,,,,,,,,,,,,,,,,,,,,
2021S051235431011,35431011,Barrie,2021A00053543042,2021,147829,141434,4.5,0.7,0,00000,420,2985.1,0.14,30,25,25,30,140,15,0,0,145,117000,150,120000,145,35,320,220,200,20,68.8,62.5,9.1,,,,,,,,,,,,,,,,,,,,,,,,
2021S051235431012,35431012,Barrie,2021A00053543042,2021,147829,141434,4.5,1.4,2.7,00000,409,3899,0.1,15,30,30,25,150,5,25,0,150,84000,135,112000,140,50,320,225,170,55,70.3,53.1,24.4,,,,,,,,,,,,,,,,,,,,,,,,
2021S051235431013,35431013,Barrie,2021A00053543042,2021,147829,141434,4.5,1.6,2.1,00000,579,2020.2,0.29,30,30,35,35,180,5,0,0,185,92000,190,121000,190,20,430,310,285,30,72.1,66.3,9.7,,,,,,,,,,,,,,,,,,,,,,,,
2021S051235431014,35431014,Barrie,2021A00053543042,2021,147829,141434,4.5,3.8,4.2,00000,403,628.4,0.64,20,25,40,45,185,55,25,0,185,66000,190,78000,185,85,370,260,250,10,70.3,67.6,3.8,,,,,,,,,,,,,,,,,,,,,,,,
2021S051235431015,35431015,Barrie,2021A00053543042,2021,147829,141434,4.5,3.2,2.6,00000,347,1541.5,0.23,15,30,25,30,155,30,20,0,155,79500,160,98000,155,75,285,160,140,20,56.1,49.1,12.5,,,,,,,,,,,,,,,,,,,,,,,,
2021S051235431016,35431016,Barrie,2021A00053543042,2021,147829,141434,4.5,3.5,2.5,00000,395,1743.2,0.23,5,20,40,40,175,30,50,0,170,64500,160,100000,160,80,290,185,155,35,63.8,53.4,18.9,,,,,,,,,,,,,,,,,,,,,,,,
2021S051235431017,35431017,Barrie,2021A00053543042,2021,147829,141434,4.5,5.7,9.4,00000,459,3080.5,0.15,20,35,50,50,230,25,90,0,225,56000,200,62000,200,130,325,245,205,45,75.4,63.1,18.4,,,,,,,,,,,,,,,,,,,,,,,,
2021S051235431018,35431018,Barrie,2021A00053543042,2021,147829,141434,4.5,2.5,3.8,00000,446,2249.1,0.2,0,10,25,25,320,0,0,310,325,59600,300,69500,300,105,410,190,165,20,46.3,40.2,10.5,,,,,,,,,,,,,,,,,,,,,,,,
2021S051235431019,35431019,Barrie,2021A00053543042,2021,147829,141434,4.5,2,1.2,00000,1076,2906.5,0.37,10,30,30,50,660,10,60,525,655,77500,690,98600,690,165,1060,305,275,30,28.8,25.9,9.8,,,,,,,,,,,,,,,,,,,,,,,,
2021S051235431020,35431020,Barrie,2021A00053543042,2021,147829,141434,4.5,4.8,3.6,00000,449,984.9,0.46,5,35,50,40,210,45,70,0,205,64500,225,67000,230,160,375,220,170,45,58.7,45.3,20.5,,,,,,,,,,,,,,,,,,,,,,,,
2021S051235431021,35431021,Barrie,2021A00053543042,2021,147829,141434,4.5,3.9,4.9,00000,520,1983.2,0.26,20,60,70,40,230,45,60,0,230,64000,255,72500,255,165,515,325,255,70,63.1,49.5,21.5,,,,,,,,,,,,,,,,,,,,,,,,
2021S051235431022,35431022,Barrie,2021A00053543042,2021,147829,141434,4.5,4.7,12.5,00010,433,421.5,1.03,10,35,35,45,215,15,45,140,215,60400,195,65000,195,175,370,235,175,55,63.5,47.3,23.4,,,,,,,,,,,,,,,,,,,,,,,,
2021S051235431023,35431023,Barrie,2021A00053543042,2021,147829,141434,4.5,2.1,2.4,00000,570,884.1,0.64,25,20,35,60,335,5,315,0,335,53600,335,59600,335,230,495,285,240,45,57.6,48.5,15.8,,,,,,,,,,,,,,,,,,,,,,,,
2021S051235431024,35431024,Barrie,2021A00053543042,2021,147829,141434,4.5,0,0,00000,497,4303,0.12,40,25,40,35,190,25,25,0,190,74000,205,78500,205,135,445,320,270,55,71.9,60.7,17.2,,,,,,,,,,,,,,,,,,,,,,,,
2021S051235431025,35431025,Barrie,2021A00053543042,2021,147829,141434,4.5,2.3,2.6,00000,941,6552.9,0.14,40,40,70,60,310,10,50,170,305,66500,315,81000,315,220,630,405,355,50,64.3,56.3,12.3,,,,,,,,,,,,,,,,,,,,,,,,
2021S051235431026,35431026,Barrie,2021A00053543042,2021,147829,141434,4.5,0.7,0,00000,432,3195.3,0.14,20,25,25,25,150,20,0,0,150,119000,150,164000,150,20,370,225,205,20,60.8,55.4,8.9,,,,,,,,,,,,,,,,,,,,,,,,
2021S051235431027,35431027,Barrie,2021A00053543042,2021,147829,141434,4.5,1.2,0,00000,544,2439.5,0.22,20,25,20,25,165,15,0,0,165,110000,170,105000,170,10,420,235,190,45,56,45.2,19.1,,,,,,,,,,,,,,,,,,,,,,,,
2021S051235431028,35431028,Barrie,2021A00053543042,2021,147829,141434,4.5,2.8,0,00000,353,4002.3,0.09,25,30,40,15,145,25,5,0,140,76500,140,92000,140,50,315,195,185,15,61.9,58.7,7.7,,,,,,,,,,,,,,,,,,,,,,,,
2021S051235431029,35431029,Barrie,2021A00053543042,2021,147829,141434,4.5,0.8,0,00000,324,4675.3,0.07,15,15,20,45,130,5,0,0,130,87000,130,73000,130,35,235,175,140,30,74.5,59.6,17.1,,,,,,,,,,,,,,,,,,,,,,,,
2021S051235431030,35431030,Barrie,2021A00053543042,2021,147829,141434,4.5,2.6,0,00000,522,3936.7,0.13,25,35,50,45,195,20,10,0,195,69500,205,82000,205,65,435,290,235,55,66.7,54,19,,,,,,,,,,,,,,,,,,,,,,,,
2021S051235431031,35431031,Barrie,2021A00053543042,2021,147829,141434,4.5,2.3,7.3,00000,593,5485.7,0.11,20,35,50,70,220,10,0,0,220,82000,215,89000,215,60,480,330,300,30,68.8,62.5,9.1,,,,,,,,,,,,,,,,,,,,,,,,
2021S051235431032,35431032,Barrie,2021A00053543042,2021,147829,141434,4.5,0,0,00000,438,1367.9,0.32,20,20,20,15,160,5,5,0,160,141000,170,222000,170,10,390,235,215,20,60.3,55.1,8.5,,,,,,,,,,,,,,,,,,,,,,,,
2021S051235431033,35431033,Barrie,2021A00053543042,2021,147829,141434,4.5,4.2,2.6,00000,389,3652.6,0.11,20,20,30,35,145,5,0,0,145,81000,155,77000,155,85,320,195,180,15,60.9,56.3,7.7,,,,,,,,,,,,,,,,,,,,,,,,
2021S051235431034,35431034,Barrie,2021A00053543042,2021,147829,141434,4.5,0,0,00000,552,2782.3,0.2,5,15,15,20,120,10,0,0,125,97000,130,108000,125,10,285,155,150,0,54.4,52.6,0,,,,,,,,,,,,,,,,,,,,,,,,
2021S051235431035,35431035,Barrie,2021A00053543042,2021,147829,141434,4.5,0,0,00000,424,3389.3,0.13,15,20,20,50,160,5,0,0,165,106000,165,128000,165,0,380,220,200,25,57.9,52.6,11.4,,,,,,,,,,,,,,,,,,,,,,,,
2021S051235431036,35431036,Barrie,2021A00053543042,2021,147829,141434,4.5,0.6,0,00000,463,3704,0.13,25,35,25,45,155,10,0,0,160,109000,155,120000,155,25,395,295,260,35,74.7,65.8,11.9,,,,,,,,,,,,,,,,,,,,,,,,
2021S051235431037,35431037,Barrie,2021A00053543042,2021,147829,141434,4.5,0.6,0,00000,412,3368.8,0.12,30,25,20,25,155,20,0,0,155,86000,160,96000,160,30,340,210,185,25,61.8,54.4,11.9,,,,,,,,,,,,,,,,,,,,,,,,
2021S051235431038,35431038,Barrie,2021A00053543042,2021,147829,141434,4.5,1.5,3.1,00000,461,4428.4,0.1,15,20,10,30,260,0,90,130,260,41200,255,50400,255,235,380,130,110,20,34.2,28.9,15.4,,,,,,,,,,,,,,,,,,,,,,,,
2021S051235431039,35431039,Barrie,2021A00053543042,2021,147829,141434,4.5,1.4,1.4,00000,500,2844.1,0.18,10,20,35,30,290,0,0,265,290,52000,300,58400,300,270,485,225,170,50,46.4,35.1,22.2,,,,,,,,,,,,,,,,,,,,,,,,
2021S051235431040,35431040,Barrie,2021A00053543042,2021,147829,141434,4.5,4.1,5.1,00000,535,3874,0.14,25,40,50,55,240,5,140,0,240,58000,230,56400,230,120,420,185,160,25,44,38.1,13.5,,,,,,,,,,,,,,,,,,,,,,,,
2021S051235431041,35431041,Barrie,2021A00053543042,2021,147829,141434,4.5,3.1,0,00000,354,3290,0.11,25,30,40,30,125,5,45,0,125,76500,130,88000,130,80,320,225,180,35,70.3,56.3,15.6,,,,,,,,,,,,,,,,,,,,,,,,
2021S051235431042,35431042,Barrie,2021A00053543042,2021,147829,141434,4.5,1.6,3.2,00000,319,4557.1,0.07,20,25,25,45,125,5,15,0,125,65500,125,94000,125,70,290,195,170,30,67.2,58.6,15.4,,,,,,,,,,,,,,,,,,,,,,,,
2021S051235431043,35431043,Barrie,2021A00053543042,2021,147829,141434,4.5,4.6,7.9,00000,391,1272.8,0.31,25,20,35,35,150,15,0,0,150,73000,150,92000,150,25,315,255,195,60,81,61.9,23.5,,,,,,,,,,,,,,,,,,,,,,,,
2021S051235431044,35431044,Barrie,2021A00053543042,2021,147829,141434,4.5,5,2.7,00000,680,1483.1,0.46,30,35,55,85,300,45,95,0,295,77500,310,89000,310,140,605,385,340,40,63.6,56.2,10.4,,,,,,,,,,,,,,,,,,,,,,,,
2021S051235431045,35431045,Barrie,2021A00053543042,2021,147829,141434,4.5,1.3,0,00000,546,2358.5,0.23,25,25,60,60,235,40,40,0,235,74000,235,80000,235,105,445,295,245,50,66.3,55.1,16.9,,,,,,,,,,,,,,,,,,,,,,,,
2021S051235431046,35431046,Barrie,2021A00053543042,2021,147829,141434,4.5,3.2,6.3,00000,426,2572.5,0.17,20,35,35,60,190,30,25,0,190,78000,195,94000,190,60,380,270,240,35,71.1,63.2,13,,,,,,,,,,,,,,,,,,,,,,,,
2021S051235431047,35431047,Barrie,2021A00053543042,2021,147829,141434,4.5,3,9.1,00000,524,4633.1,0.11,10,35,45,50,225,25,70,65,225,55600,220,65500,220,165,350,200,185,15,57.1,52.9,7.5,,,,,,,,,,,,,,,,,,,,,,,,
2021S051235431048,35431048,Barrie,2021A00053543042,2021,147829,141434,4.5,3.6,4.2,00000,402,4388.6,0.09,10,45,45,60,195,35,75,0,190,62400,205,69500,205,150,345,235,185,45,68.1,53.6,19.1,,,,,,,,,,,,,,,,,,,,,,,,
2021S051235431049,35431049,Barrie,2021A00053543042,2021,147829,141434,4.5,3.7,4,00000,398,4163.2,0.1,15,30,40,30,190,20,80,0,185,68500,200,70500,200,115,355,215,170,45,60.6,47.9,20.9,,,,,,,,,,,,,,,,,,,,,,,,
2021S051235431050,35431050,Barrie,2021A00053543042,2021,147829,141434,4.5,3.7,6.7,00000,400,2105.3,0.19,10,30,40,30,240,15,55,150,240,35600,235,47200,235,205,320,180,135,45,56.3,42.2,25,,,,,,,,,,,,,,,,,,,,,,,,
2021S051235431051,35431051,Barrie,2021A00053543042,2021,147829,141434,4.5,6.2,13,00010,396,3036.8,0.13,15,15,35,35,205,40,70,0,205,57200,180,76500,180,95,305,210,190,25,68.9,62.3,11.9,,,,,,,,,,,,,,,,,,,,,,,,
2021S051235431052,35431052,Barrie,2021A00053543042,2021,147829,141434,4.5,4,6,00000,647,3142.3,0.21,20,40,55,30,275,35,70,100,275,53200,270,73000,270,160,420,215,185,30,51.2,44,14,,,,,,,,,,,,,,,,,,,,,,,,
2021S051235431053,35431053,Barrie,2021A00053543042,2021,147829,141434,4.5,4,4.3,00000,408,946,0.43,25,30,50,40,170,30,40,0,175,78000,185,105000,185,80,415,275,240,40,66.3,57.8,14.5,,,,,,,,,,,,,,,,,,,,,,,,
2021S051235431054,35431054,Barrie,2021A00053543042,2021,147829,141434,4.5,1.1,3.4,00000,781,4326.9,0.18,25,40,55,45,355,10,45,170,355,54000,345,62800,340,235,605,340,310,25,56.2,51.2,7.4,,,,,,,,,,,,,,,,,,,,,,,,
2021S051235431055,35431055,Barrie,2021A00053543042,2021,147829,141434,4.5,4.1,1.9,00000,427,3009.2,0.14,15,30,30,45,215,40,70,0,215,58000,225,71000,225,135,380,245,215,35,64.5,56.6,14.3,,,,,,,,,,,,,,,,,,,,,,,,
2021S051235431056,35431056,Barrie,2021A00053543042,2021,147829,141434,4.5,1.2,1.6,00000,582,2515.1,0.23,35,35,30,50,255,0,0,210,255,40800,245,52800,250,200,380,190,155,40,50,40.8,21.1,,,,,,,,,,,,,,,,,,,,,,,,
2021S051235431057,35431057,Barrie,2021A00053543042,2021,147829,141434,4.5,3.6,6.1,00000,328,2167.9,0.15,10,25,30,10,135,15,15,0,140,100000,120,116000,120,30,245,160,145,20,65.3,59.2,12.5,,,,,,,,,,,,,,,,,,,,,,,,
2021S051235431058,35431058,Barrie,2021A00053543042,2021,147829,141434,4.5,0.9,0,00000,427,502.3,0.85,15,20,20,35,220,0,55,125,215,48000,230,55200,230,160,390,175,130,35,44.9,33.3,20,,,,,,,,,,,,,,,,,,,,,,,,
2021S051235431059,35431059,Barrie,2021A00053543042,2021,147829,141434,4.5,8,11.3,00010,737,4574.8,0.16,10,40,70,50,390,15,155,195,395,50000,365,69200,360,340,540,285,230,65,52.8,42.6,22.8,,,,,,,,,,,,,,,,,,,,,,,,
2021S051235431060,35431060,Barrie,2021A00053543042,2021,147829,141434,4.5,2.4,3.9,00000,577,1502.2,0.38,0,35,60,45,415,10,130,185,410,36000,435,53400,435,365,585,235,215,15,40.2,36.8,6.4,,,,,,,,,,,,,,,,,,,,,,,,
2021S051235431061,35431061,Barrie,2021A00053543042,2021,147829,141434,4.5,3.4,10.8,00010,471,10085.7,0.05,5,30,50,45,320,0,70,250,320,59600,315,72500,315,115,445,245,220,25,55.1,49.4,10.2,,,,,,,,,,,,,,,,,,,,,,,,
2021S051235431062,35431062,Barrie,2021A00053543042,2021,147829,141434,4.5,4.2,7.1,00000,486,5657.7,0.09,15,10,30,30,290,0,45,190,285,73000,265,99000,265,90,445,180,160,20,40.4,36,11.1,,,,,,,,,,,,,,,,,,,,,,,,
2021S051235431063,35431063,Barrie,2021A00053543042,2021,147829,141434,4.5,3.8,5.8,00000,511,2686.6,0.19,10,20,20,20,350,0,155,135,345,34400,350,63600,355,290,475,190,170,20,40,35.8,10.5,,,,,,,,,,,,,,,,,,,,,,,,
2021S051235431064,35431064,Barrie,2021A00053543042,2021,147829,141434,4.5,1.5,2,00000,475,1985.8,0.24,20,35,35,30,200,15,20,0,200,93000,210,120000,210,70,425,290,250,35,68.2,58.8,12.1,,,,,,,,,,,,,,,,,,,,,,,,
2021S051235431065,35431065,Barrie,2021A00053543042,2021,147829,141434,4.5,3.1,4.2,00000,398,4094.7,0.1,15,35,50,35,200,15,125,0,195,54400,210,63600,210,175,350,255,205,50,72.9,58.6,19.6,,,,,,,,,,,,,,,,,,,,,,,,
2021S051235431066,35431066,Barrie,2021A00053543042,2021,147829,141434,4.5,3.1,9.1,00000,409,5210.2,0.08,10,20,45,30,225,15,160,0,220,46400,220,66500,220,185,385,200,160,40,51.9,41.6,20,,,,,,,,,,,,,,,,,,,,,,,,
2021S051235431067,35431067,Barrie,2021A00053543042,2021,147829,141434,4.5,2.3,1.8,00000,493,2936.3,0.17,15,40,65,45,215,40,15,0,220,83000,240,86000,245,105,450,315,290,25,70,64.4,7.9,,,,,,,,,,,,,,,,,,,,,,,,
2021S051235431068,35431068,Barrie,2021A00053543042,2021,147829,141434,4.5,6.4,11.5,00019,256,2529.6,0.1,10,15,25,25,110,20,5,0,105,102000,,,100,40,225,145,130,20,64.4,57.8,13.8,,,,,,,,,,,,,,6,6,,,,,,,,,
2021S051235431069,35431069,Barrie,2021A00053543042,2021,147829,141434,4.5,4.8,12.7,00010,570,4216,0.14,30,75,60,50,230,25,95,0,230,71500,200,99000,200,115,430,245,235,10,57,54.7,4.1,,,,,,,,,,,,,,,,,,,,,,,,
2021S051235431070,35431070,Barrie,2021A00053543042,2021,147829,141434,4.5,1.1,2.2,00000,475,2868.4,0.17,25,20,30,45,180,20,0,0,180,99000,185,108000,185,35,400,250,235,15,62.5,58.8,6,,,,,,,,,,,,,,,,,,,,,,,,
2021S051235431071,35431071,Barrie,2021A00053543042,2021,147829,141434,4.5,4.5,3.9,00000,483,2738.1,0.18,20,45,65,50,200,30,0,5,200,83000,215,110000,215,50,450,275,245,30,61.1,54.4,10.9,,,,,,,,,,,,,,,,,,,,,,,,
2021S051235431072,35431072,Barrie,2021A00053543042,2021,147829,141434,4.5,1.4,2.9,00000,601,3680.3,0.16,20,45,55,45,280,10,0,175,280,52800,285,66000,280,200,505,215,185,35,42.6,36.6,16.3,,,,,,,,,,,,,,,,,,,,,,,,
2021S051235431073,35431073,Barrie,2021A00053543042,2021,147829,141434,4.5,2.3,2,00000,841,896.5,0.94,30,90,100,60,395,10,235,50,395,74000,390,80800,390,180,765,485,430,55,63.4,56.2,11.3,,,,,,,,,,,,,,,,,,,,,,,,
2021S051235431074,35431074,Barrie,2021A00053543042,2021,147829,141434,4.5,0,0,00909,248,3096.1,0.08,15,5,20,20,100,5,0,0,,,,,105,10,210,155,150,10,73.8,71.4,6.5,,,,,,,,,,,,6,6,6,6,,,,,,,,,
2021S051235431075,35431075,Barrie,2021A00053543042,2021,147829,141434,4.5,1.5,3.3,00000,1259,1272.9,0.99,85,80,70,60,475,35,75,0,475,106000,490,132500,490,140,1140,670,610,60,58.8,53.5,9,,,,,,,,,,,,,,,,,,,,,,,,
2021S051235431076,35431076,Barrie,2021A00053543042,2021,147829,141434,4.5,0.7,2.9,00000,395,4674.6,0.08,25,40,40,20,140,15,0,0,140,106000,135,122000,135,35,345,245,205,40,71,59.4,16.3,,,,,,,,,,,,,,,,,,,,,,,,
2021S051235431077,35431077,Barrie,2021A00053543042,2021,147829,141434,4.5,1,2.1,00000,574,3266.9,0.18,40,45,35,45,190,25,0,0,195,112000,190,107000,190,40,405,290,250,45,71.6,61.7,15.5,,,,,,,,,,,,,,,,,,,,,,,,
2021S051235431078,35431078,Barrie,2021A00053543042,2021,147829,141434,4.5,1.3,2.8,00000,426,4456.1,0.1,35,25,30,25,160,35,0,0,155,113000,145,108000,140,40,315,210,175,35,66.7,55.6,16.7,,,,,,,,,,,,,,,,,,,,,,,,
2021S051235431079,35431079,Barrie,2021A00053543042,2021,147829,141434,4.5,1.2,2.3,00000,539,4220.8,0.13,30,55,40,35,165,10,0,0,170,118000,175,125000,180,35,440,360,325,30,81.8,73.9,8.3,,,,,,,,,,,,,,,,,,,,,,,,
2021S051235431080,35431080,Barrie,2021A00053543042,2021,147829,141434,4.5,1.4,1.9,00000,657,4823.8,0.14,50,60,60,55,210,35,0,0,210,107000,225,114000,225,45,530,410,355,55,77.4,67,13.4,,,,,,,,,,,,,,,,,,,,,,,,
2021S051235431081,35431081,Barrie,2021A00053543042,2021,147829,141434,4.5,1,0,00000,568,4257.9,0.13,35,35,45,35,195,5,0,0,190,109000,200,110000,200,55,455,310,260,50,68.1,57.1,16.1,,,,,,,,,,,,,,,,,,,,,,,,
2021S051235431082,35431082,Barrie,2021A00053543042,2021,147829,141434,4.5,1.3,5.6,00000,404,3623.3,0.11,25,35,35,25,150,15,0,0,150,106000,130,100000,135,0,330,180,155,25,54.5,47,13.9,,,,,,,,,,,,,,,,,,,,,,,,
2021S051235431083,35431083,Barrie,2021A00053543042,2021,147829,141434,4.5,2,5.6,00000,379,3301.4,0.11,15,25,25,35,150,25,5,0,150,83000,135,94000,135,50,305,195,165,30,63.9,54.1,15.4,,,,,,,,,,,,,,,,,,,,,,,,
2021S051235431084,35431084,Barrie,2021A00053543042,2021,147829,141434,4.5,5.9,2.5,00000,425,4399.6,0.1,25,35,55,40,170,35,40,0,170,81000,165,79000,165,90,330,195,160,35,59.1,48.5,17.9,,,,,,,,,,,,,,,,,,,,,,,,
2021S051235431085,35431085,Barrie,2021A00053543042,2021,147829,141434,4.5,2.6,2.6,00000,444,5298.3,0.08,15,25,55,40,160,15,5,0,155,88000,160,102000,160,30,385,280,260,25,72.7,67.5,8.9,,,,,,,,,,,,,,,,,,,,,,,,
2021S051235431086,35431086,Barrie,2021A00053543042,2021,147829,141434,4.5,3.6,2.4,00000,461,2702.2,0.17,30,30,40,30,170,25,5,0,165,90000,165,95000,165,25,400,230,195,35,57.5,48.8,15.2,,,,,,,,,,,,,,,,,,,,,,,,
2021S051235431087,35431087,Barrie,2021A00053543042,2021,147829,141434,4.5,2.2,0,00000,478,1873,0.26,25,30,45,40,180,30,0,0,180,92000,175,114000,175,25,410,275,245,30,67.1,59.8,10.9,,,,,,,,,,,,,,,,,,,,,,,,
2021S051235431089,35431089,Barrie,2021A00053543042,2021,147829,141434,4.5,2.9,5.3,00000,993,4992.5,0.2,50,60,90,90,385,65,35,0,385,94000,380,112400,380,115,860,615,540,75,71.5,62.8,12.2,,,,,,,,,,,,,,,,,,,,,,,,
2021S051235431090,35431090,Barrie,2021A00053543042,2021,147829,141434,4.5,1.6,1.8,00000,1818,1967.3,0.92,110,125,130,155,680,60,80,0,685,96000,695,105000,695,210,1455,1025,850,170,70.4,58.4,16.6,,,,,,,,,,,,,,,,,,,,,,,,
2021S051235431091,35431091,Barrie,2021A00053543042,2021,147829,141434,4.5,1.4,3.3,00000,936,2047.2,0.46,85,55,55,80,365,5,50,0,365,78500,360,88000,360,190,705,530,450,80,75.2,63.8,15.1,,,,,,,,,,,,,,,,,,,,,,,,
2021S051235431092,35431092,Barrie,2021A00053543042,2021,147829,141434,4.5,2.8,2.8,00000,463,5167.4,0.09,45,40,25,20,145,15,0,0,145,108000,150,130000,150,20,365,255,205,50,69.9,56.2,19.6,,,,,,,,,,,,,,,,,,,,,,,,
2021S051235431099,35431099,Barrie,2021A00053543042,2021,147829,141434,4.5,2,4.1,00000,501,2471.6,0.2,20,20,50,30,195,10,30,0,195,110000,200,138000,200,50,400,275,245,30,68.8,61.3,10.9,,,,,,,,,,,,,,,,,,,,,,,,
2021S051235431101,35431101,Barrie,2021A00053543042,2021,147829,141434,4.5,0.9,0,00000,544,3203.8,0.17,25,25,45,40,230,20,25,60,230,71500,260,78500,260,60,475,270,240,35,56.8,50.5,13,,,,,,,,,,,,,,,,,,,,,,,,
2021S051235431102,35431102,Barrie,2021A00053543042,2021,147829,141434,4.5,1.1,2.2,00000,453,4171.3,0.11,30,20,35,35,185,25,30,0,185,81000,180,90000,180,60,360,210,190,20,58.3,52.8,9.5,,,,,,,,,,,,,,,,,,,,,,,,
2021S051235431103,35431103,Barrie,2021A00053543042,2021,147829,141434,4.5,0.7,0,00000,358,3845.3,0.09,25,30,30,25,145,25,25,0,145,91000,150,100000,145,45,335,180,165,15,53.7,49.3,8.3,,,,,,,,,,,,,,,,,,,,,,,,
2021S051235431104,35431104,Barrie,2021A00053543042,2021,147829,141434,4.5,5.2,4.1,00000,601,2308.9,0.26,40,65,65,30,190,15,0,0,190,105000,195,121000,195,35,560,365,325,50,65.2,58,13.7,,,,,,,,,,,,,,,,,,,,,,,,
2021S051235431105,35431105,Barrie,2021A00053543042,2021,147829,141434,4.5,0.8,6.9,00000,398,4202.7,0.09,25,50,40,35,125,25,0,0,125,107000,115,118000,115,25,305,245,230,15,80.3,75.4,6.1,,,,,,,,,,,,,,,,,,,,,,,,
2021S051235431109,35431109,Barrie,2021A00053543042,2021,147829,141434,4.5,2.4,1.6,00000,486,3673.5,0.13,25,20,45,20,250,10,55,65,250,55200,265,62400,265,185,460,225,205,15,48.9,44.6,6.7,,,,,,,,,,,,,,,,,,,,,,,,
2021S051235431110,35431110,Barrie,2021A00053543042,2021,147829,141434,4.5,4.4,11.9,00010,539,3202.6,0.17,35,45,50,30,275,0,0,175,270,68500,245,87000,245,165,455,230,195,35,50.5,42.9,15.2,,,,,,,,,,,,,,,,,,,,,,,,
2021S051235431111,35431111,Barrie,2021A00053543042,2021,147829,141434,4.5,1.8,1.9,00000,440,3273.8,0.13,10,35,30,25,225,0,110,0,220,73500,225,104000,230,120,410,190,165,25,46.3,40.2,13.2,,,,,,,,,,,,,,,,,,,,,,,,
2021S051235431112,35431112,Barrie,2021A00053543042,2021,147829,141434,4.5,2.3,5.9,00000,546,1908.4,0.29,20,35,35,25,265,20,90,5,265,76500,265,109000,265,105,510,260,230,35,51,45.1,13.5,,,,,,,,,,,,,,,,,,,,,,,,
2021S051235431113,35431113,Barrie,2021A00053543042,2021,147829,141434,4.5,2.3,3.8,00000,476,1217.7,0.39,30,25,30,40,220,10,40,0,220,98000,210,238000,210,55,395,250,230,25,63.3,58.2,10,,,,,,,,,,,,,,,,,,,,,,,,
2021S051235431114,35431114,Barrie,2021A00053543042,2021,147829,141434,4.5,0,0,00000,481,2231,0.22,25,30,35,30,210,25,10,0,210,102000,200,103000,200,35,350,220,200,20,62.9,57.1,9.1,,,,,,,,,,,,,,,,,,,,,,,,
2021S051235431115,35431115,Barrie,2021A00053543042,2021,147829,141434,4.5,1.4,0,00000,508,2422.5,0.21,20,35,30,40,215,15,30,0,210,92000,220,112000,220,55,420,290,250,40,69,59.5,13.8,,,,,,,,,,,,,,,,,,,,,,,,
2021S051235431116,35431116,Barrie,2021A00053543042,2021,147829,141434,4.5,1.3,1.8,00000,543,2871.5,0.19,30,40,60,35,230,40,35,0,230,79000,240,82000,240,85,470,310,240,65,66,51.1,21,,,,,,,,,,,,,,,,,,,,,,,,
2021S051235431117,35431117,Barrie,2021A00053543042,2021,147829,141434,4.5,1.5,3.1,00000,486,2674.7,0.18,30,25,20,20,130,5,0,0,130,96000,125,94000,125,35,305,170,160,10,55.7,52.5,5.9,,,,,,,,,,,,,,,,,,,,,,,,
2021S051235431118,35431118,Barrie,2021A00053543042,2021,147829,141434,4.5,7.4,10,00010,530,3703.7,0.14,25,105,65,40,205,20,20,65,200,71500,200,91000,205,145,500,340,280,65,68,56,19.1,,,,,,,,,,,,,,,,,,,,,,,,
2021S051235431119,35431119,Barrie,2021A00053543042,2021,147829,141434,4.5,1,2,00000,1989,2468,0.81,175,135,55,60,590,0,0,0,585,156000,590,184000,590,45,1555,1055,950,105,67.8,61.1,10,,,,,,,,,,,,,,,,,,,,,,,,
2021S051235431120,35431120,Barrie,2021A00053543042,2021,147829,141434,4.5,2.2,3.6,00000,652,836.8,0.78,50,25,30,30,225,10,0,0,220,178000,225,226000,225,20,525,385,355,30,73.3,67.6,7.8,,,,,,,,,,,,,,,,,,,,,,,,
2021S051235431121,35431121,Barrie,2021A00053543042,2021,147829,141434,4.5,1.8,0,00000,470,2913.8,0.16,30,40,25,15,170,10,0,0,170,126000,175,139000,175,0,435,265,225,40,60.9,51.7,15.1,,,,,,,,,,,,,,,,,,,,,,,,
2021S051235431122,35431122,Barrie,2021A00053543042,2021,147829,141434,4.5,0.7,2.6,00000,466,4555.2,0.1,50,45,30,25,150,5,0,0,150,132000,150,150000,150,0,380,280,260,20,73.7,68.4,7.1,,,,,,,,,,,,,,,,,,,,,,,,
2021S051235431123,35431123,Barrie,2021A00053543042,2021,147829,141434,4.5,0,0,00000,420,4166.7,0.1,40,55,25,10,140,0,0,0,140,123000,130,160000,130,20,385,250,220,25,64.9,57.1,10,,,,,,,,,,,,,,,,,,,,,,,,
2021S051235431124,35431124,Barrie,2021A00053543042,2021,147829,141434,4.5,0,2.7,00000,412,2245.2,0.18,25,25,20,30,140,5,0,0,145,106000,140,120000,140,15,340,270,240,25,79.4,70.6,9.3,,,,,,,,,,,,,,,,,,,,,,,,
2021S051235431125,35431125,Barrie,2021A00053543042,2021,147829,141434,4.5,0,0,00000,329,3790.3,0.09,25,30,15,5,110,0,0,0,110,144000,110,148000,110,20,300,215,185,30,71.7,61.7,14,,,,,,,,,,,,,,,,,,,,,,,,
2021S051235431126,35431126,Barrie,2021A00053543042,2021,147829,141434,4.5,1.4,2.8,00000,472,4618.4,0.1,30,40,25,15,140,10,0,0,140,148000,135,142000,135,15,390,300,250,50,76.9,64.1,16.7,,,,,,,,,,,,,,,,,,,,,,,,
2021S051235431127,35431127,Barrie,2021A00053543042,2021,147829,141434,4.5,1.6,1.8,00000,1247,1660.5,0.75,105,80,40,75,450,5,55,0,450,114000,445,143000,445,95,1020,630,590,40,61.8,57.8,6.3,,,,,,,,,,,,,,,,,,,,,,,,
2021S051235431128,35431128,Barrie,2021A00053543042,2021,147829,141434,4.5,0.9,7.4,00000,353,2819.5,0.13,25,40,15,5,110,0,0,0,115,154000,105,148000,105,15,255,165,135,30,64.7,52.9,18.2,,,,,,,,,,,,,,,,,,,,,,,,
2021S051235431129,35431129,Barrie,2021A00053543042,2021,147829,141434,4.5,1.3,0,00000,434,1792.6,0.24,25,10,20,10,155,0,0,0,150,122000,145,130000,150,0,365,240,225,20,65.8,61.6,8.3,,,,,,,,,,,,,,,,,,,,,,,,
2021S051235431131,35431131,Barrie,2021A00053543042,2021,147829,141434,4.5,1,0,00000,665,2595.6,0.26,85,35,25,25,190,10,0,0,190,162000,205,188000,205,0,580,410,380,30,70.7,65.5,7.3,,,,,,,,,,,,,,,,,,,,,,,,
2021S051235431132,35431132,Barrie,2021A00053543042,2021,147829,141434,4.5,2.3,1.2,00000,1176,4312.4,0.27,125,55,35,55,350,5,0,0,350,134000,360,133000,360,55,955,705,620,80,73.8,64.9,11.3,,,,,,,,,,,,,,,,,,,,,,,,
2021S051235431135,35431135,Barrie,2021A00053543042,2021,147829,141434,4.5,1.6,1.6,00000,2992,4601.7,0.65,225,220,225,225,985,30,65,45,985,101000,965,110600,970,305,2335,1650,1415,235,70.7,60.6,14.2,,,,,,,,,,,,,,,,,,,,,,,,
2021S051235431136,35431136,Barrie,2021A00053543042,2021,147829,141434,4.5,0.8,3.1,00000,457,4800.4,0.1,45,45,25,20,130,5,0,0,130,130000,125,150000,125,0,340,245,210,35,72.1,61.8,14.3,,,,,,,,,,,,,,,,,,,,,,,,
2021S051235431137,35431137,Barrie,2021A00053543042,2021,147829,141434,4.5,0,0,00000,526,5417.1,0.1,50,35,30,25,165,5,0,0,160,118000,165,118000,165,15,420,305,265,40,72.6,63.1,13.1,,,,,,,,,,,,,,,,,,,,,,,,
2021S051235431139,35431139,Barrie,2021A00053543042,2021,147829,141434,4.5,1.3,2.4,00000,411,1389.5,0.3,20,10,35,40,160,10,0,5,160,108000,165,113000,165,45,355,230,205,20,64.8,57.7,8.7,,,,,,,,,,,,,,,,,,,,,,,,
2021S051235431140,35431140,Barrie,2021A00053543042,2021,147829,141434,4.5,0,0,00000,334,1452.2,0.23,15,30,35,30,115,10,0,0,110,113000,115,142000,115,0,320,220,190,30,68.8,59.4,13.6,,,,,,,,,,,,,,,,,,,,,,,,
2021S051235431141,35431141,Barrie,2021A00053543042,2021,147829,141434,4.5,1.4,2.8,00000,377,2077.1,0.18,15,20,30,15,140,0,0,0,145,115000,135,118000,135,15,320,215,180,30,67.2,56.3,14,,,,,,,,,,,,,,,,,,,,,,,,
2021S051235431309,35431309,Barrie,2021A00053543042,2021,147829,141434,4.5,1.3,1.3,00000,642,2359.4,0.27,10,10,10,0,305,0,260,0,305,51200,310,69500,310,135,455,60,50,10,13.2,11,16.7,,,,,,,,,,,,,,,,,,,,,,,,
2021S051235431310,35431310,Barrie,2021A00053543042,2021,147829,141434,4.5,0.4,0,00000,638,1625.1,0.39,25,25,25,30,250,30,15,0,245,98000,260,141000,255,40,570,320,270,50,56.1,47.4,15.6,,,,,,,,,,,,,,,,,,,,,,,,
2021S051235431311,35431311,Barrie,2021A00053543042,2021,147829,141434,4.5,4.2,4.8,00000,429,745.8,0.58,15,20,25,20,240,25,140,0,235,53200,235,75000,240,170,355,145,140,10,40.8,39.4,6.9,,,,,,,,,,,,,,,,,,,,,,,,
2021S051235431312,35431312,Barrie,2021A00053543042,2021,147829,141434,4.5,1.3,1.4,00000,772,3081.8,0.25,45,35,85,80,305,0,0,0,305,105000,295,112000,295,85,625,420,370,55,67.2,59.2,13.1,,,,,,,,,,,,,,,,,,,,,,,,
2021S051235431313,35431313,Barrie,2021A00053543042,2021,147829,141434,4.5,2.5,3.3,00000,346,2429.8,0.14,15,15,30,40,120,0,0,0,120,109000,125,130000,120,10,330,240,220,25,72.7,66.7,10.4,,,,,,,,,,,,,,,,,,,,,,,,
2021S051235431314,35431314,Barrie,2021A00053543042,2021,147829,141434,4.5,1.2,2.4,00000,529,4727.4,0.11,15,15,20,20,170,15,55,15,165,26800,170,63600,170,135,270,125,110,10,46.3,40.7,8,,,,,,,,,,,,,,,,,,,,,,,,
2021S051235431315,35431315,Barrie,2021A00053543042,2021,147829,141434,4.5,2,2,00000,421,3139.4,0.13,20,20,35,35,195,35,75,0,200,69500,205,86000,205,115,390,250,220,30,64.1,56.4,12,,,,,,,,,,,,,,,,,,,,,,,,
2021S051235431316,35431316,Barrie,2021A00053543042,2021,147829,141434,4.5,3.6,2.9,00000,392,3453.7,0.11,15,40,35,35,140,10,0,0,140,86000,140,100000,140,60,395,250,200,50,63.3,50.6,20,,,,,,,,,,,,,,,,,,,,,,,,
2021S051235431317,35431317,Barrie,2021A00053543042,2021,147829,141434,4.5,1.4,0,00000,395,4026.5,0.1,20,20,35,40,150,35,0,0,145,92000,150,102000,150,40,315,220,195,25,69.8,61.9,11.4,,,,,,,,,,,,,,,,,,,,,,,,
2021S051235431318,35431318,Barrie,2021A00053543042,2021,147829,141434,4.5,3.2,5.3,00000,422,4527.9,0.09,20,40,50,45,155,15,5,0,155,99000,150,106000,145,50,325,255,215,40,78.5,66.2,15.7,,,,,,,,,,,,,,,,,,,,,,,,
2021S051235431319,35431319,Barrie,2021A00053543042,2021,147829,141434,4.5,3.5,5.7,00000,406,2114.6,0.19,20,10,35,45,145,5,0,0,145,101000,135,116000,140,10,340,235,200,35,69.1,58.8,14.9,,,,,,,,,,,,,,,,,,,,,,,,
2021S051235431320,35431320,Barrie,2021A00053543042,2021,147829,141434,4.5,1.2,0,00909,247,5323.3,0.05,15,15,15,20,85,10,0,0,,,,,85,0,195,120,115,10,61.5,59,8.3,,,,,,,,,,,,6,6,6,6,,,,,,,,,
2021S051235431321,35431321,Barrie,2021A00053543042,2021,147829,141434,4.5,2.7,4.1,00000,1368,244.2,5.6,80,80,110,110,580,10,65,65,585,91000,595,100000,595,170,1130,765,680,90,67.7,60.2,11.8,,,,,,,,,,,,,,,,,,,,,,,,
2021S051235431322,35431322,Barrie,2021A00053543042,2021,147829,141434,4.5,1.1,2.1,00000,602,6480.1,0.09,45,40,25,55,185,0,0,0,185,119000,200,138000,200,35,470,375,330,45,79.8,70.2,12,,,,,,,,,,,,,,,,,,,,,,,,
2021S051235431323,35431323,Barrie,2021A00053543042,2021,147829,141434,4.5,1.3,5.4,00000,397,2314.9,0.17,30,20,20,35,155,10,30,0,150,99000,145,114000,145,35,305,195,160,40,63.9,52.5,20.5,,,,,,,,,,,,,,,,,,,,,,,,
2021S051235431324,35431324,Barrie,2021A00053543042,2021,147829,141434,4.5,3.4,0,00000,580,94.3,6.15,40,35,30,40,180,15,0,0,180,82000,180,95000,180,120,440,250,210,35,56.8,47.7,14,,,,,,,,,,,,,,,,,,,,,,,,
2021S051235431325,35431325,Barrie,2021A00053543042,2021,147829,141434,4.5,1.7,3.2,00000,323,3262.6,0.1,20,20,15,20,120,10,0,0,120,104000,125,116000,125,20,295,180,155,25,61,52.5,13.9,,,,,,,,,,,,,,,,,,,,,,,,
2021S051235431338,35431338,Barrie,2021A00053543042,2021,147829,141434,4.5,0.8,3.3,00000,321,4427.6,0.07,15,20,20,15,120,10,0,0,120,78000,115,98000,115,40,250,145,120,25,58,48,17.2,,,,,,,,,,,,,,,,,,,,,,,,
2021S051235431339,35431339,Barrie,2021A00053543042,2021,147829,141434,4.5,2.4,2.4,00000,584,5457.9,0.11,55,50,40,40,170,20,0,0,170,123000,170,117000,165,25,460,295,255,40,64.1,55.4,13.6,,,,,,,,,,,,,,,,,,,,,,,,
2021S051235431340,35431340,Barrie,2021A00053543042,2021,147829,141434,4.5,0,0,00000,296,1769.3,0.17,15,30,20,20,100,0,0,0,95,141000,100,154000,100,15,285,195,190,10,68.4,66.7,5.1,,,,,,,,,,,,,,,,,,,,,,,,
2021S051235431342,35431342,Barrie,2021A00053543042,2021,147829,141434,4.5,1.5,4.1,00000,583,3377.8,0.17,45,25,40,55,205,5,0,0,210,105000,195,97000,200,60,405,305,270,35,75.3,66.7,11.5,,,,,,,,,,,,,,,,,,,,,,,,
2021S051235431346,35431346,Barrie,2021A00053543042,2021,147829,141434,4.5,5.5,10.5,00010,917,3531,0.26,45,185,125,90,310,35,15,0,310,92000,300,91000,300,125,760,550,480,65,72.4,63.2,11.8,,,,,,,,,,,,,,,,,,,,,,,,
2021S051235431347,35431347,Barrie,2021A00053543042,2021,147829,141434,4.5,3.4,7.1,00000,800,4651.2,0.17,40,110,105,80,270,40,0,0,265,94000,270,103000,270,130,705,510,450,60,72.3,63.8,11.8,,,,,,,,,,,,,,,,,,,,,,,,
2021S051235431348,35431348,Barrie,2021A00053543042,2021,147829,141434,4.5,8.1,18.3,00010,721,4050.6,0.18,65,115,95,50,235,35,35,0,235,103000,210,121000,205,75,550,455,415,40,82.7,75.5,8.8,,,,,,,,,,,,,,,,,,,,,,,,
2021S051235431349,35431349,Barrie,2021A00053543042,2021,147829,141434,4.5,0.5,2.1,00000,522,2597,0.2,35,30,30,30,190,10,5,0,185,100000,190,115000,190,35,475,320,270,55,67.4,56.8,17.2,,,,,,,,,,,,,,,,,,,,,,,,
2021S051235431350,35431350,Barrie,2021A00053543042,2021,147829,141434,4.5,2.3,2,00000,565,3498.5,0.16,30,40,50,40,210,20,0,0,215,104000,205,113000,210,45,500,285,265,25,57,53,8.8,,,,,,,,,,,,,,,,,,,,,,,,
2021S051235431352,35431352,Barrie,2021A00053543042,2021,147829,141434,4.5,0.4,1.7,00000,806,4517.9,0.18,90,50,50,50,235,5,0,0,240,132000,230,143000,230,25,625,430,390,45,68.8,62.4,10.5,,,,,,,,,,,,,,,,,,,,,,,,
2021S051235431353,35431353,Barrie,2021A00053543042,2021,147829,141434,4.5,1,2,00000,991,2300.9,0.43,75,85,45,45,390,0,0,160,395,88000,410,103200,410,35,890,470,405,60,52.8,45.5,12.8,,,,,,,,,,,,,,,,,,,,,,,,
2021S051235431354,35431354,Barrie,2021A00053543042,2021,147829,141434,4.5,2.6,0,00000,407,298.6,1.36,20,30,25,20,150,5,0,0,155,103000,160,134000,155,15,365,205,190,10,56.2,52.1,4.9,,,,,,,,,,,,,,,,,,,,,,,,
2021S051235431355,35431355,Barrie,2021A00053543042,2021,147829,141434,4.5,2.1,5.2,00000,6357,3900.5,1.63,550,335,290,380,1865,30,0,0,1860,125000,1835,134000,1835,325,4565,3255,2870,385,71.3,62.9,11.8,,,,,,,,,,,,,,,,,,,,,,,,
2021S051235431364,35431364,Barrie,2021A00053543042,2021,147829,141434,4.5,2.7,3.7,00000,1055,1012.6,1.04,60,205,110,115,335,25,25,0,335,93000,345,97200,340,150,835,625,535,90,74.9,64.1,14.4,,,,,,,,,,,,,,,,,,,,,,,,
2021S051235431365,35431365,Barrie,2021A00053543042,2021,147829,141434,4.5,1.1,0,00000,513,4835.1,0.11,30,60,50,50,180,5,0,0,180,102000,185,116000,185,35,450,330,290,35,73.3,64.4,10.6,,,,,,,,,,,,,,,,,,,,,,,,
2021S051235431366,35431366,Barrie,2021A00053543042,2021,147829,141434,4.5,3.8,3.8,00000,1013,4283.3,0.24,70,160,115,95,315,35,0,0,320,102000,315,108000,315,120,795,630,555,75,79.2,69.8,11.9,,,,,,,,,,,,,,,,,,,,,,,,
2021S051235431367,35431367,Barrie,2021A00053543042,2021,147829,141434,4.5,5.7,5.1,00000,417,3235.1,0.13,25,45,45,45,155,20,0,0,160,85000,160,105000,160,50,425,310,260,50,72.9,61.2,16.1,,,,,,,,,,,,,,,,,,,,,,,,
2021S051235431368,35431368,Barrie,2021A00053543042,2021,147829,141434,4.5,1.8,3.9,00000,1100,6790.1,0.16,65,105,135,115,400,15,105,0,400,85000,410,89600,410,185,845,635,550,85,75.1,65.1,13.4,,,,,,,,,,,,,,,,,,,,,,,,
2021S051235431369,35431369,Barrie,2021A00053543042,2021,147829,141434,4.5,2.2,4.3,00000,2185,2465.6,0.89,210,145,100,155,645,25,0,0,640,127000,640,140800,645,100,1680,1200,1035,165,71.4,61.6,13.8,,,,,,,,,,,,,,,,,,,,,,,,
2021S051235431370,35431370,Barrie,2021A00053543042,2021,147829,141434,4.5,1,1.3,00000,1085,1019.4,1.06,110,80,60,60,310,15,0,0,310,152000,295,168000,295,20,860,665,580,95,77.3,67.4,14.3,,,,,,,,,,,,,,,,,,,,,,,,
2021S051235431371,35431371,Barrie,2021A00053543042,2021,147829,141434,4.5,1.1,2.2,00000,645,5546,0.12,55,45,45,35,180,20,0,0,180,138000,185,134000,190,25,515,390,350,40,75.7,68,10.3,,,,,,,,,,,,,,,,,,,,,,,,
2021S051235431372,35431372,Barrie,2021A00053543042,2021,147829,141434,4.5,2.7,3.6,00000,339,425.1,0.8,40,25,25,20,115,5,0,0,110,121000,110,146000,110,20,295,220,165,55,74.6,55.9,25,,,,,,,,,,,,,,,,,,,,,,,,
2021S051235431373,35431373,Barrie,2021A00053543042,2021,147829,141434,4.5,5.5,3,00000,304,35.1,8.67,10,20,30,20,125,10,0,0,125,87000,145,90000,140,45,330,220,190,30,66.7,57.6,13.6,,,,,,,,,,,,,,,,,,,,,,,,
2021S051235431380,35431380,Barrie,2021A00053543042,2021,147829,141434,4.5,6.4,17.4,00010,925,71.3,12.98,40,60,135,120,375,5,0,30,375,92000,325,98000,330,110,660,470,410,55,71.2,62.1,11.7,,,,,,,,,,,,,,,,,,,,,,,,
2021S051235530032,35530032,Greater Sudbury / Grand Sudbury,2021A00053553005,2021,166004,161531,2.8,2.2,2.4,00000,409,26.1,15.65,20,20,30,25,175,25,15,0,175,91000,165,88000,165,40,345,200,170,30,58,49.3,15,,,,,,,,,,,,,,,,,,,,,,,,
2021S051235530034,35530034,Greater Sudbury / Grand Sudbury,2021A00053553005,2021,166004,161531,2.8,4.6,6,00000,518,2651,0.2,40,40,25,30,195,5,15,0,195,87000,200,99000,200,45,460,250,220,30,54.3,47.8,12,,,,,,,,,,,,,,,,,,,,,,,,
2021S051235530036,35530036,Greater Sudbury / Grand Sudbury,2021A00053553005,2021,166004,161531,2.8,1.3,0,00000,772,2493.5,0.31,55,40,35,35,310,20,0,0,310,101000,315,118000,315,85,640,370,335,35,57.8,52.3,9.5,,,,,,,,,,,,,,,,,,,,,,,,
2021S051235530037,35530037,Greater Sudbury / Grand Sudbury,2021A00053553005,2021,166004,161531,2.8,2.2,2.3,00000,452,2096.5,0.22,25,30,30,30,180,10,5,0,180,93000,170,110000,170,25,355,205,180,25,57.7,50.7,12.2,,,,,,,,,,,,,,,,,,,,,,,,
2021S051235530038,35530038,Greater Sudbury / Grand Sudbury,2021A00053553005,2021,166004,161531,2.8,6.3,6.4,00000,389,3310.6,0.12,15,50,35,25,190,20,115,0,190,58800,195,71500,195,145,305,210,175,30,68.9,57.4,14.3,,,,,,,,,,,,,,,,,,,,,,,,
2021S051235530039,35530039,Greater Sudbury / Grand Sudbury,2021A00053553005,2021,166004,161531,2.8,2.2,6.1,00000,325,2260.1,0.14,10,25,30,25,140,25,0,0,140,92000,130,96000,130,45,250,180,170,10,72,68,5.6,,,,,,,,,,,,,,,,,,,,,,,,
2021S051235530040,35530040,Greater Sudbury / Grand Sudbury,2021A00053553005,2021,166004,161531,2.8,2.3,6.7,00000,424,40.3,10.52,25,40,25,20,180,20,0,0,175,92000,170,127000,170,45,390,280,255,25,71.8,65.4,8.9,,,,,,,,,,,,,,,,,,,,,,,,
2021S051235530041,35530041,Greater Sudbury / Grand Sudbury,2021A00053553005,2021,166004,161531,2.8,1.1,4.3,00000,448,712.9,0.63,25,15,25,25,180,0,5,0,180,105000,175,113000,175,20,380,235,220,15,61.8,57.9,6.4,,,,,,,,,,,,,,,,,,,,,,,,
2021S051235530042,35530042,Greater Sudbury / Grand Sudbury,2021A00053553005,2021,166004,161531,2.8,0.6,2.4,00000,317,2788,0.11,15,15,20,15,160,0,0,0,160,86000,175,97000,170,25,330,195,180,15,59.1,54.5,7.7,,,,,,,,,,,,,,,,,,,,,,,,
2021S051235530043,35530043,Greater Sudbury / Grand Sudbury,2021A00053553005,2021,166004,161531,2.8,2.2,2.1,00000,438,2388.2,0.18,20,35,25,25,180,10,5,0,185,105000,185,103000,185,10,400,250,215,35,62.5,53.8,14,,,,,,,,,,,,,,,,,,,,,,,,
2021S051235530044,35530044,Greater Sudbury / Grand Sudbury,2021A00053553005,2021,166004,161531,2.8,2.2,4.4,00000,503,874,0.58,35,30,30,40,185,20,0,0,185,78000,190,98000,190,95,405,230,190,40,56.8,46.9,17.4,,,,,,,,,,,,,,,,,,,,,,,,
2021S051235530045,35530045,Greater Sudbury / Grand Sudbury,2021A00053553005,2021,166004,161531,2.8,3,8.2,00000,452,2261.1,0.2,15,25,25,30,200,15,5,0,195,96000,185,125000,185,10,360,205,190,15,56.9,52.8,7.3,,,,,,,,,,,,,,,,,,,,,,,,
2021S051235530046,35530046,Greater Sudbury / Grand Sudbury,2021A00053553005,2021,166004,161531,2.8,1.4,1.2,00000,717,2808.5,0.26,35,75,75,55,345,5,155,0,345,79000,355,92800,355,155,650,395,340,55,60.8,52.3,13.9,,,,,,,,,,,,,,,,,,,,,,,,
2021S051235530047,35530047,Greater Sudbury / Grand Sudbury,2021A00053553005,2021,166004,161531,2.8,1.6,2.2,00000,607,2580.8,0.24,25,40,40,25,190,5,45,0,190,92000,195,105000,195,50,365,245,215,30,67.1,58.9,12.2,,,,,,,,,,,,,,,,,,,,,,,,
2021S051235530049,35530049,Greater Sudbury / Grand Sudbury,2021A00053553005,2021,166004,161531,2.8,0.6,0,00000,470,2123.8,0.22,20,30,30,30,175,5,0,0,175,85000,180,98000,180,50,360,250,215,30,69.4,59.7,12,,,,,,,,,,,,,,,,,,,,,,,,
2021S051235530050,35530050,Greater Sudbury / Grand Sudbury,2021A00053553005,2021,166004,161531,2.8,0.6,2.6,00000,378,2865.8,0.13,20,20,30,25,155,0,0,0,150,105000,150,116000,150,15,300,205,195,10,68.3,65,4.9,,,,,,,,,,,,,,,,,,,,,,,,
2021S051235530051,35530051,Greater Sudbury / Grand Sudbury,2021A00053553005,2021,166004,161531,2.8,1.6,2.1,00000,325,4850.7,0.07,15,15,20,10,185,5,10,115,185,46400,200,71500,200,165,320,135,120,10,42.2,37.5,7.4,,,,,,,,,,,,,,,,,,,,,,,,
2021S051235530052,35530052,Greater Sudbury / Grand Sudbury,2021A00053553005,2021,166004,161531,2.8,1,0,00000,1109,830.9,1.33,65,50,55,75,400,20,15,0,400,131000,405,153500,405,25,915,620,570,50,67.8,62.3,8.1,,,,,,,,,,,,,,,,,,,,,,,,
2021S051235530053,35530053,Greater Sudbury / Grand Sudbury,2021A00053553005,2021,166004,161531,2.8,2.1,2.8,00000,363,2956,0.12,25,20,25,20,145,10,0,0,140,91000,140,90000,140,30,255,145,130,15,56.9,51,10.3,,,,,,,,,,,,,,,,,,,,,,,,
2021S051235530054,35530054,Greater Sudbury / Grand Sudbury,2021A00053553005,2021,166004,161531,2.8,2.6,4,00000,473,2877.1,0.16,20,30,35,25,190,20,15,0,195,91000,195,99000,195,45,350,235,215,15,67.1,61.4,6.4,,,,,,,,,,,,,,,,,,,,,,,,
2021S051235530055,35530055,Greater Sudbury / Grand Sudbury,2021A00053553005,2021,166004,161531,2.8,1.5,0,00000,307,2329.3,0.13,20,15,20,25,135,30,5,0,135,95000,125,98000,125,10,285,155,130,25,54.4,45.6,16.1,,,,,,,,,,,,,,,,,,,,,,,,
2021S051235530056,35530056,Greater Sudbury / Grand Sudbury,2021A00053553005,2021,166004,161531,2.8,0,2.8,00000,376,2846.3,0.13,15,20,15,25,155,25,5,0,155,107000,145,122000,145,20,295,150,135,20,50.8,45.8,13.3,,,,,,,,,,,,,,,,,,,,,,,,
2021S051235530057,35530057,Greater Sudbury / Grand Sudbury,2021A00053553005,2021,166004,161531,2.8,0.3,0,00000,620,1206.7,0.51,10,10,5,15,285,0,165,0,285,42800,295,71000,295,170,430,190,160,25,44.2,37.2,13.2,,,,,,,,,,,,,,,,,,,,,,,,
2021S051235530058,35530058,Greater Sudbury / Grand Sudbury,2021A00053553005,2021,166004,161531,2.8,2.6,1.2,00000,751,1944.6,0.39,50,50,55,55,345,40,50,0,345,66500,355,71200,360,190,635,370,270,100,58.3,42.5,27,,,,,,,,,,,,,,,,,,,,,,,,
2021S051235530062,35530062,Greater Sudbury / Grand Sudbury,2021A00053553005,2021,166004,161531,2.8,0.8,6.5,00000,277,2493.2,0.11,20,30,30,25,120,20,10,0,120,82000,125,84000,125,40,260,175,155,20,67.3,59.6,11.4,,,,,,,,,,,,,,,,,,,,,,,,
2021S051235530063,35530063,Greater Sudbury / Grand Sudbury,2021A00053553005,2021,166004,161531,2.8,6.2,2.5,00000,750,1081.8,0.69,30,60,75,45,340,60,45,0,335,78000,320,108800,320,125,595,375,320,55,63,53.8,14.7,,,,,,,,,,,,,,,,,,,,,,,,
2021S051235530064,35530064,Greater Sudbury / Grand Sudbury,2021A00053553005,2021,166004,161531,2.8,6.6,6.6,00000,428,1259.2,0.34,20,75,70,30,245,45,110,0,240,56800,245,62000,240,150,390,265,245,20,67.9,62.8,7.5,,,,,,,,,,,,,,,,,,,,,,,,
2021S051235530065,35530065,Greater Sudbury / Grand Sudbury,2021A00053553005,2021,166004,161531,2.8,5.9,10.3,00010,375,5259.5,0.07,10,40,35,35,220,35,85,65,220,44000,225,55600,225,195,340,210,175,40,61.8,51.5,19,,,,,,,,,,,,,,,,,,,,,,,,
2021S051235530066,35530066,Greater Sudbury / Grand Sudbury,2021A00053553005,2021,166004,161531,2.8,8.5,9.2,00000,598,2038.2,0.29,15,70,50,40,410,30,110,205,410,26000,400,37000,400,370,480,230,190,40,47.9,39.6,17.4,,,,,,,,,,,,,,,,,,,,,,,,
2021S051235530067,35530067,Greater Sudbury / Grand Sudbury,2021A00053553005,2021,166004,161531,2.8,5.6,8.7,00000,380,1129.3,0.34,15,35,55,30,200,65,60,0,200,61200,180,71000,180,120,280,165,135,30,58.9,48.2,18.2,,,,,,,,,,,,,,,,,,,,,,,,
2021S051235530068,35530068,Greater Sudbury / Grand Sudbury,2021A00053553005,2021,166004,161531,2.8,7.4,5.3,00000,394,3540,0.11,25,25,15,20,240,20,125,50,240,30200,235,34800,235,205,305,90,75,15,29.5,24.6,16.7,,,,,,,,,,,,,,,,,,,,,,,,
2021S051235530069,35530069,Greater Sudbury / Grand Sudbury,2021A00053553005,2021,166004,161531,2.8,3,4.4,00000,885,5822.4,0.15,40,55,65,70,440,15,110,260,435,37600,455,51200,455,370,700,295,240,55,42.1,34.3,18.6,,,,,,,,,,,,,,,,,,,,,,,,
2021S051235530072,35530072,Greater Sudbury / Grand Sudbury,2021A00053553005,2021,166004,161531,2.8,7,14,00010,479,4418.8,0.11,15,75,55,40,225,55,120,0,230,51200,245,65500,240,155,445,320,260,55,71.9,58.4,17.2,,,,,,,,,,,,,,,,,,,,,,,,
2021S051235530075,35530075,Greater Sudbury / Grand Sudbury,2021A00053553005,2021,166004,161531,2.8,9.2,11.9,00010,356,4233.1,0.08,20,50,30,25,185,40,110,0,185,48400,165,61600,165,115,295,160,125,35,54.2,42.4,21.9,,,,,,,,,,,,,,,,,,,,,,,,
2021S051235530076,35530076,Greater Sudbury / Grand Sudbury,2021A00053553005,2021,166004,161531,2.8,9.3,11.5,00010,511,2888.6,0.18,20,60,55,40,255,85,85,0,255,56800,250,61200,250,125,440,265,235,25,60.2,53.4,9.4,,,,,,,,,,,,,,,,,,,,,,,,
2021S051235530077,35530077,Greater Sudbury / Grand Sudbury,2021A00053553005,2021,166004,161531,2.8,12.7,19.7,01010,609,3074.2,0.2,25,85,65,45,325,50,200,0,325,48000,290,58800,290,205,460,325,280,40,70.7,60.9,12.3,,,,,,,,,,,,,,,,,,,,,,,,
2021S051235530079,35530079,Greater Sudbury / Grand Sudbury,2021A00053553005,2021,166004,161531,2.8,8.4,12.8,00010,667,3855.5,0.17,30,50,75,55,345,40,175,0,345,56800,330,68400,335,210,520,385,330,45,74,63.5,11.7,,,,,,,,,,,,,,,,,,,,,,,,
2021S051235530081,35530081,Greater Sudbury / Grand Sudbury,2021A00053553005,2021,166004,161531,2.8,7.4,11,00010,562,2736.1,0.21,20,45,45,30,375,20,170,150,375,34800,370,45200,370,340,515,250,210,35,48.5,40.8,14,,,,,,,,,,,,,,,,,,,,,,,,
2021S051235530082,35530082,Greater Sudbury / Grand Sudbury,2021A00053553005,2021,166004,161531,2.8,9.5,6.8,00000,550,2386.1,0.23,35,80,75,60,295,20,190,0,295,49600,325,54200,325,275,560,370,330,40,66.1,58.9,10.8,,,,,,,,,,,,,,,,,,,,,,,,
2021S051235530083,35530083,Greater Sudbury / Grand Sudbury,2021A00053553005,2021,166004,161531,2.8,13,15,01010,712,1872.2,0.38,20,95,140,100,340,30,250,0,345,52800,335,69600,330,260,490,350,305,40,71.4,62.2,11.4,,,,,,,,,,,,,,,,,,,,,,,,
2021S051235530084,35530084,Greater Sudbury / Grand Sudbury,2021A00053553005,2021,166004,161531,2.8,9.4,14.8,00010,430,3647.2,0.12,25,35,45,45,210,15,115,0,215,56800,225,65000,230,145,420,265,210,60,63.1,50,22.6,,,,,,,,,,,,,,,,,,,,,,,,
2021S051235530085,35530085,Greater Sudbury / Grand Sudbury,2021A00053553005,2021,166004,161531,2.8,19.8,18,01010,385,5126.5,0.08,10,45,35,30,205,50,70,0,205,57200,195,69500,195,105,335,195,185,15,58.2,55.2,7.7,,,,,,,,,,,,,,,,,,,,,,,,
2021S051235530086,35530086,Greater Sudbury / Grand Sudbury,2021A00053553005,2021,166004,161531,2.8,3.1,3.9,00000,397,2026.5,0.2,10,35,35,30,195,35,40,0,195,77000,220,89000,225,70,415,245,225,20,59,54.2,8.2,,,,,,,,,,,,,,,,,,,,,,,,
2021S051235530087,35530087,Greater Sudbury / Grand Sudbury,2021A00053553005,2021,166004,161531,2.8,4.3,10.8,00010,579,396,1.46,30,40,65,55,295,35,120,0,300,66000,310,74500,310,135,545,310,255,55,56.9,46.8,17.7,,,,,,,,,,,,,,,,,,,,,,,,
2021S051235530088,35530088,Greater Sudbury / Grand Sudbury,2021A00053553005,2021,166004,161531,2.8,11.8,11.3,01010,448,236.2,1.9,30,35,45,40,230,25,110,0,230,53200,220,63200,220,110,365,265,215,50,72.6,58.9,18.9,,,,,,,,,,,,,,,,,,,,,,,,
2021S051235530089,35530089,Greater Sudbury / Grand Sudbury,2021A00053553005,2021,166004,161531,2.8,10,16.1,01010,479,5112.1,0.09,25,45,45,45,240,25,165,0,240,45200,220,51600,220,160,350,215,165,50,61.4,47.1,23.3,,,,,,,,,,,,,,,,,,,,,,,,
2021S051235530090,35530090,Greater Sudbury / Grand Sudbury,2021A00053553005,2021,166004,161531,2.8,9.6,15.7,00010,487,3714.7,0.13,20,60,55,35,230,35,130,0,225,48400,185,52000,185,125,290,165,135,35,56.9,46.6,21.2,,,,,,,,,,,,,,,,,,,,,,,,
2021S051235530091,35530091,Greater Sudbury / Grand Sudbury,2021A00053553005,2021,166004,161531,2.8,9.6,16.4,00010,516,4376.6,0.12,20,55,55,55,260,40,120,0,265,50400,265,54800,265,160,470,255,195,55,54.3,41.5,21.6,,,,,,,,,,,,,,,,,,,,,,,,
2021S051235530092,35530092,Greater Sudbury / Grand Sudbury,2021A00053553005,2021,166004,161531,2.8,4.5,10.3,00010,357,2090.2,0.17,10,35,25,25,160,15,30,0,155,75500,160,86000,160,55,290,180,160,20,62.1,55.2,11.1,,,,,,,,,,,,,,,,,,,,,,,,
2021S051235530093,35530093,Greater Sudbury / Grand Sudbury,2021A00053553005,2021,166004,161531,2.8,6.4,9.3,00000,777,4440,0.18,45,60,60,45,340,30,90,110,340,53600,375,60200,375,315,625,345,300,45,55.2,48,13,,,,,,,,,,,,,,,,,,,,,,,,
2021S051235530094,35530094,Greater Sudbury / Grand Sudbury,2021A00053553005,2021,166004,161531,2.8,2.1,4.3,00000,453,711.7,0.64,20,25,25,30,190,20,10,0,185,76500,195,83000,195,75,360,225,190,35,62.5,52.8,15.6,,,,,,,,,,,,,,,,,,,,,,,,
2021S051235530095,35530095,Greater Sudbury / Grand Sudbury,2021A00053553005,2021,166004,161531,2.8,9.8,19.6,00019,275,1971.3,0.14,10,10,20,15,235,0,0,220,235,17200,,,220,215,220,25,15,10,11.4,6.8,40,,,,,,,,,,,,,,6,6,,,,,,,,,
2021S051235530096,35530096,Greater Sudbury / Grand Sudbury,2021A00053553005,2021,166004,161531,2.8,8.7,16.5,00010,832,3792.2,0.22,65,95,55,45,310,0,135,0,310,54000,325,60000,325,285,590,320,260,55,54.2,44.1,17.2,,,,,,,,,,,,,,,,,,,,,,,,
2021S051235530097,35530097,Greater Sudbury / Grand Sudbury,2021A00053553005,2021,166004,161531,2.8,2.7,3.8,00000,825,818.3,1.01,45,55,75,50,340,40,40,0,340,55600,355,69200,355,280,635,365,330,35,57.5,52,9.6,,,,,,,,,,,,,,,,,,,,,,,,
2021S051235530099,35530099,Greater Sudbury / Grand Sudbury,2021A00053553005,2021,166004,161531,2.8,4.8,7.7,00000,546,3016.6,0.18,20,45,45,35,250,55,40,5,250,79000,255,96000,255,70,495,320,280,40,64.6,56.6,12.5,,,,,,,,,,,,,,,,,,,,,,,,
2021S051235530102,35530102,Greater Sudbury / Grand Sudbury,2021A00053553005,2021,166004,161531,2.8,2.9,2.2,00000,413,1793.3,0.23,15,20,35,30,170,10,5,0,175,109000,180,119000,180,10,360,225,205,20,62.5,56.9,8.9,,,,,,,,,,,,,,,,,,,,,,,,
2021S051235530103,35530103,Greater Sudbury / Grand Sudbury,2021A00053553005,2021,166004,161531,2.8,2.4,4,00000,414,2691.8,0.15,20,45,45,20,210,20,60,40,210,64500,205,98000,205,125,375,220,190,30,58.7,50.7,13.6,,,,,,,,,,,,,,,,,,,,,,,,
2021S051235530104,35530104,Greater Sudbury / Grand Sudbury,2021A00053553005,2021,166004,161531,2.8,2.9,1.5,00000,496,173.6,2.86,20,85,75,55,270,40,205,0,275,55200,275,60800,275,235,425,325,285,40,76.5,67.1,12.3,,,,,,,,,,,,,,,,,,,,,,,,
2021S051235530105,35530105,Greater Sudbury / Grand Sudbury,2021A00053553005,2021,166004,161531,2.8,3,1.3,00000,719,318.6,2.26,60,35,25,35,305,15,35,0,305,102000,305,134000,300,75,650,405,355,50,62.3,54.6,12.3,,,,,,,,,,,,,,,,,,,,,,,,
2021S051235530106,35530106,Greater Sudbury / Grand Sudbury,2021A00053553005,2021,166004,161531,2.8,1.6,2.7,00000,702,3365.3,0.21,40,30,25,35,305,0,10,0,310,100000,290,121000,290,85,580,300,265,30,51.7,45.7,10,,,,,,,,,,,,,,,,,,,,,,,,
2021S051235530107,35530107,Greater Sudbury / Grand Sudbury,2021A00053553005,2021,166004,161531,2.8,2.2,0,00000,416,2849.3,0.15,30,20,30,25,175,5,0,0,180,101000,190,117000,190,25,415,240,205,35,57.8,49.4,14.6,,,,,,,,,,,,,,,,,,,,,,,,
2021S051235530108,35530108,Greater Sudbury / Grand Sudbury,2021A00053553005,2021,166004,161531,2.8,1.3,2.6,00000,344,1722.6,0.2,15,20,30,20,155,0,0,0,155,84000,150,94000,150,20,290,150,140,10,51.7,48.3,6.7,,,,,,,,,,,,,,,,,,,,,,,,
2021S051235530109,35530109,Greater Sudbury / Grand Sudbury,2021A00053553005,2021,166004,161531,2.8,3.3,1.2,00000,683,1160.8,0.59,40,90,75,60,330,0,195,0,335,64500,350,72800,345,255,560,355,300,50,63.4,53.6,14.1,,,,,,,,,,,,,,,,,,,,,,,,
2021S051235530110,35530110,Greater Sudbury / Grand Sudbury,2021A00053553005,2021,166004,161531,2.8,3.6,8.3,00000,331,2039.4,0.16,25,25,25,30,140,10,0,0,140,79000,135,96000,130,25,260,160,110,45,61.5,42.3,28.1,,,,,,,,,,,,,,,,,,,,,,,,
2021S051235530111,35530111,Greater Sudbury / Grand Sudbury,2021A00053553005,2021,166004,161531,2.8,3.6,6.1,00000,478,1957.4,0.24,25,55,40,20,190,25,0,0,190,97000,195,95000,195,30,435,235,230,10,54,52.9,4.3,,,,,,,,,,,,,,,,,,,,,,,,
2021S051235530114,35530114,Greater Sudbury / Grand Sudbury,2021A00053553005,2021,166004,161531,2.8,2.2,3,00000,577,2545.2,0.23,25,45,30,40,275,25,10,100,275,70500,265,81000,265,150,505,270,220,50,53.5,43.6,18.5,,,,,,,,,,,,,,,,,,,,,,,,
2021S051235530115,35530115,Greater Sudbury / Grand Sudbury,2021A00053553005,2021,166004,161531,2.8,0.6,2.3,00000,414,1807.9,0.23,25,20,20,20,175,5,25,0,175,99000,170,116000,170,35,350,190,170,20,54.3,48.6,10.5,,,,,,,,,,,,,,,,,,,,,,,,
2021S051235530116,35530116,Greater Sudbury / Grand Sudbury,2021A00053553005,2021,166004,161531,2.8,3.1,2.7,00000,471,1002.6,0.47,25,10,25,20,290,10,170,0,290,39200,285,60800,285,175,420,155,130,30,36.9,31,19.4,,,,,,,,,,,,,,,,,,,,,,,,
2021S051235530117,35530117,Greater Sudbury / Grand Sudbury,2021A00053553005,2021,166004,161531,2.8,1.1,2.2,00000,447,2125.5,0.21,15,15,25,25,185,10,0,0,185,108000,195,118000,195,0,375,225,200,25,60,53.3,11.1,,,,,,,,,,,,,,,,,,,,,,,,
2021S051235530118,35530118,Greater Sudbury / Grand Sudbury,2021A00053553005,2021,166004,161531,2.8,1.7,2.3,00000,431,2482.7,0.17,20,25,20,20,175,5,0,0,180,110000,180,117000,180,10,380,230,210,20,60.5,55.3,8.7,,,,,,,,,,,,,,,,,,,,,,,,
2021S051235530119,35530119,Greater Sudbury / Grand Sudbury,2021A00053553005,2021,166004,161531,2.8,1.5,0,00000,313,2650.3,0.12,10,15,15,15,135,0,5,0,135,114000,140,142000,140,10,290,175,175,0,60.3,60.3,0,,,,,,,,,,,,,,,,,,,,,,,,
2021S051235530121,35530121,Greater Sudbury / Grand Sudbury,2021A00053553005,2021,166004,161531,2.8,1,2.6,00000,695,2907.9,0.24,10,45,35,40,310,0,80,0,310,75000,325,86800,325,165,540,275,215,60,50.9,39.8,21.8,,,,,,,,,,,,,,,,,,,,,,,,
2021S051235530123,35530123,Greater Sudbury / Grand Sudbury,2021A00053553005,2021,166004,161531,2.8,4.2,6.7,00000,385,749.2,0.51,20,45,55,15,170,20,35,0,170,73000,180,85000,180,105,375,215,200,15,57.3,53.3,7,,,,,,,,,,,,,,,,,,,,,,,,
2021S051235530124,35530124,Greater Sudbury / Grand Sudbury,2021A00053553005,2021,166004,161531,2.8,5,5.5,00000,643,2493.2,0.26,35,45,45,30,220,10,50,0,220,78000,220,103000,220,65,460,300,280,30,65.2,60.9,10,,,,,,,,,,,,,,,,,,,,,,,,
2021S051235530125,35530125,Greater Sudbury / Grand Sudbury,2021A00053553005,2021,166004,161531,2.8,1.5,0.8,00000,1424,1404.5,1.01,110,105,55,60,515,10,0,0,520,136000,515,157500,515,50,1195,770,680,90,64.4,56.9,11.7,,,,,,,,,,,,,,,,,,,,,,,,
2021S051235530126,35530126,Greater Sudbury / Grand Sudbury,2021A00053553005,2021,166004,161531,2.8,1.7,4.4,00000,445,1821.5,0.24,15,10,20,25,175,10,0,0,180,87000,175,101000,175,45,350,240,230,10,68.6,65.7,4.2,,,,,,,,,,,,,,,,,,,,,,,,
2021S051235530127,35530127,Greater Sudbury / Grand Sudbury,2021A00053553005,2021,166004,161531,2.8,3,3.9,00000,612,6276.9,0.1,35,35,55,35,195,5,0,0,200,52400,205,67000,205,150,370,185,140,45,50,37.8,24.3,,,,,,,,,,,,,,,,,,,,,,,,
2021S051235530129,35530129,Greater Sudbury / Grand Sudbury,2021A00053553005,2021,166004,161531,2.8,2.8,0,00000,461,3960.5,0.12,30,35,25,35,180,0,0,0,180,91000,165,106000,165,90,340,190,170,15,55.9,50,7.9,,,,,,,,,,,,,,,,,,,,,,,,
2021S051235530134,35530134,Greater Sudbury / Grand Sudbury,2021A00053553005,2021,166004,161531,2.8,8.5,11.3,00010,498,2591.1,0.19,25,50,60,60,260,40,125,0,255,62400,245,60000,245,155,420,235,195,40,56,46.4,17,,,,,,,,,,,,,,,,,,,,,,,,
2021S051235530135,35530135,Greater Sudbury / Grand Sudbury,2021A00053553005,2021,166004,161531,2.8,17,24.1,01020,612,4039.6,0.15,25,70,70,55,340,35,205,0,340,50800,290,60400,290,215,470,300,270,30,63.8,57.4,10,,,,,,,,,,,,,,,,,,,,,,,,
2021S051235530137,35530137,Greater Sudbury / Grand Sudbury,2021A00053553005,2021,166004,161531,2.8,8.2,16.3,00010,663,2361.1,0.28,25,55,85,60,370,80,110,0,370,56000,340,69600,340,185,555,365,320,45,65.8,57.7,12.3,,,,,,,,,,,,,,,,,,,,,,,,
2021S051235530138,35530138,Greater Sudbury / Grand Sudbury,2021A00053553005,2021,166004,161531,2.8,2.1,2.3,00000,383,2143.3,0.18,15,20,20,30,190,30,20,0,190,78500,185,89000,185,60,285,215,175,40,75.4,61.4,18.6,,,,,,,,,,,,,,,,,,,,,,,,
2021S051235530139,35530139,Greater Sudbury / Grand Sudbury,2021A00053553005,2021,166004,161531,2.8,4.3,9.9,00000,732,708.8,1.03,35,35,60,55,400,60,115,0,400,54400,415,68800,415,240,665,315,265,55,47.4,39.8,17.5,,,,,,,,,,,,,,,,,,,,,,,,
2021S051235530140,35530140,Greater Sudbury / Grand Sudbury,2021A00053553005,2021,166004,161531,2.8,10.7,12.8,01010,635,4638.4,0.14,35,55,40,45,300,70,95,0,300,60000,315,82000,315,140,575,380,340,40,66.1,59.1,10.5,,,,,,,,,,,,,,,,,,,,,,,,
2021S051235530141,35530141,Greater Sudbury / Grand Sudbury,2021A00053553005,2021,166004,161531,2.8,8.7,6,00000,771,1486.7,0.52,35,55,65,65,390,80,95,0,390,68000,415,79200,415,180,750,430,385,45,57.3,51.3,10.5,,,,,,,,,,,,,,,,,,,,,,,,
2021S051235530142,35530142,Greater Sudbury / Grand Sudbury,2021A00053553005,2021,166004,161531,2.8,3.2,8.7,00000,469,115.4,4.06,20,25,35,35,190,40,30,0,190,70500,185,77500,185,45,360,195,170,25,54.2,47.2,12.8,,,,,,,,,,,,,,,,,,,,,,,,
2021S051235530143,35530143,Greater Sudbury / Grand Sudbury,2021A00053553005,2021,166004,161531,2.8,2.8,6.4,00000,435,1107.4,0.39,25,25,20,30,175,5,15,0,180,92000,185,97000,185,30,390,240,210,30,61.5,53.8,12.5,,,,,,,,,,,,,,,,,,,,,,,,
2021S051235530144,35530144,Greater Sudbury / Grand Sudbury,2021A00053553005,2021,166004,161531,2.8,4.3,4.3,00000,405,2564.9,0.16,20,15,40,35,180,10,35,0,185,81000,190,88000,190,65,335,205,190,15,61.2,56.7,7.3,,,,,,,,,,,,,,,,,,,,,,,,
2021S051235530145,35530145,Greater Sudbury / Grand Sudbury,2021A00053553005,2021,166004,161531,2.8,4.4,6.8,00000,510,740.7,0.69,35,30,20,25,180,0,0,0,180,94000,180,94000,175,95,340,215,200,10,63.2,58.8,4.7,,,,,,,,,,,,,,,,,,,,,,,,
2021S051235530146,35530146,Greater Sudbury / Grand Sudbury,2021A00053553005,2021,166004,161531,2.8,2.3,2.7,00000,555,407.3,1.36,25,20,40,35,300,5,35,95,300,65000,315,71500,315,180,505,275,240,40,54.5,47.5,14.5,,,,,,,,,,,,,,,,,,,,,,,,
2021S051235530147,35530147,Greater Sudbury / Grand Sudbury,2021A00053553005,2021,166004,161531,2.8,2.1,4.2,00000,400,74.2,5.39,15,25,30,25,190,0,85,0,195,75500,195,93000,190,100,355,230,190,45,64.8,53.5,19.6,,,,,,,,,,,,,,,,,,,,,,,,
2021S051235530148,35530148,Greater Sudbury / Grand Sudbury,2021A00053553005,2021,166004,161531,2.8,2.6,1.3,00000,669,1701,0.39,30,35,50,25,305,15,60,0,305,93000,310,137000,310,75,595,420,400,20,70.6,67.2,4.8,,,,,,,,,,,,,,,,,,,,,,,,
2021S051235530151,35530151,Greater Sudbury / Grand Sudbury,2021A00053553005,2021,166004,161531,2.8,6.7,9.8,00000,463,2500,0.19,20,60,50,35,250,70,85,0,250,54400,250,63200,250,155,365,280,240,40,76.7,65.8,14.3,,,,,,,,,,,,,,,,,,,,,,,,
2021S051235530152,35530152,Greater Sudbury / Grand Sudbury,2021A00053553005,2021,166004,161531,2.8,6.4,4.1,00000,404,2649.2,0.15,25,30,45,35,230,40,100,0,235,52000,240,57600,240,165,350,180,155,30,51.4,44.3,16.7,,,,,,,,,,,,,,,,,,,,,,,,
2021S051235530153,35530153,Greater Sudbury / Grand Sudbury,2021A00053553005,2021,166004,161531,2.8,0.8,3.2,00000,614,1940.6,0.32,25,15,35,20,125,30,15,0,125,72000,145,78000,145,100,310,215,185,30,69.4,59.7,14,,,,,,,,,,,,,,,,,,,,,,,,
2021S051235530154,35530154,Greater Sudbury / Grand Sudbury,2021A00053553005,2021,166004,161531,2.8,7.7,6.1,00000,466,3421.4,0.14,25,40,50,40,260,55,125,0,260,77500,275,99000,275,170,495,320,285,30,64.6,57.6,9.4,,,,,,,,,,,,,,,,,,,,,,,,
2021S051235530155,35530155,Greater Sudbury / Grand Sudbury,2021A00053553005,2021,166004,161531,2.8,2.4,1.6,00000,535,1490.7,0.36,20,35,50,35,250,0,70,35,245,98000,270,140000,270,130,510,355,340,20,69.6,66.7,5.6,,,,,,,,,,,,,,,,,,,,,,,,
2021S051235530156,35530156,Greater Sudbury / Grand Sudbury,2021A00053553005,2021,166004,161531,2.8,2.1,5.9,00000,347,1374.3,0.25,15,20,10,20,140,5,0,0,140,144000,135,156000,135,0,280,155,150,0,55.4,53.6,0,,,,,,,,,,,,,,,,,,,,,,,,
2021S051235530158,35530158,Greater Sudbury / Grand Sudbury,2021A00053553005,2021,166004,161531,2.8,4,1.9,00000,407,3035,0.13,20,10,25,45,200,25,45,0,200,96000,220,142000,220,55,425,310,275,35,72.9,64.7,11.3,,,,,,,,,,,,,,,,,,,,,,,,
2021S051235530159,35530159,Greater Sudbury / Grand Sudbury,2021A00053553005,2021,166004,161531,2.8,8.1,15.4,00010,518,2656.4,0.2,15,40,60,55,260,60,75,0,260,83000,235,91000,235,130,395,290,260,30,73.4,65.8,10.3,,,,,,,,,,,,,,,,,,,,,,,,
2021S051235530160,35530160,Greater Sudbury / Grand Sudbury,2021A00053553005,2021,166004,161531,2.8,13.5,13.6,01010,592,1495.7,0.4,30,100,110,55,330,25,205,0,325,59200,335,68800,335,210,535,420,370,55,78.5,69.2,13.1,,,,,,,,,,,,,,,,,,,,,,,,
2021S051235530162,35530162,Greater Sudbury / Grand Sudbury,2021A00053553005,2021,166004,161531,2.8,7.7,9.6,00000,363,2702.9,0.13,20,40,55,20,195,30,90,0,200,63600,200,86000,195,115,355,245,220,25,69,62,10.2,,,,,,,,,,,,,,,,,,,,,,,,
2021S051235530163,35530163,Greater Sudbury / Grand Sudbury,2021A00053553005,2021,166004,161531,2.8,9.2,20.2,00020,566,1387.6,0.41,20,95,80,55,375,0,230,120,380,30600,335,37800,335,325,450,240,190,50,53.3,42.2,20.8,,,,,,,,,,,,,,,,,,,,,,,,
2021S051235530164,35530164,Greater Sudbury / Grand Sudbury,2021A00053553005,2021,166004,161531,2.8,2.5,4.2,00000,443,915.3,0.48,20,20,15,25,200,20,25,0,195,120000,195,130000,195,35,380,220,200,20,57.9,52.6,9.1,,,,,,,,,,,,,,,,,,,,,,,,
2021S051235530165,35530165,Greater Sudbury / Grand Sudbury,2021A00053553005,2021,166004,161531,2.8,3.1,3.3,00000,1341,470.1,2.85,155,120,60,50,355,10,0,0,355,204000,365,239000,365,15,840,595,555,40,70.8,66.1,6.7,,,,,,,,,,,,,,,,,,,,,,,,
2021S051235530166,35530166,Greater Sudbury / Grand Sudbury,2021A00053553005,2021,166004,161531,2.8,2.8,3.3,00000,387,1610.5,0.24,5,35,40,40,250,0,0,230,250,52000,250,52800,250,250,355,170,130,35,47.9,36.6,20.6,,,,,,,,,,,,,,,,,,,,,,,,
2021S051235530167,35530167,Greater Sudbury / Grand Sudbury,2021A00053553005,2021,166004,161531,2.8,2.3,3.4,00000,546,3654.6,0.15,20,10,5,20,345,0,55,245,345,50800,365,62400,365,360,485,115,110,0,23.7,22.7,0,,,,,,,,,,,,,,,,,,,,,,,,
2021S051235530168,35530168,Greater Sudbury / Grand Sudbury,2021A00053553005,2021,166004,161531,2.8,3.1,2.1,00000,353,2456.5,0.14,15,25,35,30,195,5,10,135,195,52800,195,58800,190,180,300,185,155,30,61.7,51.7,16.2,,,,,,,,,,,,,,,,,,,,,,,,
2021S051235530170,35530170,Greater Sudbury / Grand Sudbury,2021A00053553005,2021,166004,161531,2.8,4.2,7.6,00000,773,2350.3,0.33,25,50,30,40,355,25,35,105,355,81000,355,108400,355,175,595,315,280,35,52.9,47.1,11.1,,,,,,,,,,,,,,,,,,,,,,,,
2021S051235530173,35530173,Greater Sudbury / Grand Sudbury,2021A00053553005,2021,166004,161531,2.8,0.5,0,00000,415,2541.3,0.16,10,20,10,10,195,5,5,75,195,98000,205,124000,205,90,395,180,170,15,45.6,43,8.3,,,,,,,,,,,,,,,,,,,,,,,,
2021S051235530174,35530174,Greater Sudbury / Grand Sudbury,2021A00053553005,2021,166004,161531,2.8,1.6,0,00000,498,2596.5,0.19,25,30,25,20,180,0,0,0,185,152000,185,184000,185,0,425,255,235,20,60,55.3,7.8,,,,,,,,,,,,,,,,,,,,,,,,
2021S051235530175,35530175,Greater Sudbury / Grand Sudbury,2021A00053553005,2021,166004,161531,2.8,0.6,0,00000,498,908.8,0.55,25,40,20,10,170,5,0,0,165,174000,180,242000,180,0,420,260,245,10,61.9,58.3,3.8,,,,,,,,,,,,,,,,,,,,,,,,
2021S051235530176,35530176,Greater Sudbury / Grand Sudbury,2021A00053553005,2021,166004,161531,2.8,0,1,00000,1080,681.3,1.59,60,40,40,50,385,5,5,0,385,156000,385,182000,385,20,880,525,490,40,59.7,55.7,7.6,,,,,,,,,,,,,,,,,,,,,,,,
2021S051235530177,35530177,Greater Sudbury / Grand Sudbury,2021A00053553005,2021,166004,161531,2.8,1.1,2.2,00000,429,1454.7,0.29,15,20,25,40,185,0,0,0,180,120000,185,127000,185,0,340,190,165,20,55.9,48.5,10.5,,,,,,,,,,,,,,,,,,,,,,,,
2021S051235530178,35530178,Greater Sudbury / Grand Sudbury,2021A00053553005,2021,166004,161531,2.8,1.9,4.5,00000,529,1408.8,0.38,15,25,35,40,260,25,70,0,260,81000,260,88000,260,110,480,310,285,30,64.6,59.4,9.7,,,,,,,,,,,,,,,,,,,,,,,,
2021S051235530179,35530179,Greater Sudbury / Grand Sudbury,2021A00053553005,2021,166004,161531,2.8,5.5,7.7,00000,905,4698.9,0.19,15,50,60,70,435,15,50,310,435,74000,400,87200,400,350,615,355,335,15,57.7,54.5,4.2,,,,,,,,,,,,,,,,,,,,,,,,
2021S051235530180,35530180,Greater Sudbury / Grand Sudbury,2021A00053553005,2021,166004,161531,2.8,2.9,4.2,00000,933,203,4.6,55,55,55,55,375,15,35,0,375,122000,385,142000,385,110,765,510,480,30,66.7,62.7,5.9,,,,,,,,,,,,,,,,,,,,,,,,
2021S051235530184,35530184,Greater Sudbury / Grand Sudbury,2021A00053553005,2021,166004,161531,2.8,1.3,5.4,00000,539,1049.7,0.51,35,35,30,25,225,10,60,0,220,101000,225,110000,225,90,425,270,250,25,63.5,58.8,9.3,,,,,,,,,,,,,,,,,,,,,,,,
2021S051235530185,35530185,Greater Sudbury / Grand Sudbury,2021A00053553005,2021,166004,161531,2.8,1.4,0,00000,412,1832.7,0.22,20,20,20,20,145,5,0,0,145,140000,140,136000,140,0,300,180,170,0,60,56.7,0,,,,,,,,,,,,,,,,,,,,,,,,
2021S051235530188,35530188,Greater Sudbury / Grand Sudbury,2021A00053553005,2021,166004,161531,2.8,1.3,1.7,00000,645,52.5,12.28,50,30,25,25,235,5,0,0,230,156000,230,160000,230,0,530,325,280,45,61.3,52.8,13.8,,,,,,,,,,,,,,,,,,,,,,,,
2021S051235530191,35530191,Greater Sudbury / Grand Sudbury,2021A00053553005,2021,166004,161531,2.8,3.1,9.1,00000,658,60.4,10.9,30,40,35,30,255,10,5,0,260,97000,255,113000,255,35,600,375,345,35,62.5,57.5,9.3,,,,,,,,,,,,,,,,,,,,,,,,
2021S051235530192,35530192,Greater Sudbury / Grand Sudbury,2021A00053553005,2021,166004,161531,2.8,2.8,4.6,00000,1316,129.8,10.13,75,60,50,60,495,25,0,5,490,137000,490,174000,495,35,1145,725,670,55,63.3,58.5,7.6,,,,,,,,,,,,,,,,,,,,,,,,
2021S051235530193,35530193,Greater Sudbury / Grand Sudbury,2021A00053553005,2021,166004,161531,2.8,2.5,4.3,00000,697,2024.4,0.34,45,35,50,45,275,35,0,0,280,105000,270,124000,270,40,555,400,360,40,72.1,64.9,10,,,,,,,,,,,,,,,,,,,,,,,,
2021S051235530194,35530194,Greater Sudbury / Grand Sudbury,2021A00053553005,2021,166004,161531,2.8,0,0,00000,358,1379.6,0.26,20,30,25,15,145,10,5,0,145,106000,145,126000,145,25,320,165,155,10,51.6,48.4,6.1,,,,,,,,,,,,,,,,,,,,,,,,
2021S051235530201,35530201,Greater Sudbury / Grand Sudbury,2021A00053553005,2021,166004,161531,2.8,1.4,0,00000,363,25.9,14.02,10,20,10,15,145,5,0,0,145,110000,160,184000,160,15,340,250,220,25,73.5,64.7,10,,,,,,,,,,,,,,,,,,,,,,,,
2021S051235530202,35530202,Greater Sudbury / Grand Sudbury,2021A00053553005,2021,166004,161531,2.8,5,8.7,00000,1104,117.7,9.38,55,45,25,35,420,0,10,0,415,168000,390,192000,390,40,805,530,510,25,65.8,63.4,4.7,,,,,,,,,,,,,,,,,,,,,,,,
2021S051235530203,35530203,Greater Sudbury / Grand Sudbury,2021A00053553005,2021,166004,161531,2.8,4.3,4,00000,771,25.8,29.94,45,35,20,35,300,0,5,0,300,140000,295,146000,300,10,635,415,385,25,65.4,60.6,6,,,,,,,,,,,,,,,,,,,,,,,,
2021S051235530243,35530243,Greater Sudbury / Grand Sudbury,2021A00053553005,2021,166004,161531,2.8,6,5.4,00000,333,2385.4,0.14,15,30,25,25,170,30,70,0,165,56000,145,57000,150,70,225,130,110,20,57.8,48.9,15.4,,,,,,,,,,,,,,,,,,,,,,,,
2021S051235530244,35530244,Greater Sudbury / Grand Sudbury,2021A00053553005,2021,166004,161531,2.8,11.2,18,01010,475,4439.3,0.11,15,65,65,25,240,40,150,0,240,47600,230,59600,235,180,405,205,175,25,50.6,43.2,12.2,,,,,,,,,,,,,,,,,,,,,,,,
2021S051235530245,35530245,Greater Sudbury / Grand Sudbury,2021A00053553005,2021,166004,161531,2.8,3.9,4.3,00000,1928,2770.5,0.7,40,125,105,110,1125,20,340,630,1125,52400,1115,66000,1110,995,1705,805,715,90,47.2,41.9,11.2,,,,,,,,,,,,,,,,,,,,,,,,
2021S051235530246,35530246,Greater Sudbury / Grand Sudbury,2021A00053553005,2021,166004,161531,2.8,3.4,4.1,00000,1352,1970.6,0.69,65,95,105,95,580,65,100,0,585,90000,620,116800,625,260,1155,795,705,90,68.8,61,11.3,,,,,,,,,,,,,,,,,,,,,,,,
2021S051235530247,35530247,Greater Sudbury / Grand Sudbury,2021A00053553005,2021,166004,161531,2.8,5.5,7.4,00000,1128,1285.5,0.88,55,95,125,80,560,90,135,30,560,68000,545,80800,545,240,960,635,565,75,66.1,58.9,11.8,,,,,,,,,,,,,,,,,,,,,,,,
2021S051235530249,35530249,Greater Sudbury / Grand Sudbury,2021A00053553005,2021,166004,161531,2.8,4,6.3,00000,1835,732.7,2.5,90,185,190,150,885,55,535,30,885,53600,905,62500,910,740,1460,840,685,150,57.5,46.9,17.9,,,,,,,,,,,,,,,,,,,,,,,,
2021S051235530251,35530251,Greater Sudbury / Grand Sudbury,2021A00053553005,2021,166004,161531,2.8,8.1,10.1,00010,1269,1016.9,1.25,65,140,145,90,590,130,255,0,590,59600,620,83200,620,345,1170,790,700,90,67.5,59.8,11.4,,,,,,,,,,,,,,,,,,,,,,,,
2021S051235530252,35530252,Greater Sudbury / Grand Sudbury,2021A00053553005,2021,166004,161531,2.8,2.9,5.3,00000,984,2824.3,0.35,60,75,70,55,380,15,60,0,380,77500,380,99200,380,150,780,455,405,55,58.3,51.9,12.1,,,,,,,,,,,,,,,,,,,,,,,,
2021S051235530253,35530253,Greater Sudbury / Grand Sudbury,2021A00053553005,2021,166004,161531,2.8,0.5,1.1,00000,907,875.1,1.04,35,55,40,70,375,10,0,0,375,105000,385,118400,385,40,845,535,495,40,63.3,58.6,7.5,,,,,,,,,,,,,,,,,,,,,,,,
2021S051235530254,35530254,Greater Sudbury / Grand Sudbury,2021A00053553005,2021,166004,161531,2.8,4.9,6.2,00000,1213,2532.4,0.48,40,120,125,70,665,35,205,285,665,46800,655,56300,655,565,995,500,415,85,50.3,41.7,17,,,,,,,,,,,,,,,,,,,,,,,,
2021S051235530256,35530256,Greater Sudbury / Grand Sudbury,2021A00053553005,2021,166004,161531,2.8,4.9,6.4,00000,952,2409.5,0.4,35,90,100,100,495,90,165,0,490,76500,510,97200,505,250,850,620,535,90,72.9,62.9,14.5,,,,,,,,,,,,,,,,,,,,,,,,
2021S051235530257,35530257,Greater Sudbury / Grand Sudbury,2021A00053553005,2021,166004,161531,2.8,4.2,2.7,00000,315,3473,0.09,25,20,20,20,145,15,45,0,145,84000,165,94000,160,75,270,185,155,30,68.5,57.4,16.2,,,,,,,,,,,,,,,,,,,,,,,,
2021S051235530258,35530258,Greater Sudbury / Grand Sudbury,2021A00053553005,2021,166004,161531,2.8,6,11.1,00010,759,641.6,1.18,35,75,80,70,370,75,40,0,365,78000,330,88000,335,135,625,435,385,50,69.6,61.6,11.5,,,,,,,,,,,,,,,,,,,,,,,,
2021S051235530259,35530259,Greater Sudbury / Grand Sudbury,2021A00053553005,2021,166004,161531,2.8,7.6,8.8,00000,516,0.9,564.1,15,25,25,20,225,0,0,0,220,85000,225,96000,220,0,460,245,225,25,53.3,48.9,10.2,,,,,,,,,,,,,,,,,,,,,,,,
2021S051235530261,35530261,Greater Sudbury / Grand Sudbury,2021A00053553005,2021,166004,161531,2.8,5.3,9.8,00000,581,28,20.73,30,20,10,25,225,0,0,0,225,137000,225,162000,225,0,540,325,310,20,60.2,57.4,6.2,,,,,,,,,,,,,,,,,,,,,,,,
2021S051235530262,35530262,Greater Sudbury / Grand Sudbury,2021A00053553005,2021,166004,161531,2.8,6.3,6.3,00000,509,8.7,58.61,35,25,25,25,205,0,0,0,205,112000,190,126000,190,15,435,285,240,45,65.5,55.2,15.8,,,,,,,,,,,,,,,,,,,,,,,,
2021S051235530263,35530263,Greater Sudbury / Grand Sudbury,2021A00053553005,2021,166004,161531,2.8,4,2.1,00000,1007,14,71.87,65,55,55,75,380,0,10,0,375,104000,400,100400,400,135,830,580,525,55,69.9,63.3,9.5,,,,,,,,,,,,,,,,,,,,,,,,
2021S051235530264,35530264,Greater Sudbury / Grand Sudbury,2021A00053553005,2021,166004,161531,2.8,3.4,5.6,00000,734,283.8,2.59,55,40,40,55,295,25,50,0,295,103000,275,119000,275,90,590,390,350,40,66.1,59.3,10.3,,,,,,,,,,,,,,,,,,,,,,,,
2021S051235530265,35530265,Greater Sudbury / Grand Sudbury,2021A00053553005,2021,166004,161531,2.8,2.4,2.4,00000,428,1794.5,0.24,25,20,35,35,165,30,5,0,165,93000,165,86000,170,30,300,155,145,10,51.7,48.3,6.5,,,,,,,,,,,,,,,,,,,,,,,,
2021S051235530266,35530266,Greater Sudbury / Grand Sudbury,2021A00053553005,2021,166004,161531,2.8,1.6,1.7,00000,597,2792.3,0.21,35,45,40,30,250,15,65,0,245,78500,235,90000,235,95,450,290,250,35,64.4,55.6,12.1,,,,,,,,,,,,,,,,,,,,,,,,
2021S051235530267,35530267,Greater Sudbury / Grand Sudbury,2021A00053553005,2021,166004,161531,2.8,0,0,00000,431,1835.6,0.23,25,30,20,30,165,5,0,0,160,106000,175,117000,170,10,405,255,235,20,63,58,7.8,,,,,,,,,,,,,,,,,,,,,,,,
2021S051235530268,35530268,Greater Sudbury / Grand Sudbury,2021A00053553005,2021,166004,161531,2.8,1.9,2.6,00000,435,254.3,1.71,20,25,30,25,160,5,5,0,160,110000,155,122000,150,0,325,205,195,10,63.1,60,4.9,,,,,,,,,,,,,,,,,,,,,,,,
2021S051235530269,35530269,Greater Sudbury / Grand Sudbury,2021A00053553005,2021,166004,161531,2.8,1,2,00000,947,220.4,4.3,55,50,70,60,400,25,55,0,400,99000,405,108800,410,115,825,525,465,65,63.6,56.4,12.4,,,,,,,,,,,,,,,,,,,,,,,,
2021S051235530270,35530270,Greater Sudbury / Grand Sudbury,2021A00053553005,2021,166004,161531,2.8,1.4,1.9,00000,552,1638,0.34,40,25,40,45,210,15,0,0,210,98000,205,110000,205,70,420,265,225,40,63.1,53.6,15.1,,,,,,,,,,,,,,,,,,,,,,,,
2021S051235530271,35530271,Greater Sudbury / Grand Sudbury,2021A00053553005,2021,166004,161531,2.8,0.5,4.3,00000,495,1710.4,0.29,35,30,35,30,185,5,5,0,185,116000,180,131000,185,0,410,305,280,25,74.4,68.3,8.2,,,,,,,,,,,,,,,,,,,,,,,,
2021S051235530272,35530272,Greater Sudbury / Grand Sudbury,2021A00053553005,2021,166004,161531,2.8,1.5,2,00000,541,184.3,2.93,45,30,35,30,195,5,0,0,195,122000,195,126000,190,0,430,260,240,25,60.5,55.8,9.6,,,,,,,,,,,,,,,,,,,,,,,,
2021S051235530273,35530273,Greater Sudbury / Grand Sudbury,2021A00053553005,2021,166004,161531,2.8,0.5,0,00000,552,373.9,1.48,30,25,30,35,200,5,0,0,200,124000,195,127000,195,0,430,265,240,25,61.6,55.8,9.4,,,,,,,,,,,,,,,,,,,,,,,,
2021S051235530274,35530274,Greater Sudbury / Grand Sudbury,2021A00053553005,2021,166004,161531,2.8,0.6,0,00000,422,1740.2,0.24,20,20,40,20,170,15,10,0,170,95000,180,103000,180,35,345,215,190,30,62.3,55.1,14,,,,,,,,,,,,,,,,,,,,,,,,
2021S051235530275,35530275,Greater Sudbury / Grand Sudbury,2021A00053553005,2021,166004,161531,2.8,1.5,4,00000,429,42.4,10.13,20,25,20,30,200,0,5,0,200,76500,205,100000,205,0,415,275,255,25,66.3,61.4,9.1,,,,,,,,,,,,,,,,,,,,,,,,
2021S051235530276,35530276,Greater Sudbury / Grand Sudbury,2021A00053553005,2021,166004,161531,2.8,1.1,2.3,00000,462,49.7,9.29,15,20,20,25,185,5,0,0,180,96000,180,141000,180,15,440,305,280,25,69.3,63.6,8.2,,,,,,,,,,,,,,,,,,,,,,,,
2021S051235530277,35530277,Greater Sudbury / Grand Sudbury,2021A00053553005,2021,166004,161531,2.8,1.5,6.3,00000,529,202.6,2.61,20,35,30,25,205,10,10,0,205,103000,185,125000,185,20,400,215,200,15,53.8,50,7,,,,,,,,,,,,,,,,,,,,,,,,
2021S051235530278,35530278,Greater Sudbury / Grand Sudbury,2021A00053553005,2021,166004,161531,2.8,1.3,0,00000,600,1935.5,0.31,35,30,35,35,235,10,0,0,235,104000,240,110000,245,35,475,280,245,40,58.9,51.6,14.3,,,,,,,,,,,,,,,,,,,,,,,,
2021S051235530279,35530279,Greater Sudbury / Grand Sudbury,2021A00053553005,2021,166004,161531,2.8,0.9,1.7,00000,590,1003.7,0.59,30,20,25,50,225,10,0,0,225,113000,230,140000,230,10,580,390,355,40,67.2,61.2,10.3,,,,,,,,,,,,,,,,,,,,,,,,
2021S051235530280,35530280,Greater Sudbury / Grand Sudbury,2021A00053553005,2021,166004,161531,2.8,0,0,00000,556,1636.7,0.34,40,20,40,35,205,5,5,0,200,135000,205,142000,205,10,470,310,285,25,66,60.6,8.1,,,,,,,,,,,,,,,,,,,,,,,,
2021S051235530281,35530281,Greater Sudbury / Grand Sudbury,2021A00053553005,2021,166004,161531,2.8,1.5,1.5,00000,792,181.1,4.37,65,50,50,45,265,15,5,0,265,130000,270,144000,275,25,635,475,445,30,74.8,70.1,6.3,,,,,,,,,,,,,,,,,,,,,,,,
2021S051235530283,35530283,Greater Sudbury / Grand Sudbury,2021A00053553005,2021,166004,161531,2.8,1.2,5.1,00000,435,2185.9,0.2,30,25,20,30,165,20,0,0,165,120000,165,129000,165,15,360,225,190,35,62.5,52.8,15.6,,,,,,,,,,,,,,,,,,,,,,,,
2021S051235530284,35530284,Greater Sudbury / Grand Sudbury,2021A00053553005,2021,166004,161531,2.8,1,0,00000,514,1703.1,0.3,30,20,30,25,195,10,0,0,195,99000,200,122000,200,20,430,290,235,45,67.4,54.7,15.5,,,,,,,,,,,,,,,,,,,,,,,,
2021S051235530285,35530285,Greater Sudbury / Grand Sudbury,2021A00053553005,2021,166004,161531,2.8,1.2,2.4,00000,475,1610.2,0.3,25,30,35,30,175,10,0,0,170,118000,170,124000,170,15,415,260,240,20,62.7,57.8,7.7,,,,,,,,,,,,,,,,,,,,,,,,
2021S051235530286,35530286,Greater Sudbury / Grand Sudbury,2021A00053553005,2021,166004,161531,2.8,1.5,6.4,00000,562,15.2,36.96,40,25,35,25,200,5,0,0,200,124000,185,128000,185,15,425,270,255,20,63.5,60,7.4,,,,,,,,,,,,,,,,,,,,,,,,
2021S051235530287,35530287,Greater Sudbury / Grand Sudbury,2021A00053553005,2021,166004,161531,2.8,0,0,00000,366,1623.1,0.23,20,25,30,15,145,0,0,0,145,108000,150,100000,145,0,340,220,190,30,64.7,55.9,13.6,,,,,,,,,,,,,,,,,,,,,,,,
2021S051235530288,35530288,Greater Sudbury / Grand Sudbury,2021A00053553005,2021,166004,161531,2.8,2.4,5.6,00000,740,595,1.24,45,30,25,55,290,5,5,0,285,111000,275,111000,280,25,575,345,330,15,60,57.4,4.3,,,,,,,,,,,,,,,,,,,,,,,,
2021S051235530289,35530289,Greater Sudbury / Grand Sudbury,2021A00053553005,2021,166004,161531,2.8,1.1,0,00000,1187,580.2,2.05,90,45,35,55,375,25,0,0,380,125000,385,129500,390,30,875,580,530,45,66.3,60.6,7.8,,,,,,,,,,,,,,,,,,,,,,,,
2021S051235530290,35530290,Greater Sudbury / Grand Sudbury,2021A00053553005,2021,166004,161531,2.8,1.6,6.3,00000,477,2287.8,0.21,25,15,35,35,190,20,10,0,190,106000,180,114000,185,30,360,235,215,15,65.3,59.7,6.4,,,,,,,,,,,,,,,,,,,,,,,,
2021S051235530291,35530291,Greater Sudbury / Grand Sudbury,2021A00053553005,2021,166004,161531,2.8,2,2.7,00000,364,1573.7,0.23,15,25,30,15,150,25,5,0,150,87000,150,100000,150,55,290,180,165,15,62.1,56.9,8.3,,,,,,,,,,,,,,,,,,,,,,,,
2021S051235530292,35530292,Greater Sudbury / Grand Sudbury,2021A00053553005,2021,166004,161531,2.8,0.9,0,00000,1058,350.2,3.02,60,40,60,75,420,40,60,0,425,90000,425,100000,425,130,855,525,435,90,61.4,50.9,17.1,,,,,,,,,,,,,,,,,,,,,,,,
2021S051235530293,35530293,Greater Sudbury / Grand Sudbury,2021A00053553005,2021,166004,161531,2.8,2.3,4,00000,687,95.4,7.2,40,40,40,40,300,5,15,0,300,87000,295,96000,295,70,585,330,300,30,56.4,51.3,9.1,,,,,,,,,,,,,,,,,,,,,,,,
2021S051235530294,35530294,Greater Sudbury / Grand Sudbury,2021A00053553005,2021,166004,161531,2.8,0.6,1.2,00000,859,13.6,63.34,60,60,35,30,325,10,5,0,325,120000,335,146000,335,30,770,505,465,40,65.6,60.4,7.9,,,,,,,,,,,,,,,,,,,,,,,,
2021S051235530295,35530295,Greater Sudbury / Grand Sudbury,2021A00053553005,2021,166004,161531,2.8,4.3,2,00000,496,105.9,4.68,15,20,50,40,210,5,0,0,210,93000,195,112000,195,20,370,240,225,20,64.9,60.8,8.3,,,,,,,,,,,,,,,,,,,,,,,,
2021S051235530296,35530296,Greater Sudbury / Grand Sudbury,2021A00053553005,2021,166004,161531,2.8,0.9,1.3,00000,730,376.8,1.94,50,30,65,35,315,35,40,0,315,90000,325,104400,325,95,665,395,380,15,59.4,57.1,3.8,,,,,,,,,,,,,,,,,,,,,,,,
2021S051235530297,35530297,Greater Sudbury / Grand Sudbury,2021A00053553005,2021,166004,161531,2.8,1.1,3,00000,732,93.4,7.84,55,45,30,40,270,15,25,0,270,118000,270,151000,270,35,645,465,410,55,72.1,63.6,11.8,,,,,,,,,,,,,,,,,,,,,,,,
2021S051235530298,35530298,Greater Sudbury / Grand Sudbury,2021A00053553005,2021,166004,161531,2.8,0.7,0,00000,785,382.7,2.05,60,50,35,30,280,15,5,0,275,129000,290,132000,290,30,655,465,425,45,71,64.9,9.7,,,,,,,,,,,,,,,,,,,,,,,,
2021S051235530299,35530299,Greater Sudbury / Grand Sudbury,2021A00053553005,2021,166004,161531,2.8,1.5,2,00000,507,31.9,15.91,35,25,30,25,195,5,5,0,195,118000,200,124000,200,25,430,285,265,20,66.3,61.6,7,,,,,,,,,,,,,,,,,,,,,,,,
2021S051235530300,35530300,Greater Sudbury / Grand Sudbury,2021A00053553005,2021,166004,161531,2.8,1.1,1.4,00000,728,38.5,18.91,50,45,35,50,270,10,5,0,275,117000,285,127000,285,35,655,415,385,35,63.4,58.8,8.4,,,,,,,,,,,,,,,,,,,,,,,,
2021S051235530301,35530301,Greater Sudbury / Grand Sudbury,2021A00053553005,2021,166004,161531,2.8,1.4,1.9,00000,472,1284,0.37,20,15,35,30,205,10,25,0,210,85000,205,91000,210,60,405,225,210,15,55.6,51.9,6.7,,,,,,,,,,,,,,,,,,,,,,,,
2021S051235530302,35530302,Greater Sudbury / Grand Sudbury,2021A00053553005,2021,166004,161531,2.8,3,0,00000,437,1866.7,0.23,20,20,25,30,200,5,15,0,195,91000,195,98000,195,35,370,230,185,40,62.2,50,17.4,,,,,,,,,,,,,,,,,,,,,,,,
2021S051235530303,35530303,Greater Sudbury / Grand Sudbury,2021A00053553005,2021,166004,161531,2.8,0.6,4.7,00000,395,1911.9,0.21,25,20,25,20,170,0,30,0,170,94000,165,107000,165,40,330,220,200,20,66.7,60.6,9.1,,,,,,,,,,,,,,,,,,,,,,,,
2021S051235530304,35530304,Greater Sudbury / Grand Sudbury,2021A00053553005,2021,166004,161531,2.8,0.6,2.5,00000,622,1035.8,0.6,25,30,20,15,335,15,195,0,330,67500,310,90000,310,190,565,260,240,20,46,42.5,7.7,,,,,,,,,,,,,,,,,,,,,,,,
2021S051235530305,35530305,Greater Sudbury / Grand Sudbury,2021A00053553005,2021,166004,161531,2.8,1.5,4,00000,1026,1372,0.75,55,45,40,70,405,0,25,0,405,107000,420,123600,420,150,825,555,550,10,67.3,66.7,1.8,,,,,,,,,,,,,,,,,,,,,,,,
2021S051235530306,35530306,Greater Sudbury / Grand Sudbury,2021A00053553005,2021,166004,161531,2.8,3,2,00000,1039,50.6,20.52,45,45,50,60,405,5,5,0,405,116000,385,135500,390,30,840,560,540,20,66.7,64.3,3.6,,,,,,,,,,,,,,,,,,,,,,,,
2021S051235530307,35530307,Greater Sudbury / Grand Sudbury,2021A00053553005,2021,166004,161531,2.8,1,1.4,00000,814,82.1,9.91,65,45,40,50,300,5,30,0,300,120000,310,135000,310,50,685,440,415,30,64.2,60.6,6.8,,,,,,,,,,,,,,,,,,,,,,,,
2021S051235530308,35530308,Greater Sudbury / Grand Sudbury,2021A00053553005,2021,166004,161531,2.8,0.9,1.7,00000,607,51.7,11.74,35,30,25,35,235,0,5,0,230,121000,240,133000,240,15,555,370,345,25,66.7,62.2,6.8,,,,,,,,,,,,,,,,,,,,,,,,
2021S051235530309,35530309,Greater Sudbury / Grand Sudbury,2021A00053553005,2021,166004,161531,2.8,1.6,3.3,00000,713,1166.7,0.61,40,35,35,40,245,0,35,0,245,76500,260,82000,260,125,480,225,210,15,46.9,43.8,6.7,,,,,,,,,,,,,,,,,,,,,,,,
2021S051235530310,35530310,Greater Sudbury / Grand Sudbury,2021A00053553005,2021,166004,161531,2.8,3.6,4.9,00000,795,1476.6,0.54,40,40,60,75,330,15,80,0,335,74500,335,86000,335,175,605,370,340,30,61.2,56.2,8.1,,,,,,,,,,,,,,,,,,,,,,,,
2021S051235530311,35530311,Greater Sudbury / Grand Sudbury,2021A00053553005,2021,166004,161531,2.8,3.2,1.3,00000,594,3004.6,0.2,15,40,45,40,320,25,140,0,320,59200,310,73500,310,170,485,230,195,40,47.4,40.2,17.4,,,,,,,,,,,,,,,,,,,,,,,,
2021S051235530312,35530312,Greater Sudbury / Grand Sudbury,2021A00053553005,2021,166004,161531,2.8,6.5,10.8,00010,684,2551.3,0.27,20,25,60,40,340,30,90,0,340,62400,310,81000,310,120,560,345,300,45,61.6,53.6,13,,,,,,,,,,,,,,,,,,,,,,,,
2021S051235530313,35530313,Greater Sudbury / Grand Sudbury,2021A00053553005,2021,166004,161531,2.8,2.9,3.5,00000,647,1627.7,0.4,25,25,45,25,340,15,145,0,345,49200,360,68000,355,160,580,255,225,25,44,38.8,9.8,,,,,,,,,,,,,,,,,,,,,,,,
2021S051235530314,35530314,Greater Sudbury / Grand Sudbury,2021A00053553005,2021,166004,161531,2.8,3.7,2.1,00000,970,202.6,4.79,45,65,65,55,405,15,20,0,400,81000,400,89600,395,100,755,445,395,50,58.9,52.3,11.2,,,,,,,,,,,,,,,,,,,,,,,,
2021S051235530315,35530315,Greater Sudbury / Grand Sudbury,2021A00053553005,2021,166004,161531,2.8,1.6,6.5,00000,717,1348.8,0.53,30,35,40,50,305,20,15,0,305,105000,290,119000,295,40,615,355,330,30,57.7,53.7,8.5,,,,,,,,,,,,,,,,,,,,,,,,
2021S051235530316,35530316,Greater Sudbury / Grand Sudbury,2021A00053553005,2021,166004,161531,2.8,1.5,1.6,00000,521,1529.7,0.34,15,25,40,25,260,30,85,0,260,69000,265,77500,270,160,445,155,150,0,34.8,33.7,0,,,,,,,,,,,,,,,,,,,,,,,,
2021S051235530317,35530317,Greater Sudbury / Grand Sudbury,2021A00053553005,2021,166004,161531,2.8,0.4,0,00000,757,378.9,2,50,30,30,30,280,15,20,0,280,129000,295,153000,295,30,670,460,440,10,68.7,65.7,2.2,,,,,,,,,,,,,,,,,,,,,,,,
2021S051235530318,35530318,Greater Sudbury / Grand Sudbury,2021A00053553005,2021,166004,161531,2.8,0.8,6.3,00000,637,182.6,3.49,30,35,45,50,245,35,20,0,245,92000,250,128000,245,55,530,335,320,15,63.2,60.4,4.5,,,,,,,,,,,,,,,,,,,,,,,,
2021S051235530319,35530319,Greater Sudbury / Grand Sudbury,2021A00053553005,2021,166004,161531,2.8,2,5.9,00000,512,7.2,71.24,40,25,35,20,205,5,0,0,200,114000,195,112000,195,10,380,265,245,25,69.7,64.5,9.4,,,,,,,,,,,,,,,,,,,,,,,,
2021S051235530320,35530320,Greater Sudbury / Grand Sudbury,2021A00053553005,2021,166004,161531,2.8,3.3,6.5,00000,472,5.9,79.89,25,25,25,30,185,0,5,0,180,101000,180,110000,180,15,380,225,210,10,59.2,55.3,4.4,,,,,,,,,,,,,,,,,,,,,,,,
2021S051235530321,35530321,Greater Sudbury / Grand Sudbury,2021A00053553005,2021,166004,161531,2.8,2.4,5.8,00000,534,7.7,69.54,20,30,30,35,210,5,25,0,210,105000,215,123000,210,25,440,275,265,15,62.5,60.2,5.5,,,,,,,,,,,,,,,,,,,,,,,,
2021S051235530322,35530322,Greater Sudbury / Grand Sudbury,2021A00053553005,2021,166004,161531,2.8,6.5,7.6,00000,729,2.1,343.31,55,25,25,30,275,0,0,0,275,121000,250,128000,250,10,530,325,305,20,61.3,57.5,6.2,,,,,,,,,,,,,,,,,,,,,,,,
2021S051235530323,35530323,Greater Sudbury / Grand Sudbury,2021A00053553005,2021,166004,161531,2.8,5.1,4.3,00000,571,250.2,2.28,25,40,35,50,275,30,10,0,270,60400,285,73000,285,95,525,280,240,40,53.3,45.7,14.3,,,,,,,,,,,,,,,,,,,,,,,,
2021S051235530324,35530324,Greater Sudbury / Grand Sudbury,2021A00053553005,2021,166004,161531,2.8,2.3,5.3,00000,499,2264.1,0.22,15,30,35,30,215,5,30,0,220,72500,220,95000,220,60,430,250,210,40,58.1,48.8,16,,,,,,,,,,,,,,,,,,,,,,,,
2021S051235530325,35530325,Greater Sudbury / Grand Sudbury,2021A00053553005,2021,166004,161531,2.8,1.8,5,00000,538,1361,0.4,35,30,30,30,230,5,20,0,225,84000,235,95000,235,60,450,260,215,45,57.8,47.8,17.3,,,,,,,,,,,,,,,,,,,,,,,,
2021S051235530326,35530326,Greater Sudbury / Grand Sudbury,2021A00053553005,2021,166004,161531,2.8,1.7,1.8,00000,538,1379.1,0.39,30,20,15,20,230,0,40,0,230,91000,235,104000,235,60,480,240,215,20,50,44.8,8.3,,,,,,,,,,,,,,,,,,,,,,,,
2021S051235530327,35530327,Greater Sudbury / Grand Sudbury,2021A00053553005,2021,166004,161531,2.8,1.3,2.5,00000,788,323.9,2.43,40,35,45,70,315,0,5,0,320,89000,325,95200,325,35,640,400,340,60,62.5,53.1,15,,,,,,,,,,,,,,,,,,,,,,,,
2021S051235530328,35530328,Greater Sudbury / Grand Sudbury,2021A00053553005,2021,166004,161531,2.8,0.8,1.6,00000,640,20,32,30,20,40,55,260,0,10,5,260,108000,265,117000,265,25,545,335,325,15,61.5,59.6,4.5,,,,,,,,,,,,,,,,,,,,,,,,
2021S051235530329,35530329,Greater Sudbury / Grand Sudbury,2021A00053553005,2021,166004,161531,2.8,2.1,7.2,00000,704,1006.6,0.7,40,35,15,55,280,5,35,0,280,94000,285,101000,285,50,610,300,275,25,49.2,45.1,8.3,,,,,,,,,,,,,,,,,,,,,,,,
2021S051235530330,35530330,Greater Sudbury / Grand Sudbury,2021A00053553005,2021,166004,161531,2.8,0.4,0,00000,595,1187.6,0.5,30,35,40,40,225,0,5,0,225,107000,230,114000,230,15,510,320,285,30,62.7,55.9,9.4,,,,,,,,,,,,,,,,,,,,,,,,
2021S051235530331,35530331,Greater Sudbury / Grand Sudbury,2021A00053553005,2021,166004,161531,2.8,5,4.1,00000,961,9.7,98.88,50,35,40,60,375,0,0,0,380,125000,385,141000,385,0,805,510,505,10,63.4,62.7,2,,,,,,,,,,,,,,,,,,,,,,,,
2021S051235530332,35530332,Greater Sudbury / Grand Sudbury,2021A00053553005,2021,166004,161531,2.8,2.8,4.8,00000,768,7.7,99.43,35,35,60,45,355,15,50,0,355,79000,350,92400,350,90,635,360,345,15,56.7,54.3,4.2,,,,,,,,,,,,,,,,,,,,,,,,
2021S051235530333,35530333,Greater Sudbury / Grand Sudbury,2021A00053553005,2021,166004,161531,2.8,2.4,6.1,00000,470,1367.9,0.34,15,30,35,30,210,5,5,0,210,80000,205,81000,205,35,365,175,160,15,47.9,43.8,8.6,,,,,,,,,,,,,,,,,,,,,,,,
2021S051235530334,35530334,Greater Sudbury / Grand Sudbury,2021A00053553005,2021,166004,161531,2.8,4.1,8.7,00000,612,166,3.69,25,35,30,35,270,0,20,0,265,77500,280,84000,280,55,500,285,255,25,57,51,8.8,,,,,,,,,,,,,,,,,,,,,,,,
2021S051235530335,35530335,Greater Sudbury / Grand Sudbury,2021A00053553005,2021,166004,161531,2.8,2.8,6.3,00000,624,4.9,126.51,20,25,30,40,255,0,0,0,250,103000,260,102000,255,10,500,290,270,25,58,54,8.6,,,,,,,,,,,,,,,,,,,,,,,,
2021S051235530336,35530336,Greater Sudbury / Grand Sudbury,2021A00053553005,2021,166004,161531,2.8,1.7,3.4,00000,899,673.2,1.34,55,45,50,55,350,0,0,0,350,120000,355,140000,355,10,740,455,430,25,61.5,58.1,5.5,,,,,,,,,,,,,,,,,,,,,,,,
2021S051235530337,35530337,Greater Sudbury / Grand Sudbury,2021A00053553005,2021,166004,161531,2.8,1.6,1.3,00000,786,106.7,7.37,55,40,30,35,305,0,5,0,305,120000,310,142000,310,15,705,485,445,40,68.8,63.1,8.2,,,,,,,,,,,,,,,,,,,,,,,,
2021S051235530338,35530338,Greater Sudbury / Grand Sudbury,2021A00053553005,2021,166004,161531,2.8,0.7,0,00000,782,147.8,5.29,50,35,40,45,295,0,20,0,295,122000,305,134000,305,20,630,455,410,45,72.2,65.1,9.9,,,,,,,,,,,,,,,,,,,,,,,,
2021S051235530339,35530339,Greater Sudbury / Grand Sudbury,2021A00053553005,2021,166004,161531,2.8,0.3,1.2,00000,1004,276.2,3.63,70,55,50,50,345,0,0,0,345,158000,340,172000,340,10,780,540,495,45,69.2,63.5,8.3,,,,,,,,,,,,,,,,,,,,,,,,
2021S051235530340,35530340,Greater Sudbury / Grand Sudbury,2021A00053553005,2021,166004,161531,2.8,2.7,3.4,00000,1337,59.2,22.58,105,50,30,65,485,0,0,0,485,143000,475,177000,480,10,1025,705,660,45,68.8,64.4,6.4,,,,,,,,,,,,,,,,,,,,,,,,
2021S051235530341,35530341,Greater Sudbury / Grand Sudbury,2021A00053553005,2021,166004,161531,2.8,0.4,0,00000,836,12,69.72,40,40,20,30,275,0,25,20,275,104000,285,121000,285,75,595,340,310,25,57.1,52.1,7.4,,,,,,,,,,,,,,,,,,,,,,,,
2021S051235530342,35530342,Greater Sudbury / Grand Sudbury,2021A00053553005,2021,166004,161531,2.8,2.2,1.8,00000,543,321.2,1.69,20,25,30,60,225,0,10,0,230,98000,220,97000,220,25,410,260,250,15,63.4,61,5.8,,,,,,,,,,,,,,,,,,,,,,,,
2021S051235530343,35530343,Greater Sudbury / Grand Sudbury,2021A00053553005,2021,166004,161531,2.8,3.4,5.6,00000,474,1213.8,0.39,15,15,30,20,210,0,0,0,205,92000,210,97000,210,20,380,265,245,20,69.7,64.5,7.5,,,,,,,,,,,,,,,,,,,,,,,,
2021S051235530344,35530344,Greater Sudbury / Grand Sudbury,2021A00053553005,2021,166004,161531,2.8,1.3,1.8,00000,519,2028.1,0.26,25,30,25,40,230,0,25,0,235,85000,225,97000,225,25,445,270,255,15,60.7,57.3,5.6,,,,,,,,,,,,,,,,,,,,,,,,
2021S051235530345,35530345,Greater Sudbury / Grand Sudbury,2021A00053553005,2021,166004,161531,2.8,0.5,2,00000,460,1755.1,0.26,30,25,35,35,185,0,0,0,185,109000,195,116000,200,15,395,265,255,10,67.1,64.6,3.8,,,,,,,,,,,,,,,,,,,,,,,,
2021S051235530346,35530346,Greater Sudbury / Grand Sudbury,2021A00053553005,2021,166004,161531,2.8,1.7,1.9,00000,949,428.5,2.21,60,35,35,35,415,0,30,120,415,91000,405,102000,405,165,770,400,390,10,51.9,50.6,2.5,,,,,,,,,,,,,,,,,,,,,,,,
2021S051235530347,35530347,Greater Sudbury / Grand Sudbury,2021A00053553005,2021,166004,161531,2.8,0,0,09999,0,0,25.33,,,,,,,,,,,,,,,,,,,,,,,,,6,6,6,6,6,6,6,6,6,6,6,6,6,6,6,6,6,6,6,6,6
2021S051235530348,35530348,Greater Sudbury / Grand Sudbury,2021A00053553005,2021,166004,161531,2.8,0.4,0,00000,650,422.3,1.54,30,30,30,45,280,10,65,0,275,92000,280,103000,280,105,580,380,340,40,65.5,58.6,10.5,,,,,,,,,,,,,,,,,,,,,,,,
2021S051235530349,35530349,Greater Sudbury / Grand Sudbury,2021A00053553005,2021,166004,161531,2.8,2.9,8.5,00000,613,16.3,37.7,30,30,25,30,245,0,0,0,245,107000,225,121000,225,20,485,330,295,40,68,60.8,12.1,,,,,,,,,,,,,,,,,,,,,,,,
2021S051235530350,35530350,Greater Sudbury / Grand Sudbury,2021A00053553005,2021,166004,161531,2.8,9.8,8.2,00000,644,2.4,273.22,25,35,25,35,285,0,0,0,285,105000,280,123000,280,0,625,320,275,45,51.2,44,14.1,,,,,,,,,,,,,,,,,,,,,,,,
2021S051235530351,35530351,Greater Sudbury / Grand Sudbury,2021A00053553005,2021,166004,161531,2.8,24.3,21.1,02020,545,3.8,143.7,40,10,20,15,250,0,0,0,250,93000,220,108000,220,10,435,230,220,10,52.9,50.6,4.3,,,,,,,,,,,,,,,,,,,,,,,,
2021S051235530352,35530352,Greater Sudbury / Grand Sudbury,2021A00053553005,2021,166004,161531,2.8,1.9,1.3,00000,774,12.7,61.06,30,35,40,35,305,15,10,0,310,114000,320,143000,320,25,720,475,450,35,66,62.5,7.4,,,,,,,,,,,,,,,,,,,,,,,,
2021S051235530353,35530353,Greater Sudbury / Grand Sudbury,2021A00053553005,2021,166004,161531,2.8,1.4,3.7,00000,1155,1541.2,0.75,95,65,30,70,435,25,35,0,440,115000,430,130000,430,95,890,645,595,50,72.5,66.9,7.8,,,,,,,,,,,,,,,,,,,,,,,,
2021S051235530354,35530354,Greater Sudbury / Grand Sudbury,2021A00053553005,2021,166004,161531,2.8,1.9,2.5,00000,407,3140.4,0.13,25,20,35,40,155,0,0,0,155,96000,165,111000,160,30,365,245,215,35,67.1,58.9,14.3,,,,,,,,,,,,,,,,,,,,,,,,
2021S051235530355,35530355,Greater Sudbury / Grand Sudbury,2021A00053553005,2021,166004,161531,2.8,4.5,9.1,00000,414,2208,0.19,30,25,15,20,175,20,20,0,180,91000,165,105000,165,25,340,215,210,10,63.2,61.8,4.7,,,,,,,,,,,,,,,,,,,,,,,,
2021S051235530356,35530356,Greater Sudbury / Grand Sudbury,2021A00053553005,2021,166004,161531,2.8,2.1,3.1,00000,1364,304.9,4.47,95,70,90,90,520,15,40,0,520,112000,530,118000,530,120,1095,790,720,70,72.1,65.8,8.9,,,,,,,,,,,,,,,,,,,,,,,,
2021S051235530357,35530357,Greater Sudbury / Grand Sudbury,2021A00053553005,2021,166004,161531,2.8,1.9,1.3,00000,708,3042.5,0.23,30,35,65,55,310,10,70,0,310,84000,295,88000,295,95,585,320,280,40,54.7,47.9,12.5,,,,,,,,,,,,,,,,,,,,,,,,
2021S051235530358,35530358,Greater Sudbury / Grand Sudbury,2021A00053553005,2021,166004,161531,2.8,4.8,6.9,00000,497,1082.1,0.46,35,20,35,30,245,45,65,0,245,65000,240,80000,235,100,405,225,185,40,55.6,45.7,17.8,,,,,,,,,,,,,,,,,,,,,,,,
2021S051235530359,35530359,Greater Sudbury / Grand Sudbury,2021A00053553005,2021,166004,161531,2.8,0,0,00000,436,3801.2,0.11,35,25,20,30,160,10,0,0,160,137000,165,133000,160,10,350,225,220,10,64.3,62.9,4.4,,,,,,,,,,,,,,,,,,,,,,,,
2021S051235530360,35530360,Greater Sudbury / Grand Sudbury,2021A00053553005,2021,166004,161531,2.8,2.6,3.9,00000,507,3482.1,0.15,30,40,30,30,195,20,15,0,200,103000,205,111000,205,50,430,315,280,40,73.3,65.1,12.7,,,,,,,,,,,,,,,,,,,,,,,,
2021S051235530361,35530361,Greater Sudbury / Grand Sudbury,2021A00053553005,2021,166004,161531,2.8,2.5,6.6,00000,690,601.8,1.15,55,45,35,35,240,15,25,0,240,121000,235,135000,240,25,545,380,350,35,69.7,64.2,9.2,,,,,,,,,,,,,,,,,,,,,,,,
2021S051235530362,35530362,Greater Sudbury / Grand Sudbury,2021A00053553005,2021,166004,161531,2.8,1.7,0,00000,390,261,1.49,20,20,30,35,170,5,45,0,175,76500,185,90000,190,55,370,225,205,15,60.8,55.4,6.7,,,,,,,,,,,,,,,,,,,,,,,,
2021S051235530363,35530363,Greater Sudbury / Grand Sudbury,2021A00053553005,2021,166004,161531,2.8,3.9,7.8,00000,512,61,8.4,30,30,40,35,205,0,15,0,205,82000,190,89000,190,30,380,235,210,25,61.8,55.3,10.6,,,,,,,,,,,,,,,,,,,,,,,,
2021S051235530364,35530364,Greater Sudbury / Grand Sudbury,2021A00053553005,2021,166004,161531,2.8,4.8,6,00000,474,3.7,127.63,20,30,35,25,185,0,10,0,185,110000,200,124000,200,35,455,285,255,25,62.6,56,8.8,,,,,,,,,,,,,,,,,,,,,,,,
2021S051235530365,35530365,Greater Sudbury / Grand Sudbury,2021A00053553005,2021,166004,161531,2.8,3.3,4.5,00000,446,18.7,23.88,30,20,30,25,180,0,10,0,180,94000,180,112000,175,20,350,230,195,30,65.7,55.7,13,,,,,,,,,,,,,,,,,,,,,,,,
2021S051235530366,35530366,Greater Sudbury / Grand Sudbury,2021A00053553005,2021,166004,161531,2.8,2.4,0,00000,441,830.7,0.53,15,20,30,20,210,15,50,0,205,74500,225,98000,225,80,445,245,215,35,55.1,48.3,14.3,,,,,,,,,,,,,,,,,,,,,,,,
2021S051235530367,35530367,Greater Sudbury / Grand Sudbury,2021A00053553005,2021,166004,161531,2.8,2.2,2.2,00000,417,2095.5,0.2,20,20,20,40,185,10,35,0,180,93000,180,85000,180,50,330,200,180,15,60.6,54.5,7.5,,,,,,,,,,,,,,,,,,,,,,,,
2021S051235530368,35530368,Greater Sudbury / Grand Sudbury,2021A00053553005,2021,166004,161531,2.8,1.3,0,00000,581,412.8,1.41,40,20,30,35,225,10,20,0,225,97000,215,126000,215,35,510,325,295,30,63.7,57.8,9.2,,,,,,,,,,,,,,,,,,,,,,,,
2021S051235530369,35530369,Greater Sudbury / Grand Sudbury,2021A00053553005,2021,166004,161531,2.8,1.2,1.6,00000,588,55.3,10.64,40,40,35,40,245,0,15,0,245,90000,250,105000,250,30,540,315,280,35,58.3,51.9,11.1,,,,,,,,,,,,,,,,,,,,,,,,
2021S051235530370,35530370,Greater Sudbury / Grand Sudbury,2021A00053553005,2021,166004,161531,2.8,1.2,0,00000,621,60.7,10.24,40,15,35,30,255,0,35,0,255,87000,255,92000,255,20,500,295,275,25,59,55,8.5,,,,,,,,,,,,,,,,,,,,,,,,
2021S051235530371,35530371,Greater Sudbury / Grand Sudbury,2021A00053553005,2021,166004,161531,2.8,1.5,11.1,00010,479,15.3,31.3,20,35,25,40,200,10,0,0,195,87000,170,84000,170,15,310,150,130,20,48.4,41.9,13.3,,,,,,,,,,,,,,,,,,,,,,,,
2021S051235530372,35530372,Greater Sudbury / Grand Sudbury,2021A00053553005,2021,166004,161531,2.8,2.5,4.9,00000,598,8,74.37,10,25,30,30,240,0,0,0,245,101000,245,109000,250,0,525,315,285,35,60,54.3,11.1,,,,,,,,,,,,,,,,,,,,,,,,
2021S051235530373,35530373,Greater Sudbury / Grand Sudbury,2021A00053553005,2021,166004,161531,2.8,2,2,00000,500,8.3,60.49,20,15,15,30,195,0,0,0,195,110000,200,137000,200,0,380,260,240,20,68.4,63.2,7.7,,,,,,,,,,,,,,,,,,,,,,,,
2021S051235530374,35530374,Greater Sudbury / Grand Sudbury,2021A00053553005,2021,166004,161531,2.8,2.5,0,00000,581,11,52.64,20,30,20,35,235,0,0,0,235,94000,225,114000,225,25,435,275,255,20,63.2,58.6,7.3,,,,,,,,,,,,,,,,,,,,,,,,
2021S051235530375,35530375,Greater Sudbury / Grand Sudbury,2021A00053553005,2021,166004,161531,2.8,3.2,1.3,00000,783,72.9,10.74,55,45,25,35,315,5,10,0,315,121000,300,157000,300,15,670,435,390,50,64.9,58.2,11.5,,,,,,,,,,,,,,,,,,,,,,,,
2021S051235530376,35530376,Greater Sudbury / Grand Sudbury,2021A00053553005,2021,166004,161531,2.8,1.2,0.7,00000,1615,927.6,1.74,120,90,55,85,575,20,10,0,575,144000,575,156000,575,60,1270,835,770,65,65.7,60.6,7.8,,,,,,,,,,,,,,,,,,,,,,,,
2021S051235530377,35530377,Greater Sudbury / Grand Sudbury,2021A00053553005,2021,166004,161531,2.8,1.3,0,00000,1246,1204.8,1.03,100,95,40,60,460,15,0,0,455,148000,480,144000,480,35,1065,670,635,35,62.9,59.6,5.2,,,,,,,,,,,,,,,,,,,,,,,,
2021S051235530378,35530378,Greater Sudbury / Grand Sudbury,2021A00053553005,2021,166004,161531,2.8,1.3,2.5,00000,407,316.1,1.29,30,20,20,15,160,10,0,0,160,109000,160,144000,160,10,365,235,210,20,64.4,57.5,8.5,,,,,,,,,,,,,,,,,,,,,,,,
2021S051235530380,35530380,Greater Sudbury / Grand Sudbury,2021A00053553005,2021,166004,161531,2.8,0,0,00909,125,80,1.56,0,5,5,5,45,5,0,0,,,,,35,0,70,45,40,0,64.3,57.1,0,,,,,,,,,,,,6,6,6,6,,,,,,,,,
2021S051235530382,35530382,Greater Sudbury / Grand Sudbury,2021A00053553005,2021,166004,161531,2.8,1.3,2.7,00000,521,215.2,2.42,20,25,20,15,305,0,195,0,305,66000,290,79500,295,220,480,180,160,20,37.5,33.3,11.1,,,,,,,,,,,,,,,,,,,,,,,,
2021S051235530383,35530383,Greater Sudbury / Grand Sudbury,2021A00053553005,2021,166004,161531,2.8,3.6,4.6,00000,1366,662.8,2.06,45,110,105,60,450,55,90,0,445,74500,435,80000,435,235,810,500,430,65,61.7,53.1,13,,,,,,,,,,,,,,,,,,,,,,,,
2021S051235530384,35530384,Greater Sudbury / Grand Sudbury,2021A00053553005,2021,166004,161531,2.8,1.3,1.1,00000,628,1516.9,0.41,20,30,25,20,370,5,25,220,375,51200,375,66800,375,270,565,205,180,25,36.3,31.9,12.2,,,,,,,,,,,,,,,,,,,,,,,,
2021S051235530385,35530385,Greater Sudbury / Grand Sudbury,2021A00053553005,2021,166004,161531,2.8,1.1,2.3,00000,965,1119.1,0.86,75,55,40,50,365,50,20,0,365,123000,365,152000,365,70,835,580,525,55,69.5,62.9,9.5,,,,,,,,,,,,,,,,,,,,,,,,
2021S051235530386,35530386,Greater Sudbury / Grand Sudbury,2021A00053553005,2021,166004,161531,2.8,0.9,0,00000,1000,1842,0.54,80,75,40,50,330,5,5,0,330,157000,340,148000,335,10,770,605,560,45,78.6,72.7,7.4,,,,,,,,,,,,,,,,,,,,,,,,
2021S051235530387,35530387,Greater Sudbury / Grand Sudbury,2021A00053553005,2021,166004,161531,2.8,2.3,0,00000,721,3394.5,0.21,30,40,60,55,390,0,40,230,390,87000,425,125600,425,285,705,400,360,40,56.7,51.1,10,,,,,,,,,,,,,,,,,,,,,,,,
2021S051235530388,35530388,Greater Sudbury / Grand Sudbury,2021A00053553005,2021,166004,161531,2.8,5,10.4,00010,1033,4699.7,0.22,30,40,65,60,620,0,75,510,625,40400,600,52000,600,560,825,280,220,60,33.9,26.7,21.4,,,,,,,,,,,,,,,,,,,,,,,,
2021S051235530389,35530389,Greater Sudbury / Grand Sudbury,2021A00053553005,2021,166004,161531,2.8,0.5,0,00000,533,1688.8,0.32,40,35,15,25,200,5,0,0,200,151000,200,216000,200,10,450,300,280,15,66.7,62.2,5,,,,,,,,,,,,,,,,,,,,,,,,
2021S051235580029,35580029,Thunder Bay,2021A00053558004,2021,108843,107909,0.9,0,2.9,00000,357,27.3,13.06,10,30,20,20,140,0,0,0,140,120000,140,124000,140,0,310,175,160,15,56.5,51.6,8.6,,,,,,,,,,,,,,,,,,,,,,,,
2021S051235580030,35580030,Thunder Bay,2021A00053558004,2021,108843,107909,0.9,0,0,00000,573,340.2,1.68,30,25,15,25,205,0,5,0,205,145000,200,168000,205,0,465,305,270,35,65.6,58.1,11.5,,,,,,,,,,,,,,,,,,,,,,,,
2021S051235580031,35580031,Thunder Bay,2021A00053558004,2021,108843,107909,0.9,0.8,3.2,00000,1011,402.9,2.51,60,50,40,45,375,0,0,0,370,141000,355,158000,355,30,810,475,460,15,58.6,56.8,3.2,,,,,,,,,,,,,,,,,,,,,,,,
2021S051235580032,35580032,Thunder Bay,2021A00053558004,2021,108843,107909,0.9,0.4,0,00000,622,180.6,3.44,35,25,30,35,250,0,0,0,250,114000,245,116000,245,0,540,340,310,30,63,57.4,8.8,,,,,,,,,,,,,,,,,,,,,,,,
2021S051235580033,35580033,Thunder Bay,2021A00053558004,2021,108843,107909,0.9,1.2,0,00000,611,110.2,5.54,25,20,30,45,250,0,0,0,255,116000,255,140000,260,0,530,330,295,35,62.3,55.7,10.6,,,,,,,,,,,,,,,,,,,,,,,,
2021S051235580038,35580038,Thunder Bay,2021A00053558004,2021,108843,107909,0.9,3.3,1.8,00000,442,159.4,2.77,20,25,40,30,215,5,15,0,215,63200,230,77000,230,70,415,280,240,35,67.5,57.8,12.5,,,,,,,,,,,,,,,,,,,,,,,,
2021S051235580039,35580039,Thunder Bay,2021A00053558004,2021,108843,107909,0.9,1.8,1.8,00000,489,2663.4,0.18,25,25,30,45,225,10,20,0,225,72500,225,73500,225,85,445,295,245,40,66.3,55.1,13.6,,,,,,,,,,,,,,,,,,,,,,,,
2021S051235580040,35580040,Thunder Bay,2021A00053558004,2021,108843,107909,0.9,1.5,0,00000,433,2162.8,0.2,10,15,45,35,200,0,0,0,195,81000,210,90000,210,20,370,195,180,15,52.7,48.6,7.7,,,,,,,,,,,,,,,,,,,,,,,,
2021S051235580041,35580041,Thunder Bay,2021A00053558004,2021,108843,107909,0.9,1,0,00000,423,2177,0.19,20,25,30,25,200,5,0,0,195,74500,195,91000,195,20,360,175,155,15,48.6,43.1,8.6,,,,,,,,,,,,,,,,,,,,,,,,
2021S051235580042,35580042,Thunder Bay,2021A00053558004,2021,108843,107909,0.9,2.5,2.6,00000,465,3830.3,0.12,30,40,45,40,160,0,0,0,160,63200,155,68000,155,135,320,200,155,50,62.5,48.4,25,,,,,,,,,,,,,,,,,,,,,,,,
2021S051235580043,35580043,Thunder Bay,2021A00053558004,2021,108843,107909,0.9,2.5,7.3,00000,355,705.8,0.5,15,20,30,30,165,5,75,0,160,66500,170,69000,170,115,270,155,135,15,57.4,50,9.7,,,,,,,,,,,,,,,,,,,,,,,,
2021S051235580044,35580044,Thunder Bay,2021A00053558004,2021,108843,107909,0.9,2,1.6,00000,414,389.1,1.06,5,15,20,10,255,0,155,0,255,60800,260,78000,260,40,425,150,130,20,35.3,30.6,13.3,,,,,,,,,,,,,,,,,,,,,,,,
2021S051235580045,35580045,Thunder Bay,2021A00053558004,2021,108843,107909,0.9,3.1,3.7,00000,511,1793,0.29,30,35,40,35,230,10,5,0,225,75500,225,101000,225,60,500,315,275,40,63,55,12.7,,,,,,,,,,,,,,,,,,,,,,,,
2021S051235580046,35580046,Thunder Bay,2021A00053558004,2021,108843,107909,0.9,2.8,6,00000,444,2653.9,0.17,20,20,30,50,210,10,20,0,210,71000,205,78000,200,45,410,215,195,25,52.4,47.6,11.6,,,,,,,,,,,,,,,,,,,,,,,,
2021S051235580047,35580047,Thunder Bay,2021A00053558004,2021,108843,107909,0.9,8.1,15.5,00010,525,1101.8,0.48,10,35,40,40,345,10,100,155,350,33600,305,47600,305,250,405,205,155,50,50.6,38.3,24.4,,,,,,,,,,,,,,,,,,,,,,,,
2021S051235580048,35580048,Thunder Bay,2021A00053558004,2021,108843,107909,0.9,3.6,2,00000,426,3224.8,0.13,30,25,35,35,195,10,30,0,195,72000,195,80000,195,50,390,240,180,55,61.5,46.2,22.9,,,,,,,,,,,,,,,,,,,,,,,,
2021S051235580049,35580049,Thunder Bay,2021A00053558004,2021,108843,107909,0.9,0.5,3.9,00000,544,2191.8,0.25,35,25,40,40,220,5,0,0,220,80000,210,82000,210,60,395,255,205,50,64.6,51.9,19.6,,,,,,,,,,,,,,,,,,,,,,,,
2021S051235580050,35580050,Thunder Bay,2021A00053558004,2021,108843,107909,0.9,2.5,4.9,00000,508,2408.7,0.21,15,35,45,30,235,10,20,0,240,76000,225,91000,230,45,435,255,225,35,58.6,51.7,13.7,,,,,,,,,,,,,,,,,,,,,,,,
2021S051235580051,35580051,Thunder Bay,2021A00053558004,2021,108843,107909,0.9,3.2,4.3,00000,409,2683.7,0.15,25,30,30,30,185,5,45,0,190,67500,190,75000,190,75,350,205,175,30,58.6,50,14.6,,,,,,,,,,,,,,,,,,,,,,,,
2021S051235580052,35580052,Thunder Bay,2021A00053558004,2021,108843,107909,0.9,0.8,1.6,00000,522,722.3,0.72,10,40,40,45,250,20,5,0,250,74000,255,82000,255,35,415,245,215,30,59,51.8,12.2,,,,,,,,,,,,,,,,,,,,,,,,
2021S051235580053,35580053,Thunder Bay,2021A00053558004,2021,108843,107909,0.9,1.3,1.8,00000,519,2593.7,0.2,25,30,55,55,225,10,10,0,225,77500,235,93000,235,40,490,345,330,15,70.4,67.3,4.3,,,,,,,,,,,,,,,,,,,,,,,,
2021S051235580054,35580054,Thunder Bay,2021A00053558004,2021,108843,107909,0.9,1.8,2.7,00000,619,3013.6,0.21,30,40,45,55,280,15,25,0,285,75000,290,84000,295,45,515,325,295,35,63.1,57.3,10.8,,,,,,,,,,,,,,,,,,,,,,,,
2021S051235580055,35580055,Thunder Bay,2021A00053558004,2021,108843,107909,0.9,2.9,10.2,00010,381,2425.2,0.16,15,30,30,30,205,0,115,0,205,57200,185,69500,190,100,285,155,145,10,54.4,50.9,6.5,,,,,,,,,,,,,,,,,,,,,,,,
2021S051235580056,35580056,Thunder Bay,2021A00053558004,2021,108843,107909,0.9,2,1.9,00000,447,3123.7,0.14,25,30,50,50,205,10,15,0,205,87000,215,96000,215,40,425,290,270,20,68.2,63.5,6.9,,,,,,,,,,,,,,,,,,,,,,,,
2021S051235580057,35580057,Thunder Bay,2021A00053558004,2021,108843,107909,0.9,4.7,5.5,00000,488,2630.7,0.19,15,25,30,30,230,5,90,0,230,71500,220,72500,220,100,350,175,150,25,50,42.9,14.3,,,,,,,,,,,,,,,,,,,,,,,,
2021S051235580058,35580058,Thunder Bay,2021A00053558004,2021,108843,107909,0.9,4.7,8.6,00000,497,3371.8,0.15,20,35,30,30,235,10,60,0,230,88000,225,108000,225,70,430,290,265,25,67.4,61.6,8.6,,,,,,,,,,,,,,,,,,,,,,,,
2021S051235580059,35580059,Thunder Bay,2021A00053558004,2021,108843,107909,0.9,3.8,12.5,00010,433,2397.6,0.18,25,35,25,25,180,5,10,0,185,104000,170,125000,170,20,345,220,185,35,63.8,53.6,15.9,,,,,,,,,,,,,,,,,,,,,,,,
2021S051235580060,35580060,Thunder Bay,2021A00053558004,2021,108843,107909,0.9,1.7,0,00000,463,3499.6,0.13,20,20,35,25,175,5,45,0,180,80000,180,113000,180,55,310,230,200,30,74.2,64.5,13,,,,,,,,,,,,,,,,,,,,,,,,
2021S051235580061,35580061,Thunder Bay,2021A00053558004,2021,108843,107909,0.9,4.7,9.3,00000,399,2776.6,0.14,25,25,30,50,165,15,60,0,170,63600,175,72500,175,90,290,190,170,15,65.5,58.6,7.9,,,,,,,,,,,,,,,,,,,,,,,,
2021S051235580062,35580062,Thunder Bay,2021A00053558004,2021,108843,107909,0.9,3.3,5,00000,514,1705.9,0.3,20,40,45,40,235,20,105,0,240,59600,250,66500,250,135,450,230,175,45,51.1,38.9,19.6,,,,,,,,,,,,,,,,,,,,,,,,
2021S051235580063,35580063,Thunder Bay,2021A00053558004,2021,108843,107909,0.9,4.9,10,00010,450,2970.3,0.15,20,30,60,25,205,15,20,0,205,81000,195,88000,195,30,350,245,225,25,70,64.3,10.2,,,,,,,,,,,,,,,,,,,,,,,,
2021S051235580064,35580064,Thunder Bay,2021A00053558004,2021,108843,107909,0.9,2.1,2.3,00000,421,2361.2,0.18,20,30,35,25,190,15,20,0,190,85000,185,103000,185,45,385,210,185,25,54.5,48.1,11.9,,,,,,,,,,,,,,,,,,,,,,,,
2021S051235580065,35580065,Thunder Bay,2021A00053558004,2021,108843,107909,0.9,1,2.1,00000,455,3229.2,0.14,30,30,30,30,195,10,10,0,195,74500,200,82000,200,75,430,250,220,30,58.1,51.2,12,,,,,,,,,,,,,,,,,,,,,,,,
2021S051235580066,35580066,Thunder Bay,2021A00053558004,2021,108843,107909,0.9,3.6,2.1,00000,389,3473.2,0.11,20,20,45,30,190,10,45,0,190,68000,195,74500,195,60,330,215,185,30,65.2,56.1,14,,,,,,,,,,,,,,,,,,,,,,,,
2021S051235580068,35580068,Thunder Bay,2021A00053558004,2021,108843,107909,0.9,8.9,13.2,00010,389,2552.5,0.15,10,30,30,20,280,0,100,160,280,27800,255,34400,255,240,310,115,95,15,37.1,30.6,13,,,,,,,,,,,,,,,,,,,,,,,,
2021S051235580069,35580069,Thunder Bay,2021A00053558004,2021,108843,107909,0.9,7.9,16,00010,413,1508.4,0.27,25,40,45,35,190,25,80,0,190,46800,190,54800,190,125,335,170,120,50,50.7,35.8,29.4,,,,,,,,,,,,,,,,,,,,,,,,
2021S051235580070,35580070,Thunder Bay,2021A00053558004,2021,108843,107909,0.9,11.5,15.6,01010,433,4859.7,0.09,20,35,55,30,190,20,75,0,195,54400,170,69500,165,85,295,180,140,40,61,47.5,22.2,,,,,,,,,,,,,,,,,,,,,,,,
2021S051235580071,35580071,Thunder Bay,2021A00053558004,2021,108843,107909,0.9,3.2,4.9,00000,362,4430.8,0.08,20,30,25,20,155,20,25,0,155,63200,170,77000,170,60,335,190,160,35,56.7,47.8,18.4,,,,,,,,,,,,,,,,,,,,,,,,
2021S051235580072,35580072,Thunder Bay,2021A00053558004,2021,108843,107909,0.9,2.6,7.7,00000,376,4154.7,0.09,20,30,45,25,155,15,20,0,150,62800,155,86000,155,50,325,220,190,25,67.7,58.5,11.4,,,,,,,,,,,,,,,,,,,,,,,,
2021S051235580073,35580073,Thunder Bay,2021A00053558004,2021,108843,107909,0.9,5.9,2.1,00000,428,4367.3,0.1,20,30,40,35,190,15,10,0,190,61600,195,57600,195,65,350,180,150,25,51.4,42.9,13.9,,,,,,,,,,,,,,,,,,,,,,,,
2021S051235580074,35580074,Thunder Bay,2021A00053558004,2021,108843,107909,0.9,5.2,10.3,00010,410,3638,0.11,20,25,30,25,230,15,10,75,230,39200,215,41600,220,115,330,120,95,25,36.4,28.8,20.8,,,,,,,,,,,,,,,,,,,,,,,,
2021S051235580075,35580075,Thunder Bay,2021A00053558004,2021,108843,107909,0.9,8.1,10.4,00010,511,2835.7,0.18,40,70,50,35,210,35,55,0,210,52800,180,60000,180,80,335,175,155,20,52.2,46.3,11.4,,,,,,,,,,,,,,,,,,,,,,,,
2021S051235580076,35580076,Thunder Bay,2021A00053558004,2021,108843,107909,0.9,3.1,9.3,00000,447,1754.3,0.25,15,35,55,45,225,10,55,0,230,55200,210,70500,215,75,390,230,190,40,59,48.7,17.4,,,,,,,,,,,,,,,,,,,,,,,,
2021S051235580077,35580077,Thunder Bay,2021A00053558004,2021,108843,107909,0.9,3.7,4.4,00000,406,1227.7,0.33,20,30,20,35,190,10,15,0,190,67000,190,75500,190,25,395,220,215,0,55.7,54.4,0,,,,,,,,,,,,,,,,,,,,,,,,
2021S051235580078,35580078,Thunder Bay,2021A00053558004,2021,108843,107909,0.9,4,8.6,00000,548,2751,0.2,30,45,35,45,280,20,65,0,275,64000,270,71500,270,105,445,275,230,45,61.8,51.7,16.4,,,,,,,,,,,,,,,,,,,,,,,,
2021S051235580079,35580079,Thunder Bay,2021A00053558004,2021,108843,107909,0.9,4.4,1.9,00000,435,2965.2,0.15,25,30,45,45,200,10,40,0,205,61200,210,77500,210,100,420,250,215,30,59.5,51.2,12,,,,,,,,,,,,,,,,,,,,,,,,
2021S051235580080,35580080,Thunder Bay,2021A00053558004,2021,108843,107909,0.9,4.2,4.1,00000,419,3681.9,0.11,30,20,35,30,195,20,30,0,195,65000,190,72500,190,65,300,200,145,50,66.7,48.3,25,,,,,,,,,,,,,,,,,,,,,,,,
2021S051235580081,35580081,Thunder Bay,2021A00053558004,2021,108843,107909,0.9,5.2,4.1,00000,436,3797.9,0.11,25,25,40,35,210,15,75,0,210,58000,205,67000,205,100,370,185,165,20,50,44.6,10.8,,,,,,,,,,,,,,,,,,,,,,,,
2021S051235580082,35580082,Thunder Bay,2021A00053558004,2021,108843,107909,0.9,2.5,4.2,00000,407,2872.3,0.14,25,45,45,25,195,15,45,0,200,62400,205,58400,205,80,300,190,175,20,63.3,58.3,10.5,,,,,,,,,,,,,,,,,,,,,,,,
2021S051235580083,35580083,Thunder Bay,2021A00053558004,2021,108843,107909,0.9,2.5,3.3,00000,508,3848.5,0.13,25,40,60,35,240,25,50,0,240,72000,265,75000,265,110,495,345,285,60,69.7,57.6,17.4,,,,,,,,,,,,,,,,,,,,,,,,
2021S051235580084,35580084,Thunder Bay,2021A00053558004,2021,108843,107909,0.9,6,5.2,00000,522,4129.7,0.13,15,30,35,35,230,25,105,0,235,45200,250,65000,250,160,375,220,195,35,58.7,52,15.9,,,,,,,,,,,,,,,,,,,,,,,,
2021S051235580085,35580085,Thunder Bay,2021A00053558004,2021,108843,107909,0.9,2.1,7.1,00000,541,3648,0.15,15,25,50,45,340,20,85,115,340,39200,340,54200,340,215,475,220,180,40,46.3,37.9,18.2,,,,,,,,,,,,,,,,,,,,,,,,
2021S051235580086,35580086,Thunder Bay,2021A00053558004,2021,108843,107909,0.9,9.5,10.3,00010,453,1726.4,0.26,10,25,65,20,305,10,175,75,305,32400,310,44000,310,225,400,170,140,30,42.5,35,17.6,,,,,,,,,,,,,,,,,,,,,,,,
2021S051235580087,35580087,Thunder Bay,2021A00053558004,2021,108843,107909,0.9,1.1,0,00000,489,3344.7,0.15,10,45,45,40,275,5,140,0,280,61200,290,68500,290,145,465,220,205,15,47.3,44.1,6.8,,,,,,,,,,,,,,,,,,,,,,,,
2021S051235580088,35580088,Thunder Bay,2021A00053558004,2021,108843,107909,0.9,1.7,1.3,00000,1094,1644.6,0.67,30,45,65,50,300,10,70,5,300,77000,310,87000,310,105,535,350,335,15,65.4,62.6,4.3,,,,,,,,,,,,,,,,,,,,,,,,
2021S051235580089,35580089,Thunder Bay,2021A00053558004,2021,108843,107909,0.9,1.8,3.6,00000,711,2892.6,0.25,40,50,80,60,325,15,125,0,325,72500,325,82000,325,170,595,400,355,45,67.2,59.7,11.3,,,,,,,,,,,,,,,,,,,,,,,,
2021S051235580090,35580090,Thunder Bay,2021A00053558004,2021,108843,107909,0.9,1.9,3.9,00000,428,2784.6,0.15,15,35,50,35,210,15,45,0,205,83000,205,84000,210,80,375,200,180,20,53.3,48,10,,,,,,,,,,,,,,,,,,,,,,,,
2021S051235580091,35580091,Thunder Bay,2021A00053558004,2021,108843,107909,0.9,1.4,6,00000,400,2915.5,0.14,10,30,40,20,215,5,75,0,215,65500,195,77500,190,85,330,160,145,10,48.5,43.9,6.3,,,,,,,,,,,,,,,,,,,,,,,,
2021S051235580092,35580092,Thunder Bay,2021A00053558004,2021,108843,107909,0.9,2.6,3.4,00000,313,3287.8,0.1,10,5,10,10,235,0,210,0,235,25200,230,36000,230,200,275,70,55,10,25.5,20,14.3,,,,,,,,,,,,,,,,,,,,,,,,
2021S051235580093,35580093,Thunder Bay,2021A00053558004,2021,108843,107909,0.9,2.3,4.7,00000,373,3348.3,0.11,15,20,30,25,180,5,50,0,175,75500,165,84000,165,50,310,160,150,15,51.6,48.4,9.4,,,,,,,,,,,,,,,,,,,,,,,,
2021S051235580094,35580094,Thunder Bay,2021A00053558004,2021,108843,107909,0.9,1,0,00000,448,2020.7,0.22,20,35,30,25,205,10,30,0,205,88000,220,94000,220,50,425,225,220,0,52.9,51.8,0,,,,,,,,,,,,,,,,,,,,,,,,
2021S051235580095,35580095,Thunder Bay,2021A00053558004,2021,108843,107909,0.9,0.5,0,00000,524,1658.2,0.32,40,25,20,15,200,5,0,0,205,103000,225,109000,225,20,480,275,250,25,57.3,52.1,9.1,,,,,,,,,,,,,,,,,,,,,,,,
2021S051235580096,35580096,Thunder Bay,2021A00053558004,2021,108843,107909,0.9,1.8,4.8,00000,1035,2787.5,0.37,40,65,95,65,495,10,185,0,495,68500,515,74000,520,230,860,485,435,50,56.4,50.6,10.3,,,,,,,,,,,,,,,,,,,,,,,,
2021S051235580097,35580097,Thunder Bay,2021A00053558004,2021,108843,107909,0.9,2.4,4.8,00000,438,3935.3,0.11,30,30,40,30,165,0,0,0,165,95000,170,97000,170,45,385,225,215,10,58.4,55.8,4.4,,,,,,,,,,,,,,,,,,,,,,,,
2021S051235580098,35580098,Thunder Bay,2021A00053558004,2021,108843,107909,0.9,0,0,00000,529,2579.2,0.21,30,25,30,25,210,0,0,0,210,108000,215,113000,215,15,440,255,240,10,58,54.5,3.9,,,,,,,,,,,,,,,,,,,,,,,,
2021S051235580100,35580100,Thunder Bay,2021A00053558004,2021,108843,107909,0.9,0,0,00000,295,2785.6,0.11,10,15,20,15,125,0,0,0,125,101000,130,120000,130,15,260,150,145,15,57.7,55.8,10,,,,,,,,,,,,,,,,,,,,,,,,
2021S051235580101,35580101,Thunder Bay,2021A00053558004,2021,108843,107909,0.9,11.3,20,01020,573,5252.1,0.11,30,35,65,35,200,5,15,0,205,54400,180,76000,175,100,355,135,115,25,38,32.4,18.5,,,,,,,,,,,,,,,,,,,,,,,,
2021S051235580102,35580102,Thunder Bay,2021A00053558004,2021,108843,107909,0.9,1.3,3.8,00000,772,3034.6,0.25,40,60,80,55,305,10,15,0,310,77000,320,89000,320,65,665,410,350,55,61.7,52.6,13.4,,,,,,,,,,,,,,,,,,,,,,,,
2021S051235580103,35580103,Thunder Bay,2021A00053558004,2021,108843,107909,0.9,1.9,1.8,00000,518,3622.4,0.14,25,40,35,35,215,10,5,0,210,85000,235,87000,235,30,445,225,195,25,50.6,43.8,11.1,,,,,,,,,,,,,,,,,,,,,,,,
2021S051235580104,35580104,Thunder Bay,2021A00053558004,2021,108843,107909,0.9,1,2,00000,548,3096,0.18,20,40,55,30,200,10,10,0,205,91000,200,110000,200,20,470,245,215,30,52.1,45.7,12.2,,,,,,,,,,,,,,,,,,,,,,,,
2021S051235580105,35580105,Thunder Bay,2021A00053558004,2021,108843,107909,0.9,2.7,4.8,00000,667,119.4,5.59,35,70,70,35,335,15,105,0,330,75000,355,80400,355,120,585,320,280,40,54.7,47.9,12.5,,,,,,,,,,,,,,,,,,,,,,,,
2021S051235580106,35580106,Thunder Bay,2021A00053558004,2021,108843,107909,0.9,0.4,0,00000,667,2843.1,0.23,55,55,40,40,275,20,10,0,280,100000,290,110000,290,45,580,330,300,35,56.9,51.7,10.6,,,,,,,,,,,,,,,,,,,,,,,,
2021S051235580107,35580107,Thunder Bay,2021A00053558004,2021,108843,107909,0.9,0.7,0,00000,353,2491.2,0.14,25,20,15,25,140,0,5,0,145,101000,150,108000,150,25,310,225,220,10,72.6,71,4.4,,,,,,,,,,,,,,,,,,,,,,,,
2021S051235580108,35580108,Thunder Bay,2021A00053558004,2021,108843,107909,0.9,0,0,00909,209,1680.1,0.12,10,15,10,15,85,0,0,0,,,,,85,10,175,95,85,10,54.3,48.6,10.5,,,,,,,,,,,,6,6,6,6,,,,,,,,,
2021S051235580109,35580109,Thunder Bay,2021A00053558004,2021,108843,107909,0.9,0,2.7,00000,394,3291.6,0.12,20,25,20,30,150,0,0,0,150,104000,140,106000,140,15,335,185,170,15,55.2,50.7,8.1,,,,,,,,,,,,,,,,,,,,,,,,
2021S051235580114,35580114,Thunder Bay,2021A00053558004,2021,108843,107909,0.9,0.5,0,00000,543,125.7,4.32,30,25,15,25,200,5,10,0,205,122000,200,143000,200,20,470,305,265,40,64.9,56.4,13.1,,,,,,,,,,,,,,,,,,,,,,,,
2021S051235580115,35580115,Thunder Bay,2021A00053558004,2021,108843,107909,0.9,1.1,2.2,00000,449,1986.7,0.23,20,25,25,15,185,5,15,0,185,121000,180,139000,185,25,380,260,240,25,68.4,63.2,9.6,,,,,,,,,,,,,,,,,,,,,,,,
2021S051235580116,35580116,Thunder Bay,2021A00053558004,2021,108843,107909,0.9,2.4,5.7,00000,451,1284.5,0.35,30,45,35,15,210,10,70,0,210,82000,210,94000,210,105,415,215,205,10,51.8,49.4,4.7,,,,,,,,,,,,,,,,,,,,,,,,
2021S051235580117,35580117,Thunder Bay,2021A00053558004,2021,108843,107909,0.9,2.7,6.4,00000,409,2852.2,0.14,30,25,30,25,185,10,30,0,185,74000,190,98000,190,70,405,230,205,30,56.8,50.6,13,,,,,,,,,,,,,,,,,,,,,,,,
2021S051235580118,35580118,Thunder Bay,2021A00053558004,2021,108843,107909,0.9,2.6,12.8,00010,358,2312.7,0.15,20,20,20,25,155,10,5,0,155,98000,145,112000,145,15,275,150,145,0,54.5,52.7,0,,,,,,,,,,,,,,,,,,,,,,,,
2021S051235580119,35580119,Thunder Bay,2021A00053558004,2021,108843,107909,0.9,0.6,0,00000,445,1433.6,0.31,25,30,25,15,170,5,0,0,170,104000,185,126000,185,0,425,240,210,30,56.5,49.4,12.5,,,,,,,,,,,,,,,,,,,,,,,,
2021S051235580120,35580120,Thunder Bay,2021A00053558004,2021,108843,107909,0.9,3,7,00000,404,1984.3,0.2,30,25,20,25,165,0,0,0,165,101000,160,108000,160,20,350,190,190,0,54.3,54.3,0,,,,,,,,,,,,,,,,,,,,,,,,
2021S051235580121,35580121,Thunder Bay,2021A00053558004,2021,108843,107909,0.9,3,3.6,00000,530,1853.8,0.29,25,35,25,25,230,15,20,0,230,87000,230,85000,225,55,420,240,190,45,57.1,45.2,18.8,,,,,,,,,,,,,,,,,,,,,,,,
2021S051235580122,35580122,Thunder Bay,2021A00053558004,2021,108843,107909,0.9,5.4,8.5,00000,507,2481.6,0.2,50,40,35,40,185,5,0,0,185,52800,195,56000,195,140,380,145,110,35,38.2,28.9,24.1,,,,,,,,,,,,,,,,,,,,,,,,
2021S051235580123,35580123,Thunder Bay,2021A00053558004,2021,108843,107909,0.9,3.2,4.1,00000,646,4099,0.16,50,40,50,30,285,5,70,80,285,46400,295,58400,295,235,465,180,145,35,38.7,31.2,19.4,,,,,,,,,,,,,,,,,,,,,,,,
2021S051235580124,35580124,Thunder Bay,2021A00053558004,2021,108843,107909,0.9,1.7,2.7,00000,494,1593,0.31,20,30,30,35,295,10,195,0,300,46800,300,56400,300,210,445,240,180,50,53.9,40.4,20.8,,,,,,,,,,,,,,,,,,,,,,,,
2021S051235580125,35580125,Thunder Bay,2021A00053558004,2021,108843,107909,0.9,2.2,2.9,00000,451,3151.6,0.14,10,20,20,20,275,0,75,105,275,48400,290,64000,295,215,445,195,160,30,43.8,36,15.4,,,,,,,,,,,,,,,,,,,,,,,,
2021S051235580126,35580126,Thunder Bay,2021A00053558004,2021,108843,107909,0.9,2.4,6.4,00000,411,2754.7,0.15,15,30,45,35,205,20,20,0,205,73500,190,91000,190,45,375,255,210,40,68,56,15.7,,,,,,,,,,,,,,,,,,,,,,,,
2021S051235580127,35580127,Thunder Bay,2021A00053558004,2021,108843,107909,0.9,2.9,8.3,00909,285,2775.1,0.1,15,20,20,15,100,5,25,0,,,,,90,30,145,70,70,0,48.3,48.3,0,,,,,,,,,,,,6,6,6,6,,,,,,,,,
2021S051235580128,35580128,Thunder Bay,2021A00053558004,2021,108843,107909,0.9,1.4,3.7,00000,451,3160.5,0.14,20,25,60,55,220,15,25,0,215,78500,225,79500,225,50,385,255,225,30,66.2,58.4,11.8,,,,,,,,,,,,,,,,,,,,,,,,
2021S051235580129,35580129,Thunder Bay,2021A00053558004,2021,108843,107909,0.9,0.6,4.5,00000,426,2824.9,0.15,25,15,25,30,175,10,0,0,180,121000,170,123000,170,20,360,240,210,30,66.7,58.3,12.5,,,,,,,,,,,,,,,,,,,,,,,,
2021S051235580130,35580130,Thunder Bay,2021A00053558004,2021,108843,107909,0.9,2.4,3.1,00000,467,2175.1,0.21,20,25,25,35,255,20,90,0,250,79000,260,88000,260,70,415,245,215,30,59,51.8,12.2,,,,,,,,,,,,,,,,,,,,,,,,
2021S051235580131,35580131,Thunder Bay,2021A00053558004,2021,108843,107909,0.9,2.2,2.1,00000,409,2606.8,0.16,35,35,30,30,185,15,10,0,185,83000,195,90000,195,35,365,240,220,20,65.8,60.3,8.3,,,,,,,,,,,,,,,,,,,,,,,,
2021S051235580132,35580132,Thunder Bay,2021A00053558004,2021,108843,107909,0.9,1.5,4.2,00000,416,2553.7,0.16,20,25,25,30,195,20,25,0,195,86000,195,93000,195,60,370,240,220,20,64.9,59.5,8.3,,,,,,,,,,,,,,,,,,,,,,,,
2021S051235580133,35580133,Thunder Bay,2021A00053558004,2021,108843,107909,0.9,2.6,2.1,00000,410,1806.2,0.23,15,25,25,25,195,20,10,0,190,83000,185,91000,190,20,360,195,175,15,54.2,48.6,7.7,,,,,,,,,,,,,,,,,,,,,,,,
2021S051235580134,35580134,Thunder Bay,2021A00053558004,2021,108843,107909,0.9,0.7,12.9,00010,513,3597.5,0.14,25,20,25,35,270,15,5,115,270,36800,260,60400,260,155,410,190,165,20,46.3,40.2,10.5,,,,,,,,,,,,,,,,,,,,,,,,
2021S051235580135,35580135,Thunder Bay,2021A00053558004,2021,108843,107909,0.9,3.6,6.5,00000,419,2185.7,0.19,10,35,45,40,195,20,10,0,195,69500,170,78500,170,25,295,165,125,40,55.9,42.4,24.2,,,,,,,,,,,,,,,,,,,,,,,,
2021S051235580136,35580136,Thunder Bay,2021A00053558004,2021,108843,107909,0.9,1.8,3.6,00000,483,1547.6,0.31,25,35,35,20,220,20,25,0,225,94000,225,106000,220,50,420,255,225,35,60.7,53.6,13.7,,,,,,,,,,,,,,,,,,,,,,,,
2021S051235580137,35580137,Thunder Bay,2021A00053558004,2021,108843,107909,0.9,2.3,11.3,00010,448,1413.7,0.32,15,15,30,35,220,15,10,0,225,81000,200,85000,200,45,350,140,125,15,40,35.7,10.7,,,,,,,,,,,,,,,,,,,,,,,,
2021S051235580138,35580138,Thunder Bay,2021A00053558004,2021,108843,107909,0.9,2.7,3.4,00000,606,2814.7,0.22,20,20,40,35,220,20,35,0,225,80000,235,90000,235,60,420,250,215,30,59.5,51.2,12,,,,,,,,,,,,,,,,,,,,,,,,
2021S051235580139,35580139,Thunder Bay,2021A00053558004,2021,108843,107909,0.9,1.7,6.6,00000,502,2697.5,0.19,20,30,45,35,235,20,30,0,240,76000,235,87000,235,40,420,260,235,25,61.9,56,9.6,,,,,,,,,,,,,,,,,,,,,,,,
2021S051235580140,35580140,Thunder Bay,2021A00053558004,2021,108843,107909,0.9,2.3,7.3,00000,461,2036.2,0.23,25,25,40,25,215,40,25,0,215,82000,210,85000,215,50,375,250,205,45,66.7,54.7,18,,,,,,,,,,,,,,,,,,,,,,,,
2021S051235580141,35580141,Thunder Bay,2021A00053558004,2021,108843,107909,0.9,2.9,3,00000,565,2893,0.2,15,40,65,50,275,45,55,0,275,75500,285,85000,280,95,515,300,260,40,58.3,50.5,13.3,,,,,,,,,,,,,,,,,,,,,,,,
2021S051235580142,35580142,Thunder Bay,2021A00053558004,2021,108843,107909,0.9,1.9,4.5,00000,517,2643.1,0.2,20,25,50,50,255,40,75,0,255,75000,265,93000,265,115,485,320,270,50,66,55.7,15.6,,,,,,,,,,,,,,,,,,,,,,,,
2021S051235580143,35580143,Thunder Bay,2021A00053558004,2021,108843,107909,0.9,4.1,7.8,00000,557,2853.5,0.2,25,25,40,45,345,20,230,0,340,60000,365,72800,365,220,555,265,230,40,47.7,41.4,15.1,,,,,,,,,,,,,,,,,,,,,,,,
2021S051235580144,35580144,Thunder Bay,2021A00053558004,2021,108843,107909,0.9,4.9,4.3,00000,407,3733.9,0.11,20,20,30,40,185,25,20,0,180,88000,185,103000,185,45,395,285,255,30,72.2,64.6,10.5,,,,,,,,,,,,,,,,,,,,,,,,
2021S051235580145,35580145,Thunder Bay,2021A00053558004,2021,108843,107909,0.9,4.9,8,00000,512,4646.1,0.11,20,55,50,45,300,30,100,105,305,36000,315,51600,310,240,495,240,190,55,48.5,38.4,22.9,,,,,,,,,,,,,,,,,,,,,,,,
2021S051235580146,35580146,Thunder Bay,2021A00053558004,2021,108843,107909,0.9,1.8,5.5,00000,442,2776.4,0.16,20,25,45,20,225,20,85,0,225,84000,230,92000,225,75,410,250,240,10,61,58.5,4,,,,,,,,,,,,,,,,,,,,,,,,
2021S051235580147,35580147,Thunder Bay,2021A00053558004,2021,108843,107909,0.9,4.2,8.3,00000,408,2600.4,0.16,30,25,40,35,190,10,25,0,190,80000,185,98000,185,55,360,250,205,40,69.4,56.9,16,,,,,,,,,,,,,,,,,,,,,,,,
2021S051235580148,35580148,Thunder Bay,2021A00053558004,2021,108843,107909,0.9,6.7,13,00010,361,2250.6,0.16,15,25,65,30,210,50,65,30,205,50400,210,79000,210,145,330,205,185,20,62.1,56.1,9.8,,,,,,,,,,,,,,,,,,,,,,,,
2021S051235580149,35580149,Thunder Bay,2021A00053558004,2021,108843,107909,0.9,4.9,6,00000,634,4318.8,0.15,25,65,60,40,345,15,75,145,345,71000,365,76800,365,145,560,305,270,30,54.5,48.2,9.8,,,,,,,,,,,,,,,,,,,,,,,,
2021S051235580150,35580150,Thunder Bay,2021A00053558004,2021,108843,107909,0.9,7.3,9.2,00000,515,5124.4,0.1,25,80,75,50,260,60,95,0,260,53600,270,58400,270,205,465,300,255,45,64.5,54.8,15,,,,,,,,,,,,,,,,,,,,,,,,
2021S051235580151,35580151,Thunder Bay,2021A00053558004,2021,108843,107909,0.9,8.9,18.9,00010,352,2226.4,0.16,20,55,45,45,190,45,80,0,190,49600,200,62000,200,150,325,180,165,15,55.4,50.8,8.3,,,,,,,,,,,,,,,,,,,,,,,,
2021S051235580152,35580152,Thunder Bay,2021A00053558004,2021,108843,107909,0.9,9.5,21.4,00020,603,2901.8,0.21,30,60,60,55,285,35,200,0,285,34800,255,48800,255,195,390,215,165,50,55.1,42.3,23.3,,,,,,,,,,,,,,,,,,,,,,,,
2021S051235580153,35580153,Thunder Bay,2021A00053558004,2021,108843,107909,0.9,6.6,21.1,00020,830,1525.2,0.54,25,60,90,50,515,30,75,340,515,44400,445,72000,445,325,715,310,270,45,43.4,37.8,14.5,,,,,,,,,,,,,,,,,,,,,,,,
2021S051235580154,35580154,Thunder Bay,2021A00053558004,2021,108843,107909,0.9,5.2,8.7,00000,454,855.2,0.53,5,30,40,35,265,15,135,50,260,56800,290,62000,285,195,380,165,130,40,43.4,34.2,24.2,,,,,,,,,,,,,,,,,,,,,,,,
2021S051235580155,35580155,Thunder Bay,2021A00053558004,2021,108843,107909,0.9,4.5,5,00000,407,299.3,1.36,15,35,35,30,170,15,35,0,170,71000,165,78000,165,45,295,185,175,10,62.7,59.3,5.4,,,,,,,,,,,,,,,,,,,,,,,,
2021S051235580156,35580156,Thunder Bay,2021A00053558004,2021,108843,107909,0.9,2.1,7,00000,514,2832,0.18,25,35,55,35,240,30,60,0,240,68000,225,67500,225,100,380,245,195,45,64.5,51.3,18.4,,,,,,,,,,,,,,,,,,,,,,,,
2021S051235580157,35580157,Thunder Bay,2021A00053558004,2021,108843,107909,0.9,8.4,11.6,00919,393,578.4,0.68,5,30,40,30,165,0,0,120,,,,,155,150,200,35,25,10,17.5,12.5,28.6,,,,,,,,,,,,6,6,6,6,,,,,,,,,
2021S051235580158,35580158,Thunder Bay,2021A00053558004,2021,108843,107909,0.9,2.1,0,00000,288,296.6,0.97,15,20,20,15,140,10,40,0,145,77000,145,98000,145,60,290,225,210,20,77.6,72.4,8.9,,,,,,,,,,,,,,,,,,,,,,,,
2021S051235580159,35580159,Thunder Bay,2021A00053558004,2021,108843,107909,0.9,2.3,7.7,00000,473,2808.8,0.17,25,25,35,45,215,15,25,0,215,79000,195,81000,195,30,345,210,185,25,60.9,53.6,11.9,,,,,,,,,,,,,,,,,,,,,,,,
2021S051235580160,35580160,Thunder Bay,2021A00053558004,2021,108843,107909,0.9,1.4,0,00000,455,2759.2,0.16,20,25,30,45,205,15,0,0,205,87000,215,97000,215,40,420,280,265,25,66.7,63.1,8.9,,,,,,,,,,,,,,,,,,,,,,,,
2021S051235580161,35580161,Thunder Bay,2021A00053558004,2021,108843,107909,0.9,1.4,3.9,00000,463,2343.1,0.2,10,15,50,45,220,15,5,0,220,82000,210,90000,210,30,390,245,210,35,62.8,53.8,14.3,,,,,,,,,,,,,,,,,,,,,,,,
2021S051235580162,35580162,Thunder Bay,2021A00053558004,2021,108843,107909,0.9,1.6,4.1,00000,402,1801.1,0.22,25,25,40,15,185,0,15,0,185,87000,195,90000,200,25,370,215,180,30,58.1,48.6,14,,,,,,,,,,,,,,,,,,,,,,,,
2021S051235580163,35580163,Thunder Bay,2021A00053558004,2021,108843,107909,0.9,2.3,0,00000,351,1786.3,0.2,10,20,25,30,175,10,35,0,175,66000,200,79500,200,65,340,200,180,20,58.8,52.9,10,,,,,,,,,,,,,,,,,,,,,,,,
2021S051235580164,35580164,Thunder Bay,2021A00053558004,2021,108843,107909,0.9,1.3,0,00000,526,1019,0.52,40,45,35,40,220,10,15,0,225,101000,220,108000,225,35,450,340,315,20,75.6,70,5.9,,,,,,,,,,,,,,,,,,,,,,,,
2021S051235580165,35580165,Thunder Bay,2021A00053558004,2021,108843,107909,0.9,2.2,2.2,00000,403,2116.6,0.19,15,30,25,30,180,5,0,0,185,96000,170,122000,170,0,360,260,250,15,72.2,69.4,5.8,,,,,,,,,,,,,,,,,,,,,,,,
2021S051235580166,35580166,Thunder Bay,2021A00053558004,2021,108843,107909,0.9,1.6,0,00000,474,1605.1,0.3,25,25,20,25,185,5,0,0,185,117000,180,123000,185,0,355,185,155,30,52.1,43.7,16.2,,,,,,,,,,,,,,,,,,,,,,,,
2021S051235580167,35580167,Thunder Bay,2021A00053558004,2021,108843,107909,0.9,0,0,00000,266,2779.5,0.1,20,15,15,15,95,0,0,0,100,118000,100,112000,100,0,230,140,140,0,60.9,60.9,0,,,,,,,,,,,,,,,,,,,,,,,,
2021S051235580168,35580168,Thunder Bay,2021A00053558004,2021,108843,107909,0.9,1.2,2.4,00000,364,2203.4,0.17,15,20,20,20,160,5,0,0,165,88000,175,104000,170,25,340,195,175,25,57.4,51.5,12.8,,,,,,,,,,,,,,,,,,,,,,,,
2021S051235580169,35580169,Thunder Bay,2021A00053558004,2021,108843,107909,0.9,0.9,3.4,00000,960,994.6,0.97,45,50,60,35,470,0,110,0,470,50000,495,61800,495,310,795,355,285,65,44.7,35.8,18.3,,,,,,,,,,,,,,,,,,,,,,,,
2021S051235580170,35580170,Thunder Bay,2021A00053558004,2021,108843,107909,0.9,4.7,6.3,00000,347,6263.5,0.06,25,30,20,30,130,0,0,0,125,65000,135,73000,135,75,270,135,130,0,50,48.1,0,,,,,,,,,,,,,,,,,,,,,,,,
2021S051235580171,35580171,Thunder Bay,2021A00053558004,2021,108843,107909,0.9,1.3,8.6,00000,622,2029.4,0.31,30,20,55,45,235,0,0,0,230,85000,235,85000,240,90,425,250,225,25,58.8,52.9,10,,,,,,,,,,,,,,,,,,,,,,,,
2021S051235580172,35580172,Thunder Bay,2021A00053558004,2021,108843,107909,0.9,2.3,3.8,00000,560,2297.9,0.24,30,30,30,25,220,0,0,0,220,109000,210,133000,210,0,515,285,250,35,55.3,48.5,12.3,,,,,,,,,,,,,,,,,,,,,,,,
2021S051235580173,35580173,Thunder Bay,2021A00053558004,2021,108843,107909,0.9,2.7,5.5,00000,551,3268.1,0.17,35,30,45,35,220,0,5,0,220,82000,220,91000,220,70,445,270,225,35,60.7,50.6,13,,,,,,,,,,,,,,,,,,,,,,,,
2021S051235580174,35580174,Thunder Bay,2021A00053558004,2021,108843,107909,0.9,1.8,3.6,00000,880,27.5,31.95,55,45,40,40,330,0,0,0,330,117000,345,136000,345,15,765,475,410,60,62.1,53.6,12.6,,,,,,,,,,,,,,,,,,,,,,,,
2021S051235580175,35580175,Thunder Bay,2021A00053558004,2021,108843,107909,0.9,2.2,13,00010,317,2695.6,0.12,25,10,10,10,180,0,35,0,185,40800,180,56800,180,170,295,95,75,20,32.2,25.4,21.1,,,,,,,,,,,,,,,,,,,,,,,,
2021S051235580176,35580176,Thunder Bay,2021A00053558004,2021,108843,107909,0.9,0,0,00000,313,2443.4,0.13,15,20,20,10,125,0,0,0,125,124000,130,132000,130,0,270,160,150,10,59.3,55.6,6.3,,,,,,,,,,,,,,,,,,,,,,,,
2021S051235580177,35580177,Thunder Bay,2021A00053558004,2021,108843,107909,0.9,3.3,2,00000,501,796,0.63,15,10,20,20,215,10,35,0,210,104000,200,118000,200,25,420,200,180,15,47.6,42.9,7.5,,,,,,,,,,,,,,,,,,,,,,,,
2021S051235580178,35580178,Thunder Bay,2021A00053558004,2021,108843,107909,0.9,1.8,1.8,00000,523,1512.4,0.35,35,30,10,15,220,5,35,0,225,105000,230,123000,230,15,425,250,245,0,58.8,57.6,0,,,,,,,,,,,,,,,,,,,,,,,,
2021S051235580179,35580179,Thunder Bay,2021A00053558004,2021,108843,107909,0.9,1.7,5.2,00000,1233,2038.7,0.6,85,65,35,50,470,5,75,35,465,115000,470,125600,470,75,1015,640,600,40,63.1,59.1,6.3,,,,,,,,,,,,,,,,,,,,,,,,
2021S051235580180,35580180,Thunder Bay,2021A00053558004,2021,108843,107909,0.9,0.6,0.5,00000,2228,228.8,9.74,180,145,90,105,730,0,15,0,725,153000,750,159200,750,30,1745,1275,1145,125,73.1,65.6,9.8,,,,,,,,,,,,,,,,,,,,,,,,
2021S051235580181,35580181,Thunder Bay,2021A00053558004,2021,108843,107909,0.9,1.9,2,00000,556,31.2,17.82,35,45,25,25,210,0,0,0,210,131000,200,164000,200,0,435,280,270,15,64.4,62.1,5.4,,,,,,,,,,,,,,,,,,,,,,,,
2021S051235580184,35580184,Thunder Bay,2021A00053558004,2021,108843,107909,0.9,0.5,1,00000,1063,150.9,7.05,60,60,60,80,390,0,0,0,390,133000,405,144500,400,10,920,575,550,25,62.5,59.8,4.3,,,,,,,,,,,,,,,,,,,,,,,,
2021S051235580186,35580186,Thunder Bay,2021A00053558004,2021,108843,107909,0.9,0.6,2.4,00000,464,17.9,25.96,25,20,20,20,175,0,0,0,175,123000,155,126000,155,10,340,185,145,35,54.4,42.6,18.9,,,,,,,,,,,,,,,,,,,,,,,,
2021S051235580194,35580194,Thunder Bay,2021A00053558004,2021,108843,107909,0.9,1,2.1,00000,412,93.9,4.39,20,30,45,15,190,5,15,0,190,82000,195,82000,190,40,345,225,200,25,65.2,58,11.1,,,,,,,,,,,,,,,,,,,,,,,,
2021S051235580195,35580195,Thunder Bay,2021A00053558004,2021,108843,107909,0.9,0.5,4.1,00000,452,691.2,0.65,25,20,30,30,200,15,10,0,200,89000,195,107000,195,35,410,215,185,30,52.4,45.1,14,,,,,,,,,,,,,,,,,,,,,,,,
2021S051235580196,35580196,Thunder Bay,2021A00053558004,2021,108843,107909,0.9,2,4.3,00000,435,2604.8,0.17,25,20,30,30,195,15,25,0,195,78500,180,94000,180,35,335,205,190,15,61.2,56.7,7.3,,,,,,,,,,,,,,,,,,,,,,,,
2021S051235580197,35580197,Thunder Bay,2021A00053558004,2021,108843,107909,0.9,0,2.4,00000,379,2465.8,0.15,15,20,15,30,160,5,15,0,155,84000,165,95000,165,55,310,190,185,10,61.3,59.7,5.3,,,,,,,,,,,,,,,,,,,,,,,,
2021S051235580198,35580198,Thunder Bay,2021A00053558004,2021,108843,107909,0.9,3.7,2,00000,391,509.4,0.77,20,20,20,35,190,15,15,0,185,80000,205,90000,205,45,360,215,195,20,59.7,54.2,9.3,,,,,,,,,,,,,,,,,,,,,,,,
2021S051235580199,35580199,Thunder Bay,2021A00053558004,2021,108843,107909,0.9,2,10.3,00010,321,3116.5,0.1,15,15,30,30,150,5,5,0,155,82000,150,90000,145,15,275,195,140,55,70.9,50.9,28.2,,,,,,,,,,,,,,,,,,,,,,,,
2021S051235580200,35580200,Thunder Bay,2021A00053558004,2021,108843,107909,0.9,2,4,00000,445,2642.5,0.17,25,25,35,35,205,15,25,0,200,72500,200,75500,195,70,355,215,180,35,60.6,50.7,16.3,,,,,,,,,,,,,,,,,,,,,,,,
2021S051235580201,35580201,Thunder Bay,2021A00053558004,2021,108843,107909,0.9,2.7,3.3,00000,650,3666.1,0.18,25,15,30,40,375,10,35,200,370,59600,375,69600,375,240,595,275,245,30,46.2,41.2,10.9,,,,,,,,,,,,,,,,,,,,,,,,
2021S051235580202,35580202,Thunder Bay,2021A00053558004,2021,108843,107909,0.9,2.1,2.9,00000,346,128.4,2.7,15,10,20,20,140,10,10,0,140,91000,145,96000,145,20,290,165,130,30,56.9,44.8,18.2,,,,,,,,,,,,,,,,,,,,,,,,
2021S051235580203,35580203,Thunder Bay,2021A00053558004,2021,108843,107909,0.9,3.7,7.3,00000,359,2697.2,0.13,10,15,25,35,160,10,0,20,160,79500,165,87000,165,0,325,200,180,25,61.5,55.4,12.5,,,,,,,,,,,,,,,,,,,,,,,,
2021S051235580204,35580204,Thunder Bay,2021A00053558004,2021,108843,107909,0.9,2.8,2.2,00000,383,2126.6,0.18,15,10,35,30,175,15,15,0,180,84000,190,88000,190,45,325,230,200,30,70.8,61.5,13,,,,,,,,,,,,,,,,,,,,,,,,
2021S051235580286,35580286,Thunder Bay,2021A00053558004,2021,108843,107909,0.9,0,0,09999,0,0,0.24,,,,,,,,,,,,,,,,,,,,,,,,,6,6,6,6,6,6,6,6,6,6,6,6,6,6,6,6,6,6,6,6,6
2021S051235580316,35580316,Thunder Bay,2021A00053558004,2021,108843,107909,0.9,5.6,10.6,00010,429,308.6,1.39,25,60,50,35,195,30,5,0,195,64500,180,84000,185,55,395,300,285,15,75.9,72.2,5,,,,,,,,,,,,,,,,,,,,,,,,
2021S051235580317,35580317,Thunder Bay,2021A00053558004,2021,108843,107909,0.9,3.8,6.8,00000,522,1814.4,0.29,15,95,75,45,235,60,50,0,240,64500,230,66000,230,150,420,280,230,50,66.7,54.8,17.9,,,,,,,,,,,,,,,,,,,,,,,,
2021S051235580318,35580318,Thunder Bay,2021A00053558004,2021,108843,107909,0.9,3.1,11.8,00010,665,1811,0.37,40,70,65,35,320,30,25,100,320,46000,310,52000,305,205,490,200,175,25,40.8,35.7,12.5,,,,,,,,,,,,,,,,,,,,,,,,
2021S051235580319,35580319,Thunder Bay,2021A00053558004,2021,108843,107909,0.9,3.7,6.2,00000,831,6778.1,0.12,25,85,65,50,455,0,105,250,455,53200,460,71600,460,325,705,205,180,25,29.1,25.5,12.2,,,,,,,,,,,,,,,,,,,,,,,,
2021S051235580322,35580322,Thunder Bay,2021A00053558004,2021,108843,107909,0.9,5.1,16.3,00010,373,4103.4,0.09,20,80,75,30,175,10,80,0,175,57600,150,82000,150,110,320,230,185,45,71.9,57.8,19.6,,,,,,,,,,,,,,,,,,,,,,,,
2021S051235580323,35580323,Thunder Bay,2021A00053558004,2021,108843,107909,0.9,5.3,12.7,00010,493,3264.9,0.15,20,95,80,45,225,25,60,0,225,64000,215,89000,215,145,405,310,290,20,76.5,71.6,6.5,,,,,,,,,,,,,,,,,,,,,,,,
2021S051235580324,35580324,Thunder Bay,2021A00053558004,2021,108843,107909,0.9,3.4,8.8,00000,455,2927.9,0.16,20,45,45,30,235,15,35,60,235,66500,220,63200,225,135,345,145,130,10,42,37.7,6.9,,,,,,,,,,,,,,,,,,,,,,,,
2021S051235580325,35580325,Thunder Bay,2021A00053558004,2021,108843,107909,0.9,5.1,8.5,00000,409,2561.1,0.16,20,35,55,20,195,25,10,0,195,76500,190,93000,190,35,410,240,210,25,58.5,51.2,10.4,,,,,,,,,,,,,,,,,,,,,,,,
2021S051235580326,35580326,Thunder Bay,2021A00053558004,2021,108843,107909,0.9,2.4,5.8,00000,443,2370.3,0.19,20,20,40,35,210,10,5,0,215,99000,210,127000,205,60,380,255,235,15,67.1,61.8,5.9,,,,,,,,,,,,,,,,,,,,,,,,
2021S051235580327,35580327,Thunder Bay,2021A00053558004,2021,108843,107909,0.9,2.9,3.9,00000,425,1910.1,0.22,15,35,40,35,210,35,20,0,205,84000,200,83000,200,40,315,160,155,10,50.8,49.2,6.3,,,,,,,,,,,,,,,,,,,,,,,,
2021S051235580328,35580328,Thunder Bay,2021A00053558004,2021,108843,107909,0.9,1.9,1.9,00000,463,2845.7,0.16,35,30,30,40,215,10,0,0,215,97000,220,108000,220,40,450,335,315,15,74.4,70,4.5,,,,,,,,,,,,,,,,,,,,,,,,
2021S051235580329,35580329,Thunder Bay,2021A00053558004,2021,108843,107909,0.9,3.5,7.1,00000,407,2462.2,0.17,25,25,15,20,170,5,0,0,175,135000,155,160000,155,0,300,235,215,15,78.3,71.7,6.4,,,,,,,,,,,,,,,,,,,,,,,,
2021S051235580330,35580330,Thunder Bay,2021A00053558004,2021,108843,107909,0.9,2.7,7,00000,461,2997.4,0.15,25,25,45,45,225,25,25,0,225,80000,220,83000,225,75,400,250,240,10,62.5,60,4,,,,,,,,,,,,,,,,,,,,,,,,
2021S051235580331,35580331,Thunder Bay,2021A00053558004,2021,108843,107909,0.9,1.2,2.5,00000,392,2786.1,0.14,15,20,40,20,170,10,0,0,170,93000,155,120000,155,20,335,190,185,0,56.7,55.2,0,,,,,,,,,,,,,,,,,,,,,,,,
2021S051235580335,35580335,Thunder Bay,2021A00053558004,2021,108843,107909,0.9,1.1,2.1,00000,487,3695,0.13,35,30,45,30,185,10,0,0,185,83000,195,98000,190,65,395,165,155,10,41.8,39.2,6.1,,,,,,,,,,,,,,,,,,,,,,,,
2021S051235580336,35580336,Thunder Bay,2021A00053558004,2021,108843,107909,0.9,2.2,2.1,00000,393,1948.4,0.2,15,20,10,25,180,5,0,0,180,89000,190,109000,185,0,395,210,190,20,53.2,48.1,9.5,,,,,,,,,,,,,,,,,,,,,,,,
2021S051235580337,35580337,Thunder Bay,2021A00053558004,2021,108843,107909,0.9,4.5,11.3,00010,463,2676.3,0.17,10,45,60,40,220,45,35,0,220,66000,205,75000,210,105,430,325,270,50,75.6,62.8,15.4,,,,,,,,,,,,,,,,,,,,,,,,
2021S051235580338,35580338,Thunder Bay,2021A00053558004,2021,108843,107909,0.9,9.4,13,00010,672,4742.4,0.14,30,135,110,45,310,70,100,0,310,54400,315,72500,315,205,575,455,415,40,79.1,72.2,8.8,,,,,,,,,,,,,,,,,,,,,,,,
2021S051235580339,35580339,Thunder Bay,2021A00053558004,2021,108843,107909,0.9,3.8,11.9,00010,313,3267.2,0.1,5,25,20,30,160,10,10,0,160,54400,155,64000,150,40,255,150,135,20,58.8,52.9,13.3,,,,,,,,,,,,,,,,,,,,,,,,
2021S051235580340,35580340,Thunder Bay,2021A00053558004,2021,108843,107909,0.9,3.8,6.7,00000,400,3824.1,0.1,5,25,35,40,185,10,20,0,185,64000,175,72500,175,55,310,215,200,20,69.4,64.5,9.3,,,,,,,,,,,,,,,,,,,,,,,,
2021S051235580341,35580341,Thunder Bay,2021A00053558004,2021,108843,107909,0.9,6.5,9.9,00000,567,369.4,1.53,15,20,20,20,260,5,150,0,260,65000,260,82000,255,85,460,200,185,15,43.5,40.2,7.5,,,,,,,,,,,,,,,,,,,,,,,,
2021S051235580342,35580342,Thunder Bay,2021A00053558004,2021,108843,107909,0.9,2.5,12.5,00010,516,2948.6,0.18,15,20,35,30,240,25,15,0,235,81000,215,85000,210,40,395,230,195,40,58.2,49.4,17.4,,,,,,,,,,,,,,,,,,,,,,,,
2021S051235580343,35580343,Thunder Bay,2021A00053558004,2021,108843,107909,0.9,2,4.8,00000,428,1999.1,0.21,15,25,35,30,250,0,80,85,250,51200,250,63600,250,170,370,195,180,15,52.7,48.6,7.7,,,,,,,,,,,,,,,,,,,,,,,,
2021S051235580345,35580345,Thunder Bay,2021A00053558004,2021,108843,107909,0.9,0.7,0,00000,381,1272.1,0.3,25,15,10,20,150,0,0,0,150,115000,170,141000,170,0,375,235,220,20,62.7,58.7,8.5,,,,,,,,,,,,,,,,,,,,,,,,
2021S051235580346,35580346,Thunder Bay,2021A00053558004,2021,108843,107909,0.9,0.5,2.1,00000,469,1878.3,0.25,25,20,25,30,185,5,0,0,185,105000,195,120000,195,15,415,220,200,20,53,48.2,9.1,,,,,,,,,,,,,,,,,,,,,,,,
2021S051235580347,35580347,Thunder Bay,2021A00053558004,2021,108843,107909,0.9,0,0,00000,344,1805.8,0.19,15,15,25,20,170,5,55,0,165,73500,175,77500,175,60,305,155,135,15,50.8,44.3,9.7,,,,,,,,,,,,,,,,,,,,,,,,
2021S051235580348,35580348,Thunder Bay,2021A00053558004,2021,108843,107909,0.9,3.6,8.8,00000,473,2775.8,0.17,25,25,40,30,225,0,90,0,225,73000,220,79500,220,105,390,235,215,20,60.3,55.1,8.5,,,,,,,,,,,,,,,,,,,,,,,,
2021S051235580349,35580349,Thunder Bay,2021A00053558004,2021,108843,107909,0.9,2,3.8,00000,440,2236.9,0.2,20,30,30,30,200,5,50,0,200,81000,210,93000,210,60,370,260,235,25,70.3,63.5,9.6,,,,,,,,,,,,,,,,,,,,,,,,
2021S051235580350,35580350,Thunder Bay,2021A00053558004,2021,108843,107909,0.9,1.2,2.4,00000,370,2234.3,0.17,15,30,15,20,165,0,0,0,165,95000,160,109000,160,10,340,185,185,0,54.4,54.4,0,,,,,,,,,,,,,,,,,,,,,,,,
2021S051235580351,35580351,Thunder Bay,2021A00053558004,2021,108843,107909,0.9,2.6,2.3,00000,405,2341,0.17,15,35,20,20,195,10,15,0,190,79500,195,98000,195,45,405,245,215,30,60.5,53.1,12.2,,,,,,,,,,,,,,,,,,,,,,,,
2021S051235580352,35580352,Thunder Bay,2021A00053558004,2021,108843,107909,0.9,3.3,3.2,00000,470,2482.8,0.19,20,30,40,35,245,5,105,0,245,56800,255,66500,255,140,415,235,210,25,56.6,50.6,10.6,,,,,,,,,,,,,,,,,,,,,,,,
2021S051235580353,35580353,Thunder Bay,2021A00053558004,2021,108843,107909,0.9,1.2,4.8,00000,471,2124.5,0.22,20,20,40,40,250,5,65,0,245,72000,250,85000,250,85,415,240,225,10,57.8,54.2,4.2,,,,,,,,,,,,,,,,,,,,,,,,
2021S051235580354,35580354,Thunder Bay,2021A00053558004,2021,108843,107909,0.9,1.3,5.4,00000,652,2060,0.32,35,30,35,40,225,15,5,0,230,81000,220,96000,220,75,470,290,250,40,61.7,53.2,13.8,,,,,,,,,,,,,,,,,,,,,,,,
2021S051235580355,35580355,Thunder Bay,2021A00053558004,2021,108843,107909,0.9,5.8,3.8,00909,231,1776.9,0.13,0,5,5,10,105,5,0,0,,,,,100,10,195,100,80,20,51.3,41,20,,,,,,,,,,,,6,6,6,6,,,,,,,,,
2021S051235580356,35580356,Thunder Bay,2021A00053558004,2021,108843,107909,0.9,1.3,3.1,00000,860,106.1,8.1,45,45,40,30,390,0,0,0,390,75000,395,95600,395,10,735,365,330,45,49.7,44.9,12.3,,,,,,,,,,,,,,,,,,,,,,,,
2021S051235580357,35580357,Thunder Bay,2021A00053558004,2021,108843,107909,0.9,0.6,1.5,00000,1153,1848.9,0.62,40,70,75,60,515,0,70,90,520,88000,520,94400,525,50,995,505,465,40,50.8,46.7,7.9,,,,,,,,,,,,,,,,,,,,,,,,
2021S051235580358,35580358,Thunder Bay,2021A00053558004,2021,108843,107909,0.9,3.3,5.8,00000,741,42.5,17.44,40,45,45,40,340,20,40,0,340,66000,335,69600,335,105,625,350,315,35,56,50.4,10,,,,,,,,,,,,,,,,,,,,,,,,
2021S051235580359,35580359,Thunder Bay,2021A00053558004,2021,108843,107909,0.9,5.9,3.8,00000,1340,2000,0.67,35,205,170,95,535,10,270,45,535,45200,565,54000,570,435,1010,555,480,70,55,47.5,12.6,,,,,,,,,,,,,,,,,,,,,,,,
2021S051235580435,35580435,Thunder Bay,2021A00053558004,2021,108843,107909,0.9,0,0,00000,505,71.2,7.09,30,30,15,20,175,0,0,0,170,154000,185,170000,185,0,430,315,300,10,73.3,69.8,3.2,,,,,,,,,,,,,,,,,,,,,,,,
2021S051235580436,35580436,Thunder Bay,2021A00053558004,2021,108843,107909,0.9,0.6,0,00000,424,236.9,1.79,25,20,10,15,160,0,0,0,160,142000,155,154000,155,0,345,230,225,0,66.7,65.2,0,,,,,,,,,,,,,,,,,,,,,,,,
2021S051235580437,35580437,Thunder Bay,2021A00053558004,2021,108843,107909,0.9,0,0,00000,480,114.1,4.21,40,30,15,20,165,0,0,0,165,158000,165,164000,165,0,360,235,210,25,65.3,58.3,10.6,,,,,,,,,,,,,,,,,,,,,,,,
2021S051235580438,35580438,Thunder Bay,2021A00053558004,2021,108843,107909,0.9,0.6,2.6,00000,515,68.5,7.52,30,40,35,20,160,0,0,0,165,159000,160,168000,160,0,390,255,230,20,65.4,59,7.8,,,,,,,,,,,,,,,,,,,,,,,,
2021S051235580439,35580439,Thunder Bay,2021A00053558004,2021,108843,107909,0.9,0.5,0,00000,515,93.9,5.48,25,25,30,25,195,0,0,0,195,130000,185,158000,180,0,455,290,275,20,63.7,60.4,6.9,,,,,,,,,,,,,,,,,,,,,,,,
2021S051235580440,35580440,Thunder Bay,2021A00053558004,2021,108843,107909,0.9,5.4,7.5,00000,680,109.6,6.21,50,45,20,35,260,5,0,0,255,125000,245,138000,245,10,545,290,255,35,53.2,46.8,12.1,,,,,,,,,,,,,,,,,,,,,,,,
2021S051235580461,35580461,Thunder Bay,2021A00053558004,2021,108843,107909,0.9,0,0,00000,420,21.9,19.18,25,25,20,20,155,0,0,0,155,122000,165,129000,165,10,390,215,195,20,55.1,50,9.3,,,,,,,,,,,,,,,,,,,,,,,,
2021S051235580462,35580462,Thunder Bay,2021A00053558004,2021,108843,107909,0.9,3,7.4,00000,280,26.9,10.39,20,15,10,10,100,0,5,0,105,110000,100,114000,100,0,215,115,95,15,53.5,44.2,13,,,,,,,,,,,,,,,,,,,,,,,,
2021S051235580463,35580463,Thunder Bay,2021A00053558004,2021,108843,107909,0.9,0.9,1.8,00000,597,39.6,15.09,30,35,35,35,225,0,0,0,225,118000,230,130000,230,10,500,340,330,10,68,66,2.9,,,,,,,,,,,,,,,,,,,,,,,,
2021S051235580465,35580465,Thunder Bay,2021A00053558004,2021,108843,107909,0.9,1.7,1.7,00000,600,35.7,16.81,30,40,25,30,230,0,0,0,225,119000,225,132000,230,10,555,310,290,20,55.9,52.3,6.5,,,,,,,,,,,,,,,,,,,,,,,,
2021S051235580466,35580466,Thunder Bay,2021A00053558004,2021,108843,107909,0.9,0.9,5.2,00000,603,57.6,10.46,35,50,30,25,225,0,0,0,220,134000,225,166000,230,10,550,390,360,30,70.9,65.5,7.7,,,,,,,,,,,,,,,,,,,,,,,,
2021S051235580467,35580467,Thunder Bay,2021A00053558004,2021,108843,107909,0.9,1.8,3.9,00000,1302,129.9,10.02,85,80,60,55,505,5,50,0,505,126000,500,137500,500,80,1070,685,615,70,64,57.5,10.2,,,,,,,,,,,,,,,,,,,,,,,,
2021S051235580468,35580468,Thunder Bay,2021A00053558004,2021,108843,107909,0.9,0.5,2.1,00000,940,2447.3,0.38,65,45,45,50,365,5,0,0,370,126000,380,136000,380,25,840,570,510,60,67.9,60.7,10.5,,,,,,,,,,,,,,,,,,,,,,,,
2021S051235580470,35580470,Thunder Bay,2021A00053558004,2021,108843,107909,0.9,0.7,0,00000,375,1028,0.36,35,25,25,25,150,0,0,0,150,122000,150,128000,150,0,345,175,155,20,50.7,44.9,11.4,,,,,,,,,,,,,,,,,,,,,,,,
2021S051235580471,35580471,Thunder Bay,2021A00053558004,2021,108843,107909,0.9,0.6,0,00000,456,2669.8,0.17,30,40,25,10,170,0,0,0,165,143000,175,162000,175,0,435,260,245,15,59.8,56.3,5.8,,,,,,,,,,,,,,,,,,,,,,,,
2021S051235580472,35580472,Thunder Bay,2021A00053558004,2021,108843,107909,0.9,0,0,00000,1010,2983.8,0.34,90,75,25,40,320,0,0,0,315,176000,340,195000,340,15,895,690,620,75,77.1,69.3,10.9,,,,,,,,,,,,,,,,,,,,,,,,
2021S051235580473,35580473,Thunder Bay,2021A00053558004,2021,108843,107909,0.9,1.6,6.5,00000,448,2711.9,0.17,25,20,25,15,190,15,5,0,190,99000,185,113000,185,10,415,205,170,35,49.4,41,17.1,,,,,,,,,,,,,,,,,,,,,,,,
2021S051235580474,35580474,Thunder Bay,2021A00053558004,2021,108843,107909,0.9,2.6,1.2,00000,1084,305.8,3.54,90,65,40,50,345,10,0,0,345,148000,350,152500,355,95,735,405,385,20,55.1,52.4,4.9,,,,,,,,,,,,,,,,,,,,,,,,
