Gym_ID,Gym_Name,Brand,Parent_Category,Price_Tier,Gym_Format,Direct_Budget_Competitor,Major_Chain,Municipality,Market_Zone,Market_Zone_Assignment_Method,Market_Zone_Assignment_Distance_km,Address,Latitude,Longitude,Equipment_Access,Open_24_7_Status,Open_24_7_Flag,Personal_Training,Personal_Training_Flag,Group_Classes,Group_Classes_Flag,Women_Only_Area,Pool,Sauna,Tanning,Tanning_Flag,Hydromassage,Hydromassage_Flag,Parking,Google_Rating,Google_Review_Count,Source_URL,Source_Type,Amenity_Source_Level,Record_Source_Quality,Data_Collection_Date,Verification_Status,Notes,Review_Source,Review_URL,Review_Collection_Date,Review_Data_Status,Review_Confidence,Top_Positive_Review_Theme,Top_Negative_Review_Theme,Common_Complaint,Common_Strength,Customer_Satisfaction_Gap_Flag,Major_Chain_Verification_Level,Major_Chain_Verification_Method,Official_Locator_URL,Row_Level_Official_Verification_Status,Fresh_SerpApi_Checked_Date,Fresh_SerpApi_Status,Fresh_Location_Match_Status,Fresh_Match_Score,Fresh_SerpApi_Result_Title,Fresh_SerpApi_Result_Address,Fresh_SerpApi_Rating,Fresh_SerpApi_Review_Count,Fresh_Crossmatch_Action
GYM_FULL_0001,Fit4Less Windsor Devonshire,Fit4Less,Budget Chain,Budget,Big-box budget gym,Yes,Yes,Windsor,South Windsor,Nearest market-zone centroid within municipality,1.73,"3100 Howard Ave, Windsor, ON N8X 3Y8",42.2746643,-83.0018706,Yes,Unknown,0,No / Not core brand feature,0,Limited / Not core brand feature,0,Unknown,No,No,Brand amenity at participating clubs,1,Brand amenity at participating clubs,1,Needs location verification,3.8,241,https://www.fit4less.ca/locations/provinces/ontario/windsor/windsor-devonshire,Official brand page plus geocoding,Inferred from brand/category unless source record confirms location service,Higher confidence starter record; still verify final zone/services,2026-07-26,Major chain verified against official Fit4Less location source; Google rating/review count populated via SerpApi; SerpApi rating/location Strong match; Fresh SerpApi Strong match,,SerpApi Google Maps API,,2026-07-30,Fresh SerpApi cross-match collected; Strong match,Strong match,,,,,Not available until reviews collected,High,Official Fit4Less location pages/list used for Dataset C chain records.,https://www.fit4less.ca/locations/provinces/ontario/windsor/windsor-devonshire,Official row-level source checked,2026-07-30,OK,Strong match,100,Fit4Less,"3100 Howard Ave, Windsor, ON N8X 3Y8",3.8,241,Fresh rating/review applied from SerpApi strong/likely location match
GYM_FULL_0002,Fit4Less Windsor Central,Fit4Less,Budget Chain,Budget,Big-box budget gym,Yes,Yes,Windsor,Northeast 2 Windsor,Nearest market-zone centroid within municipality,1.34,"2437 Central Ave, Windsor, ON N8W 4J4",42.3018669,-82.9785225,Yes,Yes,1,No / Not core brand feature,0,Limited / Not core brand feature,0,Unknown,No,No,Brand amenity at participating clubs,1,Brand amenity at participating clubs,1,Needs location verification,4,477,https://www.fit4less.ca/locations/provinces/ontario/windsor/windsor-central,Official brand page plus geocoding,Inferred from brand/category unless source record confirms location service,Higher confidence starter record; still verify final zone/services,2026-07-26,Major chain verified against official Fit4Less location source; Google rating/review count populated via SerpApi; SerpApi rating/location Strong match; Fresh SerpApi Strong match,,SerpApi Google Maps API,,2026-07-30,Fresh SerpApi cross-match collected; Strong match,Strong match,,,,,Not available until reviews collected,High,Official Fit4Less location pages/list used for Dataset C chain records.,https://www.fit4less.ca/locations/provinces/ontario/windsor/windsor-central,Official row-level source checked,2026-07-30,OK,Strong match,100,Fit4Less,"2437 Central Ave, Windsor, ON N8W 4J4",4,477,Fresh rating/review applied from SerpApi strong/likely location match
GYM_FULL_0003,Fit4Less London Oakridge,Fit4Less,Budget Chain,Budget,Big-box budget gym,Yes,Yes,London,Southwest London,Nearest market-zone centroid within municipality,2.11,"1201 Oxford Street West, London, ON N6H 1V8",42.9752961,-81.3234204,Yes,Unknown,0,No / Not core brand feature,0,Limited / Not core brand feature,0,Unknown,No,No,Brand amenity at participating clubs,1,Brand amenity at participating clubs,1,Needs location verification,4,172,https://www.fit4less.ca/locations/provinces/ontario/london/london-oakridge,Official brand page plus geocoding,Inferred from brand/category unless source record confirms location service,Higher confidence starter record; still verify final zone/services,2026-07-26,Major chain verified against official Fit4Less location source; Google rating/review count populated via SerpApi; SerpApi rating/location Strong match; Fresh SerpApi Strong match,,SerpApi Google Maps API,,2026-07-30,Fresh SerpApi cross-match collected; Strong match,Strong match,,,,,Not available until reviews collected,High,Official Fit4Less location pages/list used for Dataset C chain records.,https://www.fit4less.ca/locations/provinces/ontario/london/london-oakridge,Official row-level source checked,2026-07-30,OK,Strong match,87.1,Fit4Less,"1201 Oxford St W, London, ON N6H 1V9",4,172,Fresh rating/review applied from SerpApi strong/likely location match
GYM_FULL_0004,Fit4Less London Westmount Mall,Fit4Less,Budget Chain,Budget,Big-box budget gym,Yes,Yes,London,South London,Nearest market-zone centroid within municipality,2.28,"785 Wonderland Road South, London, ON N6K 1M6",42.947904,-81.2916905,Yes,Yes,1,No / Not core brand feature,0,Limited / Not core brand feature,0,Unknown,No,No,Brand amenity at participating clubs,1,Brand amenity at participating clubs,1,Needs location verification,4.2,412,https://www.fit4less.ca/locations/provinces/ontario/london/london-westmount-mall,Official brand page plus geocoding,Inferred from brand/category unless source record confirms location service,Higher confidence starter record; still verify final zone/services,2026-07-26,Major chain verified against official Fit4Less location source; Google rating/review count populated via SerpApi; SerpApi rating/location Strong match; Fresh SerpApi Strong match,,SerpApi Google Maps API,,2026-07-30,Fresh SerpApi cross-match collected; Strong match,Strong match,,,,,Not available until reviews collected,High,Official Fit4Less location pages/list used for Dataset C chain records.,https://www.fit4less.ca/locations/provinces/ontario/london/london-westmount-mall,Official row-level source checked,2026-07-30,OK,Strong match,91.4,Fit4Less,"785 Wonderland Rd S, London, ON N6K 1M6",4.2,412,Fresh rating/review applied from SerpApi strong/likely location match
GYM_FULL_0005,Fit4Less London Proudfoot and Oxford,Fit4Less,Budget Chain,Budget,Big-box budget gym,Yes,Yes,London,West London,Nearest market-zone centroid within municipality,1.64,"710 Proudfoot Lane, London, ON N6H 1T2",42.9863122,-81.2883853,Yes,Yes,1,No / Not core brand feature,0,Limited / Not core brand feature,0,Unknown,No,No,Brand amenity at participating clubs,1,Brand amenity at participating clubs,1,Needs location verification,4,729,https://www.fit4less.ca/locations/provinces/ontario/london/london-proudfoot-and-oxford,Official brand page plus geocoding,Inferred from brand/category unless source record confirms location service,Higher confidence starter record; still verify final zone/services,2026-07-26,Major chain verified against official Fit4Less location source; Google rating/review count populated via SerpApi; SerpApi rating/location Strong match; Fresh SerpApi Strong match,,SerpApi Google Maps API,,2026-07-30,Fresh SerpApi cross-match collected; Strong match,Strong match,,,,,Not available until reviews collected,High,Official Fit4Less location pages/list used for Dataset C chain records.,https://www.fit4less.ca/locations/provinces/ontario/london/london-proudfoot-and-oxford,Official row-level source checked,2026-07-30,OK,Strong match,90,Fit4Less,"710 Proudfoot Ln, London, ON N6H 5G5",4,729,Fresh rating/review applied from SerpApi strong/likely location match
GYM_FULL_0006,Fit4Less London Wellington Gate,Fit4Less,Budget Chain,Budget,Big-box budget gym,Yes,Yes,London,Southeast London,Nearest market-zone centroid within municipality,2.67,"332-352 Wellington Road, London, ON N6C 4P6",42.9620601,-81.2312379,Yes,Yes,1,No / Not core brand feature,0,Limited / Not core brand feature,0,Unknown,No,No,Brand amenity at participating clubs,1,Brand amenity at participating clubs,1,Needs location verification,4.4,60,https://www.fit4less.ca/locations/provinces/ontario/london/london-wellington-gate,Official brand page plus geocoding,Inferred from brand/category unless source record confirms location service,Higher confidence starter record; still verify final zone/services,2026-07-26,Major chain verified against official Fit4Less location source; Google rating/review count populated via SerpApi; SerpApi rating/location Strong match; Fresh SerpApi Strong match,,SerpApi Google Maps API,,2026-07-30,Fresh SerpApi cross-match collected; Strong match,Strong match,,,,,Not available until reviews collected,High,Official Fit4Less location pages/list used for Dataset C chain records.,https://www.fit4less.ca/locations/provinces/ontario/london/london-wellington-gate,Official row-level source checked,2026-07-30,OK,Strong match,95.7,Fit4Less,"352 Wellington Rd #332, London, ON N6C 4P6",4.4,60,Fresh rating/review applied from SerpApi strong/likely location match
GYM_FULL_0007,Fit4Less Waterloo Northfield,Fit4Less,Budget Chain,Budget,Big-box budget gym,Yes,Yes,Waterloo,West Waterloo,Nearest market-zone centroid within municipality,2.64,"585 Weber Street North, Waterloo, ON N2V 1V8",43.4959124,-80.5506008,Yes,Yes,1,No / Not core brand feature,0,Limited / Not core brand feature,0,Unknown,No,No,Brand amenity at participating clubs,1,Brand amenity at participating clubs,1,Needs location verification,4.1,418,https://www.fit4less.ca/locations/provinces/ontario/waterloo/waterloo-northfield,Official brand page plus geocoding,Inferred from brand/category unless source record confirms location service,Higher confidence starter record; still verify final zone/services,2026-07-26,Major chain verified against official Fit4Less location source; Google rating/review count populated via SerpApi; SerpApi rating/location Strong match; Fresh SerpApi Strong match,,SerpApi Google Maps API,,2026-07-30,Fresh SerpApi cross-match collected; Strong match,Strong match,,,,,Not available until reviews collected,High,Official Fit4Less location pages/list used for Dataset C chain records.,https://www.fit4less.ca/locations/provinces/ontario/waterloo/waterloo-northfield,Official row-level source checked,2026-07-30,OK,Strong match,91.4,Fit4Less,"585 Weber St N, Waterloo, ON N2V 1V8",4.1,418,Fresh rating/review applied from SerpApi strong/likely location match
GYM_FULL_0008,Fit4Less Kitchener Weber St East,Fit4Less,Budget Chain,Budget,Big-box budget gym,Yes,Yes,Kitchener,East Kitchener,Nearest market-zone centroid within municipality,0.53,"1375 Weber St East, Kitchener, ON N2A 1C4",43.4322438,-80.4398335,Yes,Yes,1,No / Not core brand feature,0,Limited / Not core brand feature,0,Unknown,No,No,Brand amenity at participating clubs,1,Brand amenity at participating clubs,1,Needs location verification,3.4,525,https://www.fit4less.ca/locations/provinces/ontario/kitchener/kitchener-weber-st-east,Official brand page plus geocoding,Inferred from brand/category unless source record confirms location service,Higher confidence starter record; still verify final zone/services,2026-07-26,Major chain verified against official Fit4Less location source; Google rating/review count populated via SerpApi; SerpApi rating/location Strong match; Fresh SerpApi Strong match,,SerpApi Google Maps API,,2026-07-30,Fresh SerpApi cross-match collected; Strong match,Strong match,,,,,Not available until reviews collected,High,Official Fit4Less location pages/list used for Dataset C chain records.,https://www.fit4less.ca/locations/provinces/ontario/kitchener/kitchener-weber-st-east,Official row-level source checked,2026-07-30,OK,Strong match,95,Fit4Less,"1375 Weber St E, Kitchener, ON N2A 1C4",3.4,525,Fresh rating/review applied from SerpApi strong/likely location match
GYM_FULL_0009,Fit4Less Guelph Edinburgh,Fit4Less,Budget Chain,Budget,Big-box budget gym,Yes,Yes,Guelph,South Guelph,Nearest market-zone centroid within municipality,1.48,"245 Edinburgh Road South, Guelph, ON N1G 2J6",43.529205,-80.2482035,Yes,Yes,1,No / Not core brand feature,0,Limited / Not core brand feature,0,Unknown,No,No,Brand amenity at participating clubs,1,Brand amenity at participating clubs,1,Needs location verification,3.8,474,https://www.fit4less.ca/locations/provinces/ontario/guelph/guelph-edinburgh,Official brand page plus geocoding,Inferred from brand/category unless source record confirms location service,Higher confidence starter record; still verify final zone/services,2026-07-26,Major chain verified against official Fit4Less location source; Google rating/review count populated via SerpApi; SerpApi rating/location Strong match; Fresh SerpApi Strong match,,SerpApi Google Maps API,,2026-07-30,Fresh SerpApi cross-match collected; Strong match,Strong match,,,,,Not available until reviews collected,High,Official Fit4Less location pages/list used for Dataset C chain records.,https://www.fit4less.ca/locations/provinces/ontario/guelph/guelph-edinburgh,Official row-level source checked,2026-07-30,OK,Strong match,91.4,Fit4Less,"245 Edinburgh Rd S, Guelph, ON N1G 2J6",3.8,474,Fresh rating/review applied from SerpApi strong/likely location match
GYM_FULL_0010,Fit4Less Hamilton Centre,Fit4Less,Budget Chain,Budget,Big-box budget gym,Yes,Yes,Hamilton,Central Hamilton,Nearest market-zone centroid within municipality,2.85,"1211 Barton Street East, Hamilton, ON L8H 2V4",43.2505572,-79.811523,Yes,Yes,1,No / Not core brand feature,0,Limited / Not core brand feature,0,Unknown,No,No,Brand amenity at participating clubs,1,Brand amenity at participating clubs,1,Needs location verification,4,686,https://www.fit4less.ca/locations/provinces/ontario/hamilton/hamilton-centre,Official brand page plus geocoding,Inferred from brand/category unless source record confirms location service,Higher confidence starter record; still verify final zone/services,2026-07-26,Major chain verified against official Fit4Less location source; Google rating/review count populated via SerpApi; SerpApi rating/location Strong match; Fresh SerpApi Strong match,,SerpApi Google Maps API,,2026-07-30,Fresh SerpApi cross-match collected; Strong match,Strong match,,,,,Not available until reviews collected,High,Official Fit4Less location pages/list used for Dataset C chain records.,https://www.fit4less.ca/locations/provinces/ontario/hamilton/hamilton-centre,Official row-level source checked,2026-07-30,OK,Strong match,88.4,Fit4Less,"1211 Barton St E, Hamilton, ON L8H 2V4",4,686,Fresh rating/review applied from SerpApi strong/likely location match
GYM_FULL_0011,Fit4Less Hamilton Barton at Centennial Pkwy,Fit4Less,Budget Chain,Budget,Big-box budget gym,Yes,Yes,Hamilton,East Hamilton,Nearest market-zone centroid within municipality,3.05,"2425 Barton Street East, Hamilton, ON L8E 2W7",43.2370414,-79.7606453,Yes,Yes,1,No / Not core brand feature,0,Limited / Not core brand feature,0,Unknown,No,No,Brand amenity at participating clubs,1,Brand amenity at participating clubs,1,Needs location verification,4,382,https://www.fit4less.ca/locations/provinces/ontario/hamilton/hamilton-barton-at-centennial-pkwy,Official brand page plus geocoding,Inferred from brand/category unless source record confirms location service,Higher confidence starter record; still verify final zone/services,2026-07-26,Major chain verified against official Fit4Less location source; Google rating/review count populated via SerpApi; SerpApi rating/location Strong match; Fresh SerpApi Strong match,,SerpApi Google Maps API,,2026-07-30,Fresh SerpApi cross-match collected; Strong match,Strong match,,,,,Not available until reviews collected,High,Official Fit4Less location pages/list used for Dataset C chain records.,https://www.fit4less.ca/locations/provinces/ontario/hamilton/hamilton-barton-at-centennial-pkwy,Official row-level source checked,2026-07-30,OK,Strong match,91.4,Fit4Less,"2425 Barton St E, Hamilton, ON L8E 2W7",4,382,Fresh rating/review applied from SerpApi strong/likely location match
GYM_FULL_0012,Fit4Less St. Catharines Fairview,Fit4Less,Budget Chain,Budget,Big-box budget gym,Yes,Yes,St. Catharines,Northwest St. Catharines,Nearest market-zone centroid within municipality,1.19,"285 Geneva Street, St. Catharines, ON L2N 2E9",43.1777644,-79.2441118,Yes,Yes,1,No / Not core brand feature,0,Limited / Not core brand feature,0,Unknown,No,No,Brand amenity at participating clubs,1,Brand amenity at participating clubs,1,Needs location verification,3.9,355,https://www.fit4less.ca/locations/provinces/ontario/st-catharines/st-catharines-fairview,Official brand page plus geocoding,Inferred from brand/category unless source record confirms location service,Higher confidence starter record; still verify final zone/services,2026-07-26,Major chain verified against official Fit4Less location source; Google rating/review count populated via SerpApi; SerpApi rating/location Strong match; Fresh SerpApi Strong match,,SerpApi Google Maps API,,2026-07-30,Fresh SerpApi cross-match collected; Strong match,Strong match,,,,,Not available until reviews collected,High,Official Fit4Less location pages/list used for Dataset C chain records.,https://www.fit4less.ca/locations/provinces/ontario/st-catharines/st-catharines-fairview,Official row-level source checked,2026-07-30,OK,Strong match,95,Fit4Less,"285 Geneva St, St. Catharines, ON L2N 2E9",3.9,355,Fresh rating/review applied from SerpApi strong/likely location match
GYM_FULL_0013,Fit4Less St. Catharines Glendale Ave,Fit4Less,Budget Chain,Budget,Big-box budget gym,Yes,Yes,St. Catharines,Southeast St. Catharines,Nearest market-zone centroid within municipality,1.56,"221 Glendale Ave, St. Catharines, ON L2T 2K9",43.1359869,-79.2250563,Yes,Yes,1,No / Not core brand feature,0,Limited / Not core brand feature,0,Unknown,No,No,Brand amenity at participating clubs,1,Brand amenity at participating clubs,1,Needs location verification,3.9,256,https://www.fit4less.ca/locations/provinces/ontario/st-catharines/st-catharines-glendale-ave,Official brand page plus geocoding,Inferred from brand/category unless source record confirms location service,Higher confidence starter record; still verify final zone/services,2026-07-26,Major chain verified against official Fit4Less location source; Google rating/review count populated via SerpApi; SerpApi rating/location Strong match; Fresh SerpApi Strong match,,SerpApi Google Maps API,,2026-07-30,Fresh SerpApi cross-match collected; Strong match,Strong match,,,,,Not available until reviews collected,High,Official Fit4Less location pages/list used for Dataset C chain records.,https://www.fit4less.ca/locations/provinces/ontario/st-catharines/st-catharines-glendale-ave,Official row-level source checked,2026-07-30,OK,Strong match,100,Fit4Less,"221 Glendale Ave, St. Catharines, ON L2T 2K9",3.9,256,Fresh rating/review applied from SerpApi strong/likely location match
GYM_FULL_0014,Fit4Less Barrie Cundles Road,Fit4Less,Budget Chain,Budget,Big-box budget gym,Yes,Yes,Barrie,Northeast Barrie,Nearest market-zone centroid within municipality,1.54,"201 Cundles Road East, Barrie, ON L4M 4S5",44.4115243,-79.6885478,Yes,Yes,1,No / Not core brand feature,0,Limited / Not core brand feature,0,Unknown,No,No,Brand amenity at participating clubs,1,Brand amenity at participating clubs,1,Needs location verification,4,443,https://www.fit4less.ca/locations/provinces/ontario/barrie/barrie-cundles-road,Official brand page plus geocoding,Inferred from brand/category unless source record confirms location service,Higher confidence starter record; still verify final zone/services,2026-07-26,Major chain verified against official Fit4Less location source; Google rating/review count populated via SerpApi; SerpApi rating/location Strong match; Fresh SerpApi Strong match,,SerpApi Google Maps API,,2026-07-30,Fresh SerpApi cross-match collected; Strong match,Strong match,,,,,Not available until reviews collected,High,Official Fit4Less location pages/list used for Dataset C chain records.,https://www.fit4less.ca/locations/provinces/ontario/barrie/barrie-cundles-road,Official row-level source checked,2026-07-30,OK,Strong match,91.4,Fit4Less,"201 Cundles Rd E, Barrie, ON L4M 4S5",4,443,Fresh rating/review applied from SerpApi strong/likely location match
GYM_FULL_0015,Fit4Less Kingston Norwest,Fit4Less,Budget Chain,Budget,Big-box budget gym,Yes,Yes,Kingston,West Kingston,Nearest market-zone centroid within municipality,0.88,"824 Norwest Road, Kingston, ON K7P 2N4",44.2578665,-76.574808,Yes,Yes,1,No / Not core brand feature,0,Limited / Not core brand feature,0,Unknown,No,No,Brand amenity at participating clubs,1,Brand amenity at participating clubs,1,Needs location verification,3.3,274,https://www.fit4less.ca/locations/provinces/ontario/kingston/kingston-norwest,Official brand page plus geocoding,Inferred from brand/category unless source record confirms location service,Higher confidence starter record; still verify final zone/services,2026-07-26,Major chain verified against official Fit4Less location source; Google rating/review count populated via SerpApi; SerpApi rating/location Strong match; Fresh SerpApi Strong match,,SerpApi Google Maps API,,2026-07-30,Fresh SerpApi cross-match collected; Strong match,Strong match,,,,,Not available until reviews collected,High,Official Fit4Less location pages/list used for Dataset C chain records.,https://www.fit4less.ca/locations/provinces/ontario/kingston/kingston-norwest,Official row-level source checked,2026-07-30,OK,Strong match,95,Fit4Less,"824 Norwest Rd, Kingston, ON K7P 2N4",3.3,274,Fresh rating/review applied from SerpApi strong/likely location match
GYM_FULL_0016,Fit4Less Thunder Bay Intercity,Fit4Less,Budget Chain,Budget,Big-box budget gym,Yes,Yes,Thunder Bay,Southeast Thunder Bay,Nearest market-zone centroid within municipality,1.79,"1000 Fort William Rd, Thunder Bay, ON P7B 6B9",48.4037903,-89.2437158,Yes,Yes,1,No / Not core brand feature,0,Limited / Not core brand feature,0,Unknown,No,No,Brand amenity at participating clubs,1,Brand amenity at participating clubs,1,Needs location verification,4,236,https://www.fit4less.ca/locations/provinces/ontario/thunder-bay/thunder-bay-intercity,Official brand page plus geocoding,Inferred from brand/category unless source record confirms location service,Higher confidence starter record; still verify final zone/services,2026-07-26,Major chain verified against official Fit4Less location source; Google rating/review count populated via SerpApi; SerpApi rating/location Strong match; Fresh SerpApi Strong match,,SerpApi Google Maps API,,2026-07-30,Fresh SerpApi cross-match collected; Strong match,Strong match,,,,,Not available until reviews collected,High,Official Fit4Less location pages/list used for Dataset C chain records.,https://www.fit4less.ca/locations/provinces/ontario/thunder-bay/thunder-bay-intercity,Official row-level source checked,2026-07-30,OK,Strong match,97,Fit4Less,"1000 Fort William Rd, Thunder Bay, ON P7B 6B9",4,236,Fresh rating/review applied from SerpApi strong/likely location match
GYM_FULL_0017,Planet Fitness Windsor Enterprise Way,Planet Fitness,Budget Chain,Budget,Big-box budget gym,Yes,Yes,Windsor,Northeast Windsor,Nearest market-zone centroid within municipality,1.8,"7155 Enterprise Way, Windsor, ON N8T 3N6",42.3102153,-82.9397367,Yes,Likely,0,Yes / fitness training,1,Limited / PE@PF training,1,Unknown,No,No,Black Card Spa amenity at many clubs,1,Black Card Spa amenity at many clubs,1,Needs location verification,4.5,515,https://www.planetfitness.ca/clubs/on/windsor,Official brand page plus geocoding,Inferred from brand/category unless source record confirms location service,Higher confidence starter record; still verify final zone/services,2026-07-26,Major chain verified against official Planet Fitness location source; Google rating/review count populated via SerpApi; SerpApi rating/location Strong match; Fresh SerpApi Strong match,,SerpApi Google Maps API,,2026-07-30,Fresh SerpApi cross-match collected; Strong match,Strong match,,,,,Not available until reviews collected,High,Official Planet Fitness pages used for named official rows; remaining rows need official locator confirmation.,https://www.planetfitness.ca/clubs/on,Official row-level source checked,2026-07-30,OK,Strong match,100,Planet Fitness,"7155 Enterprise Way, Windsor, ON N8T 3N6",4.5,515,Fresh rating/review applied from SerpApi strong/likely location match
GYM_FULL_0018,Planet Fitness Windsor Walker Rd,Planet Fitness,Budget Chain,Budget,Big-box budget gym,Yes,Yes,Windsor,South Windsor,Nearest market-zone centroid within municipality,2.71,"4330 Walker Rd, Windsor, ON N8W 3T5",42.2571434,-82.9641812,Yes,Likely,0,Yes / fitness training,1,Limited / PE@PF training,1,Unknown,No,No,Black Card Spa amenity at many clubs,1,Black Card Spa amenity at many clubs,1,Needs location verification,4.3,414,https://www.planetfitness.ca/clubs/on/windsor,Official brand page plus geocoding,Inferred from brand/category unless source record confirms location service,Higher confidence starter record; still verify final zone/services,2026-07-26,Major chain verified against official Planet Fitness location source; Google rating/review count populated via SerpApi; SerpApi rating/location Strong match; Fresh SerpApi Strong match,,SerpApi Google Maps API,,2026-07-30,Fresh SerpApi cross-match collected; Strong match,Strong match,,,,,Not available until reviews collected,High,Official Planet Fitness pages used for named official rows; remaining rows need official locator confirmation.,https://www.planetfitness.ca/clubs/on,Official row-level source checked,2026-07-30,OK,Strong match,100,Planet Fitness,"4330 Walker Rd, Windsor, ON N8W 3T5",4.3,414,Fresh rating/review applied from SerpApi strong/likely location match
GYM_FULL_0019,Planet Fitness London Oxbury Mall,Planet Fitness,Budget Chain,Budget,Big-box budget gym,Yes,Yes,London,Northeast London,Nearest market-zone centroid within municipality,1.94,"1299 Oxford Street East, London, ON N5Y 4W5",43.007359,-81.211955,Yes,Likely,0,Yes / fitness training,1,Limited / PE@PF training,1,Unknown,No,No,Black Card Spa amenity at many clubs,1,Black Card Spa amenity at many clubs,1,Needs location verification,4,860,https://www.planetfitness.ca/clubs/on/london,Official brand page plus geocoding,Inferred from brand/category unless source record confirms location service,Higher confidence starter record; still verify final zone/services,2026-07-26,Major chain verified against official Planet Fitness location source; Google rating/review count populated via SerpApi; SerpApi rating/location Strong match; Fresh SerpApi Strong match,,SerpApi Google Maps API,,2026-07-30,Fresh SerpApi cross-match collected; Strong match,Strong match,,,,,Not available until reviews collected,High,Official Planet Fitness pages used for named official rows; remaining rows need official locator confirmation.,https://www.planetfitness.ca/clubs/on,Official row-level source checked,2026-07-30,OK,Strong match,91.4,Planet Fitness,"1299 Oxford St E, London, ON N5Y 4W5",4,860,Fresh rating/review applied from SerpApi strong/likely location match
GYM_FULL_0020,Planet Fitness Barrie,Planet Fitness,Budget Chain,Budget,Big-box budget gym,Yes,Yes,Barrie,Northwest Barrie,Nearest market-zone centroid within municipality,1.15,"320 Bayfield Street, Barrie, ON L4M 3C1",44.3995987,-79.7019116,Yes,Likely,0,Yes / fitness training,1,Limited / PE@PF training,1,Unknown,No,No,Black Card Spa amenity at many clubs,1,Black Card Spa amenity at many clubs,1,Needs location verification,4.1,622,https://www.planetfitness.ca/clubs/on/barrie,Official brand page plus geocoding,Inferred from brand/category unless source record confirms location service,Higher confidence starter record; still verify final zone/services,2026-07-26,Major chain verified against official Planet Fitness location source; Google rating/review count populated via SerpApi; SerpApi rating/location Strong match; Fresh SerpApi Strong match,,SerpApi Google Maps API,,2026-07-30,Fresh SerpApi cross-match collected; Strong match,Strong match,,,,,Not available until reviews collected,High,Official Planet Fitness pages used for named official rows; remaining rows need official locator confirmation.,https://www.planetfitness.ca/clubs/on,Official row-level source checked,2026-07-30,OK,Strong match,95,Planet Fitness,"320 Bayfield St, Barrie, ON L4M 3C1",4.1,622,Fresh rating/review applied from SerpApi strong/likely location match
GYM_FULL_0021,Planet Fitness Oshawa,Planet Fitness,Budget Chain,Budget,Big-box budget gym,Yes,Yes,Oshawa,Southeast Oshawa,Nearest market-zone centroid within municipality,1.69,"555 Simcoe St S, Oshawa, ON L1H 8K8",43.8827156,-78.855822,Yes,Yes,1,Yes / fitness training,1,Limited / PE@PF training,1,Unknown,No,No,Black Card Spa amenity at many clubs,1,Black Card Spa amenity at many clubs,1,Needs location verification,4.2,378,https://www.planetfitness.ca/gyms/oshawa,Official brand page plus geocoding,Inferred from brand/category unless source record confirms location service,Higher confidence starter record; still verify final zone/services,2026-07-26,Major chain verified against official Planet Fitness location source; Google rating/review count populated via SerpApi; SerpApi rating/location Strong match; Fresh SerpApi Strong match,,SerpApi Google Maps API,,2026-07-30,Fresh SerpApi cross-match collected; Strong match,Strong match,,,,,Not available until reviews collected,High,Official Planet Fitness pages used for named official rows; remaining rows need official locator confirmation.,https://www.planetfitness.ca/clubs/on,Official row-level source checked,2026-07-30,OK,Strong match,100,Planet Fitness,"555 Simcoe St S, Oshawa, ON L1H 8K8",4.2,378,Fresh rating/review applied from SerpApi strong/likely location match
GYM_FULL_0022,Planet Fitness Kitchener,Planet Fitness,Budget Chain,Budget,Big-box budget gym,Yes,Yes,Kitchener,South Kitchener,Nearest market-zone centroid within municipality,3.25,"700 Strasburg Rd, Kitchener, ON N2E 2M2",43.413904,-80.477833,Yes,Yes,1,Yes / fitness training,1,Limited / PE@PF training,1,Unknown,No,No,Black Card Spa amenity at many clubs,1,Black Card Spa amenity at many clubs,1,Needs location verification,3.7,745,https://www.planetfitness.ca/gyms/kitchener,Official brand page plus geocoding,Inferred from brand/category unless source record confirms location service,Higher confidence starter record; still verify final zone/services,2026-07-26,Major chain verified against official Planet Fitness location source; Google rating/review count populated via SerpApi; SerpApi rating/location Strong match; Fresh SerpApi Strong match,,SerpApi Google Maps API,,2026-07-30,Fresh SerpApi cross-match collected; Strong match,Strong match,,,,,Not available until reviews collected,High,Official Planet Fitness pages used for named official rows; remaining rows need official locator confirmation.,https://www.planetfitness.ca/clubs/on,Official row-level source checked,2026-07-30,OK,Strong match,97,Planet Fitness,"700 Strasburg Rd, Kitchener, ON N2E 2M2",3.7,745,Fresh rating/review applied from SerpApi strong/likely location match
GYM_FULL_0023,Planet Fitness St. Catharines,Planet Fitness,Budget Chain,Budget,Big-box budget gym,Yes,Yes,St. Catharines,Northeast St. Catharines,Nearest market-zone centroid within municipality,2.07,"525 Welland Ave, St Catharines, ON L2M 6P3",43.1770237,-79.2116564,Yes,No,0,Yes / fitness training,1,Limited / PE@PF training,1,Unknown,No,No,Black Card Spa amenity at many clubs,1,Black Card Spa amenity at many clubs,1,Needs location verification,3.7,168,https://www.planetfitness.ca/gyms/st-catharines,Official brand page plus geocoding,Inferred from brand/category unless source record confirms location service,Higher confidence starter record; still verify final zone/services,2026-07-26,Major chain verified against official Planet Fitness location source; Google rating/review count populated via SerpApi; SerpApi rating/location Strong match; Fresh SerpApi Strong match,,SerpApi Google Maps API,,2026-07-30,Fresh SerpApi cross-match collected; Strong match,Strong match,,,,,Not available until reviews collected,High,Official Planet Fitness pages used for named official rows; remaining rows need official locator confirmation.,https://www.planetfitness.ca/clubs/on,Official row-level source checked,2026-07-30,OK,Strong match,100,Planet Fitness,"525 Welland Ave, St. Catharines, ON L2M 6P3",3.7,168,Fresh rating/review applied from SerpApi strong/likely location match
GYM_FULL_0024,Windsor Rock Gym,Local / Independent,Local/Independent,Unknown,Local/independent gym,No,No,Windsor,Northwest Windsor,Nearest market-zone centroid within municipality,2.07,"Windsor Rock Gym, 1215, Walker Road, Walkerville, Windsor, Southwestern Ontario, Ontario, N8Y 3L8, Canada",42.3156884,-83.003659,Yes,Unknown,0,Unknown,0,Unknown,0,Unknown,Unknown,Unknown,Unknown,0,Unknown,0,Needs location verification,4.8,257,https://nominatim.openstreetmap.org/,OpenStreetMap Nominatim place search,Inferred from brand/category unless source record confirms location service,Open place record - verify against official website or Google Maps,2026-07-26,Full working database record - verify before final recommendation; SerpApi rating/location Strong match; Fresh SerpApi Strong match,,SerpApi Google Maps API,,2026-07-30,Fresh SerpApi cross-match collected; Strong match,Strong match,,,,,Not available until reviews collected,Not applicable - local/independent,Local/independent record retained as working open-source inventory.,,Not major chain,2026-07-30,OK,Strong match,80,Windsor Rock Gym,"1215 Walker Rd, Windsor, ON N8Y 2N9",4.8,257,Fresh rating/review applied from SerpApi strong/likely location match
GYM_FULL_0025,Jackson Park Medical Center / Windsor Squash & Fitness,Local / Independent,Local/Independent,Unknown,Local/independent gym,No,No,Windsor,Northwest Windsor,Nearest market-zone centroid within municipality,2.21,"Jackson Park Medical Center / Windsor Squash & Fitness, 2475, McDougall Street, Remington Park, Windsor, Southwestern Ontario, Ontario, N8X 3N9, Canada",42.2887846,-83.0184638,Yes,Unknown,0,Unknown,0,Unknown,0,Unknown,Unknown,Unknown,Unknown,0,Unknown,0,Needs location verification,4.5,88,https://nominatim.openstreetmap.org/,OpenStreetMap Nominatim place search,Inferred from brand/category unless source record confirms location service,Open place record - verify against official website or Google Maps,2026-07-26,Full working database record - verify before final recommendation; SerpApi rating/location Strong match,,SerpApi Google Maps API,,2026-07-29,Fresh SerpApi result requires manual review; prior rating retained if already present,Needs manual review - partial match,,,,,Not available until reviews collected,Not applicable - local/independent,Local/independent record retained as working open-source inventory.,,Not major chain,2026-07-30,OK,Needs manual review - partial match,53.7,Windsor Squash & Fitness Club,"2475 McDougall St, Windsor, ON N8X 3N9",4.5,88,Fresh SerpApi result found but not auto-applied because match was weak/uncertain
GYM_FULL_0026,True Fitness Windsor,Local / Independent,Local/Independent,Unknown,Local/independent gym,No,No,Windsor,Northwest Windsor,Nearest market-zone centroid within municipality,1.31,"True Fitness Windsor, Ouellette Avenue, City Centre, Windsor, Southwestern Ontario, Ontario, N9A 1B2, Canada",42.3157155,-83.0380987,Yes,Unknown,0,Unknown,0,Unknown,0,Unknown,Unknown,Unknown,Unknown,0,Unknown,0,Needs location verification,4.6,221,https://nominatim.openstreetmap.org/,OpenStreetMap Nominatim place search,Inferred from brand/category unless source record confirms location service,Open place record - verify against official website or Google Maps,2026-07-26,Full working database record - verify before final recommendation; SerpApi rating/location Strong match; Fresh SerpApi Strong match,,SerpApi Google Maps API,,2026-07-30,Fresh SerpApi cross-match collected; Strong match,Strong match,,,,,Not available until reviews collected,Not applicable - local/independent,Local/independent record retained as working open-source inventory.,,Not major chain,2026-07-30,OK,Strong match,77.5,True Fitness Windsor,"443 Ouellette Ave, Windsor, ON N9A 4J2",4.6,221,Fresh rating/review applied from SerpApi strong/likely location match
GYM_FULL_0027,Riverside Family Fitness,Local / Independent,Local/Independent,Unknown,Local/independent gym,No,No,Windsor,Northeast 2 Windsor,Nearest market-zone centroid within municipality,2.42,"Riverside Family Fitness, Wyandotte Street East, Riverside, Windsor, Southwestern Ontario, Ontario, N8S 1X4, Canada",42.3316006,-82.9569118,Yes,Unknown,0,Unknown,0,Unknown,0,Unknown,Unknown,Unknown,Unknown,0,Unknown,0,Needs location verification,4.7,282,https://nominatim.openstreetmap.org/,OpenStreetMap Nominatim place search,Inferred from brand/category unless source record confirms location service,Open place record - verify against official website or Google Maps,2026-07-26,Full working database record - verify before final recommendation; SerpApi rating/location Strong match; Fresh SerpApi Strong match,,SerpApi Google Maps API,,2026-07-30,Fresh SerpApi cross-match collected; Strong match,Strong match,,,,,Not available until reviews collected,Not applicable - local/independent,Local/independent record retained as working open-source inventory.,,Not major chain,2026-07-30,OK,Strong match,77.5,Riverside Family Fitness,"6700 Wyandotte St E, Windsor, ON N8S 1P6",4.7,282,Fresh rating/review applied from SerpApi strong/likely location match
GYM_FULL_0028,Refine Fitness Studio,Local / Independent,Local/Independent,Unknown,Local/independent gym,No,No,Windsor,Northwest Windsor,Nearest market-zone centroid within municipality,1.78,"Refine Fitness Studio, 1623, Lincoln Road, Walkerville, Windsor, Southwestern Ontario, Ontario, N8Y 2K5, Canada",42.321572,-83.0154825,Yes,Unknown,0,Unknown,0,Unknown,0,Unknown,Unknown,Unknown,Unknown,0,Unknown,0,Needs location verification,4.8,88,https://nominatim.openstreetmap.org/,OpenStreetMap Nominatim place search,Inferred from brand/category unless source record confirms location service,Open place record - verify against official website or Google Maps,2026-07-26,Full working database record - verify before final recommendation; SerpApi rating/location Strong match; Fresh SerpApi Likely match,,SerpApi Google Maps API,,2026-07-30,Fresh SerpApi cross-match collected; Likely match,Likely match,,,,,Not available until reviews collected,Not applicable - local/independent,Local/independent record retained as working open-source inventory.,,Not major chain,2026-07-30,OK,Likely match,61.9,Redefine Fitness & Wellness Studio,"1623 Wyandotte St E, Windsor, ON N8Y 1C8",4.8,88,Fresh rating/review applied from SerpApi strong/likely location match
GYM_FULL_0029,Crunch Fitness,Crunch Fitness,Budget/Mid Chain,Budget/Mid,Big-box gym,Yes,Yes,Windsor,West Windsor,Nearest market-zone centroid within municipality,0.56,"Crunch Fitness, 2700, Tecumseh Road West, RiverWest, Windsor, Southwestern Ontario, Ontario, N9B 3R1, Canada",42.2916645,-83.0591389,Yes,Unknown,0,Likely,1,Likely,1,Unknown,Unknown,Unknown,Unknown,0,Unknown,0,Needs location verification,4.6,257,https://nominatim.openstreetmap.org/,OpenStreetMap Nominatim place search,Inferred from brand/category unless source record confirms location service,Open place record - verify against official website or Google Maps,2026-07-26,Major chain official locator identified; current row retained as working record pending row-level official page/address confirmation.; SerpApi rating/location Strong match; Fresh SerpApi Strong match,,SerpApi Google Maps API,,2026-07-30,Fresh SerpApi cross-match collected; Strong match,Strong match,,,,,Not available until reviews collected,Medium,Official Crunch Canada location pages available; current rows remain mostly open-source and need row-level official page matching.,https://www.crunchfitness.ca/locations,Official locator available; row-level match pending,2026-07-30,OK,Strong match,81.5,Crunch Fitness - University Plaza,"2700 Tecumseh Rd W, Windsor, ON N9B 3R1",4.6,257,Fresh rating/review applied from SerpApi strong/likely location match
GYM_FULL_0031,Crunch Fitness,Crunch Fitness,Budget/Mid Chain,Budget/Mid,Big-box gym,Yes,Yes,Windsor,Northeast Windsor,Nearest market-zone centroid within municipality,0.92,"Crunch Fitness, Lauzon Road, Forest Glade, Windsor, Southwestern Ontario, Ontario, N8T 1E0, Canada",42.3165039,-82.9321709,Yes,Unknown,0,Likely,1,Likely,1,Unknown,Unknown,Unknown,Unknown,0,Unknown,0,Needs location verification,4.1,710,https://nominatim.openstreetmap.org/,OpenStreetMap Nominatim place search,Inferred from brand/category unless source record confirms location service,Open place record - verify against official website or Google Maps,2026-07-26,Major chain official locator identified; current row retained as working record pending row-level official page/address confirmation.; SerpApi rating/location Strong match; Fresh SerpApi Strong match,,SerpApi Google Maps API,,2026-07-30,Fresh SerpApi cross-match collected; Strong match,Strong match,,,,,Not available until reviews collected,Medium,Official Crunch Canada location pages available; current rows remain mostly open-source and need row-level official page matching.,https://www.crunchfitness.ca/locations,Official locator available; row-level match pending,2026-07-30,OK,Strong match,77.5,Crunch Fitness - Windsor,"1950 Lauzon Rd, Windsor, ON N8T 2Z3",4.1,710,Fresh rating/review applied from SerpApi strong/likely location match
GYM_FULL_0032,GoodLife Fitness,GoodLife Fitness,Full-Service Chain,Mid/Premium,Full-service chain gym,No,Yes,Windsor,Northeast Windsor,Nearest market-zone centroid within municipality,1.16,"GoodLife Fitness, Lauzon Road, Forest Glade, Windsor, Southwestern Ontario, Ontario, N8T 1E0, Canada",42.316583,-82.9353768,Yes,Unknown,0,Likely,1,Likely,1,Unknown,Unknown,Unknown,Unknown,0,Unknown,0,Needs location verification,4.3,356,https://nominatim.openstreetmap.org/,OpenStreetMap Nominatim place search,Inferred from brand/category unless source record confirms location service,Open place record - verify against official website or Google Maps,2026-07-26,Major chain official locator identified; current row retained as working record pending row-level official page/address confirmation.; SerpApi rating/location Strong match; Fresh SerpApi Strong match,,SerpApi Google Maps API,,2026-07-30,Fresh SerpApi cross-match collected; Strong match,Strong match,,,,,Not available until reviews collected,Medium,Official GoodLife club locator available; current rows remain mostly open-source and need row-level official page matching.,https://www.goodlifefitness.com/clubs.html,Official locator available; row-level match pending,2026-07-30,OK,Strong match,75,GoodLife Fitness Windsor Tecumseh Mall,"7670 Tecumseh Rd E, Windsor, ON N8T 1E9",4.3,356,Fresh rating/review applied from SerpApi strong/likely location match
GYM_FULL_0033,GoodLife Fitness,GoodLife Fitness,Full-Service Chain,Mid/Premium,Full-service chain gym,No,Yes,Windsor,South Windsor,Nearest market-zone centroid within municipality,0.59,"GoodLife Fitness, Dougall Avenue, Roseland, Windsor, Southwestern Ontario, Ontario, N9G 1X0, Canada",42.2555709,-83.0017076,Yes,Unknown,0,Likely,1,Likely,1,Unknown,Unknown,Unknown,Unknown,0,Unknown,0,Needs location verification,4.2,509,https://nominatim.openstreetmap.org/,OpenStreetMap Nominatim place search,Inferred from brand/category unless source record confirms location service,Open place record - verify against official website or Google Maps,2026-07-26,Major chain official locator identified; current row retained as working record pending row-level official page/address confirmation.; SerpApi rating/location Strong match; Fresh SerpApi Strong match,,SerpApi Google Maps API,,2026-07-30,Fresh SerpApi cross-match collected; Strong match,Strong match,,,,,Not available until reviews collected,Medium,Official GoodLife club locator available; current rows remain mostly open-source and need row-level official page matching.,https://www.goodlifefitness.com/clubs.html,Official locator available; row-level match pending,2026-07-30,OK,Strong match,75.2,GoodLife Fitness Windsor Dougall and Cabana,"3920 Dougall Ave, Windsor, ON N9G 1X2",4.2,509,Fresh rating/review applied from SerpApi strong/likely location match
GYM_FULL_0034,Maximum Fitness Centre,Local / Independent,Local/Independent,Unknown,Local/independent gym,No,No,Windsor,South Windsor,Nearest market-zone centroid within municipality,0.59,"Maximum Fitness Centre, Dougall Avenue, Roseland, Windsor, Southwestern Ontario, Ontario, N9G 1X0, Canada",42.2563676,-83.0027074,Yes,Unknown,0,Unknown,0,Unknown,0,Unknown,Unknown,Unknown,Unknown,0,Unknown,0,Needs location verification,3.5,2,https://nominatim.openstreetmap.org/,OpenStreetMap Nominatim place search,Inferred from brand/category unless source record confirms location service,Open place record - verify against official website or Google Maps,2026-07-26,Full working database record - verify before final recommendation; SerpApi rating/location Strong match; Fresh SerpApi Strong match,,SerpApi Google Maps API,,2026-07-30,Fresh SerpApi cross-match collected; Strong match,Strong match,,,,,Not available until reviews collected,Not applicable - local/independent,Local/independent record retained as working open-source inventory.,,Not major chain,2026-07-30,OK,Strong match,77.5,Maximum Fitness Centre,"3850 Dougall Ave Unit 120, Windsor, ON N9G 2Y2",3.5,2,Fresh rating/review applied from SerpApi strong/likely location match
GYM_FULL_0035,Kersey Kickbox Fitness,Local / Independent,Boutique/Specialty,Premium/Specialty,Boxing/Martial arts fitness,No,No,Windsor,Northeast Windsor,Nearest market-zone centroid within municipality,1.69,"Kersey Kickbox Fitness, Forest Glade Court, Forest Glade, Windsor, Southwestern Ontario, Ontario, N8R 1W6, Canada",42.3053934,-82.9143438,Limited / class or coaching focused,Unknown,0,Likely,1,Likely,1,Unknown,No,Unknown,Unknown,0,Unknown,0,Needs location verification,4.9,196,https://nominatim.openstreetmap.org/,OpenStreetMap Nominatim place search,Inferred from brand/category unless source record confirms location service,Open place record - verify against official website or Google Maps,2026-07-26,Full working database record - verify before final recommendation; SerpApi rating/location Strong match; Fresh SerpApi Strong match,,SerpApi Google Maps API,,2026-07-30,Fresh SerpApi cross-match collected; Strong match,Strong match,,,,,Not available until reviews collected,Not applicable - local/independent,Local/independent record retained as working open-source inventory.,,Not major chain,2026-07-30,OK,Strong match,80,Kersey Kickbox Fitness Club,"3103 Forest Glade Dr, Windsor, ON N8R 1X6",4.9,196,Fresh rating/review applied from SerpApi strong/likely location match
GYM_FULL_0036,Movati Athletic,Movati Athletic,Premium Chain,Premium,Full-service premium fitness club,No,Yes,Windsor,South Windsor,Nearest market-zone centroid within municipality,1.19,"Movati Athletic, Foster Avenue, Devonshire, Windsor, Southwestern Ontario, Ontario, N8X 4L4, Canada",42.2702142,-82.9967926,Yes,Unknown,0,Likely,1,Likely,1,Unknown,Unknown,Unknown,Unknown,0,Unknown,0,Needs location verification,4,557,https://nominatim.openstreetmap.org/,OpenStreetMap Nominatim place search,Inferred from brand/category unless source record confirms location service,Open place record - verify against official website or Google Maps,2026-07-26,Major chain city/club presence confirmed from MOVATI official location list; address and reviews still require manual confirmation.; SerpApi rating/location Strong match; Fresh SerpApi Strong match,,SerpApi Google Maps API,,2026-07-30,Fresh SerpApi cross-match collected; Strong match,Strong match,,,,,Not available until reviews collected,Medium-High,Official MOVATI locations page confirms relevant club cities; row-level address checks still recommended.,https://movatiathletic.com/locations/,Official city/club list confirmed; address should be row-level checked,2026-07-30,OK,Strong match,75.5,MOVATI Athletic Windsor,"650 Division Rd, Windsor, ON N8X 0A8",4,557,Fresh rating/review applied from SerpApi strong/likely location match
GYM_FULL_0037,The Little Gym of London,Local / Independent,Local/Independent,Unknown,Local/independent gym,No,No,London,West London,Nearest market-zone centroid within municipality,1.17,"The Little Gym of London, Gainsborough Road, London, Southwestern Ontario, Ontario, N6G 2C3, Canada",43.0047539,-81.3059013,Yes,Unknown,0,Unknown,0,Unknown,0,Unknown,Unknown,Unknown,Unknown,0,Unknown,0,Needs location verification,4.7,154,https://nominatim.openstreetmap.org/,OpenStreetMap Nominatim place search,Inferred from brand/category unless source record confirms location service,Open place record - verify against official website or Google Maps,2026-07-26,Full working database record - verify before final recommendation; SerpApi rating/location Strong match; Fresh SerpApi Strong match,,SerpApi Google Maps API,,2026-07-30,Fresh SerpApi cross-match collected; Strong match,Strong match,,,,,Not available until reviews collected,Not applicable - local/independent,Local/independent record retained as working open-source inventory.,,Not major chain,2026-07-30,OK,Strong match,75.5,The Little Gym of London,"1225 Wonderland Rd N, London, ON N6G 2V9",4.7,154,Fresh rating/review applied from SerpApi strong/likely location match
GYM_FULL_0038,Good Life Fitness,Local / Independent,Local/Independent,Unknown,Local/independent gym,No,No,London,North London,Nearest market-zone centroid within municipality,1.25,"Good Life Fitness, London, Southwestern Ontario, Ontario, Canada",43.0233217,-81.2474817,Yes,Unknown,0,Unknown,0,Unknown,0,Unknown,Unknown,Unknown,Unknown,0,Unknown,0,Needs location verification,,,https://nominatim.openstreetmap.org/,OpenStreetMap Nominatim place search,Inferred from brand/category unless source record confirms location service,Open place record - verify against official website or Google Maps,2026-07-26,Full working database record - verify before final recommendation,,,,,Fresh SerpApi result requires manual review; prior rating retained if already present,Needs manual review - possible wrong location,,,,,Not available until reviews collected,Not applicable - local/independent,Local/independent record retained as working open-source inventory.,,Not major chain,2026-07-30,OK,Needs manual review - possible wrong location,24.3,GoodLife Fitness London King and Wellington,"355 Wellington St, London, ON N6A 3N7",4.1,493,Fresh SerpApi result found but not auto-applied because match was weak/uncertain
GYM_FULL_0039,GoodLife Fitness,GoodLife Fitness,Full-Service Chain,Mid/Premium,Full-service chain gym,No,Yes,London,North London,Nearest market-zone centroid within municipality,1.48,"GoodLife Fitness, North Centre Road, London, Southwestern Ontario, Ontario, N6G 3Y9, Canada",43.0297013,-81.2771498,Yes,Unknown,0,Likely,1,Likely,1,Unknown,Unknown,Unknown,Unknown,0,Unknown,0,Needs location verification,4,447,https://nominatim.openstreetmap.org/,OpenStreetMap Nominatim place search,Inferred from brand/category unless source record confirms location service,Open place record - verify against official website or Google Maps,2026-07-26,Major chain official locator identified; current row retained as working record pending row-level official page/address confirmation.; SerpApi rating/location Strong match; Fresh SerpApi Strong match,,SerpApi Google Maps API,,2026-07-30,Fresh SerpApi cross-match collected; Strong match,Strong match,,,,,Not available until reviews collected,Medium,Official GoodLife club locator available; current rows remain mostly open-source and need row-level official page matching.,https://www.goodlifefitness.com/clubs.html,Official locator available; row-level match pending,2026-07-30,OK,Strong match,75.5,GoodLife Fitness London Masonville,"116 N Centre Rd, London, ON N5X 0G3",4,447,Fresh rating/review applied from SerpApi strong/likely location match
GYM_FULL_0040,Elite Personal Fitness,Local / Independent,Local/Independent,Unknown,Local/independent gym,No,No,London,Central London,Nearest market-zone centroid within municipality,0.64,"Elite Personal Fitness, York Street, London, Southwestern Ontario, Ontario, N6A 2R5, Canada",42.9801271,-81.2516298,Yes,Unknown,0,Unknown,0,Unknown,0,Unknown,Unknown,Unknown,Unknown,0,Unknown,0,Needs location verification,5,5,https://nominatim.openstreetmap.org/,OpenStreetMap Nominatim place search,Inferred from brand/category unless source record confirms location service,Open place record - verify against official website or Google Maps,2026-07-26,Full working database record - verify before final recommendation; SerpApi rating/location Strong match; Fresh SerpApi Likely match,,SerpApi Google Maps API,,2026-07-30,Fresh SerpApi cross-match collected; Likely match,Likely match,,,,,Not available until reviews collected,Not applicable - local/independent,Local/independent record retained as working open-source inventory.,,Not major chain,2026-07-30,OK,Likely match,63.2,Elite Personal Training Studio Inc,"73 York St, London, ON N6A 1A6",5,5,Fresh rating/review applied from SerpApi strong/likely location match
GYM_FULL_0041,Fitness Avenue,Local / Independent,Local/Independent,Unknown,Local/independent gym,No,No,London,Southeast London,Nearest market-zone centroid within municipality,2.55,"Fitness Avenue, Waterman Lane, Lockwood Park, London, Southwestern Ontario, Ontario, N6C 2T9, Canada",42.9558247,-81.2302473,Yes,Unknown,0,Unknown,0,Unknown,0,Unknown,Unknown,Unknown,Unknown,0,Unknown,0,Needs location verification,4.8,771,https://nominatim.openstreetmap.org/,OpenStreetMap Nominatim place search,Inferred from brand/category unless source record confirms location service,Open place record - verify against official website or Google Maps,2026-07-26,Full working database record - verify before final recommendation; SerpApi rating/location Strong match; Fresh SerpApi Strong match,,SerpApi Google Maps API,,2026-07-30,Fresh SerpApi cross-match collected; Strong match,Strong match,,,,,Not available until reviews collected,Not applicable - local/independent,Local/independent record retained as working open-source inventory.,,Not major chain,2026-07-30,OK,Strong match,75,Fitness Avenue,"527 Wellington Rd, London, ON N6C 4R3",4.8,771,Fresh rating/review applied from SerpApi strong/likely location match
GYM_FULL_0042,GoodLife Fitness,GoodLife Fitness,Full-Service Chain,Mid/Premium,Full-service chain gym,No,Yes,London,West London,Nearest market-zone centroid within municipality,1.22,"GoodLife Fitness, Gainsborough Road, London, Southwestern Ontario, Ontario, N6G 2C3, Canada",43.00525,-81.3059841,Yes,Unknown,0,Likely,1,Likely,1,Unknown,Unknown,Unknown,Unknown,0,Unknown,0,Needs location verification,4.2,269,https://nominatim.openstreetmap.org/,OpenStreetMap Nominatim place search,Inferred from brand/category unless source record confirms location service,Open place record - verify against official website or Google Maps,2026-07-26,Major chain official locator identified; current row retained as working record pending row-level official page/address confirmation.; SerpApi rating/location Strong match; Fresh SerpApi Strong match,,SerpApi Google Maps API,,2026-07-30,Fresh SerpApi cross-match collected; Strong match,Strong match,,,,,Not available until reviews collected,Medium,Official GoodLife club locator available; current rows remain mostly open-source and need row-level official page matching.,https://www.goodlifefitness.com/clubs.html,Official locator available; row-level match pending,2026-07-30,OK,Strong match,76,GoodLife Fitness London Sherwood Forest Mall,"1225 Wonderland Rd N, London, ON N6G 2V9",4.2,269,Fresh rating/review applied from SerpApi strong/likely location match
GYM_FULL_0044,GoodLife Fitness,GoodLife Fitness,Full-Service Chain,Mid/Premium,Full-service chain gym,No,Yes,London,Southeast London,Nearest market-zone centroid within municipality,2.97,"GoodLife Fitness, Southdale Road East, London, Southwestern Ontario, Ontario, N6E 1A7, Canada",42.942661,-81.2296174,Yes,Unknown,0,Likely,1,Likely,1,Unknown,Unknown,Unknown,Unknown,0,Unknown,0,Needs location verification,4.1,375,https://nominatim.openstreetmap.org/,OpenStreetMap Nominatim place search,Inferred from brand/category unless source record confirms location service,Open place record - verify against official website or Google Maps,2026-07-26,Major chain official locator identified; current row retained as working record pending row-level official page/address confirmation.; SerpApi rating/location Strong match; Fresh SerpApi Strong match,,SerpApi Google Maps API,,2026-07-30,Fresh SerpApi cross-match collected; Strong match,Strong match,,,,,Not available until reviews collected,Medium,Official GoodLife club locator available; current rows remain mostly open-source and need row-level official page matching.,https://www.goodlifefitness.com/clubs.html,Official locator available; row-level match pending,2026-07-30,OK,Strong match,78.2,GoodLife Fitness London Southdale and Wellington,"635 Southdale Rd E, London, ON N6E 3W6",4.1,375,Fresh rating/review applied from SerpApi strong/likely location match
GYM_FULL_0045,Parc Centre Fitness,Local / Independent,Local/Independent,Unknown,Local/independent gym,No,No,London,West London,Nearest market-zone centroid within municipality,2.39,"Parc Centre Fitness, 400, Sugarcreek Trail, London, Southwestern Ontario, Ontario, N6H 1G3, Canada",42.9821917,-81.2809444,Yes,Unknown,0,Unknown,0,Unknown,0,Unknown,Unknown,Unknown,Unknown,0,Unknown,0,Needs location verification,,,https://nominatim.openstreetmap.org/,OpenStreetMap Nominatim place search,Inferred from brand/category unless source record confirms location service,Open place record - verify against official website or Google Maps,2026-07-26,Full working database record - verify before final recommendation,,,,,Fresh SerpApi result requires manual review; prior rating retained if already present,Needs manual review - partial match,,,,,Not available until reviews collected,Not applicable - local/independent,Local/independent record retained as working open-source inventory.,,Not major chain,2026-07-30,OK,Needs manual review - partial match,48,Damian Warner Fitness Centre North,"755 Wonderland Rd N, London, ON N6H 4L1",4.3,190,Fresh SerpApi result found but not auto-applied because match was weak/uncertain
GYM_FULL_0046,GoodLife Fitness,GoodLife Fitness,Full-Service Chain,Mid/Premium,Full-service chain gym,No,Yes,London,Southwest London,Nearest market-zone centroid within municipality,2.69,"GoodLife Fitness, Raleigh Crescent, London, Southwestern Ontario, Ontario, N6P 0B3, Canada",42.9346469,-81.3153314,Yes,Unknown,0,Likely,1,Likely,1,Unknown,Unknown,Unknown,Unknown,0,Unknown,0,Needs location verification,4.4,255,https://nominatim.openstreetmap.org/,OpenStreetMap Nominatim place search,Inferred from brand/category unless source record confirms location service,Open place record - verify against official website or Google Maps,2026-07-26,Major chain official locator identified; current row retained as working record pending row-level official page/address confirmation.; SerpApi rating/location Strong match; Fresh SerpApi Strong match,,SerpApi Google Maps API,,2026-07-30,Fresh SerpApi cross-match collected; Strong match,Strong match,,,,,Not available until reviews collected,Medium,Official GoodLife club locator available; current rows remain mostly open-source and need row-level official page matching.,https://www.goodlifefitness.com/clubs.html,Official locator available; row-level match pending,2026-07-30,OK,Strong match,79,GoodLife Fitness London Talbot Village,"925 Southdale Rd W Unit 2, London, ON N6P 0B3",4.4,255,Fresh rating/review applied from SerpApi strong/likely location match
GYM_FULL_0047,Damian Warner Fitness Centre North,Local / Independent,Local/Independent,Unknown,Local/independent gym,No,No,London,West London,Nearest market-zone centroid within municipality,0.93,"Damian Warner Fitness Centre North, 755, Wonderland Road North, London, Southwestern Ontario, Ontario, N6H 0H8, Canada",42.9904825,-81.2950591,Yes,Unknown,0,Unknown,0,Unknown,0,Unknown,Unknown,Unknown,Unknown,0,Unknown,0,Needs location verification,4.3,190,https://nominatim.openstreetmap.org/,OpenStreetMap Nominatim place search,Inferred from brand/category unless source record confirms location service,Open place record - verify against official website or Google Maps,2026-07-26,Full working database record - verify before final recommendation; SerpApi rating/location Strong match; Fresh SerpApi Strong match,,SerpApi Google Maps API,,2026-07-30,Fresh SerpApi cross-match collected; Strong match,Strong match,,,,,Not available until reviews collected,Not applicable - local/independent,Local/independent record retained as working open-source inventory.,,Not major chain,2026-07-30,OK,Strong match,78.6,Damian Warner Fitness Centre North,"755 Wonderland Rd N, London, ON N6H 4L1",4.3,190,Fresh rating/review applied from SerpApi strong/likely location match
GYM_FULL_0048,Fitness Forum,Local / Independent,Local/Independent,Unknown,Local/independent gym,No,No,London,South London,Nearest market-zone centroid within municipality,2.42,"Fitness Forum, Southdale Road East, Southdale, London, Southwestern Ontario, Ontario, N6E 1A4, Canada",42.9420739,-81.2379363,Yes,Unknown,0,Unknown,0,Unknown,0,Unknown,Unknown,Unknown,Unknown,0,Unknown,0,Needs location verification,4.1,297,https://nominatim.openstreetmap.org/,OpenStreetMap Nominatim place search,Inferred from brand/category unless source record confirms location service,Open place record - verify against official website or Google Maps,2026-07-26,Full working database record - verify before final recommendation; SerpApi rating/location Strong match; Fresh SerpApi Strong match,,SerpApi Google Maps API,,2026-07-30,Fresh SerpApi cross-match collected; Strong match,Strong match,,,,,Not available until reviews collected,Not applicable - local/independent,Local/independent record retained as working open-source inventory.,,Not major chain,2026-07-30,OK,Strong match,75.5,Fitness Forum London,"900 Jalna Blvd, London, ON N6E 3A4",4.1,297,Fresh rating/review applied from SerpApi strong/likely location match
GYM_FULL_0049,Orangetheory Fitness,Orangetheory Fitness,Boutique Chain,Premium,Boutique group training,No,Yes,London,Southeast London,Nearest market-zone centroid within municipality,3.04,"Orangetheory Fitness, Montgomery Road, London, Southwestern Ontario, Ontario, N6E 1W4, Canada",42.9383947,-81.2261058,Limited / class or coaching focused,Unknown,0,Likely,1,Likely,1,Unknown,No,Unknown,Unknown,0,Unknown,0,Needs location verification,4.8,234,https://nominatim.openstreetmap.org/,OpenStreetMap Nominatim place search,Inferred from brand/category unless source record confirms location service,Open place record - verify against official website or Google Maps,2026-07-26,Major chain official locator identified; current row retained as working record pending row-level official page/address confirmation.; SerpApi rating/location Strong match; Fresh SerpApi Strong match,,SerpApi Google Maps API,,2026-07-30,Fresh SerpApi cross-match collected; Strong match,Strong match,,,,,Not available until reviews collected,Medium,Official Orangetheory locator available; current rows need row-level official page matching.,https://www.orangetheory.com/en-ca/locations,Official locator available; row-level match pending,2026-07-30,OK,Strong match,79,Orangetheory Fitness,"1025 Wellington Rd Unit 4, London, ON N6E 1W4",4.8,234,Fresh rating/review applied from SerpApi strong/likely location match
GYM_FULL_0050,Planet Fitness,Planet Fitness,Budget Chain,Budget,Big-box budget gym,Yes,Yes,London,West London,Nearest market-zone centroid within municipality,2.67,"Planet Fitness, Catalpa Square, London, Southwestern Ontario, Ontario, N6H 5L9, Canada",43.0089584,-81.3312689,Yes,Unknown,0,Yes / fitness training,1,Limited / PE@PF training,1,Unknown,No,No,Black Card Spa amenity at many clubs,1,Black Card Spa amenity at many clubs,1,Needs location verification,4.2,70,https://nominatim.openstreetmap.org/,OpenStreetMap Nominatim place search,Inferred from brand/category unless source record confirms location service,Open place record - verify against official website or Google Maps,2026-07-26,Major chain official locator identified; current row retained as working record pending row-level official page/address confirmation.; SerpApi rating/location Strong match; Fresh SerpApi Strong match,,SerpApi Google Maps API,,2026-07-30,Fresh SerpApi cross-match collected; Strong match,Strong match,,,,,Not available until reviews collected,Medium,Official Planet Fitness pages used for named official rows; remaining rows need official locator confirmation.,https://www.planetfitness.ca/clubs/on,Official locator available; row-level match pending,2026-07-30,OK,Strong match,73,Planet Fitness,"1280 Fanshawe Park Rd W, London, ON N6G 5B1",4.2,70,Fresh rating/review applied from SerpApi strong/likely location match
GYM_FULL_0052,GoodLife Fitness,GoodLife Fitness,Full-Service Chain,Mid/Premium,Full-service chain gym,No,Yes,London,Central London,Nearest market-zone centroid within municipality,0.14,"GoodLife Fitness, 355, Wellington Street, London, Southwestern Ontario, Ontario, N6A 3N7, Canada",42.9833195,-81.2449754,Yes,Unknown,0,Likely,1,Likely,1,Unknown,Unknown,Unknown,Unknown,0,Unknown,0,Needs location verification,4.1,493,https://nominatim.openstreetmap.org/,OpenStreetMap Nominatim place search,Inferred from brand/category unless source record confirms location service,Open place record - verify against official website or Google Maps,2026-07-26,Major chain official locator identified; current row retained as working record pending row-level official page/address confirmation.; SerpApi rating/location Strong match; Fresh SerpApi Strong match,,SerpApi Google Maps API,,2026-07-30,Fresh SerpApi cross-match collected; Strong match,Strong match,,,,,Not available until reviews collected,Medium,Official GoodLife club locator available; current rows remain mostly open-source and need row-level official page matching.,https://www.goodlifefitness.com/clubs.html,Official locator available; row-level match pending,2026-07-30,OK,Strong match,83.6,GoodLife Fitness London King and Wellington,"355 Wellington St, London, ON N6A 3N7",4.1,493,Fresh rating/review applied from SerpApi strong/likely location match
GYM_FULL_0053,Yoga Shack,Local / Independent,Boutique/Specialty,Premium/Specialty,Yoga/Pilates/Studio,No,No,London,Central London,Nearest market-zone centroid within municipality,1.27,"Yoga Shack, Piccadilly Street, London, Southwestern Ontario, Ontario, N6A 3H1, Canada",42.9932817,-81.2557536,Limited / class or coaching focused,Unknown,0,Likely,1,Likely,1,Unknown,No,Unknown,Unknown,0,Unknown,0,Needs location verification,,,https://nominatim.openstreetmap.org/,OpenStreetMap Nominatim place search,Inferred from brand/category unless source record confirms location service,Open place record - verify against official website or Google Maps,2026-07-26,Full working database record - verify before final recommendation,,,,,Fresh SerpApi result requires manual review; prior rating retained if already present,Needs manual review - partial match,,,,,Not available until reviews collected,Not applicable - local/independent,Local/independent record retained as working open-source inventory.,,Not major chain,2026-07-30,OK,Needs manual review - partial match,53,Yoga Shack,"154 Bruce St, London, ON N6C 1Y1",3.4,34,Fresh SerpApi result found but not auto-applied because match was weak/uncertain
GYM_FULL_0054,Create Balance Pilates Studio,Local / Independent,Boutique/Specialty,Premium/Specialty,Yoga/Pilates/Studio,No,No,London,South London,Nearest market-zone centroid within municipality,3.94,"Create Balance Pilates Studio, Main Street, London, Southwestern Ontario, Ontario, N6P 1A4, Canada",42.910465,-81.2974936,Limited / class or coaching focused,Unknown,0,Likely,1,Likely,1,Unknown,No,Unknown,Unknown,0,Unknown,0,Needs location verification,,,https://nominatim.openstreetmap.org/,OpenStreetMap Nominatim place search,Inferred from brand/category unless source record confirms location service,Open place record - verify against official website or Google Maps,2026-07-26,Full working database record - verify before final recommendation,,,,,Fresh SerpApi result requires manual review; prior rating retained if already present,Needs manual review - partial match,,,,,Not available until reviews collected,Not applicable - local/independent,Local/independent record retained as working open-source inventory.,,Not major chain,2026-07-30,OK,Needs manual review - partial match,52.5,Create Balance Pilates Studio,"1828 Blue Heron Dr Unit 14, London, ON N6H 0B7",5,54,Fresh SerpApi result found but not auto-applied because match was weak/uncertain
GYM_FULL_0055,Victory Martial Arts,Local / Independent,Boutique/Specialty,Premium/Specialty,Boxing/Martial arts fitness,No,No,London,Northeast London,Nearest market-zone centroid within municipality,2.44,"Victory Martial Arts, Highbury Avenue North, London, Southwestern Ontario, Ontario, N5V 2E3, Canada",43.0157573,-81.2138969,Limited / class or coaching focused,Unknown,0,Likely,1,Likely,1,Unknown,No,Unknown,Unknown,0,Unknown,0,Needs location verification,,,https://nominatim.openstreetmap.org/,OpenStreetMap Nominatim place search,Inferred from brand/category unless source record confirms location service,Open place record - verify against official website or Google Maps,2026-07-26,Full working database record - verify before final recommendation,,,,,Fresh SerpApi result requires manual review; prior rating retained if already present,Needs manual review - possible wrong location,,,,,Not available until reviews collected,Not applicable - local/independent,Local/independent record retained as working open-source inventory.,,Not major chain,2026-07-30,OK,Needs manual review - possible wrong location,20.5,Highbury Ave N,"London, ON",,,Fresh SerpApi result found but not auto-applied because match was weak/uncertain
GYM_FULL_0056,West London Crossfit,CrossFit,Boutique/Specialty,Premium/Specialty,Strength and conditioning studio,No,Yes,London,West London,Nearest market-zone centroid within municipality,1.36,"West London Crossfit, Capulet Walk, London, Southwestern Ontario, Ontario, N6H 4K9, Canada",42.9832099,-81.2982048,Limited / class or coaching focused,Unknown,0,Likely,1,Likely,1,Unknown,No,Unknown,Unknown,0,Unknown,0,Needs location verification,4.9,65,https://nominatim.openstreetmap.org/,OpenStreetMap Nominatim place search,Inferred from brand/category unless source record confirms location service,Open place record - verify against official website or Google Maps,2026-07-26,Major chain official locator identified; current row retained as working record pending row-level official page/address confirmation.; SerpApi rating/location Strong match; Fresh SerpApi Strong match,,SerpApi Google Maps API,,2026-07-30,Fresh SerpApi cross-match collected; Strong match,Strong match,,,,,Not available until reviews collected,Medium,Official CrossFit affiliate map available; current rows need row-level affiliate confirmation.,https://map.crossfit.com/,Official locator available; row-level match pending,2026-07-30,OK,Strong match,76,West London CrossFit,"689 Oxford St W, London, ON N6H 1V1",4.9,65,Fresh rating/review applied from SerpApi strong/likely location match
GYM_FULL_0057,F45 Training,F45 Training,Boutique Chain,Premium,Boutique group training,No,Yes,London,Southeast London,Nearest market-zone centroid within municipality,2.8,"F45 Training, Harlech Gate, London, Southwestern Ontario, Ontario, N6E 1B5, Canada",42.9414499,-81.2258561,Limited / class or coaching focused,Unknown,0,Likely,1,Likely,1,Unknown,No,Unknown,Unknown,0,Unknown,0,Needs location verification,4.9,171,https://nominatim.openstreetmap.org/,OpenStreetMap Nominatim place search,Inferred from brand/category unless source record confirms location service,Open place record - verify against official website or Google Maps,2026-07-26,Major chain official locator identified; current row retained as working record pending row-level official page/address confirmation.; Fresh SerpApi Strong match,,SerpApi Google Maps API,,2026-07-30,Fresh SerpApi cross-match collected; Strong match,Strong match,,,,,Not available until reviews collected,Medium,Official F45 studio locator available; current rows need row-level official page matching.,https://f45training.com/studios/,Official locator available; row-level match pending,2026-07-30,OK,Strong match,76,F45 Training White Oaks,"879 Wellington Rd, London, ON N6E 3N5",4.9,171,Fresh rating/review applied from SerpApi strong/likely location match
GYM_FULL_0058,Movati Athletic,Movati Athletic,Premium Chain,Premium,Full-service premium fitness club,No,Yes,London,South London,Nearest market-zone centroid within municipality,1.01,"Movati Athletic, 3198, Wonderland Road South, London, Southwestern Ontario, Ontario, N6L 1A1, Canada",42.934244,-81.2784452,Yes,Unknown,0,Likely,1,Likely,1,Unknown,Unknown,Unknown,Unknown,0,Unknown,0,Needs location verification,4,135,https://nominatim.openstreetmap.org/,OpenStreetMap Nominatim place search,Inferred from brand/category unless source record confirms location service,Open place record - verify against official website or Google Maps,2026-07-26,Major chain city/club presence confirmed from MOVATI official location list; address and reviews still require manual confirmation.; SerpApi rating/location Strong match; Fresh SerpApi Strong match,,SerpApi Google Maps API,,2026-07-30,Fresh SerpApi cross-match collected; Strong match,Strong match,,,,,Not available until reviews collected,Medium-High,Official MOVATI locations page confirms relevant club cities; row-level address checks still recommended.,https://movatiathletic.com/locations/,Official city/club list confirmed; address should be row-level checked,2026-07-30,OK,Strong match,82.5,Movati Athletic,"3198 Wonderland Rd S, London, ON N6L 1A1",4,135,Fresh rating/review applied from SerpApi strong/likely location match
GYM_FULL_0059,GoodLife Fitness,GoodLife Fitness,Full-Service Chain,Mid/Premium,Full-service chain gym,No,Yes,Kitchener,West Kitchener,Nearest market-zone centroid within municipality,2.1,"GoodLife Fitness, Max Becker Drive, Laurentian West, Kitchener, Region of Waterloo, Southwestern Ontario, Ontario, N2E 4K7, Canada",43.4043443,-80.5020594,Yes,Unknown,0,Likely,1,Likely,1,Unknown,Unknown,Unknown,Unknown,0,Unknown,0,Needs location verification,4,513,https://nominatim.openstreetmap.org/,OpenStreetMap Nominatim place search,Inferred from brand/category unless source record confirms location service,Open place record - verify against official website or Google Maps,2026-07-26,Major chain official locator identified; current row retained as working record pending row-level official page/address confirmation.; SerpApi rating/location Strong match; Fresh SerpApi Strong match,,SerpApi Google Maps API,,2026-07-30,Fresh SerpApi cross-match collected; Strong match,Strong match,,,,,Not available until reviews collected,Medium,Official GoodLife club locator available; current rows remain mostly open-source and need row-level official page matching.,https://www.goodlifefitness.com/clubs.html,Official locator available; row-level match pending,2026-07-30,OK,Strong match,78,GoodLife Fitness Kitchener Williamsburg,"315 Max Becker Dr, Kitchener, ON N2E 4K9",4,513,Fresh rating/review applied from SerpApi strong/likely location match
GYM_FULL_0060,ZM Cycle and Fitness,Local / Independent,Local/Independent,Unknown,Local/independent gym,No,No,Kitchener,Northwest Kitchener,Nearest market-zone centroid within municipality,0.76,"ZM Cycle and Fitness, 131, Strange Street, Cherry Hill, Kitchener, Region of Waterloo, Southwestern Ontario, Ontario, N2G 1R4, Canada",43.4500041,-80.5093968,Yes,Unknown,0,Unknown,0,Unknown,0,Unknown,Unknown,Unknown,Unknown,0,Unknown,0,Needs location verification,4.2,90,https://nominatim.openstreetmap.org/,OpenStreetMap Nominatim place search,Inferred from brand/category unless source record confirms location service,Open place record - verify against official website or Google Maps,2026-07-26,Full working database record - verify before final recommendation; SerpApi rating/location Strong match; Fresh SerpApi Likely match,,SerpApi Google Maps API,,2026-07-30,Fresh SerpApi cross-match collected; Likely match,Likely match,,,,,Not available until reviews collected,Not applicable - local/independent,Local/independent record retained as working open-source inventory.,,Not major chain,2026-07-30,OK,Likely match,64.4,ZM Cycle & Fitness Ltd,"131 Strange St, Kitchener, ON N2G 1R4",4.2,90,Fresh rating/review applied from SerpApi strong/likely location match
GYM_FULL_0061,Crunch Fitness,Crunch Fitness,Budget/Mid Chain,Budget/Mid,Big-box gym,Yes,Yes,Kitchener,East Kitchener,Nearest market-zone centroid within municipality,2.1,"Crunch Fitness, 777, Weber Street East, Eastwood, Kitchener, Region of Waterloo, Southwestern Ontario, Ontario, N2A 1A5, Canada",43.4387165,-80.4607649,Yes,Unknown,0,Likely,1,Likely,1,Unknown,Unknown,Unknown,Unknown,0,Unknown,0,Needs location verification,3.5,1027,https://nominatim.openstreetmap.org/,OpenStreetMap Nominatim place search,Inferred from brand/category unless source record confirms location service,Open place record - verify against official website or Google Maps,2026-07-26,Major chain official locator identified; current row retained as working record pending row-level official page/address confirmation.; SerpApi rating/location Strong match; Fresh SerpApi Strong match,,SerpApi Google Maps API,,2026-07-30,Fresh SerpApi cross-match collected; Strong match,Strong match,,,,,Not available until reviews collected,Medium,Official Crunch Canada location pages available; current rows remain mostly open-source and need row-level official page matching.,https://www.crunchfitness.ca/locations,Official locator available; row-level match pending,2026-07-30,OK,Strong match,76,Crunch Fitness - Kitchener,"777 Weber St E, Kitchener, ON N2H 1H5",3.5,1027,Fresh rating/review applied from SerpApi strong/likely location match
GYM_FULL_0062,Fitness Depot,Local / Independent,Local/Independent,Unknown,Local/independent gym,No,No,Kitchener,North Kitchener,Nearest market-zone centroid within municipality,0.3,"Fitness Depot, 935, Frederick Street, Rosemount, Kitchener, Region of Waterloo, Southwestern Ontario, Ontario, N2B 2B9, Canada",43.4656763,-80.4566676,Yes,Unknown,0,Unknown,0,Unknown,0,Unknown,Unknown,Unknown,Unknown,0,Unknown,0,Needs location verification,4.7,494,https://nominatim.openstreetmap.org/,OpenStreetMap Nominatim place search,Inferred from brand/category unless source record confirms location service,Open place record - verify against official website or Google Maps,2026-07-26,Full working database record - verify before final recommendation; SerpApi rating/location Strong match; Fresh SerpApi Strong match,,SerpApi Google Maps API,,2026-07-30,Fresh SerpApi cross-match collected; Strong match,Strong match,,,,,Not available until reviews collected,Not applicable - local/independent,Local/independent record retained as working open-source inventory.,,Not major chain,2026-07-30,OK,Strong match,80.7,SPARTAN FITNESS EQUIPMENT (former Fitness Depot location),"935 Frederick St #9, Kitchener, ON N2B 2B9",4.7,494,Fresh rating/review applied from SerpApi strong/likely location match
GYM_FULL_0063,GoodLife Fitness,GoodLife Fitness,Full-Service Chain,Mid/Premium,Full-service chain gym,No,Yes,Kitchener,East Kitchener,Nearest market-zone centroid within municipality,2.07,"GoodLife Fitness, 589, Fairway Road South, Vanier, Kitchener, Region of Waterloo, Southwestern Ontario, Ontario, N2C 1X3, Canada",43.4192087,-80.4473555,Yes,Unknown,0,Likely,1,Likely,1,Unknown,Unknown,Unknown,Unknown,0,Unknown,0,Needs location verification,4,440,https://nominatim.openstreetmap.org/,OpenStreetMap Nominatim place search,Inferred from brand/category unless source record confirms location service,Open place record - verify against official website or Google Maps,2026-07-26,Major chain official locator identified; current row retained as working record pending row-level official page/address confirmation.; SerpApi rating/location Strong match; Fresh SerpApi Strong match,,SerpApi Google Maps API,,2026-07-30,Fresh SerpApi cross-match collected; Strong match,Strong match,,,,,Not available until reviews collected,Medium,Official GoodLife club locator available; current rows remain mostly open-source and need row-level official page matching.,https://www.goodlifefitness.com/clubs.html,Official locator available; row-level match pending,2026-07-30,OK,Strong match,78,GoodLife Fitness Kitchener Fairway Plaza,"589 Fairway Rd S, Kitchener, ON N2C 1X4",4,440,Fresh rating/review applied from SerpApi strong/likely location match
GYM_FULL_0064,Anytime Fitness,Anytime Fitness,Budget/Mid Chain,Budget/Mid,24/7 access gym,Yes,Yes,Kitchener,North Kitchener,Nearest market-zone centroid within municipality,1.45,"Anytime Fitness, Smetana Drive, Grand River North, Kitchener, Region of Waterloo, Southwestern Ontario, Ontario, N2B 3E2, Canada",43.4702436,-80.4437207,Yes,Likely,1,Likely,1,Unknown,0,Unknown,Unknown,Unknown,Unknown,0,Unknown,0,Needs location verification,4.3,64,https://nominatim.openstreetmap.org/,OpenStreetMap Nominatim place search,Inferred from brand/category unless source record confirms location service,Open place record - verify against official website or Google Maps,2026-07-26,Major chain official locator identified; current row retained as working record pending row-level official page/address confirmation.; Fresh SerpApi Strong match,,SerpApi Google Maps API,,2026-07-30,Fresh SerpApi cross-match collected; Strong match,Strong match,,,,,Not available until reviews collected,Medium,Official Anytime Fitness Canada locator available; current rows need row-level official page matching.,https://www.anytimefitness.ca/find-gym/,Official locator available; row-level match pending,2026-07-30,OK,Strong match,74,Anytime Fitness,"1381 Victoria St N, Kitchener, ON N2B 0A1",4.3,64,Fresh rating/review applied from SerpApi strong/likely location match
GYM_FULL_0065,Orangetheory Fitness,Orangetheory Fitness,Boutique Chain,Premium,Boutique group training,No,Yes,Kitchener,South Kitchener,Nearest market-zone centroid within municipality,2,"Orangetheory Fitness, Homer Watson Boulevard, Pioneer Park, Kitchener, Region of Waterloo, Southwestern Ontario, Ontario, N2P 2A3, Canada",43.3944354,-80.4315068,Limited / class or coaching focused,Unknown,0,Likely,1,Likely,1,Unknown,No,Unknown,Unknown,0,Unknown,0,Needs location verification,4.3,28,https://nominatim.openstreetmap.org/,OpenStreetMap Nominatim place search,Inferred from brand/category unless source record confirms location service,Open place record - verify against official website or Google Maps,2026-07-26,Major chain official locator identified; current row retained as working record pending row-level official page/address confirmation.; Fresh SerpApi Strong match,,SerpApi Google Maps API,,2026-07-30,Fresh SerpApi cross-match collected; Strong match,Strong match,,,,,Not available until reviews collected,Medium,Official Orangetheory locator available; current rows need row-level official page matching.,https://www.orangetheory.com/en-ca/locations,Official locator available; row-level match pending,2026-07-30,OK,Strong match,80,Orangetheory Fitness,"123 Pioneer Park Drive Unit E101, Kitchener, ON N2P 2A3",4.3,28,Fresh rating/review applied from SerpApi strong/likely location match
GYM_FULL_0067,Personal Edge Training,Local / Independent,Boutique/Specialty,Premium/Specialty,Personal training / strength studio,No,No,Kitchener,Northwest Kitchener,Nearest market-zone centroid within municipality,0.88,"Personal Edge Training, 417, King Street West, Downtown, City Commercial Core, Kitchener, Region of Waterloo, Southwestern Ontario, Ontario, N2G 1C2, Canada",43.4521149,-80.4970274,Limited / class or coaching focused,Unknown,0,Likely,1,Likely,1,Unknown,No,Unknown,Unknown,0,Unknown,0,Needs location verification,4.9,47,https://nominatim.openstreetmap.org/,OpenStreetMap Nominatim place search,Inferred from brand/category unless source record confirms location service,Open place record - verify against official website or Google Maps,2026-07-26,Full working database record - verify before final recommendation; SerpApi rating/location Strong match; Fresh SerpApi Strong match,,SerpApi Google Maps API,,2026-07-30,Fresh SerpApi cross-match collected; Strong match,Strong match,,,,,Not available until reviews collected,Not applicable - local/independent,Local/independent record retained as working open-source inventory.,,Not major chain,2026-07-30,OK,Strong match,77.9,Personal Edge Training Inc.,"417 King St W #5, Kitchener, ON N2G 1C2",4.9,47,Fresh rating/review applied from SerpApi strong/likely location match
GYM_FULL_0068,The Branches Yoga,Local / Independent,Boutique/Specialty,Premium/Specialty,Yoga/Pilates/Studio,No,No,Kitchener,North Kitchener,Nearest market-zone centroid within municipality,1.97,"The Branches Yoga, Samuel Street, Central Frederick, Kitchener, Region of Waterloo, Southwestern Ontario, Ontario, N2H 2N2, Canada",43.4543597,-80.4797403,Limited / class or coaching focused,Unknown,0,Likely,1,Likely,1,Unknown,No,Unknown,Unknown,0,Unknown,0,Needs location verification,4.9,101,https://nominatim.openstreetmap.org/,OpenStreetMap Nominatim place search,Inferred from brand/category unless source record confirms location service,Open place record - verify against official website or Google Maps,2026-07-26,Full working database record - verify before final recommendation; SerpApi rating/location Strong match; Fresh SerpApi Likely match,,SerpApi Google Maps API,,2026-07-30,Fresh SerpApi cross-match collected; Likely match,Likely match,,,,,Not available until reviews collected,Not applicable - local/independent,Local/independent record retained as working open-source inventory.,,Not major chain,2026-07-30,OK,Likely match,61,The Branches,"9 Samuel St, Kitchener, ON N2H 1N9",4.9,101,Fresh rating/review applied from SerpApi strong/likely location match
GYM_FULL_0069,Midtown Yoga KW,Local / Independent,Boutique/Specialty,Premium/Specialty,Yoga/Pilates/Studio,No,No,Kitchener,Northwest Kitchener,Nearest market-zone centroid within municipality,1.48,"Midtown Yoga KW, 663, Belmont Avenue West, Belmont Village, Westmount, Kitchener, Region of Waterloo, Southwestern Ontario, Ontario, N2M 1N8, Canada",43.4526826,-80.517779,Limited / class or coaching focused,Unknown,0,Likely,1,Likely,1,Unknown,No,Unknown,Unknown,0,Unknown,0,Needs location verification,4.9,289,https://nominatim.openstreetmap.org/,OpenStreetMap Nominatim place search,Inferred from brand/category unless source record confirms location service,Open place record - verify against official website or Google Maps,2026-07-26,Full working database record - verify before final recommendation; SerpApi rating/location Strong match; Fresh SerpApi Strong match,,SerpApi Google Maps API,,2026-07-30,Fresh SerpApi cross-match collected; Strong match,Strong match,,,,,Not available until reviews collected,Not applicable - local/independent,Local/independent record retained as working open-source inventory.,,Not major chain,2026-07-30,OK,Strong match,79.4,Midtown Yoga KW,"663 Belmont Ave W, Kitchener, ON N2M 1N8",4.9,289,Fresh rating/review applied from SerpApi strong/likely location match
GYM_FULL_0070,Classical Martial Arts Centre,Local / Independent,Boutique/Specialty,Premium/Specialty,Boxing/Martial arts fitness,No,No,Kitchener,Northwest Kitchener,Nearest market-zone centroid within municipality,1.17,"Classical Martial Arts Centre, 300, Gage Avenue, Victoria Hills, Kitchener, Region of Waterloo, Southwestern Ontario, Ontario, N2M 5C6, Canada",43.4457952,-80.5170992,Limited / class or coaching focused,Unknown,0,Likely,1,Likely,1,Unknown,No,Unknown,Unknown,0,Unknown,0,Needs location verification,5,27,https://nominatim.openstreetmap.org/,OpenStreetMap Nominatim place search,Inferred from brand/category unless source record confirms location service,Open place record - verify against official website or Google Maps,2026-07-26,Full working database record - verify before final recommendation; SerpApi rating/location Strong match; Fresh SerpApi Strong match,,SerpApi Google Maps API,,2026-07-30,Fresh SerpApi cross-match collected; Strong match,Strong match,,,,,Not available until reviews collected,Not applicable - local/independent,Local/independent record retained as working open-source inventory.,,Not major chain,2026-07-30,OK,Strong match,77.1,Classical Martial Arts Centre,"300 Gage Ave, Kitchener, ON N2M 2C8",5,27,Fresh rating/review applied from SerpApi strong/likely location match
GYM_FULL_0071,Volpe Martial Arts,Local / Independent,Boutique/Specialty,Premium/Specialty,Boxing/Martial arts fitness,No,No,Kitchener,Northwest Kitchener,Nearest market-zone centroid within municipality,1.35,"Volpe Martial Arts, Gage Avenue, Victoria Hills, Kitchener, Region of Waterloo, Southwestern Ontario, Ontario, N2M 5C6, Canada",43.4465538,-80.5191851,Limited / class or coaching focused,Unknown,0,Likely,1,Likely,1,Unknown,No,Unknown,Unknown,0,Unknown,0,Needs location verification,5,53,https://nominatim.openstreetmap.org/,OpenStreetMap Nominatim place search,Inferred from brand/category unless source record confirms location service,Open place record - verify against official website or Google Maps,2026-07-26,Full working database record - verify before final recommendation; SerpApi rating/location Strong match; Fresh SerpApi Strong match,,SerpApi Google Maps API,,2026-07-30,Fresh SerpApi cross-match collected; Strong match,Strong match,,,,,Not available until reviews collected,Not applicable - local/independent,Local/independent record retained as working open-source inventory.,,Not major chain,2026-07-30,OK,Strong match,78,Volpe Martial Arts - Kitchener Waterloo,"335 Gage Ave Unit 3, Kitchener, ON N2M 5C6",5,53,Fresh rating/review applied from SerpApi strong/likely location match
GYM_FULL_0072,F45 Training,F45 Training,Boutique Chain,Premium,Boutique group training,No,Yes,Kitchener,East Kitchener,Nearest market-zone centroid within municipality,4.44,"F45 Training, 4336, King Street East, Pioneer Tower East, Kitchener, Region of Waterloo, Southwestern Ontario, Ontario, N2P 3W6, Canada",43.4075031,-80.3960341,Limited / class or coaching focused,Unknown,0,Likely,1,Likely,1,Unknown,No,Unknown,Unknown,0,Unknown,0,Needs location verification,,,https://nominatim.openstreetmap.org/,OpenStreetMap Nominatim place search,Inferred from brand/category unless source record confirms location service,Open place record - verify against official website or Google Maps,2026-07-26,Major chain official locator identified; current row retained as working record pending row-level official page/address confirmation.,,,,,Fresh SerpApi result requires manual review; prior rating retained if already present,Needs manual review - partial match,,,,,Not available until reviews collected,Medium,Official F45 studio locator available; current rows need row-level official page matching.,https://f45training.com/studios/,Official locator available; row-level match pending,2026-07-30,OK,Needs manual review - partial match,53.8,F45 Training Doon,"401 New Dundee Rd, Kitchener, ON N2P 2N7",4.9,151,Fresh SerpApi result found but not auto-applied because match was weak/uncertain
GYM_FULL_0073,F45 Training,F45 Training,Boutique Chain,Premium,Boutique group training,No,Yes,Kitchener,Northwest Kitchener,Nearest market-zone centroid within municipality,0.99,"F45 Training, 137, Iron Horse Trail, Cherry Hill, Kitchener, Region of Waterloo, Southwestern Ontario, Ontario, N2G 4X8, Canada",43.4498938,-80.5130861,Limited / class or coaching focused,Unknown,0,Likely,1,Likely,1,Unknown,No,Unknown,Unknown,0,Unknown,0,Needs location verification,4.8,97,https://nominatim.openstreetmap.org/,OpenStreetMap Nominatim place search,Inferred from brand/category unless source record confirms location service,Open place record - verify against official website or Google Maps,2026-07-26,Major chain official locator identified; current row retained as working record pending row-level official page/address confirmation.; SerpApi rating/location Strong match; Fresh SerpApi Strong match,,SerpApi Google Maps API,,2026-07-30,Fresh SerpApi cross-match collected; Strong match,Strong match,,,,,Not available until reviews collected,Medium,Official F45 studio locator available; current rows need row-level official page matching.,https://f45training.com/studios/,Official locator available; row-level match pending,2026-07-30,OK,Strong match,74.5,F45 Training Belmont Village KW,"We are located around the back of the Catalyst building. Drive to the back of the building and you will find our private entrance, 137 Glasgow St Unit 590, Kitchener, ON N2G 4X8",4.8,97,Fresh rating/review applied from SerpApi strong/likely location match
GYM_FULL_0074,St. Louis Gym,Local / Independent,Local/Independent,Unknown,Local/independent gym,No,No,Waterloo,East Waterloo,Nearest market-zone centroid within municipality,1.45,"St. Louis Gym, 77, Willow Street, Waterloo, Region of Waterloo, Southwestern Ontario, Ontario, N2J 1J3, Canada",43.4620068,-80.5158219,Yes,Unknown,0,Unknown,0,Unknown,0,Unknown,Unknown,Unknown,Unknown,0,Unknown,0,Needs location verification,5,2,https://nominatim.openstreetmap.org/,OpenStreetMap Nominatim place search,Inferred from brand/category unless source record confirms location service,Open place record - verify against official website or Google Maps,2026-07-26,Full working database record - verify before final recommendation; SerpApi rating/location Strong match; Fresh SerpApi Strong match,,SerpApi Google Maps API,,2026-07-30,Fresh SerpApi cross-match collected; Strong match,Strong match,,,,,Not available until reviews collected,Not applicable - local/independent,Local/independent record retained as working open-source inventory.,,Not major chain,2026-07-30,OK,Strong match,78.2,St. Louis Gym,"77 Willow St, Waterloo, ON N2J 1T8",5,2,Fresh rating/review applied from SerpApi strong/likely location match
GYM_FULL_0075,GoodLife Fitness,GoodLife Fitness,Full-Service Chain,Mid/Premium,Full-service chain gym,No,Yes,Waterloo,East Waterloo,Nearest market-zone centroid within municipality,0.74,"GoodLife Fitness, 270, Weber Street North, Waterloo, Region of Waterloo, Southwestern Ontario, Ontario, N2J 3H6, Canada",43.480097,-80.5199647,Yes,Unknown,0,Likely,1,Likely,1,Unknown,Unknown,Unknown,Unknown,0,Unknown,0,Needs location verification,4.3,840,https://nominatim.openstreetmap.org/,OpenStreetMap Nominatim place search,Inferred from brand/category unless source record confirms location service,Open place record - verify against official website or Google Maps,2026-07-26,Major chain official locator identified; current row retained as working record pending row-level official page/address confirmation.; SerpApi rating/location Strong match; Fresh SerpApi Strong match,,SerpApi Google Maps API,,2026-07-30,Fresh SerpApi cross-match collected; Strong match,Strong match,,,,,Not available until reviews collected,Medium,Official GoodLife club locator available; current rows remain mostly open-source and need row-level official page matching.,https://www.goodlifefitness.com/clubs.html,Official locator available; row-level match pending,2026-07-30,OK,Strong match,81.5,GoodLife Fitness Waterloo Weber and University,"270 Weber St N, Waterloo, ON N2J 3H6",4.3,840,Fresh rating/review applied from SerpApi strong/likely location match
GYM_FULL_0076,Anytime Fitness,Anytime Fitness,Budget/Mid Chain,Budget/Mid,24/7 access gym,Yes,Yes,Waterloo,East Waterloo,Nearest market-zone centroid within municipality,0.86,"Anytime Fitness, 75, Weber Street North, Waterloo, Region of Waterloo, Southwestern Ontario, Ontario, N2J 3G0, Canada",43.4705411,-80.5136998,Yes,Likely,1,Likely,1,Unknown,0,Unknown,Unknown,Unknown,Unknown,0,Unknown,0,Needs location verification,4.5,756,https://nominatim.openstreetmap.org/,OpenStreetMap Nominatim place search,Inferred from brand/category unless source record confirms location service,Open place record - verify against official website or Google Maps,2026-07-26,Major chain official locator identified; current row retained as working record pending row-level official page/address confirmation.; SerpApi rating/location Strong match; Fresh SerpApi Strong match,,SerpApi Google Maps API,,2026-07-30,Fresh SerpApi cross-match collected; Strong match,Strong match,,,,,Not available until reviews collected,Medium,Official Anytime Fitness Canada locator available; current rows need row-level official page matching.,https://www.anytimefitness.ca/find-gym/,Official locator available; row-level match pending,2026-07-30,OK,Strong match,77.5,Anytime Fitness - Waterloo,"75 Weber St N, Waterloo, ON N2J 4S9",4.5,756,Fresh rating/review applied from SerpApi strong/likely location match
GYM_FULL_0077,Crunch Fitness,Crunch Fitness,Budget/Mid Chain,Budget/Mid,Big-box gym,Yes,Yes,Waterloo,East Waterloo,Nearest market-zone centroid within municipality,2.92,"Crunch Fitness, 560, Parkside Drive, Waterloo, Region of Waterloo, Southwestern Ontario, Ontario, N2L 5Z4, Canada",43.4958298,-80.5432066,Yes,Unknown,0,Likely,1,Likely,1,Unknown,Unknown,Unknown,Unknown,0,Unknown,0,Needs location verification,4,1243,https://nominatim.openstreetmap.org/,OpenStreetMap Nominatim place search,Inferred from brand/category unless source record confirms location service,Open place record - verify against official website or Google Maps,2026-07-26,Major chain official locator identified; current row retained as working record pending row-level official page/address confirmation.; SerpApi rating/location Strong match; Fresh SerpApi Strong match,,SerpApi Google Maps API,,2026-07-30,Fresh SerpApi cross-match collected; Strong match,Strong match,,,,,Not available until reviews collected,Medium,Official Crunch Canada location pages available; current rows remain mostly open-source and need row-level official page matching.,https://www.crunchfitness.ca/locations,Official locator available; row-level match pending,2026-07-30,OK,Strong match,82.5,Crunch Fitness - Waterloo,"560 Parkside Dr, Waterloo, ON N2L 5Z4",4,1243,Fresh rating/review applied from SerpApi strong/likely location match
GYM_FULL_0078,Foundation Fitness,Local / Independent,Local/Independent,Unknown,Local/independent gym,No,No,Waterloo,East Waterloo,Nearest market-zone centroid within municipality,1.99,"Foundation Fitness, 496, Albert Street, Waterloo, Region of Waterloo, Southwestern Ontario, Ontario, N2L 3V4, Canada",43.4867357,-80.5404208,Yes,Unknown,0,Unknown,0,Unknown,0,Unknown,Unknown,Unknown,Unknown,0,Unknown,0,Needs location verification,5,5,https://nominatim.openstreetmap.org/,OpenStreetMap Nominatim place search,Inferred from brand/category unless source record confirms location service,Open place record - verify against official website or Google Maps,2026-07-26,Full working database record - verify before final recommendation; SerpApi rating/location Strong match; Fresh SerpApi Strong match,,SerpApi Google Maps API,,2026-07-30,Fresh SerpApi cross-match collected; Strong match,Strong match,,,,,Not available until reviews collected,Not applicable - local/independent,Local/independent record retained as working open-source inventory.,,Not major chain,2026-07-30,OK,Strong match,82.5,Foundation Fitness,"496 Albert St Unit B2, Waterloo, ON N2L 3V4",5,5,Fresh rating/review applied from SerpApi strong/likely location match
GYM_FULL_0079,Orangetheory Fitness,Orangetheory Fitness,Boutique Chain,Premium,Boutique group training,No,Yes,Waterloo,West Waterloo,Nearest market-zone centroid within municipality,1.58,"Orangetheory Fitness, 450, Columbia Street West, Waterloo, Region of Waterloo, Southwestern Ontario, Ontario, N2T 2W1, Canada",43.4681564,-80.5690738,Limited / class or coaching focused,Unknown,0,Likely,1,Likely,1,Unknown,No,Unknown,Unknown,0,Unknown,0,Needs location verification,4.8,305,https://nominatim.openstreetmap.org/,OpenStreetMap Nominatim place search,Inferred from brand/category unless source record confirms location service,Open place record - verify against official website or Google Maps,2026-07-26,Major chain official locator identified; current row retained as working record pending row-level official page/address confirmation.; SerpApi rating/location Strong match; Fresh SerpApi Strong match,,SerpApi Google Maps API,,2026-07-30,Fresh SerpApi cross-match collected; Strong match,Strong match,,,,,Not available until reviews collected,Medium,Official Orangetheory locator available; current rows need row-level official page matching.,https://www.orangetheory.com/en-ca/locations,Official locator available; row-level match pending,2026-07-30,OK,Strong match,81.5,Orangetheory Fitness,"450 Columbia St W, Waterloo, ON N2T 2W1",4.8,305,Fresh rating/review applied from SerpApi strong/likely location match
GYM_FULL_0080,Hauser Fitness Centre,Local / Independent,Local/Independent,Unknown,Local/independent gym,No,No,Waterloo,East Waterloo,Nearest market-zone centroid within municipality,1.31,"Hauser Fitness Centre, 101, Father David Bauer Drive, Uptown, Waterloo, Region of Waterloo, Southwestern Ontario, Ontario, N2L 0B4, Canada",43.4642306,-80.5326954,Yes,Unknown,0,Unknown,0,Unknown,0,Unknown,Unknown,Unknown,Unknown,0,Unknown,0,Needs location verification,4.6,41,https://nominatim.openstreetmap.org/,OpenStreetMap Nominatim place search,Inferred from brand/category unless source record confirms location service,Open place record - verify against official website or Google Maps,2026-07-26,Full working database record - verify before final recommendation; SerpApi rating/location Strong match,,SerpApi Google Maps API,,2026-07-29,Fresh SerpApi result requires manual review; prior rating retained if already present,Needs manual review - partial match,,,,,Not available until reviews collected,Not applicable - local/independent,Local/independent record retained as working open-source inventory.,,Not major chain,2026-07-30,OK,Needs manual review - partial match,49.4,Waterloo Rec Centre,"101 Father David Bauer Dr, Waterloo, ON N2J 4A8",4.6,41,Fresh SerpApi result found but not auto-applied because match was weak/uncertain
GYM_FULL_0087,Juici Yoga,Local / Independent,Boutique/Specialty,Premium/Specialty,Yoga/Pilates/Studio,No,No,Waterloo,West Waterloo,Nearest market-zone centroid within municipality,4,"Juici Yoga, 826, King Street North, Wagner's Corner, Woolwich, Region of Waterloo, Southwestern Ontario, Ontario, N2L 4G8, Canada",43.5133903,-80.553938,Limited / class or coaching focused,Unknown,0,Likely,1,Likely,1,Unknown,No,Unknown,Unknown,0,Unknown,0,Needs location verification,4.9,110,https://nominatim.openstreetmap.org/,OpenStreetMap Nominatim place search,Inferred from brand/category unless source record confirms location service,Open place record - verify against official website or Google Maps,2026-07-26,Full working database record - verify before final recommendation; SerpApi rating/location Strong match; Fresh SerpApi Strong match,,SerpApi Google Maps API,,2026-07-30,Fresh SerpApi cross-match collected; Strong match,Strong match,,,,,Not available until reviews collected,Not applicable - local/independent,Local/independent record retained as working open-source inventory.,,Not major chain,2026-07-30,OK,Strong match,77.5,Juici Yoga,"826 King St N #21, Waterloo, ON N2J 4G8",4.9,110,Fresh rating/review applied from SerpApi strong/likely location match
GYM_FULL_0088,Club Pilates,Local / Independent,Boutique/Specialty,Premium/Specialty,Yoga/Pilates/Studio,No,No,Waterloo,Southwest Waterloo,Nearest market-zone centroid within municipality,1.43,"Club Pilates, 668, Erb Street West, Waterloo, Region of Waterloo, Southwestern Ontario, Ontario, N2T 2Z7, Canada",43.4463467,-80.5748715,Limited / class or coaching focused,Unknown,0,Likely,1,Likely,1,Unknown,No,Unknown,Unknown,0,Unknown,0,Needs location verification,4.3,247,https://nominatim.openstreetmap.org/,OpenStreetMap Nominatim place search,Inferred from brand/category unless source record confirms location service,Open place record - verify against official website or Google Maps,2026-07-26,Full working database record - verify before final recommendation; SerpApi rating/location Strong match; Fresh SerpApi Strong match,,SerpApi Google Maps API,,2026-07-30,Fresh SerpApi cross-match collected; Strong match,Strong match,,,,,Not available until reviews collected,Not applicable - local/independent,Local/independent record retained as working open-source inventory.,,Not major chain,2026-07-30,OK,Strong match,81.5,Club Pilates,"668 Erb St. W B5, Waterloo, ON N2T 2Z7",4.3,247,Fresh rating/review applied from SerpApi strong/likely location match
GYM_FULL_0089,Karate Japan Martial Arts Centre,Local / Independent,Boutique/Specialty,Premium/Specialty,Boxing/Martial arts fitness,No,No,Waterloo,Northeast Waterloo,Nearest market-zone centroid within municipality,2.62,"Karate Japan Martial Arts Centre, Northfield Drive West, Waterloo, Region of Waterloo, Southwestern Ontario, Ontario, N2L 5Z7, Canada",43.5006916,-80.536783,Limited / class or coaching focused,Unknown,0,Likely,1,Likely,1,Unknown,No,Unknown,Unknown,0,Unknown,0,Needs location verification,5,55,https://nominatim.openstreetmap.org/,OpenStreetMap Nominatim place search,Inferred from brand/category unless source record confirms location service,Open place record - verify against official website or Google Maps,2026-07-26,Full working database record - verify before final recommendation; SerpApi rating/location Strong match; Fresh SerpApi Strong match,,SerpApi Google Maps API,,2026-07-30,Fresh SerpApi cross-match collected; Strong match,Strong match,,,,,Not available until reviews collected,Not applicable - local/independent,Local/independent record retained as working open-source inventory.,,Not major chain,2026-07-30,OK,Strong match,72,"Japan Martial Arts Centre - Karate, Jujitsu, Self Defense Karate school","665 Colby Dr #13, Waterloo, ON N2V 1C2",5,55,Fresh rating/review applied from SerpApi strong/likely location match
GYM_FULL_0090,Shamuon Generation of Martial Arts,Local / Independent,Boutique/Specialty,Premium/Specialty,Boxing/Martial arts fitness,No,No,Waterloo,East Waterloo,Nearest market-zone centroid within municipality,2.73,"Shamuon Generation of Martial Arts, 550, Parkside Drive, Waterloo, Region of Waterloo, Southwestern Ontario, Ontario, N2L 5V4, Canada",43.4941931,-80.5422065,Limited / class or coaching focused,Unknown,0,Likely,1,Likely,1,Unknown,No,Unknown,Unknown,0,Unknown,0,Needs location verification,4.9,62,https://nominatim.openstreetmap.org/,OpenStreetMap Nominatim place search,Inferred from brand/category unless source record confirms location service,Open place record - verify against official website or Google Maps,2026-07-26,Full working database record - verify before final recommendation; SerpApi rating/location Strong match; Fresh SerpApi Strong match,,SerpApi Google Maps API,,2026-07-30,Fresh SerpApi cross-match collected; Strong match,Strong match,,,,,Not available until reviews collected,Not applicable - local/independent,Local/independent record retained as working open-source inventory.,,Not major chain,2026-07-30,OK,Strong match,80.7,Shamuon Generation of Martial Arts,"550 Parkside Dr Unit D3, Waterloo, ON N2L 5V4",4.9,62,Fresh rating/review applied from SerpApi strong/likely location match
GYM_FULL_0094,Movati Athletic,Movati Athletic,Premium Chain,Premium,Full-service premium fitness club,No,Yes,Waterloo,Southwest Waterloo,Nearest market-zone centroid within municipality,1.77,"Movati Athletic, 405, The Boardwalk, Waterloo, Region of Waterloo, Southwestern Ontario, Ontario, N2T 0A6, Canada",43.4381564,-80.5659256,Yes,Unknown,0,Likely,1,Likely,1,Unknown,Unknown,Unknown,Unknown,0,Unknown,0,Needs location verification,3.6,758,https://nominatim.openstreetmap.org/,OpenStreetMap Nominatim place search,Inferred from brand/category unless source record confirms location service,Open place record - verify against official website or Google Maps,2026-07-26,Major chain city/club presence confirmed from MOVATI official location list; address and reviews still require manual confirmation.; SerpApi rating/location Strong match,,SerpApi Google Maps API,,2026-07-29,Collected via SerpApi; Strong match,Strong match,,,,,Not available until reviews collected,Medium-High,Official MOVATI locations page confirms relevant club cities; row-level address checks still recommended.,https://movatiathletic.com/locations/,Official city/club list confirmed; address should be row-level checked,,Error - Your account has run out of searches.,No SerpApi result found,,,,,,Not fresh-checked: SerpApi quota exhausted; retained prior rating/location data where available
GYM_FULL_0096,Guelph Grotto Climbing Gym,Local / Independent,Local/Independent,Unknown,Local/independent gym,No,No,Guelph,North Guelph,Nearest market-zone centroid within municipality,1.92,"Guelph Grotto Climbing Gym, 199, Victoria Road South, Two Rivers Neighbourhood Group, Guelph, Southwestern Ontario, Ontario, N1E 6T9, Canada",43.5519286,-80.224524,Yes,Unknown,0,Unknown,0,Unknown,0,Unknown,Unknown,Unknown,Unknown,0,Unknown,0,Needs location verification,4.6,557,https://nominatim.openstreetmap.org/,OpenStreetMap Nominatim place search,Inferred from brand/category unless source record confirms location service,Open place record - verify against official website or Google Maps,2026-07-26,Full working database record - verify before final recommendation; SerpApi rating/location Strong match,,SerpApi Google Maps API,,2026-07-29,Collected via SerpApi; Strong match,Strong match,,,,,Not available until reviews collected,Not applicable - local/independent,Local/independent record retained as working open-source inventory.,,Not major chain,,Error - Your account has run out of searches.,No SerpApi result found,,,,,,Not fresh-checked: SerpApi quota exhausted; retained prior rating/location data where available
GYM_FULL_0097,Vitality Fitness Studio,Local / Independent,Local/Independent,Unknown,Local/independent gym,No,No,Guelph,West Guelph,Nearest market-zone centroid within municipality,1.07,"Vitality Fitness Studio, 904, Paisley Road, Parkwood Gardens Neighbourhood Group, Guelph, Southwestern Ontario, Ontario, N1K 1W1, Canada",43.5264751,-80.2849988,Yes,Unknown,0,Unknown,0,Unknown,0,Unknown,Unknown,Unknown,Unknown,0,Unknown,0,Needs location verification,3,2,https://nominatim.openstreetmap.org/,OpenStreetMap Nominatim place search,Inferred from brand/category unless source record confirms location service,Open place record - verify against official website or Google Maps,2026-07-26,Full working database record - verify before final recommendation; SerpApi rating/location Strong match,,SerpApi Google Maps API,,2026-07-29,Collected via SerpApi; Strong match,Strong match,,,,,Not available until reviews collected,Not applicable - local/independent,Local/independent record retained as working open-source inventory.,,Not major chain,,Error - Your account has run out of searches.,No SerpApi result found,,,,,,Not fresh-checked: SerpApi quota exhausted; retained prior rating/location data where available
GYM_FULL_0098,Anytime Fitness,Anytime Fitness,Budget/Mid Chain,Budget/Mid,24/7 access gym,Yes,Yes,Guelph,South Guelph,Nearest market-zone centroid within municipality,1.6,"Anytime Fitness, 210, Kortright Road West, Rickson Ridge Neighbourhood Association, Guelph, Southwestern Ontario, Ontario, N1G 4X8, Canada",43.5129043,-80.2199818,Yes,Likely,1,Likely,1,Unknown,0,Unknown,Unknown,Unknown,Unknown,0,Unknown,0,Needs location verification,4.8,634,https://nominatim.openstreetmap.org/,OpenStreetMap Nominatim place search,Inferred from brand/category unless source record confirms location service,Open place record - verify against official website or Google Maps,2026-07-26,Major chain official locator identified; current row retained as working record pending row-level official page/address confirmation.; SerpApi rating/location Strong match,,SerpApi Google Maps API,,2026-07-29,Collected via SerpApi; Strong match,Strong match,,,,,Not available until reviews collected,Medium,Official Anytime Fitness Canada locator available; current rows need row-level official page matching.,https://www.anytimefitness.ca/find-gym/,Official locator available; row-level match pending,,Error - Your account has run out of searches.,No SerpApi result found,,,,,,Not fresh-checked: SerpApi quota exhausted; retained prior rating/location data where available
GYM_FULL_0099,GoodLife Fitness,GoodLife Fitness,Full-Service Chain,Mid/Premium,Full-service chain gym,No,Yes,Guelph,Southeast Guelph,Nearest market-zone centroid within municipality,1.51,"GoodLife Fitness, 101, Clair Road East, Guelph, Southwestern Ontario, Ontario, N1L 0B7, Canada",43.5007388,-80.1860011,Yes,Unknown,0,Likely,1,Likely,1,Unknown,Unknown,Unknown,Unknown,0,Unknown,0,Needs location verification,4.1,347,https://nominatim.openstreetmap.org/,OpenStreetMap Nominatim place search,Inferred from brand/category unless source record confirms location service,Open place record - verify against official website or Google Maps,2026-07-26,Major chain official locator identified; current row retained as working record pending row-level official page/address confirmation.; SerpApi rating/location Strong match,,SerpApi Google Maps API,,2026-07-29,Collected via SerpApi; Strong match,Strong match,,,,,Not available until reviews collected,Medium,Official GoodLife club locator available; current rows remain mostly open-source and need row-level official page matching.,https://www.goodlifefitness.com/clubs.html,Official locator available; row-level match pending,,Error - Your account has run out of searches.,No SerpApi result found,,,,,,Not fresh-checked: SerpApi quota exhausted; retained prior rating/location data where available
GYM_FULL_0100,GoodLife Fitness,GoodLife Fitness,Full-Service Chain,Mid/Premium,Full-service chain gym,No,Yes,Guelph,North Guelph,Nearest market-zone centroid within municipality,0.65,"GoodLife Fitness, 297, Eramosa Road, Waverley Neighbourhood Group, Guelph, Southwestern Ontario, Ontario, N1E 2M8, Canada",43.5591151,-80.2477478,Yes,Unknown,0,Likely,1,Likely,1,Unknown,Unknown,Unknown,Unknown,0,Unknown,0,Needs location verification,4.6,604,https://nominatim.openstreetmap.org/,OpenStreetMap Nominatim place search,Inferred from brand/category unless source record confirms location service,Open place record - verify against official website or Google Maps,2026-07-26,Major chain official locator identified; current row retained as working record pending row-level official page/address confirmation.; SerpApi rating/location Strong match,,SerpApi Google Maps API,,2026-07-29,Collected via SerpApi; Strong match,Strong match,,,,,Not available until reviews collected,Medium,Official GoodLife club locator available; current rows remain mostly open-source and need row-level official page matching.,https://www.goodlifefitness.com/clubs.html,Official locator available; row-level match pending,,Error - Your account has run out of searches.,No SerpApi result found,,,,,,Not fresh-checked: SerpApi quota exhausted; retained prior rating/location data where available
GYM_FULL_0101,Royal City Community Fitness,Local / Independent,Local/Independent,Unknown,Local/independent gym,No,No,Guelph,North Guelph,Nearest market-zone centroid within municipality,1.71,"Royal City Community Fitness, 44, Johnston Street, Two Rivers Neighbourhood Group, Guelph, Southwestern Ontario, Ontario, N1E 5T6, Canada",43.5500501,-80.2319023,Yes,Unknown,0,Unknown,0,Unknown,0,Unknown,Unknown,Unknown,Unknown,0,Unknown,0,Needs location verification,4.9,95,https://nominatim.openstreetmap.org/,OpenStreetMap Nominatim place search,Inferred from brand/category unless source record confirms location service,Open place record - verify against official website or Google Maps,2026-07-26,Full working database record - verify before final recommendation; SerpApi rating/location Strong match,,SerpApi Google Maps API,,2026-07-29,Collected via SerpApi; Strong match,Strong match,,,,,Not available until reviews collected,Not applicable - local/independent,Local/independent record retained as working open-source inventory.,,Not major chain,,Error - Your account has run out of searches.,No SerpApi result found,,,,,,Not fresh-checked: SerpApi quota exhausted; retained prior rating/location data where available
GYM_FULL_0102,Anytime Fitness,Anytime Fitness,Budget/Mid Chain,Budget/Mid,24/7 access gym,Yes,Yes,Guelph,North Guelph,Nearest market-zone centroid within municipality,1.34,"Anytime Fitness, Knightswood Boulevard, Waverley Neighbourhood Group, Guelph, Southwestern Ontario, Ontario, N1E 3W5, Canada",43.5678634,-80.2577863,Yes,Likely,1,Likely,1,Unknown,0,Unknown,Unknown,Unknown,Unknown,0,Unknown,0,Needs location verification,4.5,151,https://nominatim.openstreetmap.org/,OpenStreetMap Nominatim place search,Inferred from brand/category unless source record confirms location service,Open place record - verify against official website or Google Maps,2026-07-26,Major chain official locator identified; current row retained as working record pending row-level official page/address confirmation.; SerpApi rating/location Strong match,,SerpApi Google Maps API,,2026-07-29,Collected via SerpApi; Strong match,Strong match,,,,,Not available until reviews collected,Medium,Official Anytime Fitness Canada locator available; current rows need row-level official page matching.,https://www.anytimefitness.ca/find-gym/,Official locator available; row-level match pending,,Error - Your account has run out of searches.,No SerpApi result found,,,,,,Not fresh-checked: SerpApi quota exhausted; retained prior rating/location data where available
GYM_FULL_0103,Orangetheory Fitness,Orangetheory Fitness,Boutique Chain,Premium,Boutique group training,No,Yes,Guelph,Southeast Guelph,Nearest market-zone centroid within municipality,1.32,"Orangetheory Fitness, 84, Clair Road East, Guelph, Southwestern Ontario, Ontario, N1L 0J3, Canada",43.501502,-80.1893532,Limited / class or coaching focused,Unknown,0,Likely,1,Likely,1,Unknown,No,Unknown,Unknown,0,Unknown,0,Needs location verification,4.8,104,https://nominatim.openstreetmap.org/,OpenStreetMap Nominatim place search,Inferred from brand/category unless source record confirms location service,Open place record - verify against official website or Google Maps,2026-07-26,Major chain official locator identified; current row retained as working record pending row-level official page/address confirmation.; SerpApi rating/location Strong match,,SerpApi Google Maps API,,2026-07-29,Collected via SerpApi; Strong match,Strong match,,,,,Not available until reviews collected,Medium,Official Orangetheory locator available; current rows need row-level official page matching.,https://www.orangetheory.com/en-ca/locations,Official locator available; row-level match pending,,Error - Your account has run out of searches.,No SerpApi result found,,,,,,Not fresh-checked: SerpApi quota exhausted; retained prior rating/location data where available
GYM_FULL_0104,Guelph Budokan Centre of Martial Arts,Local / Independent,Boutique/Specialty,Premium/Specialty,Boxing/Martial arts fitness,No,No,Guelph,West Guelph,Nearest market-zone centroid within municipality,2.2,"Guelph Budokan Centre of Martial Arts, 355, Elmira Road North, Guelph, Southwestern Ontario, Ontario, N1K 1S5, Canada",43.533269,-80.3058242,Limited / class or coaching focused,Unknown,0,Likely,1,Likely,1,Unknown,No,Unknown,Unknown,0,Unknown,0,Needs location verification,4.6,13,https://nominatim.openstreetmap.org/,OpenStreetMap Nominatim place search,Inferred from brand/category unless source record confirms location service,Open place record - verify against official website or Google Maps,2026-07-26,Full working database record - verify before final recommendation; SerpApi rating/location Strong match,,SerpApi Google Maps API,,2026-07-29,Collected via SerpApi; Strong match,Strong match,,,,,Not available until reviews collected,Not applicable - local/independent,Local/independent record retained as working open-source inventory.,,Not major chain,,Error - Your account has run out of searches.,No SerpApi result found,,,,,,Not fresh-checked: SerpApi quota exhausted; retained prior rating/location data where available
GYM_FULL_0105,Guelph Family Martial Arts,Local / Independent,Boutique/Specialty,Premium/Specialty,Boxing/Martial arts fitness,No,No,Guelph,West Guelph,Nearest market-zone centroid within municipality,2.16,"Guelph Family Martial Arts, 340, Woodlawn Road West, Guelph, Southwestern Ontario, Ontario, N1H 7K6, Canada",43.5482711,-80.2981818,Limited / class or coaching focused,Unknown,0,Likely,1,Likely,1,Unknown,No,Unknown,Unknown,0,Unknown,0,Needs location verification,4.8,308,https://nominatim.openstreetmap.org/,OpenStreetMap Nominatim place search,Inferred from brand/category unless source record confirms location service,Open place record - verify against official website or Google Maps,2026-07-26,Full working database record - verify before final recommendation; SerpApi rating/location Strong match,,SerpApi Google Maps API,,2026-07-29,Collected via SerpApi; Strong match,Strong match,,,,,Not available until reviews collected,Not applicable - local/independent,Local/independent record retained as working open-source inventory.,,Not major chain,,Error - Your account has run out of searches.,No SerpApi result found,,,,,,Not fresh-checked: SerpApi quota exhausted; retained prior rating/location data where available
GYM_FULL_0106,F45 Training,F45 Training,Boutique Chain,Premium,Boutique group training,No,Yes,Guelph,North Guelph,Nearest market-zone centroid within municipality,2.5,"F45 Training, Gordon Street, Guelph Downtown Neighbourhood Association, Guelph, Southwestern Ontario, Ontario, N1H 4H7, Canada",43.5410271,-80.2437102,Limited / class or coaching focused,Unknown,0,Likely,1,Likely,1,Unknown,No,Unknown,Unknown,0,Unknown,0,Needs location verification,,,https://nominatim.openstreetmap.org/,OpenStreetMap Nominatim place search,Inferred from brand/category unless source record confirms location service,Open place record - verify against official website or Google Maps,2026-07-26,Major chain official locator identified; current row retained as working record pending row-level official page/address confirmation.,,,,,SerpApi location uncertain or missing; manual review required,Needs manual review - text match but distance unclear/far,,,,,Not available until reviews collected,Medium,Official F45 studio locator available; current rows need row-level official page matching.,https://f45training.com/studios/,Official locator available; row-level match pending,,Error - Your account has run out of searches.,No SerpApi result found,,,,,,Not fresh-checked: SerpApi quota exhausted; retained prior rating/location data where available
GYM_FULL_0107,F45 Training,F45 Training,Boutique Chain,Premium,Boutique group training,No,Yes,Guelph,Southeast Guelph,Nearest market-zone centroid within municipality,1.81,"F45 Training, 1886, Gordon Street, Guelph, Southwestern Ontario, Ontario, N1L 0P4, Canada",43.4981087,-80.1850065,Limited / class or coaching focused,Unknown,0,Likely,1,Likely,1,Unknown,No,Unknown,Unknown,0,Unknown,0,Needs location verification,4.8,106,https://nominatim.openstreetmap.org/,OpenStreetMap Nominatim place search,Inferred from brand/category unless source record confirms location service,Open place record - verify against official website or Google Maps,2026-07-26,Major chain official locator identified; current row retained as working record pending row-level official page/address confirmation.; SerpApi rating/location Strong match,,SerpApi Google Maps API,,2026-07-29,Collected via SerpApi; Strong match,Strong match,,,,,Not available until reviews collected,Medium,Official F45 studio locator available; current rows need row-level official page matching.,https://f45training.com/studios/,Official locator available; row-level match pending,,Error - Your account has run out of searches.,No SerpApi result found,,,,,,Not fresh-checked: SerpApi quota exhausted; retained prior rating/location data where available
GYM_FULL_0108,Movati Athletic Club,Movati Athletic,Premium Chain,Premium,Full-service premium fitness club,No,Yes,Guelph,South Guelph,Nearest market-zone centroid within municipality,1.25,"Movati Athletic Club, 80, Stone Road West, Hanlon Creek Neighbourhood Group, Guelph, Southwestern Ontario, Ontario, N1G 0A9, Canada",43.5248223,-80.2262694,Yes,Unknown,0,Likely,1,Likely,1,Unknown,Unknown,Unknown,Unknown,0,Unknown,0,Needs location verification,3.7,415,https://nominatim.openstreetmap.org/,OpenStreetMap Nominatim place search,Inferred from brand/category unless source record confirms location service,Open place record - verify against official website or Google Maps,2026-07-26,Major chain city/club presence confirmed from MOVATI official location list; address and reviews still require manual confirmation.; SerpApi rating/location Strong match,,SerpApi Google Maps API,,2026-07-29,Collected via SerpApi; Strong match,Strong match,,,,,Not available until reviews collected,Medium-High,Official MOVATI locations page confirms relevant club cities; row-level address checks still recommended.,https://movatiathletic.com/locations/,Official city/club list confirmed; address should be row-level checked,,Error - Your account has run out of searches.,No SerpApi result found,,,,,,Not fresh-checked: SerpApi quota exhausted; retained prior rating/location data where available
GYM_FULL_0109,Change House and Gym,Local / Independent,Local/Independent,Unknown,Local/independent gym,No,No,Hamilton,Central Hamilton,Nearest market-zone centroid within municipality,3.81,"Change House and Gym, Dominion Road, Industrial Sector F, Hamilton, Golden Horseshoe, Ontario, L8H 2W6, Canada",43.2539368,-79.8000767,Yes,Unknown,0,Unknown,0,Unknown,0,Unknown,Unknown,Unknown,Unknown,0,Unknown,0,Needs location verification,4,686,https://nominatim.openstreetmap.org/,OpenStreetMap Nominatim place search,Inferred from brand/category unless source record confirms location service,Open place record - verify against official website or Google Maps,2026-07-26,Full working database record - verify before final recommendation; SerpApi rating/location Likely match,,SerpApi Google Maps API,,2026-07-29,Collected via SerpApi; Likely match,Likely match,,,,,Not available until reviews collected,Not applicable - local/independent,Local/independent record retained as working open-source inventory.,,Not major chain,,Error - Your account has run out of searches.,No SerpApi result found,,,,,,Not fresh-checked: SerpApi quota exhausted; retained prior rating/location data where available
GYM_FULL_0110,The Gym,Local / Independent,Local/Independent,Unknown,Local/independent gym,No,No,Hamilton,Southeast Hamilton,Nearest market-zone centroid within municipality,4.3,"The Gym, 288, Queenston Road, Glenview East, Hamilton, Golden Horseshoe, Ontario, L8K 1H1, Canada",43.2338618,-79.7919284,Yes,Unknown,0,Unknown,0,Unknown,0,Unknown,Unknown,Unknown,Unknown,0,Unknown,0,Needs location verification,,,https://nominatim.openstreetmap.org/,OpenStreetMap Nominatim place search,Inferred from brand/category unless source record confirms location service,Open place record - verify against official website or Google Maps,2026-07-26,Full working database record - verify before final recommendation,,,,,SerpApi location uncertain or missing; manual review required,Needs manual review - text match but distance unclear/far,,,,,Not available until reviews collected,Not applicable - local/independent,Local/independent record retained as working open-source inventory.,,Not major chain,,Error - Your account has run out of searches.,No SerpApi result found,,,,,,Not fresh-checked: SerpApi quota exhausted; retained prior rating/location data where available
GYM_FULL_0111,Gym on Locke,Local / Independent,Local/Independent,Unknown,Local/independent gym,No,No,Hamilton,Central Hamilton,Nearest market-zone centroid within municipality,3.27,"Gym on Locke, 220, Locke Street South, Kirkendall North, Hamilton, Golden Horseshoe, Ontario, L8P 4B7, Canada",43.254127,-79.8863528,Yes,Unknown,0,Unknown,0,Unknown,0,Unknown,Unknown,Unknown,Unknown,0,Unknown,0,Needs location verification,4.5,192,https://nominatim.openstreetmap.org/,OpenStreetMap Nominatim place search,Inferred from brand/category unless source record confirms location service,Open place record - verify against official website or Google Maps,2026-07-26,Full working database record - verify before final recommendation; SerpApi rating/location Strong match,,SerpApi Google Maps API,,2026-07-29,Collected via SerpApi; Strong match,Strong match,,,,,Not available until reviews collected,Not applicable - local/independent,Local/independent record retained as working open-source inventory.,,Not major chain,,Error - Your account has run out of searches.,No SerpApi result found,,,,,,Not fresh-checked: SerpApi quota exhausted; retained prior rating/location data where available
GYM_FULL_0112,Gravity Climbing Gym,Local / Independent,Local/Independent,Unknown,Local/independent gym,No,No,Hamilton,Central Hamilton,Nearest market-zone centroid within municipality,3.96,"Gravity Climbing Gym, Frid Street, Kirkendall North, Hamilton, Golden Horseshoe, Ontario, L8P 4M4, Canada",43.258255,-79.8938293,Yes,Unknown,0,Unknown,0,Unknown,0,Unknown,Unknown,Unknown,Unknown,0,Unknown,0,Needs location verification,4.5,509,https://nominatim.openstreetmap.org/,OpenStreetMap Nominatim place search,Inferred from brand/category unless source record confirms location service,Open place record - verify against official website or Google Maps,2026-07-26,Full working database record - verify before final recommendation; SerpApi rating/location Strong match,,SerpApi Google Maps API,,2026-07-29,Collected via SerpApi; Strong match,Strong match,,,,,Not available until reviews collected,Not applicable - local/independent,Local/independent record retained as working open-source inventory.,,Not major chain,,Error - Your account has run out of searches.,No SerpApi result found,,,,,,Not fresh-checked: SerpApi quota exhausted; retained prior rating/location data where available
GYM_FULL_0113,Feather Family Climbing Gym,Local / Independent,Local/Independent,Unknown,Local/independent gym,No,No,Hamilton,West Hamilton,Nearest market-zone centroid within municipality,4.35,"Feather Family Climbing Gym, 1280, Main Street West, Cootes Paradise, Hamilton, Golden Horseshoe, Ontario, L8S 3L8, Canada",43.2652687,-79.916892,Yes,Unknown,0,Unknown,0,Unknown,0,Unknown,Unknown,Unknown,Unknown,0,Unknown,0,Needs location verification,5,2,https://nominatim.openstreetmap.org/,OpenStreetMap Nominatim place search,Inferred from brand/category unless source record confirms location service,Open place record - verify against official website or Google Maps,2026-07-26,Full working database record - verify before final recommendation; SerpApi rating/location Strong match,,SerpApi Google Maps API,,2026-07-29,Collected via SerpApi; Strong match,Strong match,,,,,Not available until reviews collected,Not applicable - local/independent,Local/independent record retained as working open-source inventory.,,Not major chain,,Error - Your account has run out of searches.,No SerpApi result found,,,,,,Not fresh-checked: SerpApi quota exhausted; retained prior rating/location data where available
GYM_FULL_0114,Body Pro Gym,Local / Independent,Local/Independent,Unknown,Local/independent gym,No,No,Hamilton,Central Hamilton,Nearest market-zone centroid within municipality,2.28,"Body Pro Gym, East 21st Street, Burkholme, Hamilton, Golden Horseshoe, Ontario, L9A 4V3, Canada",43.2304187,-79.8582067,Yes,Unknown,0,Unknown,0,Unknown,0,Unknown,Unknown,Unknown,Unknown,0,Unknown,0,Needs location verification,4.1,697,https://nominatim.openstreetmap.org/,OpenStreetMap Nominatim place search,Inferred from brand/category unless source record confirms location service,Open place record - verify against official website or Google Maps,2026-07-26,Full working database record - verify before final recommendation; SerpApi rating/location Strong match,,SerpApi Google Maps API,,2026-07-29,Collected via SerpApi; Strong match,Strong match,,,,,Not available until reviews collected,Not applicable - local/independent,Local/independent record retained as working open-source inventory.,,Not major chain,,Error - Your account has run out of searches.,No SerpApi result found,,,,,,Not fresh-checked: SerpApi quota exhausted; retained prior rating/location data where available
GYM_FULL_0115,The Gym on Fennell,Local / Independent,Local/Independent,Unknown,Local/independent gym,No,No,Hamilton,Central Hamilton,Nearest market-zone centroid within municipality,2.47,"The Gym on Fennell, 989, Fennell Avenue East, Sunninghill, Hamilton, Golden Horseshoe, Ontario, L8T 1R1, Canada",43.2282935,-79.836092,Yes,Unknown,0,Unknown,0,Unknown,0,Unknown,Unknown,Unknown,Unknown,0,Unknown,0,Needs location verification,4.8,309,https://nominatim.openstreetmap.org/,OpenStreetMap Nominatim place search,Inferred from brand/category unless source record confirms location service,Open place record - verify against official website or Google Maps,2026-07-26,Full working database record - verify before final recommendation; SerpApi rating/location Strong match,,SerpApi Google Maps API,,2026-07-29,Collected via SerpApi; Strong match,Strong match,,,,,Not available until reviews collected,Not applicable - local/independent,Local/independent record retained as working open-source inventory.,,Not major chain,,Error - Your account has run out of searches.,No SerpApi result found,,,,,,Not fresh-checked: SerpApi quota exhausted; retained prior rating/location data where available
GYM_FULL_0116,Hamilton Fitness Solutions,Local / Independent,Local/Independent,Unknown,Local/independent gym,No,No,Hamilton,East Hamilton,Nearest market-zone centroid within municipality,1.67,"Hamilton Fitness Solutions, South Service Road, Industrial, Hamilton, Golden Horseshoe, Ontario, L8E 6H2, Canada",43.2348953,-79.7135442,Yes,Unknown,0,Unknown,0,Unknown,0,Unknown,Unknown,Unknown,Unknown,0,Unknown,0,Needs location verification,4.3,36,https://nominatim.openstreetmap.org/,OpenStreetMap Nominatim place search,Inferred from brand/category unless source record confirms location service,Open place record - verify against official website or Google Maps,2026-07-26,Full working database record - verify before final recommendation; SerpApi rating/location Strong match,,SerpApi Google Maps API,,2026-07-29,Collected via SerpApi; Strong match,Strong match,,,,,Not available until reviews collected,Not applicable - local/independent,Local/independent record retained as working open-source inventory.,,Not major chain,,Error - Your account has run out of searches.,No SerpApi result found,,,,,,Not fresh-checked: SerpApi quota exhausted; retained prior rating/location data where available
GYM_FULL_0117,Crunch Fitness,Crunch Fitness,Budget/Mid Chain,Budget/Mid,Big-box gym,Yes,Yes,Hamilton,South Hamilton,Nearest market-zone centroid within municipality,3.45,"Crunch Fitness, 1215, Stone Church Road East, Trenholme, Hamilton, Golden Horseshoe, Ontario, L8W 2C6, Canada",43.1988256,-79.8363816,Yes,Unknown,0,Likely,1,Likely,1,Unknown,Unknown,Unknown,Unknown,0,Unknown,0,Needs location verification,3.7,635,https://nominatim.openstreetmap.org/,OpenStreetMap Nominatim place search,Inferred from brand/category unless source record confirms location service,Open place record - verify against official website or Google Maps,2026-07-26,Major chain official locator identified; current row retained as working record pending row-level official page/address confirmation.; SerpApi rating/location Strong match,,SerpApi Google Maps API,,2026-07-29,Collected via SerpApi; Strong match,Strong match,,,,,Not available until reviews collected,Medium,Official Crunch Canada location pages available; current rows remain mostly open-source and need row-level official page matching.,https://www.crunchfitness.ca/locations,Official locator available; row-level match pending,,Error - Your account has run out of searches.,No SerpApi result found,,,,,,Not fresh-checked: SerpApi quota exhausted; retained prior rating/location data where available
GYM_FULL_0118,Crunch Fitness,Crunch Fitness,Budget/Mid Chain,Budget/Mid,Big-box gym,Yes,Yes,Hamilton,South Hamilton,Nearest market-zone centroid within municipality,1.09,"Crunch Fitness, Stone Church Road East, Ryckmans, Hamilton, Golden Horseshoe, Ontario, L9B 1K2, Canada",43.2091746,-79.8879749,Yes,Unknown,0,Likely,1,Likely,1,Unknown,Unknown,Unknown,Unknown,0,Unknown,0,Needs location verification,,,https://nominatim.openstreetmap.org/,OpenStreetMap Nominatim place search,Inferred from brand/category unless source record confirms location service,Open place record - verify against official website or Google Maps,2026-07-26,Major chain official locator identified; current row retained as working record pending row-level official page/address confirmation.,,,,,SerpApi location uncertain or missing; manual review required,Needs manual review - text match but distance unclear/far,,,,,Not available until reviews collected,Medium,Official Crunch Canada location pages available; current rows remain mostly open-source and need row-level official page matching.,https://www.crunchfitness.ca/locations,Official locator available; row-level match pending,,Error - Your account has run out of searches.,No SerpApi result found,,,,,,Not fresh-checked: SerpApi quota exhausted; retained prior rating/location data where available
GYM_FULL_0119,Oxygen Yoga & Fitness,Local / Independent,Boutique/Specialty,Premium/Specialty,Yoga/Pilates/Studio,No,No,Hamilton,East Hamilton,Nearest market-zone centroid within municipality,7.23,"Oxygen Yoga & Fitness, South Service Road, Industrial, Hamilton, Golden Horseshoe, Ontario, L8E 5C5, Canada",43.214005,-79.6393903,Limited / class or coaching focused,Unknown,0,Likely,1,Likely,1,Unknown,No,Unknown,Unknown,0,Unknown,0,Needs location verification,4.9,204,https://nominatim.openstreetmap.org/,OpenStreetMap Nominatim place search,Inferred from brand/category unless source record confirms location service,Open place record - verify against official website or Google Maps,2026-07-26,Full working database record - verify before final recommendation; SerpApi rating/location Strong match,,SerpApi Google Maps API,,2026-07-29,Collected via SerpApi; Strong match,Strong match,,,,,Not available until reviews collected,Not applicable - local/independent,Local/independent record retained as working open-source inventory.,,Not major chain,,Error - Your account has run out of searches.,No SerpApi result found,,,,,,Not fresh-checked: SerpApi quota exhausted; retained prior rating/location data where available
GYM_FULL_0120,Amazing Fitness,Local / Independent,Local/Independent,Unknown,Local/independent gym,No,No,Hamilton,Central Hamilton,Nearest market-zone centroid within municipality,0.3,"Amazing Fitness, 702, King Street East, Gibson, Hamilton, Golden Horseshoe, Ontario, L8M 1C3, Canada",43.2517,-79.8473928,Yes,Unknown,0,Unknown,0,Unknown,0,Unknown,Unknown,Unknown,Unknown,0,Unknown,0,Needs location verification,4.7,294,https://nominatim.openstreetmap.org/,OpenStreetMap Nominatim place search,Inferred from brand/category unless source record confirms location service,Open place record - verify against official website or Google Maps,2026-07-26,Full working database record - verify before final recommendation; SerpApi rating/location Strong match,,SerpApi Google Maps API,,2026-07-29,Collected via SerpApi; Strong match,Strong match,,,,,Not available until reviews collected,Not applicable - local/independent,Local/independent record retained as working open-source inventory.,,Not major chain,,Error - Your account has run out of searches.,No SerpApi result found,,,,,,Not fresh-checked: SerpApi quota exhausted; retained prior rating/location data where available
GYM_FULL_0121,Anytime Fitness,Anytime Fitness,Budget/Mid Chain,Budget/Mid,24/7 access gym,Yes,Yes,Hamilton,Central Hamilton,Nearest market-zone centroid within municipality,1.87,"Anytime Fitness, 59, King Street East, Beasley, Hamilton, Golden Horseshoe, Ontario, L8N 1A6, Canada",43.2563232,-79.8674469,Yes,Likely,1,Likely,1,Unknown,0,Unknown,Unknown,Unknown,Unknown,0,Unknown,0,Needs location verification,5,453,https://nominatim.openstreetmap.org/,OpenStreetMap Nominatim place search,Inferred from brand/category unless source record confirms location service,Open place record - verify against official website or Google Maps,2026-07-26,Major chain official locator identified; current row retained as working record pending row-level official page/address confirmation.; SerpApi rating/location Strong match,,SerpApi Google Maps API,,2026-07-29,Collected via SerpApi; Strong match,Strong match,,,,,Not available until reviews collected,Medium,Official Anytime Fitness Canada locator available; current rows need row-level official page matching.,https://www.anytimefitness.ca/find-gym/,Official locator available; row-level match pending,,Error - Your account has run out of searches.,No SerpApi result found,,,,,,Not fresh-checked: SerpApi quota exhausted; retained prior rating/location data where available
GYM_FULL_0122,Alchemy Fitness,Local / Independent,Local/Independent,Unknown,Local/independent gym,No,No,Hamilton,Central Hamilton,Nearest market-zone centroid within municipality,3.24,"Alchemy Fitness, Locke Street South, Kirkendall North, Hamilton, Golden Horseshoe, Ontario, L8P 4A8, Canada",43.256522,-79.8853429,Yes,Unknown,0,Unknown,0,Unknown,0,Unknown,Unknown,Unknown,Unknown,0,Unknown,0,Needs location verification,4.9,160,https://nominatim.openstreetmap.org/,OpenStreetMap Nominatim place search,Inferred from brand/category unless source record confirms location service,Open place record - verify against official website or Google Maps,2026-07-26,Full working database record - verify before final recommendation; SerpApi rating/location Likely match,,SerpApi Google Maps API,,2026-07-29,Collected via SerpApi; Likely match,Likely match,,,,,Not available until reviews collected,Not applicable - local/independent,Local/independent record retained as working open-source inventory.,,Not major chain,,Error - Your account has run out of searches.,No SerpApi result found,,,,,,Not fresh-checked: SerpApi quota exhausted; retained prior rating/location data where available
GYM_FULL_0123,Orangetheory Fitness,Orangetheory Fitness,Boutique Chain,Premium,Boutique group training,No,Yes,Hamilton,West Hamilton,Nearest market-zone centroid within municipality,7.05,"Orangetheory Fitness, Portia Drive, Wilson Commons, Duff's Corners, Hamilton, Golden Horseshoe, Ontario, L9G 0E8, Canada",43.1974283,-80.0221672,Limited / class or coaching focused,Unknown,0,Likely,1,Likely,1,Unknown,No,Unknown,Unknown,0,Unknown,0,Needs location verification,4.8,267,https://nominatim.openstreetmap.org/,OpenStreetMap Nominatim place search,Inferred from brand/category unless source record confirms location service,Open place record - verify against official website or Google Maps,2026-07-26,Major chain official locator identified; current row retained as working record pending row-level official page/address confirmation.; SerpApi rating/location Strong match,,SerpApi Google Maps API,,2026-07-29,Collected via SerpApi; Strong match,Strong match,,,,,Not available until reviews collected,Medium,Official Orangetheory locator available; current rows need row-level official page matching.,https://www.orangetheory.com/en-ca/locations,Official locator available; row-level match pending,,Error - Your account has run out of searches.,No SerpApi result found,,,,,,Not fresh-checked: SerpApi quota exhausted; retained prior rating/location data where available
GYM_FULL_0124,GoodLife Fitness,GoodLife Fitness,Full-Service Chain,Mid/Premium,Full-service chain gym,No,Yes,Hamilton,West Hamilton,Nearest market-zone centroid within municipality,6.71,"GoodLife Fitness, 1096, Wilson Street West, Duff's Corners, Hamilton, Golden Horseshoe, Ontario, L9G 3K9, Canada",43.1978555,-80.0171057,Yes,Unknown,0,Likely,1,Likely,1,Unknown,Unknown,Unknown,Unknown,0,Unknown,0,Needs location verification,4.2,269,https://nominatim.openstreetmap.org/,OpenStreetMap Nominatim place search,Inferred from brand/category unless source record confirms location service,Open place record - verify against official website or Google Maps,2026-07-26,Major chain official locator identified; current row retained as working record pending row-level official page/address confirmation.; SerpApi rating/location Strong match,,SerpApi Google Maps API,,2026-07-29,Collected via SerpApi; Strong match,Strong match,,,,,Not available until reviews collected,Medium,Official GoodLife club locator available; current rows remain mostly open-source and need row-level official page matching.,https://www.goodlifefitness.com/clubs.html,Official locator available; row-level match pending,,Error - Your account has run out of searches.,No SerpApi result found,,,,,,Not fresh-checked: SerpApi quota exhausted; retained prior rating/location data where available
GYM_FULL_0125,GoodLife Fitness,GoodLife Fitness,Full-Service Chain,Mid/Premium,Full-service chain gym,No,Yes,Hamilton,Central Hamilton,Nearest market-zone centroid within municipality,2.27,"GoodLife Fitness, 2, King Street West, Hess Village, Central, Hamilton, Golden Horseshoe, Ontario, L8P 1A1, Canada",43.2589924,-79.8711242,Yes,Unknown,0,Likely,1,Likely,1,Unknown,Unknown,Unknown,Unknown,0,Unknown,0,Needs location verification,3.9,178,https://nominatim.openstreetmap.org/,OpenStreetMap Nominatim place search,Inferred from brand/category unless source record confirms location service,Open place record - verify against official website or Google Maps,2026-07-26,Major chain official locator identified; current row retained as working record pending row-level official page/address confirmation.; SerpApi rating/location Strong match,,SerpApi Google Maps API,,2026-07-29,Collected via SerpApi; Strong match,Strong match,,,,,Not available until reviews collected,Medium,Official GoodLife club locator available; current rows remain mostly open-source and need row-level official page matching.,https://www.goodlifefitness.com/clubs.html,Official locator available; row-level match pending,,Error - Your account has run out of searches.,No SerpApi result found,,,,,,Not fresh-checked: SerpApi quota exhausted; retained prior rating/location data where available
GYM_FULL_0126,Pulse Fitness Centre,Local / Independent,Local/Independent,Unknown,Local/independent gym,No,No,Hamilton,West Hamilton,Nearest market-zone centroid within municipality,4.36,"Pulse Fitness Centre, 1280, Main Street West, Cootes Paradise, Hamilton, Golden Horseshoe, Ontario, L8S 3L8, Canada",43.2652244,-79.9166529,Yes,Unknown,0,Unknown,0,Unknown,0,Unknown,Unknown,Unknown,Unknown,0,Unknown,0,Needs location verification,4.2,91,https://nominatim.openstreetmap.org/,OpenStreetMap Nominatim place search,Inferred from brand/category unless source record confirms location service,Open place record - verify against official website or Google Maps,2026-07-26,Full working database record - verify before final recommendation; SerpApi rating/location Strong match,,SerpApi Google Maps API,,2026-07-29,Collected via SerpApi; Strong match,Strong match,,,,,Not available until reviews collected,Not applicable - local/independent,Local/independent record retained as working open-source inventory.,,Not major chain,,Error - Your account has run out of searches.,No SerpApi result found,,,,,,Not fresh-checked: SerpApi quota exhausted; retained prior rating/location data where available
GYM_FULL_0127,Orangetheory Fitness,Orangetheory Fitness,Boutique Chain,Premium,Boutique group training,No,Yes,Hamilton,East Hamilton,Nearest market-zone centroid within municipality,3.13,"Orangetheory Fitness, 75, Centennial Parkway North, Kentley Drive, Hamilton, Golden Horseshoe, Ontario, L8E 2P2, Canada",43.2317691,-79.7646836,Limited / class or coaching focused,Unknown,0,Likely,1,Likely,1,Unknown,No,Unknown,Unknown,0,Unknown,0,Needs location verification,4.4,178,https://nominatim.openstreetmap.org/,OpenStreetMap Nominatim place search,Inferred from brand/category unless source record confirms location service,Open place record - verify against official website or Google Maps,2026-07-26,Major chain official locator identified; current row retained as working record pending row-level official page/address confirmation.; SerpApi rating/location Strong match,,SerpApi Google Maps API,,2026-07-29,Collected via SerpApi; Strong match,Strong match,,,,,Not available until reviews collected,Medium,Official Orangetheory locator available; current rows need row-level official page matching.,https://www.orangetheory.com/en-ca/locations,Official locator available; row-level match pending,,Error - Your account has run out of searches.,No SerpApi result found,,,,,,Not fresh-checked: SerpApi quota exhausted; retained prior rating/location data where available
GYM_FULL_0128,Anytime Fitness,Anytime Fitness,Budget/Mid Chain,Budget/Mid,24/7 access gym,Yes,Yes,Hamilton,Southeast Hamilton,Nearest market-zone centroid within municipality,0.19,"Anytime Fitness, 270, Mud Street West, Albion, Hamilton, Golden Horseshoe, Ontario, L8J 3Z6, Canada",43.1967881,-79.7933836,Yes,Likely,1,Likely,1,Unknown,0,Unknown,Unknown,Unknown,Unknown,0,Unknown,0,Needs location verification,4.5,365,https://nominatim.openstreetmap.org/,OpenStreetMap Nominatim place search,Inferred from brand/category unless source record confirms location service,Open place record - verify against official website or Google Maps,2026-07-26,Major chain official locator identified; current row retained as working record pending row-level official page/address confirmation.; SerpApi rating/location Strong match,,SerpApi Google Maps API,,2026-07-29,Collected via SerpApi; Strong match,Strong match,,,,,Not available until reviews collected,Medium,Official Anytime Fitness Canada locator available; current rows need row-level official page matching.,https://www.anytimefitness.ca/find-gym/,Official locator available; row-level match pending,,Error - Your account has run out of searches.,No SerpApi result found,,,,,,Not fresh-checked: SerpApi quota exhausted; retained prior rating/location data where available
GYM_FULL_0129,Xelf Fitness,Local / Independent,Local/Independent,Unknown,Local/independent gym,No,No,Hamilton,Central Hamilton,Nearest market-zone centroid within municipality,1.03,"Xelf Fitness, 1, West Avenue South, Landsdale, Hamilton, Golden Horseshoe, Ontario, L8N 2R9, Canada",43.2531376,-79.8580025,Yes,Unknown,0,Unknown,0,Unknown,0,Unknown,Unknown,Unknown,Unknown,0,Unknown,0,Needs location verification,5,173,https://nominatim.openstreetmap.org/,OpenStreetMap Nominatim place search,Inferred from brand/category unless source record confirms location service,Open place record - verify against official website or Google Maps,2026-07-26,Full working database record - verify before final recommendation; SerpApi rating/location Strong match,,SerpApi Google Maps API,,2026-07-29,Collected via SerpApi; Strong match,Strong match,,,,,Not available until reviews collected,Not applicable - local/independent,Local/independent record retained as working open-source inventory.,,Not major chain,,Error - Your account has run out of searches.,No SerpApi result found,,,,,,Not fresh-checked: SerpApi quota exhausted; retained prior rating/location data where available
GYM_FULL_0130,Crunch Fitness,Crunch Fitness,Budget/Mid Chain,Budget/Mid,Big-box gym,Yes,Yes,Hamilton,North Hamilton,Nearest market-zone centroid within municipality,3.66,"Crunch Fitness, Clappison Avenue, Waterdown, Hamilton, Golden Horseshoe, Ontario, L0R 2H2, Canada",43.3201533,-79.9144632,Yes,Unknown,0,Likely,1,Likely,1,Unknown,Unknown,Unknown,Unknown,0,Unknown,0,Needs location verification,4.1,573,https://nominatim.openstreetmap.org/,OpenStreetMap Nominatim place search,Inferred from brand/category unless source record confirms location service,Open place record - verify against official website or Google Maps,2026-07-26,Major chain official locator identified; current row retained as working record pending row-level official page/address confirmation.; SerpApi rating/location Strong match,,SerpApi Google Maps API,,2026-07-29,Collected via SerpApi; Strong match,Strong match,,,,,Not available until reviews collected,Medium,Official Crunch Canada location pages available; current rows remain mostly open-source and need row-level official page matching.,https://www.crunchfitness.ca/locations,Official locator available; row-level match pending,,Error - Your account has run out of searches.,No SerpApi result found,,,,,,Not fresh-checked: SerpApi quota exhausted; retained prior rating/location data where available
GYM_FULL_0131,Anytime Fitness,Anytime Fitness,Budget/Mid Chain,Budget/Mid,24/7 access gym,Yes,Yes,Hamilton,West Hamilton,Nearest market-zone centroid within municipality,2.84,"Anytime Fitness, Main Street, Dundas, Central Business District, Hamilton, Golden Horseshoe, Ontario, L9H 1B8, Canada",43.2627165,-79.9522229,Yes,Likely,1,Likely,1,Unknown,0,Unknown,Unknown,Unknown,Unknown,0,Unknown,0,Needs location verification,4.7,176,https://nominatim.openstreetmap.org/,OpenStreetMap Nominatim place search,Inferred from brand/category unless source record confirms location service,Open place record - verify against official website or Google Maps,2026-07-26,Major chain official locator identified; current row retained as working record pending row-level official page/address confirmation.; SerpApi rating/location Strong match,,SerpApi Google Maps API,,2026-07-29,Collected via SerpApi; Strong match,Strong match,,,,,Not available until reviews collected,Medium,Official Anytime Fitness Canada locator available; current rows need row-level official page matching.,https://www.anytimefitness.ca/find-gym/,Official locator available; row-level match pending,,Error - Your account has run out of searches.,No SerpApi result found,,,,,,Not fresh-checked: SerpApi quota exhausted; retained prior rating/location data where available
GYM_FULL_0132,Crunch Fitness,Crunch Fitness,Budget/Mid Chain,Budget/Mid,Big-box gym,Yes,Yes,Hamilton,West Hamilton,Nearest market-zone centroid within municipality,2.71,"Crunch Fitness, Hamilton-Brantford Rail Trail, Ainslie Wood West, Hamilton, Golden Horseshoe, Ontario, L8S 2M5, Canada",43.2565964,-79.9340404,Yes,Unknown,0,Likely,1,Likely,1,Unknown,Unknown,Unknown,Unknown,0,Unknown,0,Needs location verification,4.3,1749,https://nominatim.openstreetmap.org/,OpenStreetMap Nominatim place search,Inferred from brand/category unless source record confirms location service,Open place record - verify against official website or Google Maps,2026-07-26,Major chain official locator identified; current row retained as working record pending row-level official page/address confirmation.; SerpApi rating/location Strong match,,SerpApi Google Maps API,,2026-07-29,Collected via SerpApi; Strong match,Strong match,,,,,Not available until reviews collected,Medium,Official Crunch Canada location pages available; current rows remain mostly open-source and need row-level official page matching.,https://www.crunchfitness.ca/locations,Official locator available; row-level match pending,,Error - Your account has run out of searches.,No SerpApi result found,,,,,,Not fresh-checked: SerpApi quota exhausted; retained prior rating/location data where available
GYM_FULL_0133,GoodLife Fitness,GoodLife Fitness,Full-Service Chain,Mid/Premium,Full-service chain gym,No,Yes,Hamilton,Southeast Hamilton,Nearest market-zone centroid within municipality,4.05,"GoodLife Fitness, Queenston Road, Corman, Hamilton, Golden Horseshoe, Ontario, L8K 3W7, Canada",43.2298575,-79.7773131,Yes,Unknown,0,Likely,1,Likely,1,Unknown,Unknown,Unknown,Unknown,0,Unknown,0,Needs location verification,4.3,547,https://nominatim.openstreetmap.org/,OpenStreetMap Nominatim place search,Inferred from brand/category unless source record confirms location service,Open place record - verify against official website or Google Maps,2026-07-26,Major chain official locator identified; current row retained as working record pending row-level official page/address confirmation.; SerpApi rating/location Strong match,,SerpApi Google Maps API,,2026-07-29,Collected via SerpApi; Strong match,Strong match,,,,,Not available until reviews collected,Medium,Official GoodLife club locator available; current rows remain mostly open-source and need row-level official page matching.,https://www.goodlifefitness.com/clubs.html,Official locator available; row-level match pending,,Error - Your account has run out of searches.,No SerpApi result found,,,,,,Not fresh-checked: SerpApi quota exhausted; retained prior rating/location data where available
GYM_FULL_0134,Phoenix Fitness,Local / Independent,Local/Independent,Unknown,Local/independent gym,No,No,Hamilton,West Hamilton,Nearest market-zone centroid within municipality,1.42,"Phoenix Fitness, Martindale Crescent, Meadowlands Power Centre, Horning, Hamilton, Golden Horseshoe, Ontario, L9K 1L6, Canada",43.2285365,-79.9413944,Yes,Unknown,0,Unknown,0,Unknown,0,Unknown,Unknown,Unknown,Unknown,0,Unknown,0,Needs location verification,4.4,114,https://nominatim.openstreetmap.org/,OpenStreetMap Nominatim place search,Inferred from brand/category unless source record confirms location service,Open place record - verify against official website or Google Maps,2026-07-26,Full working database record - verify before final recommendation; SerpApi rating/location Likely match,,SerpApi Google Maps API,,2026-07-29,Collected via SerpApi; Likely match,Likely match,,,,,Not available until reviews collected,Not applicable - local/independent,Local/independent record retained as working open-source inventory.,,Not major chain,,Error - Your account has run out of searches.,No SerpApi result found,,,,,,Not fresh-checked: SerpApi quota exhausted; retained prior rating/location data where available
GYM_FULL_0135,GoodLife Fitness,GoodLife Fitness,Full-Service Chain,Mid/Premium,Full-service chain gym,No,Yes,Hamilton,South Hamilton,Nearest market-zone centroid within municipality,3.08,"GoodLife Fitness, Tunbridge Crescent, Templemead, Hamilton, Golden Horseshoe, Ontario, L8W 1Z6, Canada",43.1981231,-79.8419779,Yes,Unknown,0,Likely,1,Likely,1,Unknown,Unknown,Unknown,Unknown,0,Unknown,0,Needs location verification,4.3,948,https://nominatim.openstreetmap.org/,OpenStreetMap Nominatim place search,Inferred from brand/category unless source record confirms location service,Open place record - verify against official website or Google Maps,2026-07-26,Major chain official locator identified; current row retained as working record pending row-level official page/address confirmation.; SerpApi rating/location Strong match,,SerpApi Google Maps API,,2026-07-29,Collected via SerpApi; Strong match,Strong match,,,,,Not available until reviews collected,Medium,Official GoodLife club locator available; current rows remain mostly open-source and need row-level official page matching.,https://www.goodlifefitness.com/clubs.html,Official locator available; row-level match pending,,Error - Your account has run out of searches.,No SerpApi result found,,,,,,Not fresh-checked: SerpApi quota exhausted; retained prior rating/location data where available
GYM_FULL_0136,The Yoga Shala,Local / Independent,Boutique/Specialty,Premium/Specialty,Yoga/Pilates/Studio,No,No,Hamilton,North Hamilton,Nearest market-zone centroid within municipality,3.95,"The Yoga Shala, Dundas Street East, Downtown Waterdown, Waterdown, Hamilton, Golden Horseshoe, Ontario, L0R 2H5, Canada",43.3334942,-79.8924031,Limited / class or coaching focused,Unknown,0,Likely,1,Likely,1,Unknown,No,Unknown,Unknown,0,Unknown,0,Needs location verification,,,https://nominatim.openstreetmap.org/,OpenStreetMap Nominatim place search,Inferred from brand/category unless source record confirms location service,Open place record - verify against official website or Google Maps,2026-07-26,Full working database record - verify before final recommendation,,,,,SerpApi location uncertain or missing; manual review required,Strong match,,,,,Not available until reviews collected,Not applicable - local/independent,Local/independent record retained as working open-source inventory.,,Not major chain,,Error - Your account has run out of searches.,No SerpApi result found,,,,,,Not fresh-checked: SerpApi quota exhausted; retained prior rating/location data where available
GYM_FULL_0137,de la sol yoga studios,Local / Independent,Boutique/Specialty,Premium/Specialty,Yoga/Pilates/Studio,No,No,Hamilton,Central Hamilton,Nearest market-zone centroid within municipality,3.3,"de la sol yoga studios, 430, York Boulevard, Strathcona, Hamilton, Golden Horseshoe, Ontario, L8R 3K8, Canada",43.2653059,-79.8807241,Limited / class or coaching focused,Unknown,0,Likely,1,Likely,1,Unknown,No,Unknown,Unknown,0,Unknown,0,Needs location verification,4.8,172,https://nominatim.openstreetmap.org/,OpenStreetMap Nominatim place search,Inferred from brand/category unless source record confirms location service,Open place record - verify against official website or Google Maps,2026-07-26,Full working database record - verify before final recommendation; SerpApi rating/location Strong match,,SerpApi Google Maps API,,2026-07-29,Collected via SerpApi; Strong match,Strong match,,,,,Not available until reviews collected,Not applicable - local/independent,Local/independent record retained as working open-source inventory.,,Not major chain,,Error - Your account has run out of searches.,No SerpApi result found,,,,,,Not fresh-checked: SerpApi quota exhausted; retained prior rating/location data where available
GYM_FULL_0138,Yin Yoga Studio,Local / Independent,Boutique/Specialty,Premium/Specialty,Yoga/Pilates/Studio,No,No,Hamilton,West Hamilton,Nearest market-zone centroid within municipality,2.14,"Yin Yoga Studio, 343, Wilson Street East, Downtown Ancaster, Old Mill, Hamilton, Golden Horseshoe, Ontario, L9G 2C1, Canada",43.22705,-79.9767892,Limited / class or coaching focused,Unknown,0,Likely,1,Likely,1,Unknown,No,Unknown,Unknown,0,Unknown,0,Needs location verification,4.3,16,https://nominatim.openstreetmap.org/,OpenStreetMap Nominatim place search,Inferred from brand/category unless source record confirms location service,Open place record - verify against official website or Google Maps,2026-07-26,Full working database record - verify before final recommendation; SerpApi rating/location Strong match,,SerpApi Google Maps API,,2026-07-29,Collected via SerpApi; Strong match,Strong match,,,,,Not available until reviews collected,Not applicable - local/independent,Local/independent record retained as working open-source inventory.,,Not major chain,,Error - Your account has run out of searches.,No SerpApi result found,,,,,,Not fresh-checked: SerpApi quota exhausted; retained prior rating/location data where available
GYM_FULL_0139,Modo Yoga,Local / Independent,Boutique/Specialty,Premium/Specialty,Yoga/Pilates/Studio,No,No,Hamilton,West Hamilton,Nearest market-zone centroid within municipality,2.45,"Modo Yoga, 101, Osler Drive, Dundana East, Hamilton, Golden Horseshoe, Ontario, L9H 4H4, Canada",43.2576228,-79.9428708,Limited / class or coaching focused,Unknown,0,Likely,1,Likely,1,Unknown,No,Unknown,Unknown,0,Unknown,0,Needs location verification,4.8,285,https://nominatim.openstreetmap.org/,OpenStreetMap Nominatim place search,Inferred from brand/category unless source record confirms location service,Open place record - verify against official website or Google Maps,2026-07-26,Full working database record - verify before final recommendation; SerpApi rating/location Strong match,,SerpApi Google Maps API,,2026-07-29,Collected via SerpApi; Strong match,Strong match,,,,,Not available until reviews collected,Not applicable - local/independent,Local/independent record retained as working open-source inventory.,,Not major chain,,Error - Your account has run out of searches.,No SerpApi result found,,,,,,Not fresh-checked: SerpApi quota exhausted; retained prior rating/location data where available
GYM_FULL_0140,Studio Zee Pilates,Local / Independent,Boutique/Specialty,Premium/Specialty,Yoga/Pilates/Studio,No,No,Hamilton,Central Hamilton,Nearest market-zone centroid within municipality,3.31,"Studio Zee Pilates, 430, York Boulevard, Strathcona, Hamilton, Golden Horseshoe, Ontario, L8R 3K8, Canada",43.2653714,-79.8808394,Limited / class or coaching focused,Unknown,0,Likely,1,Likely,1,Unknown,No,Unknown,Unknown,0,Unknown,0,Needs location verification,5,104,https://nominatim.openstreetmap.org/,OpenStreetMap Nominatim place search,Inferred from brand/category unless source record confirms location service,Open place record - verify against official website or Google Maps,2026-07-26,Full working database record - verify before final recommendation; SerpApi rating/location Strong match,,SerpApi Google Maps API,,2026-07-29,Collected via SerpApi; Strong match,Strong match,,,,,Not available until reviews collected,Not applicable - local/independent,Local/independent record retained as working open-source inventory.,,Not major chain,,Error - Your account has run out of searches.,No SerpApi result found,,,,,,Not fresh-checked: SerpApi quota exhausted; retained prior rating/location data where available
GYM_FULL_0141,United Family Martial Arts,Local / Independent,Boutique/Specialty,Premium/Specialty,Boxing/Martial arts fitness,No,No,Hamilton,Central Hamilton,Nearest market-zone centroid within municipality,3.62,"United Family Martial Arts, 407, Charlton Avenue West, Kirkendall North, Hamilton, Golden Horseshoe, Ontario, L8P 2E6, Canada",43.2540431,-79.8908542,Limited / class or coaching focused,Unknown,0,Likely,1,Likely,1,Unknown,No,Unknown,Unknown,0,Unknown,0,Needs location verification,4.4,28,https://nominatim.openstreetmap.org/,OpenStreetMap Nominatim place search,Inferred from brand/category unless source record confirms location service,Open place record - verify against official website or Google Maps,2026-07-26,Full working database record - verify before final recommendation; SerpApi rating/location Strong match,,SerpApi Google Maps API,,2026-07-29,Collected via SerpApi; Strong match,Strong match,,,,,Not available until reviews collected,Not applicable - local/independent,Local/independent record retained as working open-source inventory.,,Not major chain,,Error - Your account has run out of searches.,No SerpApi result found,,,,,,Not fresh-checked: SerpApi quota exhausted; retained prior rating/location data where available
GYM_FULL_0142,United Family Martial Arts,Local / Independent,Boutique/Specialty,Premium/Specialty,Boxing/Martial arts fitness,No,No,Hamilton,Southeast Hamilton,Nearest market-zone centroid within municipality,4.31,"United Family Martial Arts, 290, Queenston Road, Glenview East, Hamilton, Golden Horseshoe, Ontario, L8K 1H1, Canada",43.2339228,-79.791715,Limited / class or coaching focused,Unknown,0,Likely,1,Likely,1,Unknown,No,Unknown,Unknown,0,Unknown,0,Needs location verification,4.5,64,https://nominatim.openstreetmap.org/,OpenStreetMap Nominatim place search,Inferred from brand/category unless source record confirms location service,Open place record - verify against official website or Google Maps,2026-07-26,Full working database record - verify before final recommendation; SerpApi rating/location Strong match,,SerpApi Google Maps API,,2026-07-29,Collected via SerpApi; Strong match,Strong match,,,,,Not available until reviews collected,Not applicable - local/independent,Local/independent record retained as working open-source inventory.,,Not major chain,,Error - Your account has run out of searches.,No SerpApi result found,,,,,,Not fresh-checked: SerpApi quota exhausted; retained prior rating/location data where available
GYM_FULL_0143,Young Park Martial Arts,Local / Independent,Boutique/Specialty,Premium/Specialty,Boxing/Martial arts fitness,No,No,Hamilton,South Hamilton,Nearest market-zone centroid within municipality,0.98,"Young Park Martial Arts, Upper Wentworth Street, Bruleville, Hamilton, Golden Horseshoe, Ontario, L9A 4V9, Canada",43.2170006,-79.865185,Limited / class or coaching focused,Unknown,0,Likely,1,Likely,1,Unknown,No,Unknown,Unknown,0,Unknown,0,Needs location verification,4.9,101,https://nominatim.openstreetmap.org/,OpenStreetMap Nominatim place search,Inferred from brand/category unless source record confirms location service,Open place record - verify against official website or Google Maps,2026-07-26,Full working database record - verify before final recommendation; SerpApi rating/location Strong match,,SerpApi Google Maps API,,2026-07-29,Collected via SerpApi; Strong match,Strong match,,,,,Not available until reviews collected,Not applicable - local/independent,Local/independent record retained as working open-source inventory.,,Not major chain,,Error - Your account has run out of searches.,No SerpApi result found,,,,,,Not fresh-checked: SerpApi quota exhausted; retained prior rating/location data where available
GYM_FULL_0144,OMAC Martial Arts,Local / Independent,Boutique/Specialty,Premium/Specialty,Boxing/Martial arts fitness,No,No,Hamilton,West Hamilton,Nearest market-zone centroid within municipality,7.04,"OMAC Martial Arts, 1191, Wilson Street West, Duff's Corners, Hamilton, Golden Horseshoe, Ontario, L9G 0E8, Canada",43.1978009,-80.0223645,Limited / class or coaching focused,Unknown,0,Likely,1,Likely,1,Unknown,No,Unknown,Unknown,0,Unknown,0,Needs location verification,5,90,https://nominatim.openstreetmap.org/,OpenStreetMap Nominatim place search,Inferred from brand/category unless source record confirms location service,Open place record - verify against official website or Google Maps,2026-07-26,Full working database record - verify before final recommendation; SerpApi rating/location Strong match,,SerpApi Google Maps API,,2026-07-29,Collected via SerpApi; Strong match,Strong match,,,,,Not available until reviews collected,Not applicable - local/independent,Local/independent record retained as working open-source inventory.,,Not major chain,,Error - Your account has run out of searches.,No SerpApi result found,,,,,,Not fresh-checked: SerpApi quota exhausted; retained prior rating/location data where available
GYM_FULL_0145,Elite Leadership Martial Arts,Local / Independent,Boutique/Specialty,Premium/Specialty,Boxing/Martial arts fitness,No,No,Hamilton,West Hamilton,Nearest market-zone centroid within municipality,2.23,"Elite Leadership Martial Arts, 120, San Antonio Drive, Mountview, Hamilton, Golden Horseshoe, Ontario, L9C 5N2, Canada",43.2391352,-79.9269833,Limited / class or coaching focused,Unknown,0,Likely,1,Likely,1,Unknown,No,Unknown,Unknown,0,Unknown,0,Needs location verification,5,17,https://nominatim.openstreetmap.org/,OpenStreetMap Nominatim place search,Inferred from brand/category unless source record confirms location service,Open place record - verify against official website or Google Maps,2026-07-26,Full working database record - verify before final recommendation; SerpApi rating/location Strong match,,SerpApi Google Maps API,,2026-07-29,Collected via SerpApi; Strong match,Strong match,,,,,Not available until reviews collected,Not applicable - local/independent,Local/independent record retained as working open-source inventory.,,Not major chain,,Error - Your account has run out of searches.,No SerpApi result found,,,,,,Not fresh-checked: SerpApi quota exhausted; retained prior rating/location data where available
GYM_FULL_0146,United Family Martial Arts,Local / Independent,Boutique/Specialty,Premium/Specialty,Boxing/Martial arts fitness,No,No,Hamilton,South Hamilton,Nearest market-zone centroid within municipality,3.21,"United Family Martial Arts, Upper Ottawa Street, Rymal, Hamilton, Golden Horseshoe, Ontario, L8W 1Z6, Canada",43.198184,-79.8400751,Limited / class or coaching focused,Unknown,0,Likely,1,Likely,1,Unknown,No,Unknown,Unknown,0,Unknown,0,Needs location verification,4.2,55,https://nominatim.openstreetmap.org/,OpenStreetMap Nominatim place search,Inferred from brand/category unless source record confirms location service,Open place record - verify against official website or Google Maps,2026-07-26,Full working database record - verify before final recommendation; SerpApi rating/location Strong match,,SerpApi Google Maps API,,2026-07-29,Collected via SerpApi; Strong match,Strong match,,,,,Not available until reviews collected,Not applicable - local/independent,Local/independent record retained as working open-source inventory.,,Not major chain,,Error - Your account has run out of searches.,No SerpApi result found,,,,,,Not fresh-checked: SerpApi quota exhausted; retained prior rating/location data where available
GYM_FULL_0147,GoodLife Fitness,GoodLife Fitness,Full-Service Chain,Mid/Premium,Full-service chain gym,No,Yes,Hamilton,South Hamilton,Nearest market-zone centroid within municipality,1.8,"GoodLife Fitness, 1550, Upper James Street, Ryckmans Corners, Mewburn, Hamilton, Golden Horseshoe, Ontario, L9B 2L6, Canada",43.2053594,-79.8952959,Yes,Unknown,0,Likely,1,Likely,1,Unknown,Unknown,Unknown,Unknown,0,Unknown,0,Needs location verification,,,https://nominatim.openstreetmap.org/,OpenStreetMap Nominatim place search,Inferred from brand/category unless source record confirms location service,Open place record - verify against official website or Google Maps,2026-07-26,Major chain official locator identified; current row retained as working record pending row-level official page/address confirmation.,,,,,SerpApi no result / error; manual review required,No SerpApi result found,,,,,Not available until reviews collected,Medium,Official GoodLife club locator available; current rows remain mostly open-source and need row-level official page matching.,https://www.goodlifefitness.com/clubs.html,Official locator available; row-level match pending,,Error - Your account has run out of searches.,No SerpApi result found,,,,,,Not fresh-checked: SerpApi quota exhausted; retained prior rating/location data where available
GYM_FULL_0148,GoodLife Fitness,GoodLife Fitness,Full-Service Chain,Mid/Premium,Full-service chain gym,No,Yes,Hamilton,South Hamilton,Nearest market-zone centroid within municipality,1.39,"GoodLife Fitness, Upper Wentworth Street, Thorner, Hamilton, Golden Horseshoe, Ontario, L9A 5C5, Canada",43.2205999,-79.8626903,Yes,Unknown,0,Likely,1,Likely,1,Unknown,Unknown,Unknown,Unknown,0,Unknown,0,Needs location verification,,,https://nominatim.openstreetmap.org/,OpenStreetMap Nominatim place search,Inferred from brand/category unless source record confirms location service,Open place record - verify against official website or Google Maps,2026-07-26,Major chain official locator identified; current row retained as working record pending row-level official page/address confirmation.,,,,,SerpApi no result / error; manual review required,No SerpApi result found,,,,,Not available until reviews collected,Medium,Official GoodLife club locator available; current rows remain mostly open-source and need row-level official page matching.,https://www.goodlifefitness.com/clubs.html,Official locator available; row-level match pending,,Error - Your account has run out of searches.,No SerpApi result found,,,,,,Not fresh-checked: SerpApi quota exhausted; retained prior rating/location data where available
GYM_FULL_0149,Crunch Fitness,Crunch Fitness,Budget/Mid Chain,Budget/Mid,Big-box gym,Yes,Yes,Hamilton,East Hamilton,Nearest market-zone centroid within municipality,2.34,"Crunch Fitness, South Service Road, Industrial, Hamilton, Golden Horseshoe, Ontario, L8E 2W1, Canada",43.2290209,-79.6995198,Yes,Unknown,0,Likely,1,Likely,1,Unknown,Unknown,Unknown,Unknown,0,Unknown,0,Needs location verification,,,https://nominatim.openstreetmap.org/,OpenStreetMap Nominatim place search,Inferred from brand/category unless source record confirms location service,Open place record - verify against official website or Google Maps,2026-07-26,Major chain official locator identified; current row retained as working record pending row-level official page/address confirmation.,,,,,SerpApi no result / error; manual review required,No SerpApi result found,,,,,Not available until reviews collected,Medium,Official Crunch Canada location pages available; current rows remain mostly open-source and need row-level official page matching.,https://www.crunchfitness.ca/locations,Official locator available; row-level match pending,,Error - Your account has run out of searches.,No SerpApi result found,,,,,,Not fresh-checked: SerpApi quota exhausted; retained prior rating/location data where available
GYM_FULL_0150,World Gym,World Gym,Budget/Mid Chain,Budget/Mid,Big-box gym,Yes,Yes,St. Catharines,Northwest St. Catharines,Nearest market-zone centroid within municipality,1.07,"World Gym, Ventura Drive, St. Catharines, Niagara Region, Golden Horseshoe, Ontario, L2R 5L3, Canada",43.1730473,-79.2642137,Yes,Unknown,0,Likely,1,Likely,1,Unknown,Unknown,Unknown,Unknown,0,Unknown,0,Needs location verification,,,https://nominatim.openstreetmap.org/,OpenStreetMap Nominatim place search,Inferred from brand/category unless source record confirms location service,Open place record - verify against official website or Google Maps,2026-07-26,Major chain official locator identified; current row retained as working record pending row-level official page/address confirmation.,,,,,SerpApi no result / error; manual review required,No SerpApi result found,,,,,Not available until reviews collected,Medium,Official World Gym locator available; current rows need row-level official page matching.,https://www.worldgym.com/locations/,Official locator available; row-level match pending,,Error - Your account has run out of searches.,No SerpApi result found,,,,,,Not fresh-checked: SerpApi quota exhausted; retained prior rating/location data where available
GYM_FULL_0151,Reading Gym,Local / Independent,Local/Independent,Unknown,Local/independent gym,No,No,St. Catharines,Northwest St. Catharines,Nearest market-zone centroid within municipality,2.1,"Reading Gym, Kilkenny Drive, Port Dalhousie, St. Catharines, Niagara Region, Golden Horseshoe, Ontario, L2N 4J4, Canada",43.200161,-79.2542699,Yes,Unknown,0,Unknown,0,Unknown,0,Unknown,Unknown,Unknown,Unknown,0,Unknown,0,Needs location verification,,,https://nominatim.openstreetmap.org/,OpenStreetMap Nominatim place search,Inferred from brand/category unless source record confirms location service,Open place record - verify against official website or Google Maps,2026-07-26,Full working database record - verify before final recommendation,,,,,SerpApi no result / error; manual review required,No SerpApi result found,,,,,Not available until reviews collected,Not applicable - local/independent,Local/independent record retained as working open-source inventory.,,Not major chain,,Error - Your account has run out of searches.,No SerpApi result found,,,,,,Not fresh-checked: SerpApi quota exhausted; retained prior rating/location data where available
GYM_FULL_0152,Integrated Health Centre & Fitness Studio,Local / Independent,Local/Independent,Unknown,Local/independent gym,No,No,St. Catharines,Northwest St. Catharines,Nearest market-zone centroid within municipality,1.41,"Integrated Health Centre & Fitness Studio, Sparkes Street, Port Dalhousie, St. Catharines, Niagara Region, Golden Horseshoe, Ontario, L2N 4H7, Canada",43.1939882,-79.2609831,Yes,Unknown,0,Unknown,0,Unknown,0,Unknown,Unknown,Unknown,Unknown,0,Unknown,0,Needs location verification,,,https://nominatim.openstreetmap.org/,OpenStreetMap Nominatim place search,Inferred from brand/category unless source record confirms location service,Open place record - verify against official website or Google Maps,2026-07-26,Full working database record - verify before final recommendation,,,,,SerpApi no result / error; manual review required,No SerpApi result found,,,,,Not available until reviews collected,Not applicable - local/independent,Local/independent record retained as working open-source inventory.,,Not major chain,,Error - Your account has run out of searches.,No SerpApi result found,,,,,,Not fresh-checked: SerpApi quota exhausted; retained prior rating/location data where available
GYM_FULL_0153,Team OBrien Fitness,Local / Independent,Local/Independent,Unknown,Local/independent gym,No,No,St. Catharines,Northwest St. Catharines,Nearest market-zone centroid within municipality,1.44,"Team OBrien Fitness, Manchester Avenue, St. Catharines, Niagara Region, Golden Horseshoe, Ontario, L2R 5L3, Canada",43.1691022,-79.2632581,Yes,Unknown,0,Unknown,0,Unknown,0,Unknown,Unknown,Unknown,Unknown,0,Unknown,0,Needs location verification,,,https://nominatim.openstreetmap.org/,OpenStreetMap Nominatim place search,Inferred from brand/category unless source record confirms location service,Open place record - verify against official website or Google Maps,2026-07-26,Full working database record - verify before final recommendation,,,,,SerpApi no result / error; manual review required,No SerpApi result found,,,,,Not available until reviews collected,Not applicable - local/independent,Local/independent record retained as working open-source inventory.,,Not major chain,,Error - Your account has run out of searches.,No SerpApi result found,,,,,,Not fresh-checked: SerpApi quota exhausted; retained prior rating/location data where available
GYM_FULL_0154,GoodLife Fitness,GoodLife Fitness,Full-Service Chain,Mid/Premium,Full-service chain gym,No,Yes,St. Catharines,Northeast St. Catharines,Nearest market-zone centroid within municipality,1.56,"GoodLife Fitness, Berkley Drive, Carlton Heights, St. Catharines, Niagara Region, Golden Horseshoe, Ontario, L2M 6B8, Canada",43.1848875,-79.2077923,Yes,Unknown,0,Likely,1,Likely,1,Unknown,Unknown,Unknown,Unknown,0,Unknown,0,Needs location verification,,,https://nominatim.openstreetmap.org/,OpenStreetMap Nominatim place search,Inferred from brand/category unless source record confirms location service,Open place record - verify against official website or Google Maps,2026-07-26,Major chain official locator identified; current row retained as working record pending row-level official page/address confirmation.,,,,,SerpApi no result / error; manual review required,No SerpApi result found,,,,,Not available until reviews collected,Medium,Official GoodLife club locator available; current rows remain mostly open-source and need row-level official page matching.,https://www.goodlifefitness.com/clubs.html,Official locator available; row-level match pending,,Error - Your account has run out of searches.,No SerpApi result found,,,,,,Not fresh-checked: SerpApi quota exhausted; retained prior rating/location data where available
GYM_FULL_0155,Anytime Fitness,Anytime Fitness,Budget/Mid Chain,Budget/Mid,24/7 access gym,Yes,Yes,St. Catharines,Southeast St. Catharines,Nearest market-zone centroid within municipality,1.5,"Anytime Fitness, 306, Glendale Avenue, Merritton, St. Catharines, Niagara Region, Golden Horseshoe, Ontario, L2T 2L5, Canada",43.1352639,-79.2174871,Yes,Likely,1,Likely,1,Unknown,0,Unknown,Unknown,Unknown,Unknown,0,Unknown,0,Needs location verification,,,https://nominatim.openstreetmap.org/,OpenStreetMap Nominatim place search,Inferred from brand/category unless source record confirms location service,Open place record - verify against official website or Google Maps,2026-07-26,Major chain official locator identified; current row retained as working record pending row-level official page/address confirmation.,,,,,SerpApi no result / error; manual review required,No SerpApi result found,,,,,Not available until reviews collected,Medium,Official Anytime Fitness Canada locator available; current rows need row-level official page matching.,https://www.anytimefitness.ca/find-gym/,Official locator available; row-level match pending,,Error - Your account has run out of searches.,No SerpApi result found,,,,,,Not fresh-checked: SerpApi quota exhausted; retained prior rating/location data where available
GYM_FULL_0156,Yoga by Sarah,Local / Independent,Boutique/Specialty,Premium/Specialty,Yoga/Pilates/Studio,No,No,St. Catharines,Northeast St. Catharines,Nearest market-zone centroid within municipality,0.86,"Yoga by Sarah, Grenadier Court, St. Catharines, Niagara Region, Golden Horseshoe, Ontario, L2N 6T4, Canada",43.1877283,-79.2290067,Limited / class or coaching focused,Unknown,0,Likely,1,Likely,1,Unknown,No,Unknown,Unknown,0,Unknown,0,Needs location verification,,,https://nominatim.openstreetmap.org/,OpenStreetMap Nominatim place search,Inferred from brand/category unless source record confirms location service,Open place record - verify against official website or Google Maps,2026-07-26,Full working database record - verify before final recommendation,,,,,SerpApi no result / error; manual review required,No SerpApi result found,,,,,Not available until reviews collected,Not applicable - local/independent,Local/independent record retained as working open-source inventory.,,Not major chain,,Error - Your account has run out of searches.,No SerpApi result found,,,,,,Not fresh-checked: SerpApi quota exhausted; retained prior rating/location data where available
GYM_FULL_0157,Power Yoga,Local / Independent,Boutique/Specialty,Premium/Specialty,Yoga/Pilates/Studio,No,No,St. Catharines,Southwest St. Catharines,Nearest market-zone centroid within municipality,1.68,"Power Yoga, Fourth Avenue, St. Catharines, Niagara Region, Golden Horseshoe, Ontario, L2S 3S9, Canada",43.1564233,-79.2637258,Limited / class or coaching focused,Unknown,0,Likely,1,Likely,1,Unknown,No,Unknown,Unknown,0,Unknown,0,Needs location verification,,,https://nominatim.openstreetmap.org/,OpenStreetMap Nominatim place search,Inferred from brand/category unless source record confirms location service,Open place record - verify against official website or Google Maps,2026-07-26,Full working database record - verify before final recommendation,,,,,SerpApi no result / error; manual review required,No SerpApi result found,,,,,Not available until reviews collected,Not applicable - local/independent,Local/independent record retained as working open-source inventory.,,Not major chain,,Error - Your account has run out of searches.,No SerpApi result found,,,,,,Not fresh-checked: SerpApi quota exhausted; retained prior rating/location data where available
GYM_FULL_0158,A. E. King Memorial Physical Fitness Complex,Local / Independent,Local/Independent,Unknown,Local/independent gym,No,No,Oshawa,Southeast Oshawa,Nearest market-zone centroid within municipality,2.53,"A. E. King Memorial Physical Fitness Complex, Clarence Biesenthal Drive, Eastdale, Oshawa, Durham Region, Golden Horseshoe, Ontario, L1K 2H4, Canada",43.9094573,-78.8197677,Yes,Unknown,0,Unknown,0,Unknown,0,Unknown,Unknown,Unknown,Unknown,0,Unknown,0,Needs location verification,,,https://nominatim.openstreetmap.org/,OpenStreetMap Nominatim place search,Inferred from brand/category unless source record confirms location service,Open place record - verify against official website or Google Maps,2026-07-26,Full working database record - verify before final recommendation,,,,,SerpApi no result / error; manual review required,No SerpApi result found,,,,,Not available until reviews collected,Not applicable - local/independent,Local/independent record retained as working open-source inventory.,,Not major chain,,Error - Your account has run out of searches.,No SerpApi result found,,,,,,Not fresh-checked: SerpApi quota exhausted; retained prior rating/location data where available
GYM_FULL_0159,LA Fitness,LA Fitness,Full-Service Chain,Mid/Premium,Full-service chain gym,No,Yes,Oshawa,North Oshawa,Nearest market-zone centroid within municipality,1.03,"LA Fitness, Beatrice Street East, Centennial, Oshawa, Durham Region, Golden Horseshoe, Ontario, L1G 3V2, Canada",43.9314504,-78.8654847,Yes,Unknown,0,Likely,1,Likely,1,Unknown,Unknown,Unknown,Unknown,0,Unknown,0,Needs location verification,,,https://nominatim.openstreetmap.org/,OpenStreetMap Nominatim place search,Inferred from brand/category unless source record confirms location service,Open place record - verify against official website or Google Maps,2026-07-26,Major chain official locator identified; current row retained as working record pending row-level official page/address confirmation.,,,,,SerpApi no result / error; manual review required,No SerpApi result found,,,,,Not available until reviews collected,Medium,Official LA Fitness club locator available; current rows need row-level official page matching.,https://www.lafitness.com/Pages/findclub.aspx,Official locator available; row-level match pending,,Error - Your account has run out of searches.,No SerpApi result found,,,,,,Not fresh-checked: SerpApi quota exhausted; retained prior rating/location data where available
GYM_FULL_0160,GoodLife Fitness,GoodLife Fitness,Full-Service Chain,Mid/Premium,Full-service chain gym,No,Yes,Oshawa,Southwest Oshawa,Nearest market-zone centroid within municipality,0.91,"GoodLife Fitness, Food Court Ring, Vanier, Oshawa, Durham Region, Golden Horseshoe, Ontario, L1J 2K5, Canada",43.8907257,-78.8788541,Yes,Unknown,0,Likely,1,Likely,1,Unknown,Unknown,Unknown,Unknown,0,Unknown,0,Needs location verification,,,https://nominatim.openstreetmap.org/,OpenStreetMap Nominatim place search,Inferred from brand/category unless source record confirms location service,Open place record - verify against official website or Google Maps,2026-07-26,Major chain official locator identified; current row retained as working record pending row-level official page/address confirmation.,,,,,SerpApi no result / error; manual review required,No SerpApi result found,,,,,Not available until reviews collected,Medium,Official GoodLife club locator available; current rows remain mostly open-source and need row-level official page matching.,https://www.goodlifefitness.com/clubs.html,Official locator available; row-level match pending,,Error - Your account has run out of searches.,No SerpApi result found,,,,,,Not fresh-checked: SerpApi quota exhausted; retained prior rating/location data where available
GYM_FULL_0162,Innerstrong Fitness,Local / Independent,Local/Independent,Unknown,Local/independent gym,No,No,Oshawa,Northwest Oshawa,Nearest market-zone centroid within municipality,1.54,"Innerstrong Fitness, 2368, Pindar Crescent, Kedron, Oshawa, Durham Region, Golden Horseshoe, Ontario, L1L 1B7, Canada",43.9568919,-78.8866735,Yes,Unknown,0,Unknown,0,Unknown,0,Unknown,Unknown,Unknown,Unknown,0,Unknown,0,Needs location verification,,,https://nominatim.openstreetmap.org/,OpenStreetMap Nominatim place search,Inferred from brand/category unless source record confirms location service,Open place record - verify against official website or Google Maps,2026-07-26,Full working database record - verify before final recommendation,,,,,SerpApi no result / error; manual review required,No SerpApi result found,,,,,Not available until reviews collected,Not applicable - local/independent,Local/independent record retained as working open-source inventory.,,Not major chain,,Error - Your account has run out of searches.,No SerpApi result found,,,,,,Not fresh-checked: SerpApi quota exhausted; retained prior rating/location data where available
GYM_FULL_0163,Orangetheory Fitness,Orangetheory Fitness,Boutique Chain,Premium,Boutique group training,No,Yes,Oshawa,North Oshawa,Nearest market-zone centroid within municipality,0.4,"Orangetheory Fitness, Walter Avenue, Pinecrest, Oshawa, Durham Region, Golden Horseshoe, Ontario, L1K 0C2, Canada",43.9383271,-78.8504395,Limited / class or coaching focused,Unknown,0,Likely,1,Likely,1,Unknown,No,Unknown,Unknown,0,Unknown,0,Needs location verification,,,https://nominatim.openstreetmap.org/,OpenStreetMap Nominatim place search,Inferred from brand/category unless source record confirms location service,Open place record - verify against official website or Google Maps,2026-07-26,Major chain official locator identified; current row retained as working record pending row-level official page/address confirmation.,,,,,SerpApi no result / error; manual review required,No SerpApi result found,,,,,Not available until reviews collected,Medium,Official Orangetheory locator available; current rows need row-level official page matching.,https://www.orangetheory.com/en-ca/locations,Official locator available; row-level match pending,,Error - Your account has run out of searches.,No SerpApi result found,,,,,,Not fresh-checked: SerpApi quota exhausted; retained prior rating/location data where available
GYM_FULL_0164,F45 Training,F45 Training,Boutique Chain,Premium,Boutique group training,No,Yes,Oshawa,Southwest Oshawa,Nearest market-zone centroid within municipality,0.68,"F45 Training, King Street West, McLaughlin, Thornton's Corners, Oshawa, Durham Region, Golden Horseshoe, Ontario, L1J 2K0, Canada",43.893671,-78.8823326,Limited / class or coaching focused,Unknown,0,Likely,1,Likely,1,Unknown,No,Unknown,Unknown,0,Unknown,0,Needs location verification,,,https://nominatim.openstreetmap.org/,OpenStreetMap Nominatim place search,Inferred from brand/category unless source record confirms location service,Open place record - verify against official website or Google Maps,2026-07-26,Major chain official locator identified; current row retained as working record pending row-level official page/address confirmation.,,,,,SerpApi no result / error; manual review required,No SerpApi result found,,,,,Not available until reviews collected,Medium,Official F45 studio locator available; current rows need row-level official page matching.,https://f45training.com/studios/,Official locator available; row-level match pending,,Error - Your account has run out of searches.,No SerpApi result found,,,,,,Not fresh-checked: SerpApi quota exhausted; retained prior rating/location data where available
GYM_FULL_0165,World Gym,World Gym,Budget/Mid Chain,Budget/Mid,Big-box gym,Yes,Yes,Barrie,Northwest Barrie,Nearest market-zone centroid within municipality,1.37,"World Gym, Bayfield Street, Tall Trees, Barrie, Central Ontario, Ontario, L4M 3C5, Canada",44.4057352,-79.7059172,Yes,Unknown,0,Likely,1,Likely,1,Unknown,Unknown,Unknown,Unknown,0,Unknown,0,Needs location verification,,,https://nominatim.openstreetmap.org/,OpenStreetMap Nominatim place search,Inferred from brand/category unless source record confirms location service,Open place record - verify against official website or Google Maps,2026-07-26,Major chain official locator identified; current row retained as working record pending row-level official page/address confirmation.,,,,,SerpApi no result / error; manual review required,No SerpApi result found,,,,,Not available until reviews collected,Medium,Official World Gym locator available; current rows need row-level official page matching.,https://www.worldgym.com/locations/,Official locator available; row-level match pending,,Error - Your account has run out of searches.,No SerpApi result found,,,,,,Not fresh-checked: SerpApi quota exhausted; retained prior rating/location data where available
GYM_FULL_0166,LA Fitness,LA Fitness,Full-Service Chain,Mid/Premium,Full-service chain gym,No,Yes,Barrie,Southwest Barrie,Nearest market-zone centroid within municipality,2.8,"LA Fitness, 149, Live Eight Way, Park Place, Barrie, Central Ontario, Ontario, L4N 6P1, Canada",44.3394442,-79.6798658,Yes,Unknown,0,Likely,1,Likely,1,Unknown,Unknown,Unknown,Unknown,0,Unknown,0,Needs location verification,4,930,https://nominatim.openstreetmap.org/,OpenStreetMap Nominatim place search,Inferred from brand/category unless source record confirms location service,Open place record - verify against official website or Google Maps,2026-07-26,Major chain official locator identified; current row retained as working record pending row-level official page/address confirmation.; SerpApi rating/location Strong match,,SerpApi Google Maps API,,2026-07-29,Collected via SerpApi; Strong match,Strong match,,,,,Not available until reviews collected,Medium,Official LA Fitness club locator available; current rows need row-level official page matching.,https://www.lafitness.com/Pages/findclub.aspx,Official locator available; row-level match pending,,Error - Your account has run out of searches.,No SerpApi result found,,,,,,Not fresh-checked: SerpApi quota exhausted; retained prior rating/location data where available
GYM_FULL_0167,LA Fitness,LA Fitness,Full-Service Chain,Mid/Premium,Full-service chain gym,No,Yes,Barrie,Northeast Barrie,Nearest market-zone centroid within municipality,1.3,"LA Fitness, Cundles Road East, Barrie, Central Ontario, Ontario, L4M 0G9, Canada",44.4135224,-79.6784577,Yes,Unknown,0,Likely,1,Likely,1,Unknown,Unknown,Unknown,Unknown,0,Unknown,0,Needs location verification,4.5,1086,https://nominatim.openstreetmap.org/,OpenStreetMap Nominatim place search,Inferred from brand/category unless source record confirms location service,Open place record - verify against official website or Google Maps,2026-07-26,Major chain official locator identified; current row retained as working record pending row-level official page/address confirmation.; SerpApi rating/location Strong match,,SerpApi Google Maps API,,2026-07-29,Collected via SerpApi; Strong match,Strong match,,,,,Not available until reviews collected,Medium,Official LA Fitness club locator available; current rows need row-level official page matching.,https://www.lafitness.com/Pages/findclub.aspx,Official locator available; row-level match pending,,Error - Your account has run out of searches.,No SerpApi result found,,,,,,Not fresh-checked: SerpApi quota exhausted; retained prior rating/location data where available
GYM_FULL_0168,Planet Fitness,Planet Fitness,Budget Chain,Budget,Big-box budget gym,Yes,Yes,Barrie,Southwest Barrie,Nearest market-zone centroid within municipality,2.75,"Planet Fitness, Commerce Park Drive, Barrie, Central Ontario, Ontario, L4N 8W8, Canada",44.3307624,-79.6853171,Yes,Unknown,0,Yes / fitness training,1,Limited / PE@PF training,1,Unknown,No,No,Black Card Spa amenity at many clubs,1,Black Card Spa amenity at many clubs,1,Needs location verification,4.3,53,https://nominatim.openstreetmap.org/,OpenStreetMap Nominatim place search,Inferred from brand/category unless source record confirms location service,Open place record - verify against official website or Google Maps,2026-07-26,Major chain official locator identified; current row retained as working record pending row-level official page/address confirmation.; SerpApi rating/location Strong match,,SerpApi Google Maps API,,2026-07-29,Collected via SerpApi; Strong match,Strong match,,,,,Not available until reviews collected,Medium,Official Planet Fitness pages used for named official rows; remaining rows need official locator confirmation.,https://www.planetfitness.ca/clubs/on,Official locator available; row-level match pending,,Error - Your account has run out of searches.,No SerpApi result found,,,,,,Not fresh-checked: SerpApi quota exhausted; retained prior rating/location data where available
GYM_FULL_0169,Fitness Avenue,Local / Independent,Local/Independent,Unknown,Local/independent gym,No,No,Barrie,Southwest Barrie,Nearest market-zone centroid within municipality,2.54,"Fitness Avenue, 40, Mills Road, Barrie, Central Ontario, Ontario, L4N 6J9, Canada",44.3267002,-79.6938167,Yes,Unknown,0,Unknown,0,Unknown,0,Unknown,Unknown,Unknown,Unknown,0,Unknown,0,Needs location verification,4.8,934,https://nominatim.openstreetmap.org/,OpenStreetMap Nominatim place search,Inferred from brand/category unless source record confirms location service,Open place record - verify against official website or Google Maps,2026-07-26,Full working database record - verify before final recommendation; SerpApi rating/location Strong match,,SerpApi Google Maps API,,2026-07-29,Collected via SerpApi; Strong match,Strong match,,,,,Not available until reviews collected,Not applicable - local/independent,Local/independent record retained as working open-source inventory.,,Not major chain,,Error - Your account has run out of searches.,No SerpApi result found,,,,,,Not fresh-checked: SerpApi quota exhausted; retained prior rating/location data where available
GYM_FULL_0170,Anytime Fitness,Anytime Fitness,Budget/Mid Chain,Budget/Mid,24/7 access gym,Yes,Yes,Barrie,Southwest Barrie,Nearest market-zone centroid within municipality,0.76,"Anytime Fitness, Coughlin Road, Holly, Barrie, Central Ontario, Ontario, L4N 9N7, Canada",44.3377219,-79.7112975,Yes,Likely,1,Likely,1,Unknown,0,Unknown,Unknown,Unknown,Unknown,0,Unknown,0,Needs location verification,,,https://nominatim.openstreetmap.org/,OpenStreetMap Nominatim place search,Inferred from brand/category unless source record confirms location service,Open place record - verify against official website or Google Maps,2026-07-26,Major chain official locator identified; current row retained as working record pending row-level official page/address confirmation.,,,,,SerpApi location uncertain or missing; manual review required,Needs manual review - text match but distance unclear/far,,,,,Not available until reviews collected,Medium,Official Anytime Fitness Canada locator available; current rows need row-level official page matching.,https://www.anytimefitness.ca/find-gym/,Official locator available; row-level match pending,,Error - Your account has run out of searches.,No SerpApi result found,,,,,,Not fresh-checked: SerpApi quota exhausted; retained prior rating/location data where available
GYM_FULL_0172,Modo Yoga,Local / Independent,Boutique/Specialty,Premium/Specialty,Yoga/Pilates/Studio,No,No,Barrie,East Barrie,Nearest market-zone centroid within municipality,1.75,"Modo Yoga, 411, Huronia Road, Barrie, Central Ontario, Ontario, L4N 9B3, Canada",44.3527257,-79.6638495,Limited / class or coaching focused,Unknown,0,Likely,1,Likely,1,Unknown,No,Unknown,Unknown,0,Unknown,0,Needs location verification,4.9,207,https://nominatim.openstreetmap.org/,OpenStreetMap Nominatim place search,Inferred from brand/category unless source record confirms location service,Open place record - verify against official website or Google Maps,2026-07-26,Full working database record - verify before final recommendation; SerpApi rating/location Strong match,,SerpApi Google Maps API,,2026-07-29,Collected via SerpApi; Strong match,Strong match,,,,,Not available until reviews collected,Not applicable - local/independent,Local/independent record retained as working open-source inventory.,,Not major chain,,Error - Your account has run out of searches.,No SerpApi result found,,,,,,Not fresh-checked: SerpApi quota exhausted; retained prior rating/location data where available
GYM_FULL_0173,CrossFit,CrossFit,Boutique/Specialty,Premium/Specialty,Strength and conditioning studio,No,Yes,Barrie,East Barrie,Nearest market-zone centroid within municipality,1.78,"CrossFit, 349, Huronia Road, Barrie, Central Ontario, Ontario, L4N 8Z1, Canada",44.3549463,-79.6651129,Limited / class or coaching focused,Unknown,0,Likely,1,Likely,1,Unknown,No,Unknown,Unknown,0,Unknown,0,Needs location verification,4.8,58,https://nominatim.openstreetmap.org/,OpenStreetMap Nominatim place search,Inferred from brand/category unless source record confirms location service,Open place record - verify against official website or Google Maps,2026-07-26,Major chain official locator identified; current row retained as working record pending row-level official page/address confirmation.; SerpApi rating/location Likely match,,SerpApi Google Maps API,,2026-07-29,Collected via SerpApi; Likely match,Likely match,,,,,Not available until reviews collected,Medium,Official CrossFit affiliate map available; current rows need row-level affiliate confirmation.,https://map.crossfit.com/,Official locator available; row-level match pending,,Error - Your account has run out of searches.,No SerpApi result found,,,,,,Not fresh-checked: SerpApi quota exhausted; retained prior rating/location data where available
GYM_FULL_0174,Ross Gym,Local / Independent,Local/Independent,Unknown,Local/independent gym,No,No,Kingston,South Kingston,Nearest market-zone centroid within municipality,1.67,"Ross Gym, Alumni Way, University District, Kingston, Eastern Ontario, Ontario, K7L 3P5, Canada",44.2286674,-76.4948162,Yes,Unknown,0,Unknown,0,Unknown,0,Unknown,Unknown,Unknown,Unknown,0,Unknown,0,Needs location verification,4.4,643,https://nominatim.openstreetmap.org/,OpenStreetMap Nominatim place search,Inferred from brand/category unless source record confirms location service,Open place record - verify against official website or Google Maps,2026-07-26,Full working database record - verify before final recommendation; SerpApi rating/location Strong match,,SerpApi Google Maps API,,2026-07-29,Collected via SerpApi; Strong match,Strong match,,,,,Not available until reviews collected,Not applicable - local/independent,Local/independent record retained as working open-source inventory.,,Not major chain,,Error - Your account has run out of searches.,No SerpApi result found,,,,,,Not fresh-checked: SerpApi quota exhausted; retained prior rating/location data where available
GYM_FULL_0175,Bartlett Gym,Local / Independent,Local/Independent,Unknown,Local/independent gym,No,No,Kingston,South Kingston,Nearest market-zone centroid within municipality,1.7,"Bartlett Gym, Athletes’ Walk, University District, Kingston, Eastern Ontario, Ontario, K7L 3P5, Canada",44.2286365,-76.4943318,Yes,Unknown,0,Unknown,0,Unknown,0,Unknown,Unknown,Unknown,Unknown,0,Unknown,0,Needs location verification,4.4,643,https://nominatim.openstreetmap.org/,OpenStreetMap Nominatim place search,Inferred from brand/category unless source record confirms location service,Open place record - verify against official website or Google Maps,2026-07-26,Full working database record - verify before final recommendation; SerpApi rating/location Strong match,,SerpApi Google Maps API,,2026-07-29,Collected via SerpApi; Strong match,Strong match,,,,,Not available until reviews collected,Not applicable - local/independent,Local/independent record retained as working open-source inventory.,,Not major chain,,Error - Your account has run out of searches.,No SerpApi result found,,,,,,Not fresh-checked: SerpApi quota exhausted; retained prior rating/location data where available
GYM_FULL_0176,The Boiler Room Climbing Gym,Local / Independent,Local/Independent,Unknown,Local/independent gym,No,No,Kingston,South Kingston,Nearest market-zone centroid within municipality,0.84,"The Boiler Room Climbing Gym, 993, Princess Street, Kingston, Eastern Ontario, Ontario, K7L 1H3, Canada",44.2441537,-76.5141917,Yes,Unknown,0,Unknown,0,Unknown,0,Unknown,Unknown,Unknown,Unknown,0,Unknown,0,Needs location verification,4.6,313,https://nominatim.openstreetmap.org/,OpenStreetMap Nominatim place search,Inferred from brand/category unless source record confirms location service,Open place record - verify against official website or Google Maps,2026-07-26,Full working database record - verify before final recommendation; SerpApi rating/location Strong match,,SerpApi Google Maps API,,2026-07-29,Collected via SerpApi; Strong match,Strong match,,,,,Not available until reviews collected,Not applicable - local/independent,Local/independent record retained as working open-source inventory.,,Not major chain,,Error - Your account has run out of searches.,No SerpApi result found,,,,,,Not fresh-checked: SerpApi quota exhausted; retained prior rating/location data where available
GYM_FULL_0177,Queen Street Fitness,Local / Independent,Local/Independent,Unknown,Local/independent gym,No,No,Kingston,South Kingston,Nearest market-zone centroid within municipality,1.96,"Queen Street Fitness, 226, Queen Street, University District, Kingston, Eastern Ontario, Ontario, K7L 1B5, Canada",44.233057,-76.4884173,Yes,Unknown,0,Unknown,0,Unknown,0,Unknown,Unknown,Unknown,Unknown,0,Unknown,0,Needs location verification,4.9,87,https://nominatim.openstreetmap.org/,OpenStreetMap Nominatim place search,Inferred from brand/category unless source record confirms location service,Open place record - verify against official website or Google Maps,2026-07-26,Full working database record - verify before final recommendation; SerpApi rating/location Likely match,,SerpApi Google Maps API,,2026-07-29,Collected via SerpApi; Likely match,Likely match,,,,,Not available until reviews collected,Not applicable - local/independent,Local/independent record retained as working open-source inventory.,,Not major chain,,Error - Your account has run out of searches.,No SerpApi result found,,,,,,Not fresh-checked: SerpApi quota exhausted; retained prior rating/location data where available
GYM_FULL_0178,Planet Fitness,Planet Fitness,Budget Chain,Budget,Big-box budget gym,Yes,Yes,Kingston,West Kingston,Nearest market-zone centroid within municipality,2.38,"Planet Fitness, 955, Futures Gate, Kingston, Eastern Ontario, Ontario, K7M 3G1, Canada",44.2577019,-76.5554524,Yes,Unknown,0,Yes / fitness training,1,Limited / PE@PF training,1,Unknown,No,No,Black Card Spa amenity at many clubs,1,Black Card Spa amenity at many clubs,1,Needs location verification,4,819,https://nominatim.openstreetmap.org/,OpenStreetMap Nominatim place search,Inferred from brand/category unless source record confirms location service,Open place record - verify against official website or Google Maps,2026-07-26,Major chain official locator identified; current row retained as working record pending row-level official page/address confirmation.; SerpApi rating/location Strong match,,SerpApi Google Maps API,,2026-07-29,Collected via SerpApi; Strong match,Strong match,,,,,Not available until reviews collected,Medium,Official Planet Fitness pages used for named official rows; remaining rows need official locator confirmation.,https://www.planetfitness.ca/clubs/on,Official locator available; row-level match pending,,Error - Your account has run out of searches.,No SerpApi result found,,,,,,Not fresh-checked: SerpApi quota exhausted; retained prior rating/location data where available
GYM_FULL_0179,GoodLife Fitness,GoodLife Fitness,Full-Service Chain,Mid/Premium,Full-service chain gym,No,Yes,Kingston,South Kingston,Nearest market-zone centroid within municipality,2.57,"GoodLife Fitness, Bath Road, Kingston, Eastern Ontario, Ontario, K7M 4X4, Canada",44.2390368,-76.5446514,Yes,Unknown,0,Likely,1,Likely,1,Unknown,Unknown,Unknown,Unknown,0,Unknown,0,Needs location verification,4.7,14,https://nominatim.openstreetmap.org/,OpenStreetMap Nominatim place search,Inferred from brand/category unless source record confirms location service,Open place record - verify against official website or Google Maps,2026-07-26,Major chain official locator identified; current row retained as working record pending row-level official page/address confirmation.; SerpApi rating/location Strong match,,SerpApi Google Maps API,,2026-07-29,Collected via SerpApi; Strong match,Strong match,,,,,Not available until reviews collected,Medium,Official GoodLife club locator available; current rows remain mostly open-source and need row-level official page matching.,https://www.goodlifefitness.com/clubs.html,Official locator available; row-level match pending,,Error - Your account has run out of searches.,No SerpApi result found,,,,,,Not fresh-checked: SerpApi quota exhausted; retained prior rating/location data where available
GYM_FULL_0180,Crunch Fitness,Crunch Fitness,Budget/Mid Chain,Budget/Mid,Big-box gym,Yes,Yes,Kingston,West Kingston,Nearest market-zone centroid within municipality,2.21,"Crunch Fitness, 616, Gardiners Road, Kingston, Eastern Ontario, Ontario, K7M 4W7, Canada",44.2431953,-76.5625356,Yes,Unknown,0,Likely,1,Likely,1,Unknown,Unknown,Unknown,Unknown,0,Unknown,0,Needs location verification,3.2,103,https://nominatim.openstreetmap.org/,OpenStreetMap Nominatim place search,Inferred from brand/category unless source record confirms location service,Open place record - verify against official website or Google Maps,2026-07-26,Major chain official locator identified; current row retained as working record pending row-level official page/address confirmation.; SerpApi rating/location Strong match,,SerpApi Google Maps API,,2026-07-29,Collected via SerpApi; Strong match,Strong match,,,,,Not available until reviews collected,Medium,Official Crunch Canada location pages available; current rows remain mostly open-source and need row-level official page matching.,https://www.crunchfitness.ca/locations,Official locator available; row-level match pending,,Error - Your account has run out of searches.,No SerpApi result found,,,,,,Not fresh-checked: SerpApi quota exhausted; retained prior rating/location data where available
GYM_FULL_0181,Orangetheory Fitness,Orangetheory Fitness,Boutique Chain,Premium,Boutique group training,No,Yes,Kingston,West Kingston,Nearest market-zone centroid within municipality,2.51,"Orangetheory Fitness, 500, Gardiners Road, Kingston, Eastern Ontario, Ontario, K7M 7W8, Canada",44.2366372,-76.5664712,Limited / class or coaching focused,Unknown,0,Likely,1,Likely,1,Unknown,No,Unknown,Unknown,0,Unknown,0,Needs location verification,4.7,102,https://nominatim.openstreetmap.org/,OpenStreetMap Nominatim place search,Inferred from brand/category unless source record confirms location service,Open place record - verify against official website or Google Maps,2026-07-26,Major chain official locator identified; current row retained as working record pending row-level official page/address confirmation.; SerpApi rating/location Strong match,,SerpApi Google Maps API,,2026-07-29,Collected via SerpApi; Strong match,Strong match,,,,,Not available until reviews collected,Medium,Official Orangetheory locator available; current rows need row-level official page matching.,https://www.orangetheory.com/en-ca/locations,Official locator available; row-level match pending,,Error - Your account has run out of searches.,No SerpApi result found,,,,,,Not fresh-checked: SerpApi quota exhausted; retained prior rating/location data where available
GYM_FULL_0182,Hatha Yoga,Local / Independent,Boutique/Specialty,Premium/Specialty,Yoga/Pilates/Studio,No,No,Kingston,South Kingston,Nearest market-zone centroid within municipality,2.28,"Hatha Yoga, Ordnance Street, Kingston, Eastern Ontario, Ontario, K7K 1A5, Canada",44.2345129,-76.4840617,Limited / class or coaching focused,Unknown,0,Likely,1,Likely,1,Unknown,No,Unknown,Unknown,0,Unknown,0,Needs location verification,5,119,https://nominatim.openstreetmap.org/,OpenStreetMap Nominatim place search,Inferred from brand/category unless source record confirms location service,Open place record - verify against official website or Google Maps,2026-07-26,Full working database record - verify before final recommendation; SerpApi rating/location Likely match,,SerpApi Google Maps API,,2026-07-29,Collected via SerpApi; Likely match,Likely match,,,,,Not available until reviews collected,Not applicable - local/independent,Local/independent record retained as working open-source inventory.,,Not major chain,,Error - Your account has run out of searches.,No SerpApi result found,,,,,,Not fresh-checked: SerpApi quota exhausted; retained prior rating/location data where available
GYM_FULL_0183,Morro Yoga,Local / Independent,Boutique/Specialty,Premium/Specialty,Yoga/Pilates/Studio,No,No,Kingston,South Kingston,Nearest market-zone centroid within municipality,2.69,"Morro Yoga, 27, Princess Street, Sydenham, Kingston, Eastern Ontario, Ontario, K7L 1A3, Canada",44.2313097,-76.4795732,Limited / class or coaching focused,Unknown,0,Likely,1,Likely,1,Unknown,No,Unknown,Unknown,0,Unknown,0,Needs location verification,5,427,https://nominatim.openstreetmap.org/,OpenStreetMap Nominatim place search,Inferred from brand/category unless source record confirms location service,Open place record - verify against official website or Google Maps,2026-07-26,Full working database record - verify before final recommendation; SerpApi rating/location Strong match,,SerpApi Google Maps API,,2026-07-29,Collected via SerpApi; Strong match,Strong match,,,,,Not available until reviews collected,Not applicable - local/independent,Local/independent record retained as working open-source inventory.,,Not major chain,,Error - Your account has run out of searches.,No SerpApi result found,,,,,,Not fresh-checked: SerpApi quota exhausted; retained prior rating/location data where available
GYM_FULL_0184,Samatva Yoga Studios,Local / Independent,Boutique/Specialty,Premium/Specialty,Yoga/Pilates/Studio,No,No,Kingston,South Kingston,Nearest market-zone centroid within municipality,1.67,"Samatva Yoga Studios, 397, Princess Street, University District, Kingston, Eastern Ontario, Ontario, K7L 1B9, Canada",44.2332723,-76.4920773,Limited / class or coaching focused,Unknown,0,Likely,1,Likely,1,Unknown,No,Unknown,Unknown,0,Unknown,0,Needs location verification,,,https://nominatim.openstreetmap.org/,OpenStreetMap Nominatim place search,Inferred from brand/category unless source record confirms location service,Open place record - verify against official website or Google Maps,2026-07-26,Full working database record - verify before final recommendation,,,,,SerpApi location uncertain or missing; manual review required,Needs manual review - text match but distance unclear/far,,,,,Not available until reviews collected,Not applicable - local/independent,Local/independent record retained as working open-source inventory.,,Not major chain,,Error - Your account has run out of searches.,No SerpApi result found,,,,,,Not fresh-checked: SerpApi quota exhausted; retained prior rating/location data where available
GYM_FULL_0185,Hot Yoga,Local / Independent,Boutique/Specialty,Premium/Specialty,Yoga/Pilates/Studio,No,No,Kingston,South Kingston,Nearest market-zone centroid within municipality,2.52,"Hot Yoga, 80, Princess Street, Sydenham, Kingston, Eastern Ontario, Ontario, K7L 1A6, Canada",44.2313433,-76.4818351,Limited / class or coaching focused,Unknown,0,Likely,1,Likely,1,Unknown,No,Unknown,Unknown,0,Unknown,0,Needs location verification,5,126,https://nominatim.openstreetmap.org/,OpenStreetMap Nominatim place search,Inferred from brand/category unless source record confirms location service,Open place record - verify against official website or Google Maps,2026-07-26,Full working database record - verify before final recommendation; SerpApi rating/location Strong match,,SerpApi Google Maps API,,2026-07-29,Collected via SerpApi; Strong match,Strong match,,,,,Not available until reviews collected,Not applicable - local/independent,Local/independent record retained as working open-source inventory.,,Not major chain,,Error - Your account has run out of searches.,No SerpApi result found,,,,,,Not fresh-checked: SerpApi quota exhausted; retained prior rating/location data where available
GYM_FULL_0186,Tallack Martial Arts,Local / Independent,Boutique/Specialty,Premium/Specialty,Boxing/Martial arts fitness,No,No,Kingston,West Kingston,Nearest market-zone centroid within municipality,0.57,"Tallack Martial Arts, 2777, Princess Street, Sutton Mills, Kingston, Eastern Ontario, Ontario, K7P 2N4, Canada",44.2590715,-76.5809635,Limited / class or coaching focused,Unknown,0,Likely,1,Likely,1,Unknown,No,Unknown,Unknown,0,Unknown,0,Needs location verification,4,27,https://nominatim.openstreetmap.org/,OpenStreetMap Nominatim place search,Inferred from brand/category unless source record confirms location service,Open place record - verify against official website or Google Maps,2026-07-26,Full working database record - verify before final recommendation; SerpApi rating/location Strong match,,SerpApi Google Maps API,,2026-07-29,Collected via SerpApi; Strong match,Strong match,,,,,Not available until reviews collected,Not applicable - local/independent,Local/independent record retained as working open-source inventory.,,Not major chain,,Error - Your account has run out of searches.,No SerpApi result found,,,,,,Not fresh-checked: SerpApi quota exhausted; retained prior rating/location data where available
GYM_FULL_0187,Martial Arts Axis,Local / Independent,Boutique/Specialty,Premium/Specialty,Boxing/Martial arts fitness,No,No,Kingston,South Kingston,Nearest market-zone centroid within municipality,1.83,"Martial Arts Axis, 629, Division Street, Kingscourt, Kingston, Eastern Ontario, Ontario, K7K 2L9, Canada",44.2477289,-76.4955082,Limited / class or coaching focused,Unknown,0,Likely,1,Likely,1,Unknown,No,Unknown,Unknown,0,Unknown,0,Needs location verification,3.5,2,https://nominatim.openstreetmap.org/,OpenStreetMap Nominatim place search,Inferred from brand/category unless source record confirms location service,Open place record - verify against official website or Google Maps,2026-07-26,Full working database record - verify before final recommendation; SerpApi rating/location Strong match,,SerpApi Google Maps API,,2026-07-29,Collected via SerpApi; Strong match,Strong match,,,,,Not available until reviews collected,Not applicable - local/independent,Local/independent record retained as working open-source inventory.,,Not major chain,,Error - Your account has run out of searches.,No SerpApi result found,,,,,,Not fresh-checked: SerpApi quota exhausted; retained prior rating/location data where available
GYM_FULL_0188,World Gym,World Gym,Budget/Mid Chain,Budget/Mid,Big-box gym,Yes,Yes,Greater Sudbury / Grand Sudbury,South Greater Sudbury / Grand Sudbury,Nearest market-zone centroid within municipality,2.35,"World Gym, 40, Elm Street, Sudbury, Greater Sudbury, Sudbury District, Northeastern Ontario, Ontario, P3C 1S8, Canada",46.494207,-80.9929216,Yes,Unknown,0,Likely,1,Likely,1,Unknown,Unknown,Unknown,Unknown,0,Unknown,0,Needs location verification,3.5,117,https://nominatim.openstreetmap.org/,OpenStreetMap Nominatim place search,Inferred from brand/category unless source record confirms location service,Open place record - verify against official website or Google Maps,2026-07-26,Major chain official locator identified; current row retained as working record pending row-level official page/address confirmation.; SerpApi rating/location Strong match,,SerpApi Google Maps API,,2026-07-29,Collected via SerpApi; Strong match,Strong match,,,,,Not available until reviews collected,Medium,Official World Gym locator available; current rows need row-level official page matching.,https://www.worldgym.com/locations/,Official locator available; row-level match pending,,Error - Your account has run out of searches.,No SerpApi result found,,,,,,Not fresh-checked: SerpApi quota exhausted; retained prior rating/location data where available
GYM_FULL_0189,GoodLife Fitness,GoodLife Fitness,Full-Service Chain,Mid/Premium,Full-service chain gym,No,Yes,Greater Sudbury / Grand Sudbury,East Greater Sudbury / Grand Sudbury,Nearest market-zone centroid within municipality,1.02,"GoodLife Fitness, 2015, Lasalle Boulevard, New Sudbury, Sudbury, Greater Sudbury, Sudbury District, Northeastern Ontario, Ontario, P3A 2A3, Canada",46.5214234,-80.9251532,Yes,Unknown,0,Likely,1,Likely,1,Unknown,Unknown,Unknown,Unknown,0,Unknown,0,Needs location verification,4.1,273,https://nominatim.openstreetmap.org/,OpenStreetMap Nominatim place search,Inferred from brand/category unless source record confirms location service,Open place record - verify against official website or Google Maps,2026-07-26,Major chain official locator identified; current row retained as working record pending row-level official page/address confirmation.; SerpApi rating/location Strong match,,SerpApi Google Maps API,,2026-07-29,Collected via SerpApi; Strong match,Strong match,,,,,Not available until reviews collected,Medium,Official GoodLife club locator available; current rows remain mostly open-source and need row-level official page matching.,https://www.goodlifefitness.com/clubs.html,Official locator available; row-level match pending,,Error - Your account has run out of searches.,No SerpApi result found,,,,,,Not fresh-checked: SerpApi quota exhausted; retained prior rating/location data where available
GYM_FULL_0190,McClelland Squash & Fitness Centre,Local / Independent,Local/Independent,Unknown,Local/independent gym,No,No,Greater Sudbury / Grand Sudbury,South Greater Sudbury / Grand Sudbury,Nearest market-zone centroid within municipality,4.87,"McClelland Squash & Fitness Centre, Garrow Drive, Copper Cliff, Greater Sudbury, Sudbury District, Northeastern Ontario, Ontario, P0M 1N0, Canada",46.4744966,-81.0655861,Yes,Unknown,0,Unknown,0,Unknown,0,Unknown,Unknown,Unknown,Unknown,0,Unknown,0,Needs location verification,4,7,https://nominatim.openstreetmap.org/,OpenStreetMap Nominatim place search,Inferred from brand/category unless source record confirms location service,Open place record - verify against official website or Google Maps,2026-07-26,Full working database record - verify before final recommendation; SerpApi rating/location Strong match,,SerpApi Google Maps API,,2026-07-29,Collected via SerpApi; Strong match,Strong match,,,,,Not available until reviews collected,Not applicable - local/independent,Local/independent record retained as working open-source inventory.,,Not major chain,,Error - Your account has run out of searches.,No SerpApi result found,,,,,,Not fresh-checked: SerpApi quota exhausted; retained prior rating/location data where available
GYM_FULL_0191,Falconbridge Fitness Centre,Local / Independent,Local/Independent,Unknown,Local/independent gym,No,No,Greater Sudbury / Grand Sudbury,East Greater Sudbury / Grand Sudbury,Nearest market-zone centroid within municipality,10.26,"Falconbridge Fitness Centre, 63, Edison Road, Falconbridge, Greater Sudbury, Sudbury District, Northeastern Ontario, Ontario, P0M 1S0, Canada",46.5786258,-80.8148242,Yes,Unknown,0,Unknown,0,Unknown,0,Unknown,Unknown,Unknown,Unknown,0,Unknown,0,Needs location verification,4.5,30,https://nominatim.openstreetmap.org/,OpenStreetMap Nominatim place search,Inferred from brand/category unless source record confirms location service,Open place record - verify against official website or Google Maps,2026-07-26,Full working database record - verify before final recommendation; SerpApi rating/location Strong match,,SerpApi Google Maps API,,2026-07-29,Collected via SerpApi; Strong match,Strong match,,,,,Not available until reviews collected,Not applicable - local/independent,Local/independent record retained as working open-source inventory.,,Not major chain,,Error - Your account has run out of searches.,No SerpApi result found,,,,,,Not fresh-checked: SerpApi quota exhausted; retained prior rating/location data where available
GYM_FULL_0192,Orangetheory Fitness,Orangetheory Fitness,Boutique Chain,Premium,Boutique group training,No,Yes,Greater Sudbury / Grand Sudbury,East Greater Sudbury / Grand Sudbury,Nearest market-zone centroid within municipality,3.64,"Orangetheory Fitness, Normandy Court, New Sudbury, Sudbury, Greater Sudbury, Sudbury District, Northeastern Ontario, Ontario, P3A 4V4, Canada",46.523394,-80.9603866,Limited / class or coaching focused,Unknown,0,Likely,1,Likely,1,Unknown,No,Unknown,Unknown,0,Unknown,0,Needs location verification,4.6,107,https://nominatim.openstreetmap.org/,OpenStreetMap Nominatim place search,Inferred from brand/category unless source record confirms location service,Open place record - verify against official website or Google Maps,2026-07-26,Major chain official locator identified; current row retained as working record pending row-level official page/address confirmation.; SerpApi rating/location Strong match,,SerpApi Google Maps API,,2026-07-29,Collected via SerpApi; Strong match,Strong match,,,,,Not available until reviews collected,Medium,Official Orangetheory locator available; current rows need row-level official page matching.,https://www.orangetheory.com/en-ca/locations,Official locator available; row-level match pending,,Error - Your account has run out of searches.,No SerpApi result found,,,,,,Not fresh-checked: SerpApi quota exhausted; retained prior rating/location data where available
GYM_FULL_0193,Planet Fitness,Planet Fitness,Budget Chain,Budget,Big-box budget gym,Yes,Yes,Greater Sudbury / Grand Sudbury,East Greater Sudbury / Grand Sudbury,Nearest market-zone centroid within municipality,2.53,"Planet Fitness, Peel Street, New Sudbury, Sudbury, Greater Sudbury, Sudbury District, Northeastern Ontario, Ontario, P3A 1Z2, Canada",46.5191287,-80.9466971,Yes,Unknown,0,Yes / fitness training,1,Limited / PE@PF training,1,Unknown,No,No,Black Card Spa amenity at many clubs,1,Black Card Spa amenity at many clubs,1,Needs location verification,3.8,129,https://nominatim.openstreetmap.org/,OpenStreetMap Nominatim place search,Inferred from brand/category unless source record confirms location service,Open place record - verify against official website or Google Maps,2026-07-26,Major chain official locator identified; current row retained as working record pending row-level official page/address confirmation.; SerpApi rating/location Strong match,,SerpApi Google Maps API,,2026-07-29,Collected via SerpApi; Strong match,Strong match,,,,,Not available until reviews collected,Medium,Official Planet Fitness pages used for named official rows; remaining rows need official locator confirmation.,https://www.planetfitness.ca/clubs/on,Official locator available; row-level match pending,,Error - Your account has run out of searches.,No SerpApi result found,,,,,,Not fresh-checked: SerpApi quota exhausted; retained prior rating/location data where available
GYM_FULL_0194,Zen Fitness,Local / Independent,Local/Independent,Unknown,Local/independent gym,No,No,Greater Sudbury / Grand Sudbury,South Greater Sudbury / Grand Sudbury,Nearest market-zone centroid within municipality,1.84,"Zen Fitness, 158, Durham Street, Sudbury, Greater Sudbury, Sudbury District, Northeastern Ontario, Ontario, P3E 5M7, Canada",46.4898241,-80.9948295,Yes,Unknown,0,Unknown,0,Unknown,0,Unknown,Unknown,Unknown,Unknown,0,Unknown,0,Needs location verification,4.1,27,https://nominatim.openstreetmap.org/,OpenStreetMap Nominatim place search,Inferred from brand/category unless source record confirms location service,Open place record - verify against official website or Google Maps,2026-07-26,Full working database record - verify before final recommendation; SerpApi rating/location Likely match,,SerpApi Google Maps API,,2026-07-29,Collected via SerpApi; Likely match,Likely match,,,,,Not available until reviews collected,Not applicable - local/independent,Local/independent record retained as working open-source inventory.,,Not major chain,,Error - Your account has run out of searches.,No SerpApi result found,,,,,,Not fresh-checked: SerpApi quota exhausted; retained prior rating/location data where available
GYM_FULL_0195,Rush Fitness,Local / Independent,Local/Independent,Unknown,Local/independent gym,No,No,Greater Sudbury / Grand Sudbury,South Greater Sudbury / Grand Sudbury,Nearest market-zone centroid within municipality,3.51,"Rush Fitness, 450, Notre Dame Avenue, Flour Mill, Sudbury, Greater Sudbury, Sudbury District, Northeastern Ontario, Ontario, P3C 5K8, Canada",46.5036876,-80.9862313,Yes,Unknown,0,Unknown,0,Unknown,0,Unknown,Unknown,Unknown,Unknown,0,Unknown,0,Needs location verification,4.7,52,https://nominatim.openstreetmap.org/,OpenStreetMap Nominatim place search,Inferred from brand/category unless source record confirms location service,Open place record - verify against official website or Google Maps,2026-07-26,Full working database record - verify before final recommendation; SerpApi rating/location Strong match,,SerpApi Google Maps API,,2026-07-29,Collected via SerpApi; Strong match,Strong match,,,,,Not available until reviews collected,Not applicable - local/independent,Local/independent record retained as working open-source inventory.,,Not major chain,,Error - Your account has run out of searches.,No SerpApi result found,,,,,,Not fresh-checked: SerpApi quota exhausted; retained prior rating/location data where available
GYM_FULL_0196,Snap Fitness,Local / Independent,Local/Independent,Unknown,Local/independent gym,No,No,Greater Sudbury / Grand Sudbury,North Greater Sudbury / Grand Sudbury,Nearest market-zone centroid within municipality,1.54,"Snap Fitness, Old Highway 69 North, Val Thérèse, Greater Sudbury, Sudbury District, Northeastern Ontario, Ontario, P3P 1S5, Canada",46.6520717,-80.9884583,Yes,Unknown,0,Unknown,0,Unknown,0,Unknown,Unknown,Unknown,Unknown,0,Unknown,0,Needs location verification,4.6,125,https://nominatim.openstreetmap.org/,OpenStreetMap Nominatim place search,Inferred from brand/category unless source record confirms location service,Open place record - verify against official website or Google Maps,2026-07-26,Full working database record - verify before final recommendation; SerpApi rating/location Strong match,,SerpApi Google Maps API,,2026-07-29,Collected via SerpApi; Strong match,Strong match,,,,,Not available until reviews collected,Not applicable - local/independent,Local/independent record retained as working open-source inventory.,,Not major chain,,Error - Your account has run out of searches.,No SerpApi result found,,,,,,Not fresh-checked: SerpApi quota exhausted; retained prior rating/location data where available
GYM_FULL_0197,Anytime Fitness,Anytime Fitness,Budget/Mid Chain,Budget/Mid,24/7 access gym,Yes,Yes,Greater Sudbury / Grand Sudbury,West Greater Sudbury / Grand Sudbury,Nearest market-zone centroid within municipality,1.38,"Anytime Fitness, Mona Avenue, Chelmsford, Greater Sudbury, Sudbury District, Northeastern Ontario, Ontario, P0M 1L0, Canada",46.5787717,-81.1985376,Yes,Likely,1,Likely,1,Unknown,0,Unknown,Unknown,Unknown,Unknown,0,Unknown,0,Needs location verification,4.1,77,https://nominatim.openstreetmap.org/,OpenStreetMap Nominatim place search,Inferred from brand/category unless source record confirms location service,Open place record - verify against official website or Google Maps,2026-07-26,Major chain official locator identified; current row retained as working record pending row-level official page/address confirmation.; SerpApi rating/location Strong match,,SerpApi Google Maps API,,2026-07-29,Collected via SerpApi; Strong match,Strong match,,,,,Not available until reviews collected,Medium,Official Anytime Fitness Canada locator available; current rows need row-level official page matching.,https://www.anytimefitness.ca/find-gym/,Official locator available; row-level match pending,,Error - Your account has run out of searches.,No SerpApi result found,,,,,,Not fresh-checked: SerpApi quota exhausted; retained prior rating/location data where available
GYM_FULL_0198,GoodLife Fitness,GoodLife Fitness,Full-Service Chain,Mid/Premium,Full-service chain gym,No,Yes,Greater Sudbury / Grand Sudbury,South Greater Sudbury / Grand Sudbury,Nearest market-zone centroid within municipality,2.65,"GoodLife Fitness, 1933, Regent Street, Four Corners, Sudbury, Greater Sudbury, Sudbury District, Northeastern Ontario, Ontario, P3E 5R2, Canada",46.450192,-81.003068,Yes,Unknown,0,Likely,1,Likely,1,Unknown,Unknown,Unknown,Unknown,0,Unknown,0,Needs location verification,4,122,https://nominatim.openstreetmap.org/,OpenStreetMap Nominatim place search,Inferred from brand/category unless source record confirms location service,Open place record - verify against official website or Google Maps,2026-07-26,Major chain official locator identified; current row retained as working record pending row-level official page/address confirmation.; SerpApi rating/location Strong match,,SerpApi Google Maps API,,2026-07-29,Collected via SerpApi; Strong match,Strong match,,,,,Not available until reviews collected,Medium,Official GoodLife club locator available; current rows remain mostly open-source and need row-level official page matching.,https://www.goodlifefitness.com/clubs.html,Official locator available; row-level match pending,,Error - Your account has run out of searches.,No SerpApi result found,,,,,,Not fresh-checked: SerpApi quota exhausted; retained prior rating/location data where available
GYM_FULL_0199,Yoga Space,Local / Independent,Boutique/Specialty,Premium/Specialty,Yoga/Pilates/Studio,No,No,Greater Sudbury / Grand Sudbury,South Greater Sudbury / Grand Sudbury,Nearest market-zone centroid within municipality,2.16,"Yoga Space, 65, Elm Street, Sudbury, Greater Sudbury, Sudbury District, Northeastern Ontario, Ontario, P3C 1R6, Canada",46.4929258,-80.9955576,Limited / class or coaching focused,Unknown,0,Likely,1,Likely,1,Unknown,No,Unknown,Unknown,0,Unknown,0,Needs location verification,,,https://nominatim.openstreetmap.org/,OpenStreetMap Nominatim place search,Inferred from brand/category unless source record confirms location service,Open place record - verify against official website or Google Maps,2026-07-26,Full working database record - verify before final recommendation,,,,,SerpApi location uncertain or missing; manual review required,Needs manual review - text match but distance unclear/far,,,,,Not available until reviews collected,Not applicable - local/independent,Local/independent record retained as working open-source inventory.,,Not major chain,,Error - Your account has run out of searches.,No SerpApi result found,,,,,,Not fresh-checked: SerpApi quota exhausted; retained prior rating/location data where available
GYM_FULL_0200,Power Yoga Canada,Local / Independent,Boutique/Specialty,Premium/Specialty,Yoga/Pilates/Studio,No,No,Greater Sudbury / Grand Sudbury,East Greater Sudbury / Grand Sudbury,Nearest market-zone centroid within municipality,2.52,"Power Yoga Canada, Sparks Street, New Sudbury, Sudbury, Greater Sudbury, Sudbury District, Northeastern Ontario, Ontario, P3A 3T9, Canada",46.5225758,-80.9456057,Limited / class or coaching focused,Unknown,0,Likely,1,Likely,1,Unknown,No,Unknown,Unknown,0,Unknown,0,Needs location verification,4.9,62,https://nominatim.openstreetmap.org/,OpenStreetMap Nominatim place search,Inferred from brand/category unless source record confirms location service,Open place record - verify against official website or Google Maps,2026-07-26,Full working database record - verify before final recommendation; SerpApi rating/location Strong match,,SerpApi Google Maps API,,2026-07-29,Collected via SerpApi; Strong match,Strong match,,,,,Not available until reviews collected,Not applicable - local/independent,Local/independent record retained as working open-source inventory.,,Not major chain,,Error - Your account has run out of searches.,No SerpApi result found,,,,,,Not fresh-checked: SerpApi quota exhausted; retained prior rating/location data where available
GYM_FULL_0201,Cedar Street Yoga,Local / Independent,Boutique/Specialty,Premium/Specialty,Yoga/Pilates/Studio,No,No,Greater Sudbury / Grand Sudbury,South Greater Sudbury / Grand Sudbury,Nearest market-zone centroid within municipality,2.12,"Cedar Street Yoga, 70, Cedar Street, Sudbury, Greater Sudbury, Sudbury District, Northeastern Ontario, Ontario, P3E 1A5, Canada",46.4923392,-80.9942473,Limited / class or coaching focused,Unknown,0,Likely,1,Likely,1,Unknown,No,Unknown,Unknown,0,Unknown,0,Needs location verification,4.5,2,https://nominatim.openstreetmap.org/,OpenStreetMap Nominatim place search,Inferred from brand/category unless source record confirms location service,Open place record - verify against official website or Google Maps,2026-07-26,Full working database record - verify before final recommendation; SerpApi rating/location Strong match,,SerpApi Google Maps API,,2026-07-29,Collected via SerpApi; Strong match,Strong match,,,,,Not available until reviews collected,Not applicable - local/independent,Local/independent record retained as working open-source inventory.,,Not major chain,,Error - Your account has run out of searches.,No SerpApi result found,,,,,,Not fresh-checked: SerpApi quota exhausted; retained prior rating/location data where available
GYM_FULL_0202,KMAC Martial Arts,Local / Independent,Boutique/Specialty,Premium/Specialty,Boxing/Martial arts fitness,No,No,Greater Sudbury / Grand Sudbury,East Greater Sudbury / Grand Sudbury,Nearest market-zone centroid within municipality,2.66,"KMAC Martial Arts, Gemmell Street, New Sudbury, Sudbury, Greater Sudbury, Sudbury District, Northeastern Ontario, Ontario, P3A 1E4, Canada",46.5121515,-80.9481234,Limited / class or coaching focused,Unknown,0,Likely,1,Likely,1,Unknown,No,Unknown,Unknown,0,Unknown,0,Needs location verification,4.8,23,https://nominatim.openstreetmap.org/,OpenStreetMap Nominatim place search,Inferred from brand/category unless source record confirms location service,Open place record - verify against official website or Google Maps,2026-07-26,Full working database record - verify before final recommendation; SerpApi rating/location Strong match,,SerpApi Google Maps API,,2026-07-29,Collected via SerpApi; Strong match,Strong match,,,,,Not available until reviews collected,Not applicable - local/independent,Local/independent record retained as working open-source inventory.,,Not major chain,,Error - Your account has run out of searches.,No SerpApi result found,,,,,,Not fresh-checked: SerpApi quota exhausted; retained prior rating/location data where available
GYM_FULL_0207,MOVATI Athletic,Movati Athletic,Premium Chain,Premium,Full-service premium fitness club,No,Yes,Thunder Bay,Southwest Thunder Bay,Nearest market-zone centroid within municipality,1.96,"MOVATI Athletic, 1185, Arthur Street West, Neebing, Thunder Bay, Thunder Bay District, Northwestern Ontario, Ontario, P7E 6E2, Canada",48.3820492,-89.3106886,Yes,Unknown,0,Likely,1,Likely,1,Unknown,Unknown,Unknown,Unknown,0,Unknown,0,Needs location verification,3.7,184,https://nominatim.openstreetmap.org/,OpenStreetMap Nominatim place search,Inferred from brand/category unless source record confirms location service,Open place record - verify against official website or Google Maps,2026-07-26,Major chain city/club presence confirmed from MOVATI official location list; address and reviews still require manual confirmation.; SerpApi rating/location Strong match,,SerpApi Google Maps API,,2026-07-29,Collected via SerpApi; Strong match,Strong match,,,,,Not available until reviews collected,Medium-High,Official MOVATI locations page confirms relevant club cities; row-level address checks still recommended.,https://movatiathletic.com/locations/,Official city/club list confirmed; address should be row-level checked,,Error - Your account has run out of searches.,No SerpApi result found,,,,,,Not fresh-checked: SerpApi quota exhausted; retained prior rating/location data where available
GYM_FULL_0208,Fit4Less London Huron Heights,Fit4Less,Budget Chain,Budget,Big-box budget gym,Yes,Yes,London,Northeast London,Manual correction from official Fit4Less London page,,"9-1345 Huron St. 9, London, ON N5V 2E3",43.020165,-81.214092,Yes,Open 24/7,1,No / Not core brand feature,0,Limited / Not core brand feature,0,Unknown,No,No,Brand amenity at participating clubs,1,Brand amenity at participating clubs,1,Needs location verification,4,326,https://www.fit4less.ca/locations/provinces/ontario/london/london-huron-heights,Official brand page plus third-party coordinate reference,Official location page for address/hours; brand/category inference for amenities,Official Fit4Less location verified; coordinates should be manually confirmed,2026-07-26,Major chain verified against official Fit4Less location source; Google rating/review count populated via SerpApi; SerpApi rating/location Strong match,Added after official Fit4Less London page verification; dashboard previously missed this club.,SerpApi Google Maps API,,2026-07-29,Collected via SerpApi; Strong match,Strong match,,,,,Not available until reviews collected,High,Official Fit4Less location pages/list used for Dataset C chain records.,https://www.fit4less.ca/locations,Official row-level source checked,,Error - Your account has run out of searches.,No SerpApi result found,,,,,,Not fresh-checked: SerpApi quota exhausted; retained prior rating/location data where available
GYM_FULL_0209,Fit4Less London Argyle Mall,Fit4Less,Budget Chain,Budget,Big-box budget gym,Yes,Yes,London,Northeast London,Manual correction from official Fit4Less London page,,"1925 Dundas St. Unit 9B, London, ON N5V 1P7",43.0048372,-81.172431,Yes,Open 24/7,1,No / Not core brand feature,0,Limited / Not core brand feature,0,Unknown,No,No,Brand amenity at participating clubs,1,Brand amenity at participating clubs,1,Needs location verification,3.9,292,https://www.fit4less.ca/locations/provinces/ontario/london/london-argyle-mall,Official brand page plus third-party coordinate reference,Official location page for address/hours; brand/category inference for amenities,Official Fit4Less location verified; coordinates should be manually confirmed,2026-07-26,Major chain verified against official Fit4Less location source; Google rating/review count populated via SerpApi; SerpApi rating/location Strong match,Added after official Fit4Less London page verification; dashboard previously missed this club.,SerpApi Google Maps API,,2026-07-29,Collected via SerpApi; Strong match,Strong match,,,,,Not available until reviews collected,High,Official Fit4Less location pages/list used for Dataset C chain records.,https://www.fit4less.ca/locations,Official row-level source checked,,Error - Your account has run out of searches.,No SerpApi result found,,,,,,Not fresh-checked: SerpApi quota exhausted; retained prior rating/location data where available
GYM_0210,Fit4Less Windsor Ambassador Plaza,Fit4Less,Budget Chain Gym,Budget,Big-box / value gym,Yes,Yes,Windsor,West Windsor,Nearest project-defined census DA centroid after official address verification,0.24,"1440 Huron Church Road, Unit 5, Windsor, ON N9C 2L1",42.289941,-83.0582272,Yes,Official page lists open 24/7,1,No / not core Fit4Less offer,0,No traditional instructor-led classes / virtual fitness may vary,0,Not confirmed,No,No,Yes / inferred from Fit4Less Black Card amenity model; verify exact club page,1,Yes / inferred from Fit4Less Black Card amenity model; verify exact club page,1,Likely plaza parking; verify,,,https://www.fit4less.ca/locations/provinces/ontario/windsor/windsor-ambassador-plaza,Official brand page plus geocoding,Official location page for address/hours; brand amenity inference for optional amenities,Official brand verified - added during final audit,2026-07-30,Official Fit4Less club page confirms address and 24/7 status; Google/SerpApi rating still needs fresh lookup,"Added after final audit because Windsor Ambassador Plaza was missing from Dataset C. Source confirms 1440 Huron Church Road, Unit 5 and open 24/7.",Not collected in current SerpApi cache,,,Needs SerpApi/Google Maps rating lookup; not treated as zero rating,Official location confirmed; review data pending,,,,,Not assessed - rating pending,Official locator verified,Official Fit4Less location page and Windsor Fit4Less locator page,https://www.fit4less.ca/locations/provinces/ontario/windsor/windsor-ambassador-plaza,Added and official-brand verified during final audit,,Error - Your account has run out of searches.,No SerpApi result found,,,,,,Not fresh-checked: SerpApi quota exhausted; retained prior rating/location data where available
