Analysis_ID,Province,Census_Division,Municipality_ID,Municipality_Name,Market_Zone_ID,Market_Zone_Name,Zone_Type,Is_Official_Zone,Candidate_ID,Candidate_Name,Candidate_Address,Latitude,Longitude,Radius_km,Population,Previous_Population,Population_Growth_Pct,Land_Area_km2,Population_Density,Population_20_34,Age_20_34_Pct,Population_18_34_Estimated,Age_18_34_Pct,Target_Age_Population,Target_Age_Pct,Private_Households,Renter_Households,Renter_Pct,Apartment_Dwellings,Apartment_Pct,Average_Household_Income,Estimated_Median_Income,Labour_Force_Population,Employed_Population,Unemployed_Population,Employment_Rate,Unemployment_Rate,Transit_Stops,Transit_Commuters,Transit_Commuter_Pct,Walking_Commuters,Nearest_College_km,Nearest_University_km,Education_Facilities_Count,Parking_Available,Parking_Spaces,Road_Visibility_Rating,Accessibility_Rating,Total_Gym_Count,Budget_Gym_Count,Midmarket_Gym_Count,Premium_Gym_Count,Boutique_Gym_Count,Independent_Gym_Count,Chain_Gym_Count,Gyms_Per_10k,Budget_Gyms_Per_10k,Population_Per_Gym,Target_Population_Per_Gym,Target_Population_Per_Budget_Gym,No_Budget_Gym_Flag,Nearest_Gym_km,Nearest_Budget_Gym_km,Gyms_With_Verified_Prices,Price_Completeness_Pct,Minimum_Monthly_Fee,Average_Monthly_Fee,Median_Monthly_Fee,Maximum_Monthly_Fee,Average_Joining_Fee,No_Contract_Gym_Count,Free_Trial_Gym_Count,Open_24_7_Count,Personal_Training_Count,Group_Classes_Count,Cardio_Equipment_Count,Free_Weights_Count,Showers_Count,Locker_Count,Parking_Count,Pool_Count,Sauna_Count,Childcare_Count,Women_Only_Area_Count,Accessible_Gym_Count,Average_Service_Count,No_24_7_Gym_Flag,No_Childcare_Gym_Flag,No_Pool_Gym_Flag,No_Women_Only_Gym_Flag,Missing_Service_Count,Service_Gap_Score,Commercial_Space_Available,Floor_Area_sqft,Monthly_Rent,Annual_Rent_Per_sqft,Zoning_Compatible,Parking_Requirement_Met,Property_Condition_Rating,Property_Cost_Score,Property_Suitability_Score,Demand_Score,Growth_Score,Affordability_Fit_Score,Accessibility_Score,Competition_Gap_Score,Property_Score,Opportunity_Score,Municipality_Rank,Market_Zone_Rank,Candidate_Rank,Recommendation_Category,Census_Year,Gym_Data_Date,Property_Data_Date,Census_Completeness_Pct,Gym_Location_Completeness_Pct,Price_Completeness_Pct_Quality,Service_Completeness_Pct,Data_Quality_Score,Missing_Required_Fields,Primary_Census_Source_ID,Boundary_Source_ID,Analysis_Status,Last_Refresh_Date,Limitations
KIT-WEST-KITCHEN-3KM,Ontario,,M0006,Kitchener,KIT-WEST-KITCHEN,West Kitchener,Higher-Income Suburban Market,0,KIT-WEST-KITCHEN-C,West Kitchener centroid candidate,Approximate market-zone centroid; no property address collected,43.418663,-80.519102,3,58557,,0.10099999999999999,14.21,2859.8,8631,0.2123278572377452,9669,0.2378632894950479,13929,0.2378707925610943,14157,3852,0.2718611052297269,2139,0.15109133290951474,110132,100726,22065,19572,2445,0.601956080457649,0.11080897348742352,,,,,,,,,,,,1,0,,1,0,0,1,0.17,0,58557,13929,,1,2.1,3.38,,,,,,,,,,0,1,1,1,1,,,,0,0,,0,,2,1,,1,1,3,100,,,,,,,,,,55.5,62.2,60.9,,100,,71.7,1,1,1,Shortlist,2021,2026-07-27,,1,0.65,0,0.75,74,12,SRC_STATCAN_2021_PROFILE,SRC_STATCAN_2021_DA_GEOGRAPHY,Screening dataset - not property validated,2026-07-27,"Candidate is market-zone centroid; transit, real estate, price and property data not collected; estimated median income from DA aggregation."
HAM-CENTRAL-HAMI-1KM,Ontario,,M0004,Hamilton,HAM-CENTRAL-HAMI,Central Hamilton,Value-Oriented Rental Market,0,HAM-CENTRAL-HAMI-C,Central Hamilton centroid candidate,Approximate market-zone centroid; no property address collected,43.249096,-79.846627,1,33004,,0.06,12.03,2743.1,8522,0.2582079965095563,9093,0.2755147798475355,9093,0.2755120591443461,15081,7903,0.524002121734518,7454,0.49426430608049865,79771,67965,17069,14717,2366,0.530992928272478,0.13861386138613863,,,,,,,,,,,,1,0,,0,0,1,0,0.3,0,33004,9093,,1,0.3,1.87,,,,,,,,,,0,0,0,1,1,,,,0,0,,0,,0,1,,1,1,3,100,,,,,,,,,,74.3,34.5,16.4,,55.5,,60,1,1,2,Further investigation,2021,2026-07-27,,1,0.45,0,0.75,67,12,SRC_STATCAN_2021_PROFILE,SRC_STATCAN_2021_DA_GEOGRAPHY,Screening dataset - not property validated,2026-07-27,"Candidate is market-zone centroid; transit, real estate, price and property data not collected; estimated median income from DA aggregation."
KIT-SOUTH-KITCHE-3KM,Ontario,,M0006,Kitchener,KIT-SOUTH-KITCHE,South Kitchener,Higher-Income Suburban Market,0,KIT-SOUTH-KITCHE-C,South Kitchener centroid candidate,Approximate market-zone centroid; no property address collected,43.389653,-80.455306,3,34866,,0.10099999999999999,28.18,1022,6615,0.22968271494343867,7365,0.25572383908668567,8916,0.25572190672861816,9582,2409,0.2528337531486146,1389,0.14495929868503443,127335,111861,15996,14436,1563,0.6385350318471338,0.0977119279819955,,,,,,,,,,,,1,0,,1,1,0,1,0.29,0,34866,8916,,1,2,3.25,,,,,,,,,,0,1,1,1,1,,,,0,0,,0,,2,1,,1,1,3,100,,,,,,,,,,45.5,62.2,76.1,,58.7,,59.4,2,1,3,Further investigation,2021,2026-07-27,,1,0.65,0,0.75,74,12,SRC_STATCAN_2021_PROFILE,SRC_STATCAN_2021_DA_GEOGRAPHY,Screening dataset - not property validated,2026-07-27,"Candidate is market-zone centroid; transit, real estate, price and property data not collected; estimated median income from DA aggregation."
LON-NORTH-LONDON-3KM,Ontario,,M0007,London,LON-NORTH-LONDON,North London,Higher-Income Suburban Market,0,LON-NORTH-LONDON-C,North London centroid candidate,Approximate market-zone centroid; no property address collected,43.030798,-81.259027,3,68000,,0.1,31.65,1382.8,9045,0.20667105371390967,10219,0.23348687998683887,15877,0.23348529411764707,16197,5658,0.34925925925925927,4194,0.2589368401555844,115405,96264,21741,19170,2550,0.5490162385084629,0.1172899130674762,,,,,,,,,,,,2,0,,1,0,1,1,0.29,0,34000,7939,,1,1.25,3.84,,,,,,,,,,0,1,1,2,2,,,,0,0,,0,,1,1,,1,1,3,100,,,,,,,,,,52.5,61.5,54.9,,57.2,,59.3,1,1,4,Further investigation,2021,2026-07-27,,1,0.55,0,0.75,70.5,12,SRC_STATCAN_2021_PROFILE,SRC_STATCAN_2021_DA_GEOGRAPHY,Screening dataset - not property validated,2026-07-27,"Candidate is market-zone centroid; transit, real estate, price and property data not collected; estimated median income from DA aggregation."
OSH-NORTH-OSHAWA-3KM,Ontario,,M0008,Oshawa,OSH-NORTH-OSHAWA,North Oshawa,Higher-Income Suburban Market,0,OSH-NORTH-OSHAWA-C,North Oshawa centroid candidate,Approximate market-zone centroid; no property address collected,43.936827,-78.85502,3,57852,,0.1,19.12,1824.6,6393,0.18328975435216405,7333,0.2102284456065506,12162,0.21022609417133375,12141,3837,0.3155687145324451,2397,0.19743019520632568,114339,102632,17394,14811,2580,0.5244316974718505,0.14832700931355638,,,,,,,,,,,,2,0,,2,1,0,2,0.35,0,28926,6081,,1,0.4,6.02,,,,,,,,,,0,2,2,2,2,,,,0,0,,0,,2,1,,1,1,3,100,,,,,,,,,,49.6,61.5,63.5,,48.4,,57,1,1,5,Further investigation,2021,2026-07-27,,1,0.65,0,0.75,74,12,SRC_STATCAN_2021_PROFILE,SRC_STATCAN_2021_DA_GEOGRAPHY,Screening dataset - not property validated,2026-07-27,"Candidate is market-zone centroid; transit, real estate, price and property data not collected; estimated median income from DA aggregation."
KIT-NORTHWEST-KI-3KM,Ontario,,M0006,Kitchener,KIT-NORTHWEST-KI,Northwest Kitchener,Dense Urban Market,0,KIT-NORTHWEST-KI-C,Northwest Kitchener centroid candidate,Approximate market-zone centroid; no property address collected,43.445301,-80.502588,3,57032,,0.10099999999999999,9.43,3628,9780,0.2858044606536681,10330,0.3018656193014448,17216,0.3018656193014448,16167,9975,0.6175705794947994,9747,0.6028947856745221,83663,69318,18936,16680,2259,0.5771226904712476,0.11929657794676807,,,,,,,,,,,,7,0,,6,6,6,1,1.23,0,8147,2459,,1,0.76,3.46,,,,,,,,,,0,6,6,7,7,,,,0,0,,0,,1.71,1,,1,1,3,100,,,,,,,,,,84.8,62.2,18.2,,12.2,,55.8,3,1,6,Further investigation,2021,2026-07-27,,1,0.48,0,0.75,68,12,SRC_STATCAN_2021_PROFILE,SRC_STATCAN_2021_DA_GEOGRAPHY,Screening dataset - not property validated,2026-07-27,"Candidate is market-zone centroid; transit, real estate, price and property data not collected; estimated median income from DA aggregation."
WAT-SOUTHWEST-WA-1KM,Ontario,,M0011,Waterloo,WAT-SOUTHWEST-WA,Southwest Waterloo,Higher-Income Suburban Market,0,WAT-SOUTHWEST-WA-C,Southwest Waterloo centroid candidate,Approximate market-zone centroid; no property address collected,43.453532,-80.560197,1,9396,,0.157,2.73,2322.3,1333,0.21010655065884876,1506,0.23734316877876552,2230,0.2373350361856109,2306,617,0.2636752136752137,374,0.16218560277536861,137907,115378,3365,2982,377,0.5688668447157573,0.11203566121842497,,,,,,,,,,,,0,0,,0,0,0,0,0,0,,,,1,1.43,4.2,,,,,,,,,,0,0,0,0,0,,,,0,0,,0,,,1,,1,1,3,100,,,,,,,,,,49.9,100,80.8,,14.3,,54.1,1,1,7,Further investigation,2021,2026-07-27,,1,0.6,0,0.6,70,12,SRC_STATCAN_2021_PROFILE,SRC_STATCAN_2021_DA_GEOGRAPHY,Screening dataset - not property validated,2026-07-27,"Candidate is market-zone centroid; transit, real estate, price and property data not collected; estimated median income from DA aggregation."
KIT-NORTHWEST-KI-1KM,Ontario,,M0006,Kitchener,KIT-NORTHWEST-KI,Northwest Kitchener,Dense Urban Market,0,KIT-NORTHWEST-KI-C,Northwest Kitchener centroid candidate,Approximate market-zone centroid; no property address collected,43.445301,-80.502588,1,12396,,0.10099999999999999,3.14,3628,3260,0.2858044606536681,3443,0.3018656193014448,3742,0.30187157147466925,5389,3325,0.6175705794947994,3249,0.6028947856745221,83663,69318,6312,5560,753,0.5771226904712476,0.11929657794676807,,,,,,,,,,,,3,0,,2,2,2,1,2.42,0,4132,1247,,1,0.76,3.46,,,,,,,,,,0,2,2,3,3,,,,0,0,,0,,1.33,1,,1,1,3,100,,,,,,,,,,84.8,62.2,18.2,,5.2,,54,4,2,8,Further investigation,2021,2026-07-27,,1,0.52,0,0.75,69.3,12,SRC_STATCAN_2021_PROFILE,SRC_STATCAN_2021_DA_GEOGRAPHY,Screening dataset - not property validated,2026-07-27,"Candidate is market-zone centroid; transit, real estate, price and property data not collected; estimated median income from DA aggregation."
WAT-NORTHEAST-WA-3KM,Ontario,,M0011,Waterloo,WAT-NORTHEAST-WA,Northeast Waterloo,Higher-Income Suburban Market,0,WAT-NORTHEAST-WA-C,Northeast Waterloo centroid candidate,Approximate market-zone centroid; no property address collected,43.501707,-80.50436,3,24467,,0.157,10.97,1338.7,2736,0.18633540372670807,3161,0.21526642693690748,5267,0.2152695467364205,5367,1191,0.22031076581576026,876,0.16321967579653437,153511,123386,8514,7659,858,0.6265030674846626,0.10077519379844961,,,,,,,,,,,,2,0,,2,1,1,1,0.82,0,12234,2634,,1,2.62,3.2,,,,,,,,,,0,2,2,2,2,,,,0,0,,0,,2,1,,1,1,3,100,,,,,,,,,,42.3,100,91.7,,19.3,,53.8,2,1,9,Further investigation,2021,2026-07-27,,1,0.55,0,0.75,70.5,12,SRC_STATCAN_2021_PROFILE,SRC_STATCAN_2021_DA_GEOGRAPHY,Screening dataset - not property validated,2026-07-27,"Candidate is market-zone centroid; transit, real estate, price and property data not collected; estimated median income from DA aggregation."
THU-NORTHEAST-TH-3KM,Ontario,,M0010,Thunder Bay,THU-NORTHEAST-TH,Northeast Thunder Bay,Lower-Density Residential Market,0,THU-NORTHEAST-TH-C,Northeast Thunder Bay centroid candidate,Approximate market-zone centroid; no property address collected,48.447982,-89.239197,3,41501,,0.009000000000000001,63.61,511.9,6765,0.2077766516170644,7438,0.2284529623145674,9481,0.22845232644996505,14640,5013,0.34290991175867025,4230,0.2889344262295082,94745,82815,16125,14316,1770,0.5217581456374372,0.10976744186046511,,,,,,,,,,,,0,0,,0,0,0,0,0,0,,,,1,4.93,4.93,,,,,,,,,,0,0,0,0,0,,,,0,0,,0,,,1,,1,1,3,100,,,,,,,,,,50,0,36.6,,70.3,,53.7,1,1,10,Further investigation,2021,2026-07-27,,1,0.6,0,0.6,70,12,SRC_STATCAN_2021_PROFILE,SRC_STATCAN_2021_DA_GEOGRAPHY,Screening dataset - not property validated,2026-07-27,"Candidate is market-zone centroid; transit, real estate, price and property data not collected; estimated median income from DA aggregation."
WAT-SOUTHWEST-WA-3KM,Ontario,,M0011,Waterloo,WAT-SOUTHWEST-WA,Southwest Waterloo,Higher-Income Suburban Market,0,WAT-SOUTHWEST-WA-C,Southwest Waterloo centroid candidate,Approximate market-zone centroid; no property address collected,43.453532,-80.560197,3,31722,,0.157,8.2,2322.3,3999,0.21010655065884876,4517,0.23734316877876552,7529,0.23734316877876552,6918,1851,0.2636752136752137,1122,0.16218560277536861,137907,115378,10095,8946,1131,0.5688668447157573,0.11203566121842497,,,,,,,,,,,,4,0,,3,2,2,2,1.26,0,7931,1882,,1,1.43,4.2,,,,,,,,,,0,3,3,4,4,,,,0,0,,0,,1.5,1,,1,1,3,100,,,,,,,,,,49.9,100,80.8,,11.8,,53.5,3,2,11,Further investigation,2021,2026-07-27,,1,0.6,0,0.75,72.2,12,SRC_STATCAN_2021_PROFILE,SRC_STATCAN_2021_DA_GEOGRAPHY,Screening dataset - not property validated,2026-07-27,"Candidate is market-zone centroid; transit, real estate, price and property data not collected; estimated median income from DA aggregation."
LON-WEST-LONDON-1KM,Ontario,,M0007,London,LON-WEST-LONDON,West London,Mixed Residential Market,0,LON-WEST-LONDON-C,West London centroid candidate,Approximate market-zone centroid; no property address collected,42.994255,-81.305303,1,13000,,0.1,5.46,2281,3066,0.24627297262562653,3369,0.2705950391980465,3518,0.2706153846153846,4932,2221,0.44941319303925537,1759,0.3566504460665045,98131,85829,6281,5476,812,0.5348700918148076,0.12927877726476675,,,,,,,,,,,,1,0,,0,0,1,0,0.77,0,13000,3518,,1,0.93,1.64,,,,,,,,,,0,0,0,1,1,,,,0,0,,0,,0,1,,1,1,3,100,,,,,,,,,,65.7,61.5,40.7,,20.6,,53.4,2,1,12,Further investigation,2021,2026-07-27,,1,0.45,0,0.75,67,12,SRC_STATCAN_2021_PROFILE,SRC_STATCAN_2021_DA_GEOGRAPHY,Screening dataset - not property validated,2026-07-27,"Candidate is market-zone centroid; transit, real estate, price and property data not collected; estimated median income from DA aggregation."
WIN-WEST-WINDSOR-3KM,Ontario,,M0012,Windsor,WIN-WEST-WINDSOR,West Windsor,Lower-Density Residential Market,0,WIN-WEST-WINDSOR-C,West Windsor centroid candidate,Approximate market-zone centroid; no property address collected,42.287448,-83.055502,3,30838,,0.057,19.22,980.9,4821,0.2556637393407153,5333,0.2828369606720122,8722,0.28283286853881573,6987,3138,0.4473909324208725,1737,0.24860455130957493,83139,70863,8460,6813,1650,0.4464320817770788,0.1950354609929078,,,,,,,,,,,,1,1,,0,0,0,1,0.32,0.32,30838,8722,8722,0,0.56,0.56,,,,,,,,,,0,1,1,1,1,,,,0,0,,0,,2,1,,1,1,3,100,,,,,,,,,,56.8,32.4,20.3,,51.7,,53.1,1,1,13,Further investigation,2021,2026-07-27,,1,0.65,0,0.75,74,12,SRC_STATCAN_2021_PROFILE,SRC_STATCAN_2021_DA_GEOGRAPHY,Screening dataset - not property validated,2026-07-27,"Candidate is market-zone centroid; transit, real estate, price and property data not collected; estimated median income from DA aggregation."
LON-CENTRAL-LOND-1KM,Ontario,,M0007,London,LON-CENTRAL-LOND,Central London,Student / Young Adult Market,0,LON-CENTRAL-LOND-C,Central London centroid candidate,Approximate market-zone centroid; no property address collected,42.984248,-81.246192,1,13217,,0.1,4.72,2801.4,4075,0.3083197143030083,4283,0.32405726045638883,4283,0.3240523568131951,6858,4108,0.6000584282792871,4096,0.5972586759988335,77565,63103,7383,6308,1074,0.5558198960260816,0.14546932141405933,,,,,,,,,,,,2,0,,1,0,1,1,1.51,0,6609,2142,,1,0.14,2.75,,,,,,,,,,0,1,1,2,2,,,,0,0,,0,,1,1,,1,1,3,100,,,,,,,,,,80.5,61.5,9.8,,9.5,,52.7,3,1,14,Further investigation,2021,2026-07-27,,1,0.55,0,0.75,70.5,12,SRC_STATCAN_2021_PROFILE,SRC_STATCAN_2021_DA_GEOGRAPHY,Screening dataset - not property validated,2026-07-27,"Candidate is market-zone centroid; transit, real estate, price and property data not collected; estimated median income from DA aggregation."
KIT-WEST-KITCHEN-1KM,Ontario,,M0006,Kitchener,KIT-WEST-KITCHEN,West Kitchener,Higher-Income Suburban Market,0,KIT-WEST-KITCHEN-C,West Kitchener centroid candidate,Approximate market-zone centroid; no property address collected,43.418663,-80.519102,1,13550,,0.10099999999999999,4.74,2859.8,2877,0.2123278572377452,3223,0.2378632894950479,3223,0.23785977859778598,4719,1284,0.2718611052297269,713,0.15109133290951474,110132,100726,7355,6524,815,0.601956080457649,0.11080897348742352,,,,,,,,,,,,0,0,,0,0,0,0,0,0,,,,1,2.1,3.38,,,,,,,,,,0,0,0,0,0,,,,0,0,,0,,,1,,1,1,3,100,,,,,,,,,,55.5,62.2,60.9,,21.6,,52.1,5,2,15,Further investigation,2021,2026-07-27,,1,0.6,0,0.6,70,12,SRC_STATCAN_2021_PROFILE,SRC_STATCAN_2021_DA_GEOGRAPHY,Screening dataset - not property validated,2026-07-27,"Candidate is market-zone centroid; transit, real estate, price and property data not collected; estimated median income from DA aggregation."
GUE-WEST-GUELPH-1KM,Ontario,,M0003,Guelph,GUE-WEST-GUELPH,West Guelph,Mixed Residential Market,0,GUE-WEST-GUELPH-C,West Guelph centroid candidate,Approximate market-zone centroid; no property address collected,43.534926,-80.278632,1,12670,,0.091,4.35,1870.8,1769,0.21757847092393978,1946,0.23932401849847487,3032,0.2393054459352802,3160,1300,0.41191381495564006,1226,0.3879746835443038,100094,88726,4439,3926,519,0.5892240732402821,0.11691822482541113,,,,,,,,,,,,0,0,,0,0,0,0,0,0,,,,1,1.07,2.53,,,,,,,,,,0,0,0,0,0,,,,0,0,,0,,,1,,1,1,3,100,,,,,,,,,,62,55.4,44.6,,20,,51.7,1,1,16,Further investigation,2021,2026-07-27,,1,0.6,0,0.6,70,12,SRC_STATCAN_2021_PROFILE,SRC_STATCAN_2021_DA_GEOGRAPHY,Screening dataset - not property validated,2026-07-27,"Candidate is market-zone centroid; transit, real estate, price and property data not collected; estimated median income from DA aggregation."
WAT-NORTHEAST-WA-1KM,Ontario,,M0011,Waterloo,WAT-NORTHEAST-WA,Northeast Waterloo,Higher-Income Suburban Market,0,WAT-NORTHEAST-WA-C,Northeast Waterloo centroid candidate,Approximate market-zone centroid; no property address collected,43.501707,-80.50436,1,7214,,0.157,3.66,1338.7,912,0.18633540372670807,1054,0.21526642693690748,1553,0.21527585250901027,1789,397,0.22031076581576026,292,0.16321967579653437,153511,123386,2838,2553,286,0.6265030674846626,0.10077519379844961,,,,,,,,,,,,0,0,,0,0,0,0,0,0,,,,1,2.62,3.2,,,,,,,,,,0,0,0,0,0,,,,0,0,,0,,,1,,1,1,3,100,,,,,,,,,,42.3,100,91.7,,10.5,,51.6,4,2,17,Further investigation,2021,2026-07-27,,1,0.6,0,0.6,70,12,SRC_STATCAN_2021_PROFILE,SRC_STATCAN_2021_DA_GEOGRAPHY,Screening dataset - not property validated,2026-07-27,"Candidate is market-zone centroid; transit, real estate, price and property data not collected; estimated median income from DA aggregation."
LON-NORTH-LONDON-1KM,Ontario,,M0007,London,LON-NORTH-LONDON,North London,Higher-Income Suburban Market,0,LON-NORTH-LONDON-C,North London centroid candidate,Approximate market-zone centroid; no property address collected,43.030798,-81.259027,1,14588,,0.1,10.55,1382.8,3015,0.20667105371390967,3406,0.23348687998683887,3406,0.23347957225116533,5399,1886,0.34925925925925927,1398,0.2589368401555844,115405,96264,7247,6390,850,0.5490162385084629,0.1172899130674762,,,,,,,,,,,,0,0,,0,0,0,0,0,0,,,,1,1.25,3.84,,,,,,,,,,0,0,0,0,0,,,,0,0,,0,,,1,,1,1,3,100,,,,,,,,,,52.5,61.5,54.9,,23.4,,50.9,4,2,18,Further investigation,2021,2026-07-27,,1,0.6,0,0.6,70,12,SRC_STATCAN_2021_PROFILE,SRC_STATCAN_2021_DA_GEOGRAPHY,Screening dataset - not property validated,2026-07-27,"Candidate is market-zone centroid; transit, real estate, price and property data not collected; estimated median income from DA aggregation."
WIN-NORTHWEST-WI-3KM,Ontario,,M0012,Windsor,WIN-NORTHWEST-WI,Northwest Windsor,Value-Oriented Rental Market,0,WIN-NORTHWEST-WI-C,Northwest Windsor centroid candidate,Approximate market-zone centroid; no property address collected,42.30778,-83.026393,3,56684,,0.057,10.7,3340.6,9675,0.27072175679532595,10376,0.2903312459076944,16457,0.2903288405899372,16581,9624,0.5805284111473037,8481,0.5114890537362041,66800,55926,16503,13215,3315,0.4415597433841219,0.20087256862388655,,,,,,,,,,,,4,0,,0,1,4,0,0.71,0,14171,4114,,1,1.31,3.23,,,,,,,,,,0,0,0,4,4,,,,0,0,,0,,0,1,,1,1,3,100,,,,,,,,,,76.8,32.4,0,,22.7,,50.8,2,1,19,Further investigation,2021,2026-07-27,,1,0.45,0,0.75,67,12,SRC_STATCAN_2021_PROFILE,SRC_STATCAN_2021_DA_GEOGRAPHY,Screening dataset - not property validated,2026-07-27,"Candidate is market-zone centroid; transit, real estate, price and property data not collected; estimated median income from DA aggregation."
OSH-NORTH-OSHAWA-5KM,Ontario,,M0008,Oshawa,OSH-NORTH-OSHAWA,North Oshawa,Higher-Income Suburban Market,0,OSH-NORTH-OSHAWA-C,North Oshawa centroid candidate,Approximate market-zone centroid; no property address collected,43.936827,-78.85502,5,58132,,0.1,31.86,1824.6,10655,0.18328975435216405,12221,0.2102284456065506,12221,0.2102284456065506,20235,6395,0.3155687145324451,3995,0.19743019520632568,114339,102632,28990,24685,4300,0.5244316974718505,0.14832700931355638,,,,,,,,,,,,4,0,,2,1,2,2,0.69,0,14533,3055,,1,0.4,6.02,,,,,,,,,,0,2,2,4,4,,,,0,0,,0,,1,1,,1,1,3,100,,,,,,,,,,49.6,61.5,63.5,,23.3,,50.7,2,2,20,Further investigation,2021,2026-07-27,,1,0.55,0,0.75,70.5,12,SRC_STATCAN_2021_PROFILE,SRC_STATCAN_2021_DA_GEOGRAPHY,Screening dataset - not property validated,2026-07-27,"Candidate is market-zone centroid; transit, real estate, price and property data not collected; estimated median income from DA aggregation."
HAM-SOUTH-HAMILT-1KM,Ontario,,M0004,Hamilton,HAM-SOUTH-HAMILT,South Hamilton,Mixed Residential Market,0,HAM-SOUTH-HAMILT-C,South Hamilton centroid candidate,Approximate market-zone centroid; no property address collected,43.211881,-79.874986,1,22273,,0.06,10.03,2221.5,4350,0.19530197726415602,4912,0.2205161359840526,4912,0.22053607506846856,7982,2229,0.27879924953095686,1080,0.1353044349787021,103515,92425,10830,9376,1446,0.5109815248787399,0.1335180055401662,,,,,,,,,,,,1,0,,1,1,1,0,0.45,0,22273,4912,,1,0.98,1.09,,,,,,,,,,0,1,1,1,1,,,,0,0,,0,,2,1,,1,1,3,100,,,,,,,,,,50.9,34.5,49.6,,36.8,,50.4,2,1,21,Further investigation,2021,2026-07-27,,1,0.45,0,0.75,67,12,SRC_STATCAN_2021_PROFILE,SRC_STATCAN_2021_DA_GEOGRAPHY,Screening dataset - not property validated,2026-07-27,"Candidate is market-zone centroid; transit, real estate, price and property data not collected; estimated median income from DA aggregation."
KIN-SOUTH-KINGST-1KM,Ontario,,M0005,Kingston,KIN-SOUTH-KINGST,South Kingston,Student / Young Adult Market,0,KIN-SOUTH-KINGST-C,South Kingston centroid candidate,Approximate market-zone centroid; no property address collected,44.23665,-76.512548,1,10785,,0.07,7.04,1532.4,3256,0.30189518970440976,3478,0.32251604049994437,3478,0.3224849327770051,5347,3389,0.6350009368559115,3139,0.5870581634561436,81965,65002,5533,4646,888,0.504013885875461,0.16049159587926984,,,,,,,,,,,,1,0,,0,0,1,0,0.93,0,10785,3478,,1,0.84,4.05,,,,,,,,,,0,0,0,1,1,,,,0,0,,0,,0,1,,1,1,3,100,,,,,,,,,,73.5,41.2,12.3,,16.8,,50.3,1,1,22,Further investigation,2021,2026-07-27,,1,0.45,0,0.75,67,12,SRC_STATCAN_2021_PROFILE,SRC_STATCAN_2021_DA_GEOGRAPHY,Screening dataset - not property validated,2026-07-27,"Candidate is market-zone centroid; transit, real estate, price and property data not collected; estimated median income from DA aggregation."
WIN-NORTHWEST-WI-1KM,Ontario,,M0012,Windsor,WIN-NORTHWEST-WI,Northwest Windsor,Value-Oriented Rental Market,0,WIN-NORTHWEST-WI-C,Northwest Windsor centroid candidate,Approximate market-zone centroid; no property address collected,42.30778,-83.026393,1,12856,,0.057,3.57,3340.6,3225,0.27072175679532595,3459,0.2903312459076944,3732,0.29029247044181705,5527,3208,0.5805284111473037,2827,0.5114890537362041,66800,55926,5501,4405,1105,0.4415597433841219,0.20087256862388655,,,,,,,,,,,,0,0,,0,0,0,0,0,0,,,,1,1.31,3.23,,,,,,,,,,0,0,0,0,0,,,,0,0,,0,,,1,,1,1,3,100,,,,,,,,,,76.8,32.4,0,,20.4,,50.2,3,2,23,Further investigation,2021,2026-07-27,,1,0.6,0,0.6,70,12,SRC_STATCAN_2021_PROFILE,SRC_STATCAN_2021_DA_GEOGRAPHY,Screening dataset - not property validated,2026-07-27,"Candidate is market-zone centroid; transit, real estate, price and property data not collected; estimated median income from DA aggregation."
WAT-WEST-WATERLO-1KM,Ontario,,M0011,Waterloo,WAT-WEST-WATERLO,West Waterloo,Higher-Income Suburban Market,0,WAT-WEST-WATERLO-C,West Waterloo centroid candidate,Approximate market-zone centroid; no property address collected,43.481344,-80.576422,1,5387,,0.157,3.9,1379.9,1063,0.19732689808798962,1231,0.22851308706144421,1231,0.22851308706144421,1772,348,0.19627749576988154,180,0.10158013544018059,142732,118884,2793,2480,310,0.5871212121212122,0.11099176512710347,,,,,,,,,,,,0,0,,0,0,0,0,0,0,,,,1,1.58,2.64,,,,,,,,,,0,0,0,0,0,,,,0,0,,0,,,1,,1,1,3,100,,,,,,,,,,41.1,100,85.6,,7.4,,49.8,5,1,24,Lower priority,2021,2026-07-27,,1,0.6,0,0.6,70,12,SRC_STATCAN_2021_PROFILE,SRC_STATCAN_2021_DA_GEOGRAPHY,Screening dataset - not property validated,2026-07-27,"Candidate is market-zone centroid; transit, real estate, price and property data not collected; estimated median income from DA aggregation."
GUE-NORTH-GUELPH-1KM,Ontario,,M0003,Guelph,GUE-NORTH-GUELPH,North Guelph,Mixed Residential Market,0,GUE-NORTH-GUELPH-C,North Guelph centroid candidate,Approximate market-zone centroid; no property address collected,43.56345,-80.2423,1,10255,,0.091,5.1,2009.2,2161,0.2107223652390982,2367,0.23077073094625167,2367,0.23081423695758166,4256,1374,0.3232180663373324,1468,0.3449248120300752,104641,89863,5692,5138,548,0.6153293413173653,0.09627547434996486,,,,,,,,,,,,1,0,,1,0,0,1,0.98,0,10255,2367,,1,0.65,1.34,,,,,,,,,,0,1,1,1,1,,,,0,0,,0,,2,1,,1,1,3,100,,,,,,,,,,58.8,55.4,46.1,,15.8,,49.7,2,1,25,Lower priority,2021,2026-07-27,,1,0.65,0,0.75,74,12,SRC_STATCAN_2021_PROFILE,SRC_STATCAN_2021_DA_GEOGRAPHY,Screening dataset - not property validated,2026-07-27,"Candidate is market-zone centroid; transit, real estate, price and property data not collected; estimated median income from DA aggregation."
GUE-SOUTH-GUELPH-1KM,Ontario,,M0003,Guelph,GUE-SOUTH-GUELPH,South Guelph,Mixed Residential Market,0,GUE-SOUTH-GUELPH-C,South Guelph centroid candidate,Approximate market-zone centroid; no property address collected,43.517929,-80.23856,1,7169,,0.091,2.88,1568.5,1206,0.2669795448507925,1326,0.2935446736916674,2104,0.29348584181894266,1795,724,0.4004424778761062,506,0.2818941504178273,115684,97081,2546,2230,316,0.5793712652637049,0.12411626080125687,,,,,,,,,,,,0,0,,0,0,0,0,0,0,,,,1,1.25,1.48,,,,,,,,,,0,0,0,0,0,,,,0,0,,0,,,1,,1,1,3,100,,,,,,,,,,59.2,55.4,56,,10.5,,49.5,3,1,26,Lower priority,2021,2026-07-27,,1,0.6,0,0.6,70,12,SRC_STATCAN_2021_PROFILE,SRC_STATCAN_2021_DA_GEOGRAPHY,Screening dataset - not property validated,2026-07-27,"Candidate is market-zone centroid; transit, real estate, price and property data not collected; estimated median income from DA aggregation."
OSH-NORTH-OSHAWA-1KM,Ontario,,M0008,Oshawa,OSH-NORTH-OSHAWA,North Oshawa,Higher-Income Suburban Market,0,OSH-NORTH-OSHAWA-C,North Oshawa centroid candidate,Approximate market-zone centroid; no property address collected,43.936827,-78.85502,1,11626,,0.1,6.37,1824.6,2131,0.18328975435216405,2444,0.2102284456065506,2444,0.21021847583003614,4047,1279,0.3155687145324451,799,0.19743019520632568,114339,102632,5798,4937,860,0.5244316974718505,0.14832700931355638,,,,,,,,,,,,1,0,,1,1,0,1,0.86,0,11626,2444,,1,0.4,6.02,,,,,,,,,,0,1,1,1,1,,,,0,0,,0,,2,1,,1,1,3,100,,,,,,,,,,49.6,61.5,63.5,,18.2,,49.4,3,3,27,Lower priority,2021,2026-07-27,,1,0.65,0,0.75,74,12,SRC_STATCAN_2021_PROFILE,SRC_STATCAN_2021_DA_GEOGRAPHY,Screening dataset - not property validated,2026-07-27,"Candidate is market-zone centroid; transit, real estate, price and property data not collected; estimated median income from DA aggregation."
OSH-NORTHWEST-OS-3KM,Ontario,,M0008,Oshawa,OSH-NORTHWEST-OS,Northwest Oshawa,Higher-Income Suburban Market,0,OSH-NORTHWEST-OS-C,Northwest Oshawa centroid candidate,Approximate market-zone centroid; no property address collected,43.964032,-78.903213,3,14646,,0.1,37.76,278,2736,0.26057142857142856,3006,0.2862857142857143,4193,0.28628977195138605,3279,1032,0.3179297597042514,144,0.04391582799634035,121229,106678,5493,4680,807,0.5842696629213483,0.14691425450573456,,,,,,,,,,,,1,0,,0,0,1,0,0.68,0,14646,4193,,1,1.54,9.81,,,,,,,,,,0,0,0,1,1,,,,0,0,,0,,0,1,,1,1,3,100,,,,,,,,,,42.9,61.5,69,,23.5,,48.9,4,1,28,Lower priority,2021,2026-07-27,,1,0.45,0,0.75,67,12,SRC_STATCAN_2021_PROFILE,SRC_STATCAN_2021_DA_GEOGRAPHY,Screening dataset - not property validated,2026-07-27,"Candidate is market-zone centroid; transit, real estate, price and property data not collected; estimated median income from DA aggregation."
HAM-EAST-HAMILTO-3KM,Ontario,,M0004,Hamilton,HAM-EAST-HAMILTO,East Hamilton,Lower-Density Residential Market,0,HAM-EAST-HAMILTO-C,East Hamilton centroid candidate,Approximate market-zone centroid; no property address collected,43.223877,-79.727585,3,43282,,0.06,50.92,850.1,7671,0.17723221093197666,8609,0.19891317908978748,8609,0.19890485652234186,17160,5763,0.33613298337707787,5340,0.3111888111888112,99835,85635,21084,18432,2658,0.5075169337518586,0.12606715993170176,,,,,,,,,,,,2,1,,0,0,1,1,0.46,0.23,21641,4305,8609,0,1.67,2.34,,,,,,,,,,0,1,1,2,2,,,,0,0,,0,,1,1,,1,1,3,100,,,,,,,,,,49.7,34.5,40.4,,35.7,,48.8,3,1,29,Lower priority,2021,2026-07-27,,1,0.55,0,0.75,70.5,12,SRC_STATCAN_2021_PROFILE,SRC_STATCAN_2021_DA_GEOGRAPHY,Screening dataset - not property validated,2026-07-27,"Candidate is market-zone centroid; transit, real estate, price and property data not collected; estimated median income from DA aggregation."
LON-SOUTH-LONDON-1KM,Ontario,,M0007,London,LON-SOUTH-LONDON,South London,Lower-Density Residential Market,0,LON-SOUTH-LONDON-C,South London centroid candidate,Approximate market-zone centroid; no property address collected,42.938015,-81.267106,1,14168,,0.1,27.8,509.6,2758,0.1946585358967844,3089,0.21800626746845092,3089,0.21802653867871258,5648,2337,0.41436170212765955,1954,0.3459631728045326,93422,80115,6828,5891,937,0.5136454791176214,0.1372290568248389,,,,,,,,,,,,0,0,,0,0,0,0,0,0,,,,1,1.01,2.28,,,,,,,,,,0,0,0,0,0,,,,0,0,,0,,,1,,1,1,3,100,,,,,,,,,,53.2,61.5,32.9,,22.7,,48.7,5,1,30,Lower priority,2021,2026-07-27,,1,0.6,0,0.6,70,12,SRC_STATCAN_2021_PROFILE,SRC_STATCAN_2021_DA_GEOGRAPHY,Screening dataset - not property validated,2026-07-27,"Candidate is market-zone centroid; transit, real estate, price and property data not collected; estimated median income from DA aggregation."
HAM-WEST-HAMILTO-1KM,Ontario,,M0004,Hamilton,HAM-WEST-HAMILTO,West Hamilton,Higher-Income Suburban Market,0,HAM-WEST-HAMILTO-C,West Hamilton centroid candidate,Approximate market-zone centroid; no property address collected,43.237192,-79.954336,1,19547,,0.06,27.84,702,3751,0.19190038165205203,4237,0.21674357688805215,4237,0.21675960505448405,7385,1835,0.24847664184157076,1534,0.2077183480027082,133151,110894,10047,8921,1138,0.5498982925476176,0.11326764208221358,,,,,,,,,,,,0,0,,0,0,0,0,0,0,,,,1,1.42,2.71,,,,,,,,,,0,0,0,0,0,,,,0,0,,0,,,1,,1,1,3,100,,,,,,,,,,41.7,34.5,74.7,,32,,48.5,4,1,31,Lower priority,2021,2026-07-27,,1,0.6,0,0.6,70,12,SRC_STATCAN_2021_PROFILE,SRC_STATCAN_2021_DA_GEOGRAPHY,Screening dataset - not property validated,2026-07-27,"Candidate is market-zone centroid; transit, real estate, price and property data not collected; estimated median income from DA aggregation."
LON-SOUTHWEST-LO-3KM,Ontario,,M0007,London,LON-SOUTHWEST-LO,Southwest London,Higher-Income Suburban Market,0,LON-SOUTHWEST-LO-C,Southwest London centroid candidate,Approximate market-zone centroid; no property address collected,42.956733,-81.328666,3,32653,,0.1,26.21,913.7,3165,0.1321723878727136,3743,0.15632673515409673,5105,0.15634091813922152,9477,2061,0.21774960380348654,1491,0.15732826843937955,140410,115527,11469,10218,1239,0.5227935533384497,0.10803034266283024,,,,,,,,,,,,2,1,,1,0,0,2,0.61,0.31,16327,2553,5105,0,2.11,2.11,,,,,,,,,,0,1,1,2,2,,,,0,0,,0,,1,1,,1,1,3,100,,,,,,,,,,36.1,61.5,81,,26.4,,48.5,6,1,32,Lower priority,2021,2026-07-27,,1,0.82,0,0.75,80.1,12,SRC_STATCAN_2021_PROFILE,SRC_STATCAN_2021_DA_GEOGRAPHY,Screening dataset - not property validated,2026-07-27,"Candidate is market-zone centroid; transit, real estate, price and property data not collected; estimated median income from DA aggregation."
BAR-NORTHEAST-BA-1KM,Ontario,,M0001,Barrie,BAR-NORTHEAST-BA,Northeast Barrie,Mixed Residential Market,0,BAR-NORTHEAST-BA-C,Northeast Barrie centroid candidate,Approximate market-zone centroid; no property address collected,44.402199,-79.674172,1,8676,,0.045,2.75,2575.4,1825,0.25805995475113125,1963,0.27763009049773757,2409,0.2776625172890733,2961,1329,0.4500507958008805,1181,0.3988517392772712,94266,79329,3773,3303,479,0.5556864064602961,0.12695467797508614,,,,,,,,,,,,0,0,,0,0,0,0,0,0,,,,1,1.3,1.54,,,,,,,,,,0,0,0,0,0,,,,0,0,,0,,,1,,1,1,3,100,,,,,,,,,,69.9,24.3,31.8,,13.1,,48.4,1,1,33,Lower priority,2021,2026-07-27,,1,0.6,0,0.6,70,12,SRC_STATCAN_2021_PROFILE,SRC_STATCAN_2021_DA_GEOGRAPHY,Screening dataset - not property validated,2026-07-27,"Candidate is market-zone centroid; transit, real estate, price and property data not collected; estimated median income from DA aggregation."
HAM-NORTH-HAMILT-3KM,Ontario,,M0004,Hamilton,HAM-NORTH-HAMILT,North Hamilton,Higher-Income Suburban Market,0,HAM-NORTH-HAMILT-C,North Hamilton centroid candidate,Approximate market-zone centroid; no property address collected,43.348976,-79.936355,3,22790,,0.06,151.13,150.8,4023,0.17652634073137982,4574,0.20069504778453517,4574,0.20070206230802984,7965,1041,0.1299625468164794,576,0.07231638418079096,150530,129468,12972,11781,1203,0.6408289817232375,0.0927382053654024,,,,,,,,,,,,0,0,,0,0,0,0,0,0,,,,1,3.66,3.66,,,,,,,,,,0,0,0,0,0,,,,0,0,,0,,,1,,1,1,3,100,,,,,,,,,,30,34.5,100,,37.7,,48.4,5,1,34,Lower priority,2021,2026-07-27,,1,0.6,0,0.6,70,12,SRC_STATCAN_2021_PROFILE,SRC_STATCAN_2021_DA_GEOGRAPHY,Screening dataset - not property validated,2026-07-27,"Candidate is market-zone centroid; transit, real estate, price and property data not collected; estimated median income from DA aggregation."
KIT-SOUTH-KITCHE-1KM,Ontario,,M0006,Kitchener,KIT-SOUTH-KITCHE,South Kitchener,Higher-Income Suburban Market,0,KIT-SOUTH-KITCHE-C,South Kitchener centroid candidate,Approximate market-zone centroid; no property address collected,43.389653,-80.455306,1,9600,,0.10099999999999999,9.39,1022,2205,0.22968271494343867,2455,0.25572383908668567,2455,0.2557291666666667,3194,803,0.2528337531486146,463,0.14495929868503443,127335,111861,5332,4812,521,0.6385350318471338,0.0977119279819955,,,,,,,,,,,,0,0,,0,0,0,0,0,0,,,,1,2,3.25,,,,,,,,,,0,0,0,0,0,,,,0,0,,0,,,1,,1,1,3,100,,,,,,,,,,45.5,62.2,76.1,,14.7,,48.4,6,2,35,Lower priority,2021,2026-07-27,,1,0.6,0,0.6,70,12,SRC_STATCAN_2021_PROFILE,SRC_STATCAN_2021_DA_GEOGRAPHY,Screening dataset - not property validated,2026-07-27,"Candidate is market-zone centroid; transit, real estate, price and property data not collected; estimated median income from DA aggregation."
OSH-SOUTHEAST-OS-1KM,Ontario,,M0008,Oshawa,OSH-SOUTHEAST-OS,Southeast Oshawa,Mixed Residential Market,0,OSH-SOUTHEAST-OS-C,Southeast Oshawa centroid candidate,Approximate market-zone centroid; no property address collected,43.890803,-78.837923,1,10080,,0.1,4.91,2053,2145,0.2127933969564096,2337,0.23184063808257774,2337,0.2318452380952381,3975,1284,0.32277526395173456,1014,0.2550943396226415,94643,83234,5110,4312,808,0.514497076721155,0.15812133072407045,,,,,,,,,,,,0,0,,0,0,0,0,0,0,,,,1,1.69,1.69,,,,,,,,,,0,0,0,0,0,,,,0,0,,0,,,1,,1,1,3,100,,,,,,,,,,56.3,61.5,37.1,,15.5,,48.4,5,1,36,Lower priority,2021,2026-07-27,,1,0.6,0,0.6,70,12,SRC_STATCAN_2021_PROFILE,SRC_STATCAN_2021_DA_GEOGRAPHY,Screening dataset - not property validated,2026-07-27,"Candidate is market-zone centroid; transit, real estate, price and property data not collected; estimated median income from DA aggregation."
LON-NORTHEAST-LO-1KM,Ontario,,M0007,London,LON-NORTHEAST-LO,Northeast London,Lower-Density Residential Market,0,LON-NORTHEAST-LO-C,Northeast London centroid candidate,Approximate market-zone centroid; no property address collected,43.004176,-81.188478,1,12360,,0.1,11.12,1111.1,3171,0.25654924677594215,3435,0.27794048639989644,3435,0.2779126213592233,5116,2139,0.4174473067915691,1448,0.2830336200156372,78299,69190,6494,5555,947,0.534545804464973,0.14582691715429627,,,,,,,,,,,,0,0,,0,0,0,0,0,0,,,,1,1.31,1.31,,,,,,,,,,0,0,0,0,0,,,,0,0,,0,,,1,,1,1,3,100,,,,,,,,,,58.3,61.5,18,,19.5,,48.2,7,1,37,Lower priority,2021,2026-07-27,,1,0.6,0,0.6,70,12,SRC_STATCAN_2021_PROFILE,SRC_STATCAN_2021_DA_GEOGRAPHY,Screening dataset - not property validated,2026-07-27,"Candidate is market-zone centroid; transit, real estate, price and property data not collected; estimated median income from DA aggregation."
KIN-NORTHEAST-KI-3KM,Ontario,,M0005,Kingston,KIN-NORTHEAST-KI,Northeast Kingston,Lower-Density Residential Market,0,KIN-NORTHEAST-KI-C,Northeast Kingston centroid candidate,Approximate market-zone centroid; no property address collected,44.267952,-76.464041,3,18177,,0.07,41.72,315.1,2394,0.18206707734428473,2698,0.2051562856490988,3729,0.20514936458161412,5397,2004,0.36906077348066296,1551,0.2873818788215675,107056,93469,6414,5598,786,0.5153272576636289,0.1225444340505145,,,,,,,,,,,,0,0,,0,0,0,0,0,0,,,,1,3.37,7.37,,,,,,,,,,0,0,0,0,0,,,,0,0,,0,,,1,,1,1,3,100,,,,,,,,,,46.7,41.2,51,,29.6,,48,2,1,38,Lower priority,2021,2026-07-27,,1,0.6,0,0.6,70,12,SRC_STATCAN_2021_PROFILE,SRC_STATCAN_2021_DA_GEOGRAPHY,Screening dataset - not property validated,2026-07-27,"Candidate is market-zone centroid; transit, real estate, price and property data not collected; estimated median income from DA aggregation."
KIN-SOUTH-KINGST-3KM,Ontario,,M0005,Kingston,KIN-SOUTH-KINGST,South Kingston,Student / Young Adult Market,0,KIN-SOUTH-KINGST-C,South Kingston centroid candidate,Approximate market-zone centroid; no property address collected,44.23665,-76.512548,3,48756,,0.07,21.11,1532.4,9768,0.30189518970440976,10435,0.32251604049994437,15725,0.32252440725244075,16041,10167,0.6350009368559115,9417,0.5870581634561436,81965,65002,16599,13938,2664,0.504013885875461,0.16049159587926984,,,,,,,,,,,,10,0,,6,5,9,1,2.05,0,4876,1573,,1,0.84,4.05,,,,,,,,,,0,6,6,10,10,,,,0,0,,0,,1.2,1,,1,1,3,100,,,,,,,,,,73.5,41.2,12.3,,6.5,,47.7,3,2,39,Lower priority,2021,2026-07-27,,1,0.47,0,0.75,67.7,12,SRC_STATCAN_2021_PROFILE,SRC_STATCAN_2021_DA_GEOGRAPHY,Screening dataset - not property validated,2026-07-27,"Candidate is market-zone centroid; transit, real estate, price and property data not collected; estimated median income from DA aggregation."
HAM-SOUTH-HAMILT-3KM,Ontario,,M0004,Hamilton,HAM-SOUTH-HAMILT,South Hamilton,Mixed Residential Market,0,HAM-SOUTH-HAMILT-C,South Hamilton centroid candidate,Approximate market-zone centroid; no property address collected,43.211881,-79.874986,3,78672,,0.06,30.08,2221.5,13050,0.19530197726415602,14735,0.2205161359840526,17348,0.22051047386617856,23946,6687,0.27879924953095686,3240,0.1353044349787021,103515,92425,32490,28128,4338,0.5109815248787399,0.1335180055401662,,,,,,,,,,,,5,1,,3,1,2,3,0.64,0.13,15734,3470,17348,0,0.98,1.09,,,,,,,,,,0,4,4,5,5,,,,0,0,,0,,1.6,1,,1,1,3,100,,,,,,,,,,50.9,34.5,49.6,,25.4,,47.6,6,2,40,Lower priority,2021,2026-07-27,,1,0.57,0,0.75,71.2,12,SRC_STATCAN_2021_PROFILE,SRC_STATCAN_2021_DA_GEOGRAPHY,Screening dataset - not property validated,2026-07-27,"Candidate is market-zone centroid; transit, real estate, price and property data not collected; estimated median income from DA aggregation."
OSH-SOUTHWEST-OS-1KM,Ontario,,M0008,Oshawa,OSH-SOUTHWEST-OS,Southwest Oshawa,Mixed Residential Market,0,OSH-SOUTHWEST-OS-C,Southwest Oshawa centroid candidate,Approximate market-zone centroid; no property address collected,43.898846,-78.877778,1,9978,,0.1,5.28,1870.7,2084,0.21114488348530902,2268,0.2297467071935157,2292,0.22970535177390258,4217,1857,0.44151212553495006,1671,0.3962532606118093,87686,76776,4758,4030,729,0.4927855221325508,0.1532156368221942,,,,,,,,,,,,2,0,,2,1,0,2,2,0,4989,1146,,1,0.68,2.51,,,,,,,,,,0,2,2,2,2,,,,0,0,,0,,2,1,,1,1,3,100,,,,,,,,,,62.8,61.5,28.4,,6.7,,47.6,6,1,41,Lower priority,2021,2026-07-27,,1,0.65,0,0.75,74,12,SRC_STATCAN_2021_PROFILE,SRC_STATCAN_2021_DA_GEOGRAPHY,Screening dataset - not property validated,2026-07-27,"Candidate is market-zone centroid; transit, real estate, price and property data not collected; estimated median income from DA aggregation."
KIT-NORTH-KITCHE-1KM,Ontario,,M0006,Kitchener,KIT-NORTH-KITCHE,North Kitchener,Mixed Residential Market,0,KIT-NORTH-KITCHE-C,North Kitchener centroid candidate,Approximate market-zone centroid; no property address collected,43.46506,-80.460264,1,6085,,0.10099999999999999,4.18,1457.1,1248,0.20510123586642123,1376,0.22607152248225085,1376,0.22612982744453575,2541,885,0.34911242603550297,805,0.3168044077134986,107754,90282,3381,3022,364,0.5925490196078431,0.10766045548654243,,,,,,,,,,,,1,0,,0,0,1,0,1.64,0,6085,1376,,1,0.3,1.45,,,,,,,,,,0,0,0,1,1,,,,0,0,,0,,0,1,,1,1,3,100,,,,,,,,,,55.5,62.2,46.7,,8.6,,47.5,7,1,42,Lower priority,2021,2026-07-27,,1,0.45,0,0.75,67,12,SRC_STATCAN_2021_PROFILE,SRC_STATCAN_2021_DA_GEOGRAPHY,Screening dataset - not property validated,2026-07-27,"Candidate is market-zone centroid; transit, real estate, price and property data not collected; estimated median income from DA aggregation."
KIN-SOUTH-KINGST-5KM,Ontario,,M0005,Kingston,KIN-SOUTH-KINGST,South Kingston,Student / Young Adult Market,0,KIN-SOUTH-KINGST-C,South Kingston centroid candidate,Approximate market-zone centroid; no property address collected,44.23665,-76.512548,5,53926,,0.07,35.19,1532.4,16280,0.30189518970440976,17392,0.32251604049994437,17392,0.32251604049994437,26735,16945,0.6350009368559115,15695,0.5870581634561436,81965,65002,27665,23230,4440,0.504013885875461,0.16049159587926984,,,,,,,,,,,,13,2,,7,6,9,4,2.41,0.37,4148,1338,8696,0,0.84,4.05,,,,,,,,,,0,9,9,13,13,,,,0,0,,0,,1.38,1,,1,1,3,100,,,,,,,,,,73.5,41.2,12.3,,5.2,,47.4,4,3,43,Lower priority,2021,2026-07-27,,1,0.51,0,0.75,69.2,12,SRC_STATCAN_2021_PROFILE,SRC_STATCAN_2021_DA_GEOGRAPHY,Screening dataset - not property validated,2026-07-27,"Candidate is market-zone centroid; transit, real estate, price and property data not collected; estimated median income from DA aggregation."
BAR-EAST-BARRIE-3KM,Ontario,,M0001,Barrie,BAR-EAST-BARRIE,East Barrie,Higher-Income Suburban Market,0,BAR-EAST-BARRIE-C,East Barrie centroid candidate,Approximate market-zone centroid; no property address collected,44.358293,-79.64323,3,35956,,0.045,15.38,1441.1,4032,0.18186246650970203,4684,0.2112527401152878,7596,0.21125820447213262,7509,1521,0.2026378896882494,705,0.09388733519776268,125776,113311,12051,10623,1422,0.5981418918918919,0.1179985063480209,,,,,,,,,,,,2,0,,2,2,1,1,0.56,0,17978,3798,,1,1.75,4.54,,,,,,,,,,0,2,2,2,2,,,,0,0,,0,,2,1,,1,1,3,100,,,,,,,,,,41.5,24.3,78,,29.3,,47.1,2,1,44,Lower priority,2021,2026-07-27,,1,0.55,0,0.75,70.5,12,SRC_STATCAN_2021_PROFILE,SRC_STATCAN_2021_DA_GEOGRAPHY,Screening dataset - not property validated,2026-07-27,"Candidate is market-zone centroid; transit, real estate, price and property data not collected; estimated median income from DA aggregation."
GUE-SOUTHEAST-GU-1KM,Ontario,,M0003,Guelph,GUE-SOUTHEAST-GU,Southeast Guelph,Higher-Income Suburban Market,0,GUE-SOUTHEAST-GU-C,Southeast Guelph centroid candidate,Approximate market-zone centroid; no property address collected,43.512499,-80.195457,1,5845,,0.091,5.15,1135,1381,0.23626223225894752,1553,0.26561965373297747,1553,0.2656971770744226,2085,461,0.22184793070259864,360,0.17266187050359713,137571,117460,3313,2964,354,0.6160881313656205,0.1068517959553275,,,,,,,,,,,,0,0,,0,0,0,0,0,0,,,,1,1.32,1.98,,,,,,,,,,0,0,0,0,0,,,,0,0,,0,,,1,,1,1,3,100,,,,,,,,,,45,55.4,83.7,,8.1,,46.7,4,1,45,Lower priority,2021,2026-07-27,,1,0.6,0,0.6,70,12,SRC_STATCAN_2021_PROFILE,SRC_STATCAN_2021_DA_GEOGRAPHY,Screening dataset - not property validated,2026-07-27,"Candidate is market-zone centroid; transit, real estate, price and property data not collected; estimated median income from DA aggregation."
HAM-NORTH-HAMILT-5KM,Ontario,,M0004,Hamilton,HAM-NORTH-HAMILT,North Hamilton,Higher-Income Suburban Market,0,HAM-NORTH-HAMILT-C,North Hamilton centroid candidate,Approximate market-zone centroid; no property address collected,43.348976,-79.936355,5,37983,,0.06,251.89,150.8,6705,0.17652634073137982,7623,0.20069504778453517,7623,0.20069504778453517,13275,1735,0.1299625468164794,960,0.07231638418079096,150530,129468,21620,19635,2005,0.6408289817232375,0.0927382053654024,,,,,,,,,,,,2,1,,1,1,1,1,0.53,0.26,18992,3812,7623,0,3.66,3.66,,,,,,,,,,0,2,2,2,2,,,,0,0,,0,,2,1,,1,1,3,100,,,,,,,,,,30,34.5,100,,31.1,,46.7,7,2,46,Lower priority,2021,2026-07-27,,1,0.55,0,0.75,70.5,12,SRC_STATCAN_2021_PROFILE,SRC_STATCAN_2021_DA_GEOGRAPHY,Screening dataset - not property validated,2026-07-27,"Candidate is market-zone centroid; transit, real estate, price and property data not collected; estimated median income from DA aggregation."
THU-SOUTHWEST-TH-3KM,Ontario,,M0010,Thunder Bay,THU-SOUTHWEST-TH,Southwest Thunder Bay,Mixed Residential Market,0,THU-SOUTHWEST-TH-C,Southwest Thunder Bay centroid candidate,Approximate market-zone centroid; no property address collected,48.380083,-89.284354,3,26343,,0.009000000000000001,13.13,1254.7,3285,0.1993446204259967,3596,0.21820498816675768,5748,0.21819838287211024,7275,2097,0.286123618501842,1584,0.2177319587628866,89433,78988,7947,7098,840,0.513232104121475,0.10570026425066063,,,,,,,,,,,,1,0,,1,0,0,1,0.38,0,26343,5748,,1,1.96,3.99,,,,,,,,,,0,1,1,1,1,,,,0,0,,0,,2,1,,1,1,3,100,,,,,,,,,,50.2,0,31.4,,43.9,,46.7,2,1,47,Lower priority,2021,2026-07-27,,1,0.85,0,0.75,81,12,SRC_STATCAN_2021_PROFILE,SRC_STATCAN_2021_DA_GEOGRAPHY,Screening dataset - not property validated,2026-07-27,"Candidate is market-zone centroid; transit, real estate, price and property data not collected; estimated median income from DA aggregation."
GRE-NORTH-GREATE-5KM,Ontario,,M0002,Greater Sudbury / Grand Sudbury,GRE-NORTH-GREATE,North Greater Sudbury / Grand Sudbury,Higher-Income Suburban Market,0,GRE-NORTH-GREATE-C,North Greater Sudbury / Grand Sudbury centroid candidate,Approximate market-zone centroid; no property address collected,46.650153,-80.968438,5,28800,,0.027999999999999997,1239.73,23.2,4795,0.16649305555555555,5503,0.1910763888888889,5503,0.1910763888888889,11190,1725,0.1542933810375671,1075,0.09606791778373548,117849,106092,15285,13780,1530,0.5769311283232154,0.10009813542688911,,,,,,,,,,,,1,0,,0,0,1,0,0.35,0,28800,5503,,1,1.54,14.66,,,,,,,,,,0,0,0,1,1,,,,0,0,,0,,0,1,,1,1,3,100,,,,,,,,,,32.6,12.8,68.2,,48.1,,46.6,1,1,48,Lower priority,2021,2026-07-27,,1,0.45,0,0.75,67,12,SRC_STATCAN_2021_PROFILE,SRC_STATCAN_2021_DA_GEOGRAPHY,Screening dataset - not property validated,2026-07-27,"Candidate is market-zone centroid; transit, real estate, price and property data not collected; estimated median income from DA aggregation."
OSH-NORTHWEST-OS-5KM,Ontario,,M0008,Oshawa,OSH-NORTHWEST-OS,Northwest Oshawa,Higher-Income Suburban Market,0,OSH-NORTHWEST-OS-C,Northwest Oshawa centroid candidate,Approximate market-zone centroid; no property address collected,43.964032,-78.903213,5,17500,,0.1,62.94,278,4560,0.26057142857142856,5010,0.2862857142857143,5010,0.2862857142857143,5465,1720,0.3179297597042514,240,0.04391582799634035,121229,106678,9155,7800,1345,0.5842696629213483,0.14691425450573456,,,,,,,,,,,,2,0,,1,0,1,1,1.14,0,8750,2505,,1,1.54,9.81,,,,,,,,,,0,1,1,2,2,,,,0,0,,0,,1,1,,1,1,3,100,,,,,,,,,,42.9,61.5,69,,13.2,,46.4,7,2,49,Lower priority,2021,2026-07-27,,1,0.55,0,0.75,70.5,12,SRC_STATCAN_2021_PROFILE,SRC_STATCAN_2021_DA_GEOGRAPHY,Screening dataset - not property validated,2026-07-27,"Candidate is market-zone centroid; transit, real estate, price and property data not collected; estimated median income from DA aggregation."
HAM-EAST-HAMILTO-1KM,Ontario,,M0004,Hamilton,HAM-EAST-HAMILTO,East Hamilton,Lower-Density Residential Market,0,HAM-EAST-HAMILTO-C,East Hamilton centroid candidate,Approximate market-zone centroid; no property address collected,43.223877,-79.727585,1,14427,,0.06,16.97,850.1,2557,0.17723221093197666,2870,0.19891317908978748,2870,0.19893255701115964,5720,1921,0.33613298337707787,1780,0.3111888111888112,99835,85635,7028,6144,886,0.5075169337518586,0.12606715993170176,,,,,,,,,,,,0,0,,0,0,0,0,0,0,,,,1,1.67,2.34,,,,,,,,,,0,0,0,0,0,,,,0,0,,0,,,1,,1,1,3,100,,,,,,,,,,49.7,34.5,40.4,,23.1,,45.7,8,2,50,Lower priority,2021,2026-07-27,,1,0.6,0,0.6,70,12,SRC_STATCAN_2021_PROFILE,SRC_STATCAN_2021_DA_GEOGRAPHY,Screening dataset - not property validated,2026-07-27,"Candidate is market-zone centroid; transit, real estate, price and property data not collected; estimated median income from DA aggregation."
BAR-NORTHWEST-BA-1KM,Ontario,,M0001,Barrie,BAR-NORTHWEST-BA,Northwest Barrie,Mixed Residential Market,0,BAR-NORTHWEST-BA-C,Northwest Barrie centroid candidate,Approximate market-zone centroid; no property address collected,44.395267,-79.715095,1,8053,,0.045,3.66,2076.8,1606,0.21152174485683428,1764,0.23227879777678265,1871,0.232335775487396,2975,1082,0.3641871423763043,983,0.3304201680672269,98175,86010,3975,3422,553,0.5492776886035313,0.13911949685534591,,,,,,,,,,,,0,0,,0,0,0,0,0,0,,,,1,1.15,1.15,,,,,,,,,,0,0,0,0,0,,,,0,0,,0,,,1,,1,1,3,100,,,,,,,,,,59.6,24.3,40.9,,12,,45.4,3,1,51,Lower priority,2021,2026-07-27,,1,0.6,0,0.6,70,12,SRC_STATCAN_2021_PROFILE,SRC_STATCAN_2021_DA_GEOGRAPHY,Screening dataset - not property validated,2026-07-27,"Candidate is market-zone centroid; transit, real estate, price and property data not collected; estimated median income from DA aggregation."
GRE-SOUTH-GREATE-1KM,Ontario,,M0002,Greater Sudbury / Grand Sudbury,GRE-SOUTH-GREATE,South Greater Sudbury / Grand Sudbury,Lower-Density Residential Market,0,GRE-SOUTH-GREATE-C,South Greater Sudbury / Grand Sudbury centroid candidate,Approximate market-zone centroid; no property address collected,46.474042,-81.002027,1,12064,,0.027999999999999997,44.5,271.1,2695,0.2233882064289385,2927,0.24258550090349962,2927,0.24262267904509283,5697,3031,0.5325953259532595,2848,0.49991223450939093,92725,76731,6089,5382,701,0.5362160007970509,0.11512563639349647,,,,,,,,,,,,0,0,,0,0,0,0,0,0,,,,1,1.84,2.35,,,,,,,,,,0,0,0,0,0,,,,0,0,,0,,,1,,1,1,3,100,,,,,,,,,,61.4,12.8,28.3,,19,,45.3,2,1,52,Lower priority,2021,2026-07-27,,1,0.6,0,0.6,70,12,SRC_STATCAN_2021_PROFILE,SRC_STATCAN_2021_DA_GEOGRAPHY,Screening dataset - not property validated,2026-07-27,"Candidate is market-zone centroid; transit, real estate, price and property data not collected; estimated median income from DA aggregation."
LON-SOUTHWEST-LO-1KM,Ontario,,M0007,London,LON-SOUTHWEST-LO,Southwest London,Higher-Income Suburban Market,0,LON-SOUTHWEST-LO-C,Southwest London centroid candidate,Approximate market-zone centroid; no property address collected,42.956733,-81.328666,1,7982,,0.1,8.74,913.7,1055,0.1321723878727136,1248,0.15632673515409673,1248,0.1563517915309446,3159,687,0.21774960380348654,497,0.15732826843937955,140410,115527,3823,3406,413,0.5227935533384497,0.10803034266283024,,,,,,,,,,,,0,0,,0,0,0,0,0,0,,,,1,2.11,2.11,,,,,,,,,,0,0,0,0,0,,,,0,0,,0,,,1,,1,1,3,100,,,,,,,,,,36.1,61.5,81,,11.9,,44.9,8,2,53,Lower priority,2021,2026-07-27,,1,0.6,0,0.6,70,12,SRC_STATCAN_2021_PROFILE,SRC_STATCAN_2021_DA_GEOGRAPHY,Screening dataset - not property validated,2026-07-27,"Candidate is market-zone centroid; transit, real estate, price and property data not collected; estimated median income from DA aggregation."
LON-SOUTHEAST-LO-1KM,Ontario,,M0007,London,LON-SOUTHEAST-LO,Southeast London,Lower-Density Residential Market,0,LON-SOUTHEAST-LO-C,Southeast London centroid candidate,Approximate market-zone centroid; no property address collected,42.957284,-81.199035,1,9699,,0.1,15.7,618,1936,0.1995999752562014,2160,0.2226529476050065,2160,0.22270337148159605,3825,1203,0.31450980392156863,778,0.20339869281045753,86952,77900,4842,4185,640,0.5326460481099656,0.13217678645187939,,,,,,,,,,,,0,0,,0,0,0,0,0,0,,,,1,2.55,2.67,,,,,,,,,,0,0,0,0,0,,,,0,0,,0,,,1,,1,1,3,100,,,,,,,,,,48.3,61.5,29.9,,14.9,,44.8,9,1,54,Lower priority,2021,2026-07-27,,1,0.6,0,0.6,70,12,SRC_STATCAN_2021_PROFILE,SRC_STATCAN_2021_DA_GEOGRAPHY,Screening dataset - not property validated,2026-07-27,"Candidate is market-zone centroid; transit, real estate, price and property data not collected; estimated median income from DA aggregation."
HAM-SOUTH-2-HAMI-5KM,Ontario,,M0004,Hamilton,HAM-SOUTH-2-HAMI,South 2 Hamilton,Higher-Income Suburban Market,0,HAM-SOUTH-2-HAMI-C,South 2 Hamilton centroid candidate,Approximate market-zone centroid; no property address collected,43.12879,-79.841004,5,19742,,0.06,180.16,109.6,3000,0.15196028771147807,3492,0.17688177489616047,3492,0.17688177489616047,6435,540,0.08411214953271028,140,0.021756021756021756,131010,119270,10410,9490,920,0.6343582887700535,0.08837656099903939,,,,,,,,,,,,0,0,,0,0,0,0,0,0,,,,1,7.71,7.8,,,,,,,,,,0,0,0,0,0,,,,0,0,,0,,,1,,1,1,3,100,,,,,,,,,,27.4,34.5,86.1,,32.4,,44.7,9,1,55,Lower priority,2021,2026-07-27,,1,0.6,0,0.6,70,12,SRC_STATCAN_2021_PROFILE,SRC_STATCAN_2021_DA_GEOGRAPHY,Screening dataset - not property validated,2026-07-27,"Candidate is market-zone centroid; transit, real estate, price and property data not collected; estimated median income from DA aggregation."
WIN-NORTHEAST-WI-3KM,Ontario,,M0012,Windsor,WIN-NORTHEAST-WI,Northeast Windsor,Mixed Residential Market,0,WIN-NORTHEAST-WI-C,Northeast Windsor centroid candidate,Approximate market-zone centroid; no property address collected,42.319523,-82.921813,3,48462,,0.057,14.2,2047.4,5073,0.17446659238165985,5758,0.19803144731954933,9597,0.19803144731954933,11673,3345,0.2867798353909465,2541,0.21768182986378823,94659,82359,13410,10866,2517,0.4522977022977022,0.18769574944071585,,,,,,,,,,,,4,2,,2,1,1,3,0.83,0.41,12116,2399,4799,0,0.92,0.92,,,,,,,,,,0,4,4,4,4,,,,0,0,,0,,2,1,,1,1,3,100,,,,,,,,,,51.5,32.4,35.9,,19.1,,44.6,4,1,56,Lower priority,2021,2026-07-27,,1,0.69,0,0.75,75.3,12,SRC_STATCAN_2021_PROFILE,SRC_STATCAN_2021_DA_GEOGRAPHY,Screening dataset - not property validated,2026-07-27,"Candidate is market-zone centroid; transit, real estate, price and property data not collected; estimated median income from DA aggregation."
THU-NORTHEAST-TH-5KM,Ontario,,M0010,Thunder Bay,THU-NORTHEAST-TH,Northeast Thunder Bay,Lower-Density Residential Market,0,THU-NORTHEAST-TH-C,Northeast Thunder Bay centroid candidate,Approximate market-zone centroid; no property address collected,48.447982,-89.239197,5,54265,,0.009000000000000001,106.01,511.9,11275,0.2077766516170644,12397,0.2284529623145674,12397,0.2284529623145674,24400,8355,0.34290991175867025,7050,0.2889344262295082,94745,82815,26875,23860,2950,0.5217581456374372,0.10976744186046511,,,,,,,,,,,,1,1,,0,0,0,1,0.18,0.18,54265,12397,12397,0,4.93,4.93,,,,,,,,,,1,0,0,1,1,,,,0,0,,0,,1,0,,1,1,2,0,,,,,,,,,,50,0,36.6,,92.5,,44.3,3,2,57,Lower priority,2021,2026-07-27,,1,1,0,0.75,86.3,12,SRC_STATCAN_2021_PROFILE,SRC_STATCAN_2021_DA_GEOGRAPHY,Screening dataset - not property validated,2026-07-27,"Candidate is market-zone centroid; transit, real estate, price and property data not collected; estimated median income from DA aggregation."
OSH-NORTHWEST-OS-1KM,Ontario,,M0008,Oshawa,OSH-NORTHWEST-OS,Northwest Oshawa,Higher-Income Suburban Market,0,OSH-NORTHWEST-OS-C,Northwest Oshawa centroid candidate,Approximate market-zone centroid; no property address collected,43.964032,-78.903213,1,3500,,0.1,12.59,278,912,0.26057142857142856,1002,0.2862857142857143,1002,0.2862857142857143,1093,344,0.3179297597042514,48,0.04391582799634035,121229,106678,1831,1560,269,0.5842696629213483,0.14691425450573456,,,,,,,,,,,,0,0,,0,0,0,0,0,0,,,,1,1.54,9.81,,,,,,,,,,0,0,0,0,0,,,,0,0,,0,,,1,,1,1,3,100,,,,,,,,,,42.9,61.5,69,,4.1,,44.1,8,3,58,Lower priority,2021,2026-07-27,,1,0.6,0,0.6,70,12,SRC_STATCAN_2021_PROFILE,SRC_STATCAN_2021_DA_GEOGRAPHY,Screening dataset - not property validated,2026-07-27,"Candidate is market-zone centroid; transit, real estate, price and property data not collected; estimated median income from DA aggregation."
WAT-EAST-WATERLO-1KM,Ontario,,M0011,Waterloo,WAT-EAST-WATERLO,East Waterloo,Student / Young Adult Market,0,WAT-EAST-WATERLO-C,East Waterloo centroid candidate,Approximate market-zone centroid; no property address collected,43.473857,-80.523294,1,11062,,0.157,2.52,3042.7,3402,0.4440441694729423,3581,0.467434150416373,5171,0.46745615621045017,3523,2264,0.6498277841561424,2412,0.6846437695146183,85767,69341,4200,3582,605,0.5408425184961497,0.14404761904761904,,,,,,,,,,,,2,1,,1,0,0,2,1.81,0.9,5531,2586,5171,0,0.74,0.86,,,,,,,,,,1,2,1,2,2,,,,0,0,,0,,2,0,,1,1,2,0,,,,,,,,,,86.6,100,18.2,,7.6,,44,6,1,59,Lower priority,2021,2026-07-27,,1,0.65,0,0.75,74,12,SRC_STATCAN_2021_PROFILE,SRC_STATCAN_2021_DA_GEOGRAPHY,Screening dataset - not property validated,2026-07-27,"Candidate is market-zone centroid; transit, real estate, price and property data not collected; estimated median income from DA aggregation."
WAT-EAST-WATERLO-3KM,Ontario,,M0011,Waterloo,WAT-EAST-WATERLO,East Waterloo,Student / Young Adult Market,0,WAT-EAST-WATERLO-C,East Waterloo centroid candidate,Approximate market-zone centroid; no property address collected,43.473857,-80.523294,3,38307,,0.157,7.55,3042.7,10206,0.4440441694729423,10744,0.467434150416373,17906,0.467434150416373,10569,6792,0.6498277841561424,7236,0.6846437695146183,85767,69341,12600,10746,1815,0.5408425184961497,0.14404761904761904,,,,,,,,,,,,7,2,,2,1,4,3,1.83,0.52,5472,2558,8953,0,0.74,0.86,,,,,,,,,,1,4,3,7,7,,,,0,0,,0,,1.14,0,,1,1,2,0,,,,,,,,,,86.6,100,18.2,,7.5,,44,7,2,60,Lower priority,2021,2026-07-27,,1,0.54,0,0.75,70,12,SRC_STATCAN_2021_PROFILE,SRC_STATCAN_2021_DA_GEOGRAPHY,Screening dataset - not property validated,2026-07-27,"Candidate is market-zone centroid; transit, real estate, price and property data not collected; estimated median income from DA aggregation."
GRE-SOUTH-GREATE-5KM,Ontario,,M0002,Greater Sudbury / Grand Sudbury,GRE-SOUTH-GREATE,South Greater Sudbury / Grand Sudbury,Lower-Density Residential Market,0,GRE-SOUTH-GREATE-C,South Greater Sudbury / Grand Sudbury centroid candidate,Approximate market-zone centroid; no property address collected,46.474042,-81.002027,5,60321,,0.027999999999999997,222.52,271.1,13475,0.2233882064289385,14633,0.24258550090349962,14633,0.24258550090349962,28485,15155,0.5325953259532595,14240,0.49991223450939093,92725,76731,30445,26910,3505,0.5362160007970509,0.11512563639349647,,,,,,,,,,,,7,1,,3,2,5,2,1.16,0.17,8617,2090,14633,0,1.84,2.35,,,,,,,,,,0,4,4,7,7,,,,0,0,,0,,1.14,1,,1,1,3,100,,,,,,,,,,61.4,12.8,28.3,,13,,43.8,3,2,61,Lower priority,2021,2026-07-27,,1,0.51,0,0.75,69,12,SRC_STATCAN_2021_PROFILE,SRC_STATCAN_2021_DA_GEOGRAPHY,Screening dataset - not property validated,2026-07-27,"Candidate is market-zone centroid; transit, real estate, price and property data not collected; estimated median income from DA aggregation."
WIN-NORTHEAST-WI-1KM,Ontario,,M0012,Windsor,WIN-NORTHEAST-WI,Northeast Windsor,Mixed Residential Market,0,WIN-NORTHEAST-WI-C,Northeast Windsor centroid candidate,Approximate market-zone centroid; no property address collected,42.319523,-82.921813,1,9692,,0.057,4.73,2047.4,1691,0.17446659238165985,1919,0.19803144731954933,1919,0.1979983491539414,3891,1115,0.2867798353909465,847,0.21768182986378823,94659,82359,4470,3622,839,0.4522977022977022,0.18769574944071585,,,,,,,,,,,,1,1,,0,0,0,1,1.03,1.03,9692,1919,1919,0,0.92,0.92,,,,,,,,,,0,1,1,1,1,,,,0,0,,0,,2,1,,1,1,3,100,,,,,,,,,,51.5,32.4,35.9,,14.9,,43.6,5,2,62,Lower priority,2021,2026-07-27,,1,0.65,0,0.75,74,12,SRC_STATCAN_2021_PROFILE,SRC_STATCAN_2021_DA_GEOGRAPHY,Screening dataset - not property validated,2026-07-27,"Candidate is market-zone centroid; transit, real estate, price and property data not collected; estimated median income from DA aggregation."
WIN-NORTHEAST-WI-5KM,Ontario,,M0012,Windsor,WIN-NORTHEAST-WI,Northeast Windsor,Mixed Residential Market,0,WIN-NORTHEAST-WI-C,Northeast Windsor centroid candidate,Approximate market-zone centroid; no property address collected,42.319523,-82.921813,5,48462,,0.057,23.67,2047.4,8455,0.17446659238165985,9597,0.19803144731954933,9597,0.19803144731954933,19455,5575,0.2867798353909465,4235,0.21768182986378823,94659,82359,22350,18110,4195,0.4522977022977022,0.18769574944071585,,,,,,,,,,,,5,2,,2,1,2,3,1.03,0.41,9692,1919,4799,0,0.92,0.92,,,,,,,,,,0,4,4,5,5,,,,0,0,,0,,1.6,1,,1,1,3,100,,,,,,,,,,51.5,32.4,35.9,,14.9,,43.6,6,3,63,Lower priority,2021,2026-07-27,,1,0.64,0,0.75,73.6,12,SRC_STATCAN_2021_PROFILE,SRC_STATCAN_2021_DA_GEOGRAPHY,Screening dataset - not property validated,2026-07-27,"Candidate is market-zone centroid; transit, real estate, price and property data not collected; estimated median income from DA aggregation."
BAR-EAST-BARRIE-5KM,Ontario,,M0001,Barrie,BAR-EAST-BARRIE,East Barrie,Higher-Income Suburban Market,0,BAR-EAST-BARRIE-C,East Barrie centroid candidate,Approximate market-zone centroid; no property address collected,44.358293,-79.64323,5,36951,,0.045,25.64,1441.1,6720,0.18186246650970203,7806,0.2112527401152878,7806,0.2112527401152878,12515,2535,0.2026378896882494,1175,0.09388733519776268,125776,113311,20085,17705,2370,0.5981418918918919,0.1179985063480209,,,,,,,,,,,,4,1,,3,2,1,3,1.08,0.27,9238,1952,7806,0,1.75,4.54,,,,,,,,,,0,4,4,4,4,,,,0,0,,0,,2,1,,1,1,3,100,,,,,,,,,,41.5,24.3,78,,14.1,,43.3,4,2,64,Lower priority,2021,2026-07-27,,1,0.6,0,0.75,72.2,12,SRC_STATCAN_2021_PROFILE,SRC_STATCAN_2021_DA_GEOGRAPHY,Screening dataset - not property validated,2026-07-27,"Candidate is market-zone centroid; transit, real estate, price and property data not collected; estimated median income from DA aggregation."
WAT-EAST-WATERLO-5KM,Ontario,,M0011,Waterloo,WAT-EAST-WATERLO,East Waterloo,Student / Young Adult Market,0,WAT-EAST-WATERLO-C,East Waterloo centroid candidate,Approximate market-zone centroid; no property address collected,43.473857,-80.523294,5,38307,,0.157,12.59,3042.7,17010,0.4440441694729423,17906,0.467434150416373,17906,0.467434150416373,17615,11320,0.6498277841561424,12060,0.6846437695146183,85767,69341,21000,17910,3025,0.5408425184961497,0.14404761904761904,,,,,,,,,,,,10,3,,4,3,5,5,2.61,0.78,3831,1791,5969,0,0.74,0.86,,,,,,,,,,2,6,5,10,10,,,,0,0,,0,,1.3,0,,1,1,2,0,,,,,,,,,,86.6,100,18.2,,4.6,,43.3,8,3,65,Lower priority,2021,2026-07-27,,1,0.59,0,0.75,71.7,12,SRC_STATCAN_2021_PROFILE,SRC_STATCAN_2021_DA_GEOGRAPHY,Screening dataset - not property validated,2026-07-27,"Candidate is market-zone centroid; transit, real estate, price and property data not collected; estimated median income from DA aggregation."
GRE-SOUTH-GREATE-3KM,Ontario,,M0002,Greater Sudbury / Grand Sudbury,GRE-SOUTH-GREATE,South Greater Sudbury / Grand Sudbury,Lower-Density Residential Market,0,GRE-SOUTH-GREATE-C,South Greater Sudbury / Grand Sudbury centroid candidate,Approximate market-zone centroid; no property address collected,46.474042,-81.002027,3,36193,,0.027999999999999997,133.51,271.1,8085,0.2233882064289385,8780,0.24258550090349962,8780,0.24258834581272623,17091,9093,0.5325953259532595,8544,0.49991223450939093,92725,76731,18267,16146,2103,0.5362160007970509,0.11512563639349647,,,,,,,,,,,,5,1,,3,2,3,2,1.38,0.28,7239,1756,8780,0,1.84,2.35,,,,,,,,,,0,4,4,5,5,,,,0,0,,0,,1.6,1,,1,1,3,100,,,,,,,,,,61.4,12.8,28.3,,10.6,,43.2,4,3,66,Lower priority,2021,2026-07-27,,1,0.53,0,0.75,69.8,12,SRC_STATCAN_2021_PROFILE,SRC_STATCAN_2021_DA_GEOGRAPHY,Screening dataset - not property validated,2026-07-27,"Candidate is market-zone centroid; transit, real estate, price and property data not collected; estimated median income from DA aggregation."
WIN-NORTHEAST-2--1KM,Ontario,,M0012,Windsor,WIN-NORTHEAST-2-,Northeast 2 Windsor,Mixed Residential Market,0,WIN-NORTHEAST-2--C,Northeast 2 Windsor centroid candidate,Approximate market-zone centroid; no property address collected,42.312907,-82.971922,1,9930,,0.057,3.77,2226.7,1596,0.18991860631158075,1763,0.20981484125850824,2083,0.20976837865055387,3815,1262,0.3316688567674113,963,0.2524246395806029,81797,68848,3933,3152,780,0.44620611551528877,0.19832189168573605,,,,,,,,,,,,0,0,,0,0,0,0,0,0,,,,1,1.34,1.34,,,,,,,,,,0,0,0,0,0,,,,0,0,,0,,,1,,1,1,3,100,,,,,,,,,,55.3,32.4,17.6,,15.3,,43.2,7,1,67,Lower priority,2021,2026-07-27,,1,0.6,0,0.6,70,12,SRC_STATCAN_2021_PROFILE,SRC_STATCAN_2021_DA_GEOGRAPHY,Screening dataset - not property validated,2026-07-27,"Candidate is market-zone centroid; transit, real estate, price and property data not collected; estimated median income from DA aggregation."
WIN-WEST-WINDSOR-5KM,Ontario,,M0012,Windsor,WIN-WEST-WINDSOR,West Windsor,Lower-Density Residential Market,0,WIN-WEST-WINDSOR-C,West Windsor centroid candidate,Approximate market-zone centroid; no property address collected,42.287448,-83.055502,5,31428,,0.057,32.04,980.9,8035,0.2556637393407153,8889,0.2828369606720122,8889,0.2828369606720122,11645,5230,0.4473909324208725,2895,0.24860455130957493,83139,70863,14100,11355,2750,0.4464320817770788,0.1950354609929078,,,,,,,,,,,,4,2,,0,0,2,2,1.27,0.64,7857,2222,4445,0,0.56,0.56,,,,,,,,,,0,1,1,4,4,,,,0,0,,0,,0.5,1,,1,1,3,100,,,,,,,,,,56.8,32.4,20.3,,11.7,,43.1,8,2,68,Lower priority,2021,2026-07-27,,1,0.64,0,0.75,73.6,12,SRC_STATCAN_2021_PROFILE,SRC_STATCAN_2021_DA_GEOGRAPHY,Screening dataset - not property validated,2026-07-27,"Candidate is market-zone centroid; transit, real estate, price and property data not collected; estimated median income from DA aggregation."
BAR-EAST-BARRIE-1KM,Ontario,,M0001,Barrie,BAR-EAST-BARRIE,East Barrie,Higher-Income Suburban Market,0,BAR-EAST-BARRIE-C,East Barrie centroid candidate,Approximate market-zone centroid; no property address collected,44.358293,-79.64323,1,7390,,0.045,5.13,1441.1,1344,0.18186246650970203,1561,0.2112527401152878,1561,0.21123139377537212,2503,507,0.2026378896882494,235,0.09388733519776268,125776,113311,4017,3541,474,0.5981418918918919,0.1179985063480209,,,,,,,,,,,,0,0,,0,0,0,0,0,0,,,,1,1.75,4.54,,,,,,,,,,0,0,0,0,0,,,,0,0,,0,,,1,,1,1,3,100,,,,,,,,,,41.5,24.3,78,,10.8,,42.5,5,3,69,Lower priority,2021,2026-07-27,,1,0.6,0,0.6,70,12,SRC_STATCAN_2021_PROFILE,SRC_STATCAN_2021_DA_GEOGRAPHY,Screening dataset - not property validated,2026-07-27,"Candidate is market-zone centroid; transit, real estate, price and property data not collected; estimated median income from DA aggregation."
WIN-WEST-WINDSOR-1KM,Ontario,,M0012,Windsor,WIN-WEST-WINDSOR,West Windsor,Lower-Density Residential Market,0,WIN-WEST-WINDSOR-C,West Windsor centroid candidate,Approximate market-zone centroid; no property address collected,42.287448,-83.055502,1,6286,,0.057,6.41,980.9,1607,0.2556637393407153,1778,0.2828369606720122,1778,0.2828507795100223,2329,1046,0.4473909324208725,579,0.24860455130957493,83139,70863,2820,2271,550,0.4464320817770788,0.1950354609929078,,,,,,,,,,,,1,1,,0,0,0,1,1.59,1.59,6286,1778,1778,0,0.56,0.56,,,,,,,,,,0,1,1,1,1,,,,0,0,,0,,2,1,,1,1,3,100,,,,,,,,,,56.8,32.4,20.3,,8.9,,42.4,9,3,70,Lower priority,2021,2026-07-27,,1,0.65,0,0.75,74,12,SRC_STATCAN_2021_PROFILE,SRC_STATCAN_2021_DA_GEOGRAPHY,Screening dataset - not property validated,2026-07-27,"Candidate is market-zone centroid; transit, real estate, price and property data not collected; estimated median income from DA aggregation."
KIN-NORTHEAST-KI-1KM,Ontario,,M0005,Kingston,KIN-NORTHEAST-KI,Northeast Kingston,Lower-Density Residential Market,0,KIN-NORTHEAST-KI-C,Northeast Kingston centroid candidate,Approximate market-zone centroid; no property address collected,44.267952,-76.464041,1,4383,,0.07,13.91,315.1,798,0.18206707734428473,899,0.2051562856490988,899,0.2051106548026466,1799,668,0.36906077348066296,517,0.2873818788215675,107056,93469,2138,1866,262,0.5153272576636289,0.1225444340505145,,,,,,,,,,,,0,0,,0,0,0,0,0,0,,,,1,3.37,7.37,,,,,,,,,,0,0,0,0,0,,,,0,0,,0,,,1,,1,1,3,100,,,,,,,,,,46.7,41.2,51,,5.6,,42,5,2,71,Lower priority,2021,2026-07-27,,1,0.6,0,0.6,70,12,SRC_STATCAN_2021_PROFILE,SRC_STATCAN_2021_DA_GEOGRAPHY,Screening dataset - not property validated,2026-07-27,"Candidate is market-zone centroid; transit, real estate, price and property data not collected; estimated median income from DA aggregation."
ST--SOUTHWEST-ST-1KM,Ontario,,M0009,St. Catharines,ST--SOUTHWEST-ST,Southwest St. Catharines,Lower-Density Residential Market,0,ST--SOUTHWEST-ST-C,Southwest St. Catharines centroid candidate,Approximate market-zone centroid; no property address collected,43.141598,-79.259964,1,9728,,0.027999999999999997,6.17,803,1087,0.21948067681621775,1214,0.24516415620078344,2385,0.2451685855263158,2024,727,0.3588351431391905,559,0.27618577075098816,104352,82199,2522,2118,400,0.5114706592610481,0.1586042823156225,,,,,,,,,,,,0,0,,0,0,0,0,0,0,,,,1,1.68,2.9,,,,,,,,,,0,0,0,0,0,,,,0,0,,0,,,1,,1,1,3,100,,,,,,,,,,52.5,12.8,35.7,,14.9,,42,1,1,72,Lower priority,2021,2026-07-27,,1,0.6,0,0.6,70,12,SRC_STATCAN_2021_PROFILE,SRC_STATCAN_2021_DA_GEOGRAPHY,Screening dataset - not property validated,2026-07-27,"Candidate is market-zone centroid; transit, real estate, price and property data not collected; estimated median income from DA aggregation."
HAM-SOUTHEAST-HA-3KM,Ontario,,M0004,Hamilton,HAM-SOUTHEAST-HA,Southeast Hamilton,Higher-Income Suburban Market,0,HAM-SOUTHEAST-HA-C,Southeast Hamilton centroid candidate,Approximate market-zone centroid; no property address collected,43.195201,-79.792599,3,41412,,0.06,40.76,839.5,6882,0.2011327967454013,7747,0.22641906465358513,9376,0.22640780450111078,11574,2511,0.2172333246820659,1251,0.10808709175738725,115206,103356,17688,15606,2148,0.5715855400505438,0.12143826322930801,,,,,,,,,,,,1,1,,0,0,0,1,0.24,0.24,41412,9376,9376,0,0.19,0.19,,,,,,,,,,1,1,0,1,1,,,,0,0,,0,,2,0,,1,1,2,0,,,,,,,,,,41.2,34.5,64.5,,70.1,,41.8,10,1,73,Lower priority,2021,2026-07-27,,1,0.65,0,0.75,74,12,SRC_STATCAN_2021_PROFILE,SRC_STATCAN_2021_DA_GEOGRAPHY,Screening dataset - not property validated,2026-07-27,"Candidate is market-zone centroid; transit, real estate, price and property data not collected; estimated median income from DA aggregation."
ST--NORTHWEST-ST-1KM,Ontario,,M0009,St. Catharines,ST--NORTHWEST-ST,Northwest St. Catharines,Mixed Residential Market,0,ST--NORTHWEST-ST-C,Northwest St. Catharines centroid candidate,Approximate market-zone centroid; no property address collected,43.18149,-79.257891,1,9297,,0.027999999999999997,5.37,1513.1,1490,0.18330790807539,1640,0.20176172432459033,1876,0.20178552221146606,3591,1249,0.34694444444444444,1122,0.31244778613199664,91510,77032,3946,3370,579,0.49617196702002353,0.14673086670045615,,,,,,,,,,,,0,0,,0,0,0,0,0,0,,,,1,1.07,1.07,,,,,,,,,,0,0,0,0,0,,,,0,0,,0,,,1,,1,1,3,100,,,,,,,,,,54.6,12.8,28.7,,14.2,,41.8,2,1,74,Lower priority,2021,2026-07-27,,1,0.6,0,0.6,70,12,SRC_STATCAN_2021_PROFILE,SRC_STATCAN_2021_DA_GEOGRAPHY,Screening dataset - not property validated,2026-07-27,"Candidate is market-zone centroid; transit, real estate, price and property data not collected; estimated median income from DA aggregation."
HAM-NORTH-HAMILT-1KM,Ontario,,M0004,Hamilton,HAM-NORTH-HAMILT,North Hamilton,Higher-Income Suburban Market,0,HAM-NORTH-HAMILT-C,North Hamilton centroid candidate,Approximate market-zone centroid; no property address collected,43.348976,-79.936355,1,7597,,0.06,50.38,150.8,1341,0.17652634073137982,1525,0.20069504778453517,1525,0.2007371330788469,2655,347,0.1299625468164794,192,0.07231638418079096,150530,129468,4324,3927,401,0.6408289817232375,0.0927382053654024,,,,,,,,,,,,0,0,,0,0,0,0,0,0,,,,1,3.66,3.66,,,,,,,,,,0,0,0,0,0,,,,0,0,,0,,,1,,1,1,3,100,,,,,,,,,,30,34.5,100,,11.2,,41.7,11,3,75,Lower priority,2021,2026-07-27,,1,0.6,0,0.6,70,12,SRC_STATCAN_2021_PROFILE,SRC_STATCAN_2021_DA_GEOGRAPHY,Screening dataset - not property validated,2026-07-27,"Candidate is market-zone centroid; transit, real estate, price and property data not collected; estimated median income from DA aggregation."
ST--NORTHEAST-ST-1KM,Ontario,,M0009,St. Catharines,ST--NORTHEAST-ST,Northeast St. Catharines,Mixed Residential Market,0,ST--NORTHEAST-ST-C,Northeast St. Catharines centroid candidate,Approximate market-zone centroid; no property address collected,43.193865,-79.222639,1,8652,,0.027999999999999997,3.96,2187.2,1459,0.16862373445518006,1628,0.18817900235772733,1628,0.18816458622283866,3700,1242,0.3358572201189832,950,0.25675675675675674,85928,74827,4119,3469,653,0.4768384879725086,0.15853362466618112,,,,,,,,,,,,1,0,,1,1,1,0,1.16,0,8652,1628,,1,0.86,2.07,,,,,,,,,,0,1,1,1,1,,,,0,0,,0,,2,1,,1,1,3,100,,,,,,,,,,55.6,12.8,25.7,,13,,41.6,3,1,76,Lower priority,2021,2026-07-27,,1,0.45,0,0.75,67,12,SRC_STATCAN_2021_PROFILE,SRC_STATCAN_2021_DA_GEOGRAPHY,Screening dataset - not property validated,2026-07-27,"Candidate is market-zone centroid; transit, real estate, price and property data not collected; estimated median income from DA aggregation."
GRE-NORTH-GREATE-3KM,Ontario,,M0002,Greater Sudbury / Grand Sudbury,GRE-NORTH-GREATE,North Greater Sudbury / Grand Sudbury,Higher-Income Suburban Market,0,GRE-NORTH-GREATE-C,North Greater Sudbury / Grand Sudbury centroid candidate,Approximate market-zone centroid; no property address collected,46.650153,-80.968438,3,17280,,0.027999999999999997,743.84,23.2,2877,0.16649305555555555,3302,0.1910763888888889,3302,0.19108796296296296,6714,1035,0.1542933810375671,645,0.09606791778373548,117849,106092,9171,8268,918,0.5769311283232154,0.10009813542688911,,,,,,,,,,,,1,0,,0,0,1,0,0.58,0,17280,3302,,1,1.54,14.66,,,,,,,,,,0,0,0,1,1,,,,0,0,,0,,0,1,,1,1,3,100,,,,,,,,,,32.6,12.8,68.2,,28.1,,41.5,5,2,77,Lower priority,2021,2026-07-27,,1,0.45,0,0.75,67,12,SRC_STATCAN_2021_PROFILE,SRC_STATCAN_2021_DA_GEOGRAPHY,Screening dataset - not property validated,2026-07-27,"Candidate is market-zone centroid; transit, real estate, price and property data not collected; estimated median income from DA aggregation."
HAM-SOUTH-2-HAMI-3KM,Ontario,,M0004,Hamilton,HAM-SOUTH-2-HAMI,South 2 Hamilton,Higher-Income Suburban Market,0,HAM-SOUTH-2-HAMI-C,South 2 Hamilton centroid candidate,Approximate market-zone centroid; no property address collected,43.12879,-79.841004,3,11845,,0.06,108.1,109.6,1800,0.15196028771147807,2095,0.17688177489616047,2095,0.17686787674124102,3861,324,0.08411214953271028,84,0.021756021756021756,131010,119270,6246,5694,552,0.6343582887700535,0.08837656099903939,,,,,,,,,,,,0,0,,0,0,0,0,0,0,,,,1,7.71,7.8,,,,,,,,,,0,0,0,0,0,,,,0,0,,0,,,1,,1,1,3,100,,,,,,,,,,27.4,34.5,86.1,,18.6,,41.3,12,2,78,Lower priority,2021,2026-07-27,,1,0.6,0,0.6,70,12,SRC_STATCAN_2021_PROFILE,SRC_STATCAN_2021_DA_GEOGRAPHY,Screening dataset - not property validated,2026-07-27,"Candidate is market-zone centroid; transit, real estate, price and property data not collected; estimated median income from DA aggregation."
KIN-NORTHEAST-KI-5KM,Ontario,,M0005,Kingston,KIN-NORTHEAST-KI,Northeast Kingston,Lower-Density Residential Market,0,KIN-NORTHEAST-KI-C,Northeast Kingston centroid candidate,Approximate market-zone centroid; no property address collected,44.267952,-76.464041,5,21915,,0.07,69.54,315.1,3990,0.18206707734428473,4496,0.2051562856490988,4496,0.2051562856490988,8995,3340,0.36906077348066296,2585,0.2873818788215675,107056,93469,10690,9330,1310,0.5153272576636289,0.1225444340505145,,,,,,,,,,,,8,0,,5,5,8,0,3.65,0,2739,562,,1,3.37,7.37,,,,,,,,,,0,5,5,8,8,,,,0,0,,0,,1.25,1,,1,1,3,100,,,,,,,,,,46.7,41.2,51,,2.7,,41.3,6,3,79,Lower priority,2021,2026-07-27,,1,0.45,0,0.75,67,12,SRC_STATCAN_2021_PROFILE,SRC_STATCAN_2021_DA_GEOGRAPHY,Screening dataset - not property validated,2026-07-27,"Candidate is market-zone centroid; transit, real estate, price and property data not collected; estimated median income from DA aggregation."
ST--SOUTHEAST-ST-1KM,Ontario,,M0009,St. Catharines,ST--SOUTHEAST-ST,Southeast St. Catharines,Mixed Residential Market,0,ST--SOUTHEAST-ST-C,Southeast St. Catharines centroid candidate,Approximate market-zone centroid; no property address collected,43.148749,-79.217101,1,6723,,0.027999999999999997,3.74,1504.6,1321,0.23475263008245664,1428,0.25380295706568096,1706,0.25375576379592446,2459,956,0.3902040816326531,848,0.34485563237088246,80153,69409,2835,2349,489,0.4907039899728431,0.1724867724867725,,,,,,,,,,,,0,0,,0,0,0,0,0,0,,,,1,1.5,1.5,,,,,,,,,,0,0,0,0,0,,,,0,0,,0,,,1,,1,1,3,100,,,,,,,,,,58.9,12.8,18.3,,9.7,,41.2,4,1,80,Lower priority,2021,2026-07-27,,1,0.6,0,0.6,70,12,SRC_STATCAN_2021_PROFILE,SRC_STATCAN_2021_DA_GEOGRAPHY,Screening dataset - not property validated,2026-07-27,"Candidate is market-zone centroid; transit, real estate, price and property data not collected; estimated median income from DA aggregation."
LON-CENTRAL-LOND-3KM,Ontario,,M0007,London,LON-CENTRAL-LOND,Central London,Student / Young Adult Market,0,LON-CENTRAL-LOND-C,Central London centroid candidate,Approximate market-zone centroid; no property address collected,42.984248,-81.246192,3,65340,,0.1,14.15,2801.4,12225,0.3083197143030083,12849,0.32405726045638883,21174,0.32405876951331497,20574,12324,0.6000584282792871,12288,0.5972586759988335,77565,63103,22149,18924,3222,0.5558198960260816,0.14546932141405933,,,,,,,,,,,,5,1,,2,1,3,2,0.77,0.15,13068,4235,21174,0,0.14,2.75,,,,,,,,,,1,2,2,5,5,,,,0,0,,0,,1,0,,1,1,2,0,,,,,,,,,,80.5,61.5,9.8,,20.7,,40.5,10,2,81,Lower priority,2021,2026-07-27,,1,0.6,0,0.75,72.2,12,SRC_STATCAN_2021_PROFILE,SRC_STATCAN_2021_DA_GEOGRAPHY,Screening dataset - not property validated,2026-07-27,"Candidate is market-zone centroid; transit, real estate, price and property data not collected; estimated median income from DA aggregation."
THU-NORTHEAST-TH-1KM,Ontario,,M0010,Thunder Bay,THU-NORTHEAST-TH,Northeast Thunder Bay,Lower-Density Residential Market,0,THU-NORTHEAST-TH-C,Northeast Thunder Bay centroid candidate,Approximate market-zone centroid; no property address collected,48.447982,-89.239197,1,10853,,0.009000000000000001,21.2,511.9,2255,0.2077766516170644,2479,0.2284529623145674,2479,0.22841610614576616,4880,1671,0.34290991175867025,1410,0.2889344262295082,94745,82815,5375,4772,590,0.5217581456374372,0.10976744186046511,,,,,,,,,,,,0,0,,0,0,0,0,0,0,,,,1,4.93,4.93,,,,,,,,,,0,0,0,0,0,,,,0,0,,0,,,1,,1,1,3,100,,,,,,,,,,50,0,36.6,,16.9,,40.4,4,3,82,Lower priority,2021,2026-07-27,,1,0.6,0,0.6,70,12,SRC_STATCAN_2021_PROFILE,SRC_STATCAN_2021_DA_GEOGRAPHY,Screening dataset - not property validated,2026-07-27,"Candidate is market-zone centroid; transit, real estate, price and property data not collected; estimated median income from DA aggregation."
WIN-SOUTH-WINDSO-3KM,Ontario,,M0012,Windsor,WIN-SOUTH-WINDSO,South Windsor,Higher-Income Suburban Market,0,WIN-SOUTH-WINDSO-C,South Windsor centroid candidate,Approximate market-zone centroid; no property address collected,42.259511,-82.996954,3,44085,,0.057,32.18,898.4,5343,0.18479321006868787,6197,0.2143435223806263,9449,0.2143359419303618,9864,1311,0.13274605103280682,438,0.04440389294403893,119744,102827,14004,11703,2268,0.49833929483903927,0.16195372750642673,,,,,,,,,,,,5,2,,2,0,1,4,1.13,0.45,8817,1890,4725,0,0.59,1.73,,,,,,,,,,0,3,3,5,5,,,,0,0,,0,,1.2,1,,1,1,3,100,,,,,,,,,,35.6,32.4,63.8,,13.3,,40.4,10,1,83,Lower priority,2021,2026-07-27,,1,0.79,0,0.75,78.9,12,SRC_STATCAN_2021_PROFILE,SRC_STATCAN_2021_DA_GEOGRAPHY,Screening dataset - not property validated,2026-07-27,"Candidate is market-zone centroid; transit, real estate, price and property data not collected; estimated median income from DA aggregation."
HAM-WEST-2-HAMIL-5KM,Ontario,,M0004,Hamilton,HAM-WEST-2-HAMIL,West 2 Hamilton,Higher-Income Suburban Market,0,HAM-WEST-2-HAMIL-C,West 2 Hamilton centroid candidate,Approximate market-zone centroid; no property address collected,43.272789,-80.131081,5,8343,,0.06,283.99,29.4,1285,0.15402133525110873,1499,0.17967158096607935,1499,0.17967158096607935,2870,270,0.09557522123893805,200,0.06968641114982578,140423,115581,4480,4195,255,0.6265870052277819,0.056919642857142856,,,,,,,,,,,,0,0,,0,0,0,0,0,0,,,,1,12.13,14.52,,,,,,,,,,0,0,0,0,0,,,,0,0,,0,,,1,,1,1,3,100,,,,,,,,,,29,34.5,81.1,,12.5,,39.8,13,1,84,Lower priority,2021,2026-07-27,,1,0.6,0,0.6,70,12,SRC_STATCAN_2021_PROFILE,SRC_STATCAN_2021_DA_GEOGRAPHY,Screening dataset - not property validated,2026-07-27,"Candidate is market-zone centroid; transit, real estate, price and property data not collected; estimated median income from DA aggregation."
GRE-EAST-GREATER-1KM,Ontario,,M0002,Greater Sudbury / Grand Sudbury,GRE-EAST-GREATER,East Greater Sudbury / Grand Sudbury,Lower-Density Residential Market,0,GRE-EAST-GREATER-C,East Greater Sudbury / Grand Sudbury centroid candidate,Approximate market-zone centroid; no property address collected,46.516429,-80.913899,1,9184,,0.027999999999999997,95.92,95.7,1685,0.18347924561174267,1882,0.20490875038111417,1882,0.20492160278745644,3825,1197,0.31196247068021893,862,0.225359477124183,104475,89833,4571,4061,511,0.5353282362246243,0.11179173047473201,,,,,,,,,,,,0,0,,0,0,0,0,0,0,,,,1,1.02,2.53,,,,,,,,,,0,0,0,0,0,,,,0,0,,0,,,1,,1,1,3,100,,,,,,,,,,43.3,12.8,46.1,,14,,39.5,6,1,85,Lower priority,2021,2026-07-27,,1,0.6,0,0.6,70,12,SRC_STATCAN_2021_PROFILE,SRC_STATCAN_2021_DA_GEOGRAPHY,Screening dataset - not property validated,2026-07-27,"Candidate is market-zone centroid; transit, real estate, price and property data not collected; estimated median income from DA aggregation."
GRE-EAST-GREATER-5KM,Ontario,,M0002,Greater Sudbury / Grand Sudbury,GRE-EAST-GREATER,East Greater Sudbury / Grand Sudbury,Lower-Density Residential Market,0,GRE-EAST-GREATER-C,East Greater Sudbury / Grand Sudbury centroid candidate,Approximate market-zone centroid; no property address collected,46.516429,-80.913899,5,45918,,0.027999999999999997,479.62,95.7,8425,0.18347924561174267,9409,0.20490875038111417,9409,0.20490875038111417,19125,5985,0.31196247068021893,4310,0.225359477124183,104475,89833,22855,20305,2555,0.5353282362246243,0.11179173047473201,,,,,,,,,,,,5,1,,4,3,2,3,1.09,0.22,9184,1882,9409,0,1.02,2.53,,,,,,,,,,0,5,5,5,5,,,,0,0,,0,,2,1,,1,1,3,100,,,,,,,,,,43.3,12.8,46.1,,14,,39.5,7,2,86,Lower priority,2021,2026-07-27,,1,0.57,0,0.75,71.2,12,SRC_STATCAN_2021_PROFILE,SRC_STATCAN_2021_DA_GEOGRAPHY,Screening dataset - not property validated,2026-07-27,"Candidate is market-zone centroid; transit, real estate, price and property data not collected; estimated median income from DA aggregation."
KIT-NORTHWEST-KI-5KM,Ontario,,M0006,Kitchener,KIT-NORTHWEST-KI,Northwest Kitchener,Dense Urban Market,0,KIT-NORTHWEST-KI-C,Northwest Kitchener centroid candidate,Approximate market-zone centroid; no property address collected,43.445301,-80.502588,5,57032,,0.10099999999999999,15.72,3628,16300,0.2858044606536681,17216,0.3018656193014448,17216,0.3018656193014448,26945,16625,0.6175705794947994,16245,0.6028947856745221,83663,69318,31560,27800,3765,0.5771226904712476,0.11929657794676807,,,,,,,,,,,,11,2,,7,6,7,4,1.93,0.35,5185,1565,8608,0,0.76,3.46,,,,,,,,,,1,9,9,11,11,,,,0,0,,0,,1.73,0,,1,1,2,0,,,,,,,,,,84.8,62.2,18.2,,7,,39.5,8,3,87,Lower priority,2021,2026-07-27,,1,0.55,0,0.75,70.7,12,SRC_STATCAN_2021_PROFILE,SRC_STATCAN_2021_DA_GEOGRAPHY,Screening dataset - not property validated,2026-07-27,"Candidate is market-zone centroid; transit, real estate, price and property data not collected; estimated median income from DA aggregation."
KIT-EAST-KITCHEN-3KM,Ontario,,M0006,Kitchener,KIT-EAST-KITCHEN,East Kitchener,Mixed Residential Market,0,KIT-EAST-KITCHEN-C,East Kitchener centroid candidate,Approximate market-zone centroid; no property address collected,43.435535,-80.4351,3,50169,,0.10099999999999999,17.77,1812.3,7065,0.21935952607164813,7757,0.24085769108962538,12084,0.2408658733480835,12399,5178,0.41670690487687106,4623,0.37285264940721025,105316,91269,16710,14832,1854,0.5653516295025729,0.11095152603231599,,,,,,,,,,,,3,2,,1,0,0,3,0.6,0.4,16723,4028,6042,0,0.53,0.53,,,,,,,,,,1,2,2,3,3,,,,0,0,,0,,1.67,0,,1,1,2,0,,,,,,,,,,60.8,62.2,48.1,,27.1,,39.1,9,1,88,Lower priority,2021,2026-07-27,,1,0.77,0,0.75,78.1,12,SRC_STATCAN_2021_PROFILE,SRC_STATCAN_2021_DA_GEOGRAPHY,Screening dataset - not property validated,2026-07-27,"Candidate is market-zone centroid; transit, real estate, price and property data not collected; estimated median income from DA aggregation."
WIN-SOUTH-WINDSO-1KM,Ontario,,M0012,Windsor,WIN-SOUTH-WINDSO,South Windsor,Higher-Income Suburban Market,0,WIN-SOUTH-WINDSO-C,South Windsor centroid candidate,Approximate market-zone centroid; no property address collected,42.259511,-82.996954,1,9638,,0.057,10.73,898.4,1781,0.18479321006868787,2066,0.2143435223806263,2066,0.21435982568997716,3288,437,0.13274605103280682,146,0.04440389294403893,119744,102827,4668,3901,756,0.49833929483903927,0.16195372750642673,,,,,,,,,,,,2,0,,1,0,1,1,2.08,0,4819,1033,,1,0.59,1.73,,,,,,,,,,0,1,1,2,2,,,,0,0,,0,,1,1,,1,1,3,100,,,,,,,,,,35.6,32.4,63.8,,6.4,,38.7,11,2,89,Lower priority,2021,2026-07-27,,1,0.55,0,0.75,70.5,12,SRC_STATCAN_2021_PROFILE,SRC_STATCAN_2021_DA_GEOGRAPHY,Screening dataset - not property validated,2026-07-27,"Candidate is market-zone centroid; transit, real estate, price and property data not collected; estimated median income from DA aggregation."
GRE-EAST-GREATER-3KM,Ontario,,M0002,Greater Sudbury / Grand Sudbury,GRE-EAST-GREATER,East Greater Sudbury / Grand Sudbury,Lower-Density Residential Market,0,GRE-EAST-GREATER-C,East Greater Sudbury / Grand Sudbury centroid candidate,Approximate market-zone centroid; no property address collected,46.516429,-80.913899,3,27551,,0.027999999999999997,287.77,95.7,5055,0.18347924561174267,5645,0.20490875038111417,5645,0.20489274436499583,11475,3591,0.31196247068021893,2586,0.225359477124183,104475,89833,13713,12183,1533,0.5353282362246243,0.11179173047473201,,,,,,,,,,,,4,1,,3,2,2,2,1.45,0.36,6888,1411,5645,0,1.02,2.53,,,,,,,,,,0,4,4,4,4,,,,0,0,,0,,2,1,,1,1,3,100,,,,,,,,,,43.3,12.8,46.1,,10,,38.5,8,3,90,Lower priority,2021,2026-07-27,,1,0.55,0,0.75,70.5,12,SRC_STATCAN_2021_PROFILE,SRC_STATCAN_2021_DA_GEOGRAPHY,Screening dataset - not property validated,2026-07-27,"Candidate is market-zone centroid; transit, real estate, price and property data not collected; estimated median income from DA aggregation."
HAM-WEST-2-HAMIL-3KM,Ontario,,M0004,Hamilton,HAM-WEST-2-HAMIL,West 2 Hamilton,Higher-Income Suburban Market,0,HAM-WEST-2-HAMIL-C,West 2 Hamilton centroid candidate,Approximate market-zone centroid; no property address collected,43.272789,-80.131081,3,5006,,0.06,170.39,29.4,771,0.15402133525110873,899,0.17967158096607935,899,0.179584498601678,1722,162,0.09557522123893805,120,0.06968641114982578,140423,115581,2688,2517,153,0.6265870052277819,0.056919642857142856,,,,,,,,,,,,0,0,,0,0,0,0,0,0,,,,1,12.13,14.52,,,,,,,,,,0,0,0,0,0,,,,0,0,,0,,,1,,1,1,3,100,,,,,,,,,,29,34.5,81.1,,6.7,,38.4,14,2,91,Lower priority,2021,2026-07-27,,1,0.6,0,0.6,70,12,SRC_STATCAN_2021_PROFILE,SRC_STATCAN_2021_DA_GEOGRAPHY,Screening dataset - not property validated,2026-07-27,"Candidate is market-zone centroid; transit, real estate, price and property data not collected; estimated median income from DA aggregation."
KIN-NORTHEAST-2--5KM,Ontario,,M0005,Kingston,KIN-NORTHEAST-2-,Northeast 2 Kingston,Higher-Income Suburban Market,0,KIN-NORTHEAST-2--C,Northeast 2 Kingston centroid candidate,Approximate market-zone centroid; no property address collected,44.334765,-76.361661,5,5838,,0.07,202.98,28.8,950,0.16272696128811237,1068,0.1829393627954779,1068,0.1829393627954779,2020,170,0.08478802992518704,5,0.0024752475247524753,131256,116156,2710,2380,310,0.5458715596330275,0.11439114391143912,,,,,,,,,,,,0,0,,0,0,0,0,0,0,,,,1,14.39,17.64,,,,,,,,,,0,0,0,0,0,,,,0,0,,0,,,1,,1,1,3,100,,,,,,,,,,25.8,41.2,81.9,,8.1,,38.4,7,1,92,Lower priority,2021,2026-07-27,,1,0.6,0,0.6,70,12,SRC_STATCAN_2021_PROFILE,SRC_STATCAN_2021_DA_GEOGRAPHY,Screening dataset - not property validated,2026-07-27,"Candidate is market-zone centroid; transit, real estate, price and property data not collected; estimated median income from DA aggregation."
THU-SOUTHEAST-TH-1KM,Ontario,,M0010,Thunder Bay,THU-SOUTHEAST-TH,Southeast Thunder Bay,Value-Oriented Rental Market,0,THU-SOUTHEAST-TH-C,Southeast Thunder Bay centroid candidate,Approximate market-zone centroid; no property address collected,48.387888,-89.247167,1,7990,,0.009000000000000001,5.76,570,805,0.24520255863539445,864,0.2632348461772769,2103,0.26320400500625785,1562,712,0.454661558109834,609,0.38988476312419973,70030,60023,1549,1333,213,0.4918819188191882,0.13750806972240154,,,,,,,,,,,,0,0,,0,0,0,0,0,0,,,,1,1.79,1.79,,,,,,,,,,0,0,0,0,0,,,,0,0,,0,,,1,,1,1,3,100,,,,,,,,,,56.3,0,5.6,,11.9,,38.2,5,1,93,Lower priority,2021,2026-07-27,,1,0.6,0,0.6,70,12,SRC_STATCAN_2021_PROFILE,SRC_STATCAN_2021_DA_GEOGRAPHY,Screening dataset - not property validated,2026-07-27,"Candidate is market-zone centroid; transit, real estate, price and property data not collected; estimated median income from DA aggregation."
THU-SOUTHWEST-TH-1KM,Ontario,,M0010,Thunder Bay,THU-SOUTHWEST-TH,Southwest Thunder Bay,Mixed Residential Market,0,THU-SOUTHWEST-TH-C,Southwest Thunder Bay centroid candidate,Approximate market-zone centroid; no property address collected,48.380083,-89.284354,1,6583,,0.009000000000000001,4.38,1254.7,1095,0.1993446204259967,1199,0.21820498816675768,1436,0.21813762722163146,2425,699,0.286123618501842,528,0.2177319587628866,89433,78988,2649,2366,280,0.513232104121475,0.10570026425066063,,,,,,,,,,,,0,0,,0,0,0,0,0,0,,,,1,1.96,3.99,,,,,,,,,,0,0,0,0,0,,,,0,0,,0,,,1,,1,1,3,100,,,,,,,,,,50.2,0,31.4,,9.4,,38.1,6,2,94,Lower priority,2021,2026-07-27,,1,0.6,0,0.6,70,12,SRC_STATCAN_2021_PROFILE,SRC_STATCAN_2021_DA_GEOGRAPHY,Screening dataset - not property validated,2026-07-27,"Candidate is market-zone centroid; transit, real estate, price and property data not collected; estimated median income from DA aggregation."
GRE-SOUTHWEST-GR-5KM,Ontario,,M0002,Greater Sudbury / Grand Sudbury,GRE-SOUTHWEST-GR,Southwest Greater Sudbury / Grand Sudbury,Higher-Income Suburban Market,0,GRE-SOUTHWEST-GR-C,Southwest Greater Sudbury / Grand Sudbury centroid candidate,Approximate market-zone centroid; no property address collected,46.407033,-81.196925,5,11015,,0.027999999999999997,695.87,15.8,1560,0.141625056740808,1816,0.1648660916931457,1816,0.1648660916931457,4355,430,0.0996523754345307,255,0.05855338691159587,127852,112859,5610,5205,415,0.5835201793721974,0.07397504456327986,,,,,,,,,,,,0,0,,0,0,0,0,0,0,,,,1,12.55,18.39,,,,,,,,,,0,0,0,0,0,,,,0,0,,0,,,1,,1,1,3,100,,,,,,,,,,27.7,12.8,77.4,,17.2,,38,9,1,95,Lower priority,2021,2026-07-27,,1,0.6,0,0.6,70,12,SRC_STATCAN_2021_PROFILE,SRC_STATCAN_2021_DA_GEOGRAPHY,Screening dataset - not property validated,2026-07-27,"Candidate is market-zone centroid; transit, real estate, price and property data not collected; estimated median income from DA aggregation."
HAM-SOUTH-2-HAMI-1KM,Ontario,,M0004,Hamilton,HAM-SOUTH-2-HAMI,South 2 Hamilton,Higher-Income Suburban Market,0,HAM-SOUTH-2-HAMI-C,South 2 Hamilton centroid candidate,Approximate market-zone centroid; no property address collected,43.12879,-79.841004,1,3948,,0.06,36.03,109.6,600,0.15196028771147807,698,0.17688177489616047,698,0.1767983789260385,1287,108,0.08411214953271028,28,0.021756021756021756,131010,119270,2082,1898,184,0.6343582887700535,0.08837656099903939,,,,,,,,,,,,0,0,,0,0,0,0,0,0,,,,1,7.71,7.8,,,,,,,,,,0,0,0,0,0,,,,0,0,,0,,,1,,1,1,3,100,,,,,,,,,,27.4,34.5,86.1,,4.8,,37.9,15,3,96,Lower priority,2021,2026-07-27,,1,0.6,0,0.6,70,12,SRC_STATCAN_2021_PROFILE,SRC_STATCAN_2021_DA_GEOGRAPHY,Screening dataset - not property validated,2026-07-27,"Candidate is market-zone centroid; transit, real estate, price and property data not collected; estimated median income from DA aggregation."
OSH-SOUTHEAST-OS-3KM,Ontario,,M0008,Oshawa,OSH-SOUTHEAST-OS,Southeast Oshawa,Mixed Residential Market,0,OSH-SOUTHEAST-OS-C,Southeast Oshawa centroid candidate,Approximate market-zone centroid; no property address collected,43.890803,-78.837923,3,40422,,0.1,14.73,2053,6435,0.2127933969564096,7011,0.23184063808257774,9371,0.23182920191974668,11925,3852,0.32277526395173456,3042,0.2550943396226415,94643,83234,15330,12936,2424,0.514497076721155,0.15812133072407045,,,,,,,,,,,,2,1,,0,0,1,1,0.49,0.25,20211,4686,9371,0,1.69,1.69,,,,,,,,,,1,1,1,2,2,,,,0,0,,0,,1.5,0,,1,1,2,0,,,,,,,,,,56.3,61.5,37.1,,33.2,,37.9,9,2,97,Lower priority,2021,2026-07-27,,1,0.72,0,0.75,76.6,12,SRC_STATCAN_2021_PROFILE,SRC_STATCAN_2021_DA_GEOGRAPHY,Screening dataset - not property validated,2026-07-27,"Candidate is market-zone centroid; transit, real estate, price and property data not collected; estimated median income from DA aggregation."
HAM-CENTRAL-HAMI-3KM,Ontario,,M0004,Hamilton,HAM-CENTRAL-HAMI,Central Hamilton,Value-Oriented Rental Market,0,HAM-CENTRAL-HAMI-C,Central Hamilton centroid candidate,Approximate market-zone centroid; no property address collected,43.249096,-79.846627,3,113171,,0.06,36.1,2743.1,25566,0.2582079965095563,27280,0.2755147798475355,31180,0.2755122778803757,45243,23709,0.524002121734518,22362,0.49426430608049865,79771,67965,51207,44151,7098,0.530992928272478,0.13861386138613863,,,,,,,,,,,,7,2,,1,0,4,3,0.62,0.18,16167,4454,15590,0,0.3,1.87,,,,,,,,,,2,2,1,7,7,,,,0,0,,0,,0.71,0,,1,1,2,0,,,,,,,,,,74.3,34.5,16.4,,26.1,,37.6,16,2,98,Lower priority,2021,2026-07-27,,1,0.59,0,0.75,71.8,12,SRC_STATCAN_2021_PROFILE,SRC_STATCAN_2021_DA_GEOGRAPHY,Screening dataset - not property validated,2026-07-27,"Candidate is market-zone centroid; transit, real estate, price and property data not collected; estimated median income from DA aggregation."
KIN-NORTHEAST-2--3KM,Ontario,,M0005,Kingston,KIN-NORTHEAST-2-,Northeast 2 Kingston,Higher-Income Suburban Market,0,KIN-NORTHEAST-2--C,Northeast 2 Kingston centroid candidate,Approximate market-zone centroid; no property address collected,44.334765,-76.361661,3,3503,,0.07,121.79,28.8,570,0.16272696128811237,641,0.1829393627954779,641,0.18298601198972309,1212,102,0.08478802992518704,3,0.0024752475247524753,131256,116156,1626,1428,186,0.5458715596330275,0.11439114391143912,,,,,,,,,,,,0,0,,0,0,0,0,0,0,,,,1,14.39,17.64,,,,,,,,,,0,0,0,0,0,,,,0,0,,0,,,1,,1,1,3,100,,,,,,,,,,25.8,41.2,81.9,,4.1,,37.4,8,2,99,Lower priority,2021,2026-07-27,,1,0.6,0,0.6,70,12,SRC_STATCAN_2021_PROFILE,SRC_STATCAN_2021_DA_GEOGRAPHY,Screening dataset - not property validated,2026-07-27,"Candidate is market-zone centroid; transit, real estate, price and property data not collected; estimated median income from DA aggregation."
OSH-SOUTHWEST-OS-3KM,Ontario,,M0008,Oshawa,OSH-SOUTHWEST-OS,Southwest Oshawa,Mixed Residential Market,0,OSH-SOUTHWEST-OS-C,Southwest Oshawa centroid candidate,Approximate market-zone centroid; no property address collected,43.898846,-78.877778,3,45993,,0.1,15.83,1870.7,6252,0.21114488348530902,6803,0.2297467071935157,10567,0.229752353619029,12651,5571,0.44151212553495006,5013,0.3962532606118093,87686,76776,14274,12090,2187,0.4927855221325508,0.1532156368221942,,,,,,,,,,,,3,1,,2,1,0,3,0.65,0.22,15331,3522,10567,0,0.68,2.51,,,,,,,,,,1,3,3,3,3,,,,0,0,,0,,2.33,0,,1,1,2,0,,,,,,,,,,62.8,61.5,28.4,,24.7,,37.1,10,2,100,Lower priority,2021,2026-07-27,,1,0.77,0,0.75,78.1,12,SRC_STATCAN_2021_PROFILE,SRC_STATCAN_2021_DA_GEOGRAPHY,Screening dataset - not property validated,2026-07-27,"Candidate is market-zone centroid; transit, real estate, price and property data not collected; estimated median income from DA aggregation."
HAM-WEST-2-HAMIL-1KM,Ontario,,M0004,Hamilton,HAM-WEST-2-HAMIL,West 2 Hamilton,Higher-Income Suburban Market,0,HAM-WEST-2-HAMIL-C,West 2 Hamilton centroid candidate,Approximate market-zone centroid; no property address collected,43.272789,-80.131081,1,1669,,0.06,56.8,29.4,257,0.15402133525110873,300,0.17967158096607935,300,0.17974835230677053,574,54,0.09557522123893805,40,0.06968641114982578,140423,115581,896,839,51,0.6265870052277819,0.056919642857142856,,,,,,,,,,,,0,0,,0,0,0,0,0,0,,,,1,12.13,14.52,,,,,,,,,,0,0,0,0,0,,,,0,0,,0,,,1,,1,1,3,100,,,,,,,,,,29,34.5,81.1,,0.9,,36.9,17,3,101,Lower priority,2021,2026-07-27,,1,0.6,0,0.6,70,12,SRC_STATCAN_2021_PROFILE,SRC_STATCAN_2021_DA_GEOGRAPHY,Screening dataset - not property validated,2026-07-27,"Candidate is market-zone centroid; transit, real estate, price and property data not collected; estimated median income from DA aggregation."
KIT-EAST-KITCHEN-1KM,Ontario,,M0006,Kitchener,KIT-EAST-KITCHEN,East Kitchener,Mixed Residential Market,0,KIT-EAST-KITCHEN-C,East Kitchener centroid candidate,Approximate market-zone centroid; no property address collected,43.435535,-80.4351,1,11177,,0.10099999999999999,5.92,1812.3,2355,0.21935952607164813,2586,0.24085769108962538,2692,0.2408517491276729,4133,1726,0.41670690487687106,1541,0.37285264940721025,105316,91269,5570,4944,618,0.5653516295025729,0.11095152603231599,,,,,,,,,,,,1,1,,0,0,0,1,0.89,0.89,11177,2692,2692,0,0.53,0.53,,,,,,,,,,1,0,0,1,1,,,,0,0,,0,,1,0,,1,1,2,0,,,,,,,,,,60.8,62.2,48.1,,17.4,,36.7,10,2,102,Lower priority,2021,2026-07-27,,1,1,0,0.75,86.3,12,SRC_STATCAN_2021_PROFILE,SRC_STATCAN_2021_DA_GEOGRAPHY,Screening dataset - not property validated,2026-07-27,"Candidate is market-zone centroid; transit, real estate, price and property data not collected; estimated median income from DA aggregation."
LON-CENTRAL-LOND-5KM,Ontario,,M0007,London,LON-CENTRAL-LOND,Central London,Student / Young Adult Market,0,LON-CENTRAL-LOND-C,Central London centroid candidate,Approximate market-zone centroid; no property address collected,42.984248,-81.246192,5,66084,,0.1,23.59,2801.4,20375,0.3083197143030083,21415,0.32405726045638883,21415,0.32405726045638883,34290,20540,0.6000584282792871,20480,0.5972586759988335,77565,63103,36915,31540,5370,0.5558198960260816,0.14546932141405933,,,,,,,,,,,,15,4,,5,3,8,7,2.27,0.61,4406,1428,5354,0,0.14,2.75,,,,,,,,,,3,6,6,15,15,,,,0,0,,0,,1,0,,1,1,2,0,,,,,,,,,,80.5,61.5,9.8,,5.6,,36.7,11,3,103,Lower priority,2021,2026-07-27,,1,0.64,0,0.75,73.5,12,SRC_STATCAN_2021_PROFILE,SRC_STATCAN_2021_DA_GEOGRAPHY,Screening dataset - not property validated,2026-07-27,"Candidate is market-zone centroid; transit, real estate, price and property data not collected; estimated median income from DA aggregation."
THU-WEST-THUNDER-5KM,Ontario,,M0010,Thunder Bay,THU-WEST-THUNDER,West Thunder Bay,Higher-Income Suburban Market,0,THU-WEST-THUNDER-C,West Thunder Bay centroid candidate,Approximate market-zone centroid; no property address collected,48.383708,-89.352748,5,10698,,0.009000000000000001,171.06,62.5,1570,0.14675640306599363,1814,0.1695644045616003,1814,0.1695644045616003,4065,160,0.03975155279503106,65,0.015990159901599015,141705,126099,5495,5035,455,0.5641456582633053,0.08280254777070063,,,,,,,,,,,,1,0,,1,0,0,1,0.93,0,10698,1814,,1,3.11,8.35,,,,,,,,,,0,1,1,1,1,,,,0,0,,0,,2,1,,1,1,3,100,,,,,,,,,,23,0,95.4,,16.6,,36.7,7,1,104,Lower priority,2021,2026-07-27,,1,0.85,0,0.75,81,12,SRC_STATCAN_2021_PROFILE,SRC_STATCAN_2021_DA_GEOGRAPHY,Screening dataset - not property validated,2026-07-27,"Candidate is market-zone centroid; transit, real estate, price and property data not collected; estimated median income from DA aggregation."
GRE-NORTH-GREATE-1KM,Ontario,,M0002,Greater Sudbury / Grand Sudbury,GRE-NORTH-GREATE,North Greater Sudbury / Grand Sudbury,Higher-Income Suburban Market,0,GRE-NORTH-GREATE-C,North Greater Sudbury / Grand Sudbury centroid candidate,Approximate market-zone centroid; no property address collected,46.650153,-80.968438,1,5760,,0.027999999999999997,247.95,23.2,959,0.16649305555555555,1101,0.1910763888888889,1101,0.19114583333333332,2238,345,0.1542933810375671,215,0.09606791778373548,117849,106092,3057,2756,306,0.5769311283232154,0.10009813542688911,,,,,,,,,,,,0,0,,0,0,0,0,0,0,,,,1,1.54,14.66,,,,,,,,,,0,0,0,0,0,,,,0,0,,0,,,1,,1,1,3,100,,,,,,,,,,32.6,12.8,68.2,,8,,36.5,10,3,105,Lower priority,2021,2026-07-27,,1,0.6,0,0.6,70,12,SRC_STATCAN_2021_PROFILE,SRC_STATCAN_2021_DA_GEOGRAPHY,Screening dataset - not property validated,2026-07-27,"Candidate is market-zone centroid; transit, real estate, price and property data not collected; estimated median income from DA aggregation."
KIN-NORTHEAST-2--1KM,Ontario,,M0005,Kingston,KIN-NORTHEAST-2-,Northeast 2 Kingston,Higher-Income Suburban Market,0,KIN-NORTHEAST-2--C,Northeast 2 Kingston centroid candidate,Approximate market-zone centroid; no property address collected,44.334765,-76.361661,1,1168,,0.07,40.6,28.8,190,0.16272696128811237,214,0.1829393627954779,214,0.1832191780821918,404,34,0.08478802992518704,1,0.0024752475247524753,131256,116156,542,476,62,0.5458715596330275,0.11439114391143912,,,,,,,,,,,,0,0,,0,0,0,0,0,0,,,,1,14.39,17.64,,,,,,,,,,0,0,0,0,0,,,,0,0,,0,,,1,,1,1,3,100,,,,,,,,,,25.8,41.2,81.9,,0,,36.3,9,3,106,Lower priority,2021,2026-07-27,,1,0.6,0,0.6,70,12,SRC_STATCAN_2021_PROFILE,SRC_STATCAN_2021_DA_GEOGRAPHY,Screening dataset - not property validated,2026-07-27,"Candidate is market-zone centroid; transit, real estate, price and property data not collected; estimated median income from DA aggregation."
WAT-SOUTHWEST-WA-5KM,Ontario,,M0011,Waterloo,WAT-SOUTHWEST-WA,Southwest Waterloo,Higher-Income Suburban Market,0,WAT-SOUTHWEST-WA-C,Southwest Waterloo centroid candidate,Approximate market-zone centroid; no property address collected,43.453532,-80.560197,5,31722,,0.157,13.66,2322.3,6665,0.21010655065884876,7529,0.23734316877876552,7529,0.23734316877876552,11530,3085,0.2636752136752137,1870,0.16218560277536861,137907,115378,16825,14910,1885,0.5688668447157573,0.11203566121842497,,,,,,,,,,,,11,3,,5,3,5,6,3.47,0.95,2884,684,2510,0,1.43,4.2,,,,,,,,,,2,7,6,11,11,,,,0,0,,0,,1.36,0,,1,1,2,0,,,,,,,,,,49.9,100,80.8,,3,,36.3,9,3,107,Lower priority,2021,2026-07-27,,1,0.61,0,0.75,72.6,12,SRC_STATCAN_2021_PROFILE,SRC_STATCAN_2021_DA_GEOGRAPHY,Screening dataset - not property validated,2026-07-27,"Candidate is market-zone centroid; transit, real estate, price and property data not collected; estimated median income from DA aggregation."
WAT-WEST-WATERLO-3KM,Ontario,,M0011,Waterloo,WAT-WEST-WATERLO,West Waterloo,Higher-Income Suburban Market,0,WAT-WEST-WATERLO-C,West Waterloo centroid candidate,Approximate market-zone centroid; no property address collected,43.481344,-80.576422,3,26935,,0.157,11.71,1379.9,3189,0.19732689808798962,3693,0.22851308706144421,6155,0.22851308706144421,5316,1044,0.19627749576988154,540,0.10158013544018059,142732,118884,8379,7440,930,0.5871212121212122,0.11099176512710347,,,,,,,,,,,,3,1,,1,1,1,2,1.11,0.37,8978,2052,6155,0,1.58,2.64,,,,,,,,,,1,1,1,3,3,,,,0,0,,0,,1,0,,1,1,2,0,,,,,,,,,,41.1,100,85.6,,13.6,,36.3,10,2,108,Lower priority,2021,2026-07-27,,1,0.7,0,0.75,75.8,12,SRC_STATCAN_2021_PROFILE,SRC_STATCAN_2021_DA_GEOGRAPHY,Screening dataset - not property validated,2026-07-27,"Candidate is market-zone centroid; transit, real estate, price and property data not collected; estimated median income from DA aggregation."
GRE-WEST-GREATER-1KM,Ontario,,M0002,Greater Sudbury / Grand Sudbury,GRE-WEST-GREATER,West Greater Sudbury / Grand Sudbury,Lower-Density Residential Market,0,GRE-WEST-GREATER-C,West Greater Sudbury / Grand Sudbury centroid candidate,Approximate market-zone centroid; no property address collected,46.579991,-81.216544,1,3990,,0.027999999999999997,109.71,36.4,668,0.1674185463659148,748,0.18736842105263157,748,0.187468671679198,1673,417,0.24880668257756564,288,0.17214584578601316,106627,93289,1957,1822,136,0.5502869223799456,0.06949412365866121,,,,,,,,,,,,0,0,,0,0,0,0,0,0,,,,1,1.38,1.38,,,,,,,,,,0,0,0,0,0,,,,0,0,,0,,,1,,1,1,3,100,,,,,,,,,,38.6,12.8,50.8,,4.9,,36.1,11,1,109,Lower priority,2021,2026-07-27,,1,0.6,0,0.6,70,12,SRC_STATCAN_2021_PROFILE,SRC_STATCAN_2021_DA_GEOGRAPHY,Screening dataset - not property validated,2026-07-27,"Candidate is market-zone centroid; transit, real estate, price and property data not collected; estimated median income from DA aggregation."
GRE-SOUTHWEST-GR-3KM,Ontario,,M0002,Greater Sudbury / Grand Sudbury,GRE-SOUTHWEST-GR,Southwest Greater Sudbury / Grand Sudbury,Higher-Income Suburban Market,0,GRE-SOUTHWEST-GR-C,Southwest Greater Sudbury / Grand Sudbury centroid candidate,Approximate market-zone centroid; no property address collected,46.407033,-81.196925,3,6609,,0.027999999999999997,417.52,15.8,936,0.141625056740808,1090,0.1648660916931457,1090,0.16492661522166743,2613,258,0.0996523754345307,153,0.05855338691159587,127852,112859,3366,3123,249,0.5835201793721974,0.07397504456327986,,,,,,,,,,,,0,0,,0,0,0,0,0,0,,,,1,12.55,18.39,,,,,,,,,,0,0,0,0,0,,,,0,0,,0,,,1,,1,1,3,100,,,,,,,,,,27.7,12.8,77.4,,9.5,,36.1,12,2,110,Lower priority,2021,2026-07-27,,1,0.6,0,0.6,70,12,SRC_STATCAN_2021_PROFILE,SRC_STATCAN_2021_DA_GEOGRAPHY,Screening dataset - not property validated,2026-07-27,"Candidate is market-zone centroid; transit, real estate, price and property data not collected; estimated median income from DA aggregation."
LON-WEST-LONDON-3KM,Ontario,,M0007,London,LON-WEST-LONDON,West London,Mixed Residential Market,0,LON-WEST-LONDON-C,West London centroid candidate,Approximate market-zone centroid; no property address collected,42.994255,-81.305303,3,61195,,0.1,16.37,2281,9198,0.24627297262562653,10106,0.2705950391980465,16559,0.2705940027780047,14796,6663,0.44941319303925537,5277,0.3566504460665045,98131,85829,18843,16428,2436,0.5348700918148076,0.12927877726476675,,,,,,,,,,,,8,3,,2,1,3,5,1.31,0.49,7649,2070,5520,0,0.93,1.64,,,,,,,,,,1,3,3,8,8,,,,0,0,,0,,0.88,0,,1,1,2,0,,,,,,,,,,65.7,61.5,40.7,,11.3,,36,12,2,111,Lower priority,2021,2026-07-27,,1,0.66,0,0.75,74.4,12,SRC_STATCAN_2021_PROFILE,SRC_STATCAN_2021_DA_GEOGRAPHY,Screening dataset - not property validated,2026-07-27,"Candidate is market-zone centroid; transit, real estate, price and property data not collected; estimated median income from DA aggregation."
LON-WEST-LONDON-5KM,Ontario,,M0007,London,LON-WEST-LONDON,West London,Mixed Residential Market,0,LON-WEST-LONDON-C,West London centroid candidate,Approximate market-zone centroid; no property address collected,42.994255,-81.305303,5,62248,,0.1,27.29,2281,15330,0.24627297262562653,16844,0.2705950391980465,16844,0.2705950391980465,24660,11105,0.44941319303925537,8795,0.3566504460665045,98131,85829,31405,27380,4060,0.5348700918148076,0.12927877726476675,,,,,,,,,,,,11,3,,4,2,5,6,1.77,0.48,5659,1531,5615,0,0.93,1.64,,,,,,,,,,1,5,5,11,11,,,,0,0,,0,,1,0,,1,1,2,0,,,,,,,,,,65.7,61.5,40.7,,7.8,,35.2,13,3,112,Lower priority,2021,2026-07-27,,1,0.62,0,0.75,73,12,SRC_STATCAN_2021_PROFILE,SRC_STATCAN_2021_DA_GEOGRAPHY,Screening dataset - not property validated,2026-07-27,"Candidate is market-zone centroid; transit, real estate, price and property data not collected; estimated median income from DA aggregation."
LON-SOUTH-LONDON-3KM,Ontario,,M0007,London,LON-SOUTH-LONDON,South London,Lower-Density Residential Market,0,LON-SOUTH-LONDON-C,South London centroid candidate,Approximate market-zone centroid; no property address collected,42.938015,-81.267106,3,51665,,0.1,83.41,509.6,8274,0.1946585358967844,9266,0.21800626746845092,11263,0.21800058066389238,16944,7011,0.41436170212765955,5862,0.3459631728045326,93422,80115,20484,17673,2811,0.5136454791176214,0.1372290568248389,,,,,,,,,,,,3,1,,1,0,1,2,0.58,0.19,17222,3754,11263,0,1.01,2.28,,,,,,,,,,1,1,1,3,3,,,,0,0,,0,,1,0,,1,1,2,0,,,,,,,,,,53.2,61.5,32.9,,28,,35.1,14,2,113,Lower priority,2021,2026-07-27,,1,0.77,0,0.75,78.1,12,SRC_STATCAN_2021_PROFILE,SRC_STATCAN_2021_DA_GEOGRAPHY,Screening dataset - not property validated,2026-07-27,"Candidate is market-zone centroid; transit, real estate, price and property data not collected; estimated median income from DA aggregation."
KIT-WEST-KITCHEN-5KM,Ontario,,M0006,Kitchener,KIT-WEST-KITCHEN,West Kitchener,Higher-Income Suburban Market,0,KIT-WEST-KITCHEN-C,West Kitchener centroid candidate,Approximate market-zone centroid; no property address collected,43.418663,-80.519102,5,67749,,0.10099999999999999,23.69,2859.8,14385,0.2123278572377452,16115,0.2378632894950479,16115,0.2378632894950479,23595,6420,0.2718611052297269,3565,0.15109133290951474,110132,100726,36775,32620,4075,0.601956080457649,0.11080897348742352,,,,,,,,,,,,8,1,,6,5,5,3,1.18,0.15,8469,2014,16115,0,2.1,3.38,,,,,,,,,,1,7,7,8,8,,,,0,0,,0,,1.88,0,,1,1,2,0,,,,,,,,,,55.5,62.2,60.9,,12.7,,34.9,11,3,114,Insufficient data,2021,2026-07-27,,1,0.57,0,0.75,71.2,12,SRC_STATCAN_2021_PROFILE,SRC_STATCAN_2021_DA_GEOGRAPHY,Screening dataset - not property validated,2026-07-27,"Candidate is market-zone centroid; transit, real estate, price and property data not collected; estimated median income from DA aggregation."
THU-WEST-THUNDER-3KM,Ontario,,M0010,Thunder Bay,THU-WEST-THUNDER,West Thunder Bay,Higher-Income Suburban Market,0,THU-WEST-THUNDER-C,West Thunder Bay centroid candidate,Approximate market-zone centroid; no property address collected,48.383708,-89.352748,3,6419,,0.009000000000000001,102.64,62.5,942,0.14675640306599363,1088,0.1695644045616003,1088,0.16949680635613024,2439,96,0.03975155279503106,39,0.015990159901599015,141705,126099,3297,3021,273,0.5641456582633053,0.08280254777070063,,,,,,,,,,,,0,0,,0,0,0,0,0,0,,,,1,3.11,8.35,,,,,,,,,,0,0,0,0,0,,,,0,0,,0,,,1,,1,1,3,100,,,,,,,,,,23,0,95.4,,9.1,,34.9,8,2,115,Insufficient data,2021,2026-07-27,,1,0.6,0,0.6,70,12,SRC_STATCAN_2021_PROFILE,SRC_STATCAN_2021_DA_GEOGRAPHY,Screening dataset - not property validated,2026-07-27,"Candidate is market-zone centroid; transit, real estate, price and property data not collected; estimated median income from DA aggregation."
GUE-WEST-GUELPH-3KM,Ontario,,M0003,Guelph,GUE-WEST-GUELPH,West Guelph,Mixed Residential Market,0,GUE-WEST-GUELPH-C,West Guelph centroid candidate,Approximate market-zone centroid; no property address collected,43.534926,-80.278632,3,39796,,0.091,13.04,1870.8,5307,0.21757847092393978,5837,0.23932401849847487,9524,0.23932053472710826,9480,3900,0.41191381495564006,3678,0.3879746835443038,100094,88726,13317,11778,1557,0.5892240732402821,0.11691822482541113,,,,,,,,,,,,5,1,,3,4,3,2,1.26,0.25,7959,1905,9524,0,1.07,2.53,,,,,,,,,,1,3,3,5,5,,,,0,0,,0,,1.4,0,,1,1,2,0,,,,,,,,,,62,55.4,44.6,,11.8,,34.7,5,2,116,Insufficient data,2021,2026-07-27,,1,0.6,0,0.75,72.2,12,SRC_STATCAN_2021_PROFILE,SRC_STATCAN_2021_DA_GEOGRAPHY,Screening dataset - not property validated,2026-07-27,"Candidate is market-zone centroid; transit, real estate, price and property data not collected; estimated median income from DA aggregation."
HAM-CENTRAL-HAMI-5KM,Ontario,,M0004,Hamilton,HAM-CENTRAL-HAMI,Central Hamilton,Value-Oriented Rental Market,0,HAM-CENTRAL-HAMI-C,Central Hamilton centroid candidate,Approximate market-zone centroid; no property address collected,43.249096,-79.846627,5,165022,,0.06,60.16,2743.1,42610,0.2582079965095563,45466,0.2755147798475355,45466,0.2755147798475355,75405,39515,0.524002121734518,37270,0.49426430608049865,79771,67965,85345,73585,11830,0.530992928272478,0.13861386138613863,,,,,,,,,,,,18,2,,7,5,14,4,1.09,0.12,9168,2526,22733,0,0.3,1.87,,,,,,,,,,2,8,7,18,18,,,,0,0,,0,,0.94,0,,1,1,2,0,,,,,,,,,,74.3,34.5,16.4,,13.9,,34.6,18,3,117,Insufficient data,2021,2026-07-27,,1,0.51,0,0.75,69.2,12,SRC_STATCAN_2021_PROFILE,SRC_STATCAN_2021_DA_GEOGRAPHY,Screening dataset - not property validated,2026-07-27,"Candidate is market-zone centroid; transit, real estate, price and property data not collected; estimated median income from DA aggregation."
LON-NORTHEAST-LO-5KM,Ontario,,M0007,London,LON-NORTHEAST-LO,Northeast London,Lower-Density Residential Market,0,LON-NORTHEAST-LO-C,Northeast London centroid candidate,Approximate market-zone centroid; no property address collected,43.004176,-81.188478,5,61801,,0.1,55.62,1111.1,15855,0.25654924677594215,17177,0.27794048639989644,17177,0.27794048639989644,25580,10695,0.4174473067915691,7240,0.2830336200156372,78299,69190,32470,27775,4735,0.534545804464973,0.14582691715429627,,,,,,,,,,,,4,3,,1,1,1,3,0.65,0.49,15450,4294,5726,0,1.31,1.31,,,,,,,,,,2,2,2,4,4,,,,0,0,,0,,1.5,0,,1,1,2,0,,,,,,,,,,58.3,61.5,18,,24.9,,34.6,15,2,118,Insufficient data,2021,2026-07-27,,1,0.86,0,0.75,81.4,12,SRC_STATCAN_2021_PROFILE,SRC_STATCAN_2021_DA_GEOGRAPHY,Screening dataset - not property validated,2026-07-27,"Candidate is market-zone centroid; transit, real estate, price and property data not collected; estimated median income from DA aggregation."
OSH-SOUTHEAST-OS-5KM,Ontario,,M0008,Oshawa,OSH-SOUTHEAST-OS,Southeast Oshawa,Mixed Residential Market,0,OSH-SOUTHEAST-OS-C,Southeast Oshawa centroid candidate,Approximate market-zone centroid; no property address collected,43.890803,-78.837923,5,50401,,0.1,24.55,2053,10725,0.2127933969564096,11685,0.23184063808257774,11685,0.23184063808257774,19875,6420,0.32277526395173456,5070,0.2550943396226415,94643,83234,25550,21560,4040,0.514497076721155,0.15812133072407045,,,,,,,,,,,,4,1,,2,1,1,3,0.79,0.2,12600,2921,11685,0,1.69,1.69,,,,,,,,,,1,3,3,4,4,,,,0,0,,0,,1.75,0,,1,1,2,0,,,,,,,,,,56.3,61.5,37.1,,19.9,,34.5,11,3,119,Insufficient data,2021,2026-07-27,,1,0.69,0,0.75,75.3,12,SRC_STATCAN_2021_PROFILE,SRC_STATCAN_2021_DA_GEOGRAPHY,Screening dataset - not property validated,2026-07-27,"Candidate is market-zone centroid; transit, real estate, price and property data not collected; estimated median income from DA aggregation."
WAT-NORTHEAST-WA-5KM,Ontario,,M0011,Waterloo,WAT-NORTHEAST-WA,Northeast Waterloo,Higher-Income Suburban Market,0,WAT-NORTHEAST-WA-C,Northeast Waterloo centroid candidate,Approximate market-zone centroid; no property address collected,43.501707,-80.50436,5,24472,,0.157,18.28,1338.7,4560,0.18633540372670807,5268,0.21526642693690748,5268,0.21526642693690748,8945,1985,0.22031076581576026,1460,0.16321967579653437,153511,123386,14190,12765,1430,0.6265030674846626,0.10077519379844961,,,,,,,,,,,,10,3,,4,3,6,4,4.09,1.23,2447,527,1756,0,2.62,3.2,,,,,,,,,,2,6,5,10,10,,,,0,0,,0,,1.3,0,,1,1,2,0,,,,,,,,,,42.3,100,91.7,,2.2,,34.5,11,3,120,Insufficient data,2021,2026-07-27,,1,0.57,0,0.75,71,12,SRC_STATCAN_2021_PROFILE,SRC_STATCAN_2021_DA_GEOGRAPHY,Screening dataset - not property validated,2026-07-27,"Candidate is market-zone centroid; transit, real estate, price and property data not collected; estimated median income from DA aggregation."
GUE-NORTH-GUELPH-3KM,Ontario,,M0003,Guelph,GUE-NORTH-GUELPH,North Guelph,Mixed Residential Market,0,GUE-NORTH-GUELPH-C,North Guelph centroid candidate,Approximate market-zone centroid; no property address collected,43.56345,-80.2423,3,48292,,0.091,15.31,2009.2,6483,0.2107223652390982,7100,0.23077073094625167,11144,0.2307628592727574,12768,4122,0.3232180663373324,4404,0.3449248120300752,104641,89863,17076,15414,1644,0.6153293413173653,0.09627547434996486,,,,,,,,,,,,5,1,,2,1,2,3,1.04,0.21,9658,2229,11144,0,0.65,1.34,,,,,,,,,,1,3,2,5,5,,,,0,0,,0,,1.2,0,,1,1,2,0,,,,,,,,,,58.8,55.4,46.1,,14.8,,34.4,6,2,121,Insufficient data,2021,2026-07-27,,1,0.57,0,0.75,71.2,12,SRC_STATCAN_2021_PROFILE,SRC_STATCAN_2021_DA_GEOGRAPHY,Screening dataset - not property validated,2026-07-27,"Candidate is market-zone centroid; transit, real estate, price and property data not collected; estimated median income from DA aggregation."
KIT-EAST-KITCHEN-5KM,Ontario,,M0006,Kitchener,KIT-EAST-KITCHEN,East Kitchener,Mixed Residential Market,0,KIT-EAST-KITCHEN-C,East Kitchener centroid candidate,Approximate market-zone centroid; no property address collected,43.435535,-80.4351,5,53679,,0.10099999999999999,29.62,1812.3,11775,0.21935952607164813,12929,0.24085769108962538,12929,0.24085769108962538,20665,8630,0.41670690487687106,7705,0.37285264940721025,105316,91269,27850,24720,3090,0.5653516295025729,0.11095152603231599,,,,,,,,,,,,9,4,,4,3,2,7,1.68,0.75,5964,1437,3232,0,0.53,0.53,,,,,,,,,,3,7,6,9,9,,,,0,0,,0,,1.78,0,,1,1,2,0,,,,,,,,,,60.8,62.2,48.1,,8.4,,34.4,12,3,122,Insufficient data,2021,2026-07-27,,1,0.68,0,0.75,75.2,12,SRC_STATCAN_2021_PROFILE,SRC_STATCAN_2021_DA_GEOGRAPHY,Screening dataset - not property validated,2026-07-27,"Candidate is market-zone centroid; transit, real estate, price and property data not collected; estimated median income from DA aggregation."
GRE-SOUTHWEST-GR-1KM,Ontario,,M0002,Greater Sudbury / Grand Sudbury,GRE-SOUTHWEST-GR,Southwest Greater Sudbury / Grand Sudbury,Higher-Income Suburban Market,0,GRE-SOUTHWEST-GR-C,Southwest Greater Sudbury / Grand Sudbury centroid candidate,Approximate market-zone centroid; no property address collected,46.407033,-81.196925,1,2203,,0.027999999999999997,139.17,15.8,312,0.141625056740808,363,0.1648660916931457,363,0.16477530640036314,871,86,0.0996523754345307,51,0.05855338691159587,127852,112859,1122,1041,83,0.5835201793721974,0.07397504456327986,,,,,,,,,,,,0,0,,0,0,0,0,0,0,,,,1,12.55,18.39,,,,,,,,,,0,0,0,0,0,,,,0,0,,0,,,1,,1,1,3,100,,,,,,,,,,27.7,12.8,77.4,,1.8,,34.2,13,3,123,Insufficient data,2021,2026-07-27,,1,0.6,0,0.6,70,12,SRC_STATCAN_2021_PROFILE,SRC_STATCAN_2021_DA_GEOGRAPHY,Screening dataset - not property validated,2026-07-27,"Candidate is market-zone centroid; transit, real estate, price and property data not collected; estimated median income from DA aggregation."
OSH-SOUTHWEST-OS-5KM,Ontario,,M0008,Oshawa,OSH-SOUTHWEST-OS,Southwest Oshawa,Mixed Residential Market,0,OSH-SOUTHWEST-OS-C,Southwest Oshawa centroid candidate,Approximate market-zone centroid; no property address collected,43.898846,-78.877778,5,49350,,0.1,26.38,1870.7,10420,0.21114488348530902,11338,0.2297467071935157,11338,0.2297467071935157,21085,9285,0.44151212553495006,8355,0.3962532606118093,87686,76776,23790,20150,3645,0.4927855221325508,0.1532156368221942,,,,,,,,,,,,6,1,,4,2,1,5,1.22,0.2,8225,1890,11338,0,0.68,2.51,,,,,,,,,,1,5,5,6,6,,,,0,0,,0,,1.83,0,,1,1,2,0,,,,,,,,,,62.8,61.5,28.4,,12.3,,34,12,3,124,Insufficient data,2021,2026-07-27,,1,0.67,0,0.75,74.9,12,SRC_STATCAN_2021_PROFILE,SRC_STATCAN_2021_DA_GEOGRAPHY,Screening dataset - not property validated,2026-07-27,"Candidate is market-zone centroid; transit, real estate, price and property data not collected; estimated median income from DA aggregation."
GUE-SOUTH-GUELPH-3KM,Ontario,,M0003,Guelph,GUE-SOUTH-GUELPH,South Guelph,Mixed Residential Market,0,GUE-SOUTH-GUELPH-C,South Guelph centroid candidate,Approximate market-zone centroid; no property address collected,43.517929,-80.23856,3,22586,,0.091,8.64,1568.5,3618,0.2669795448507925,3978,0.2935446736916674,6630,0.2935446736916674,5385,2172,0.4004424778761062,1518,0.2818941504178273,115684,97081,7638,6690,948,0.5793712652637049,0.12411626080125687,,,,,,,,,,,,4,2,,2,1,0,4,1.77,0.89,5647,1658,3315,0,1.25,1.48,,,,,,,,,,2,3,2,4,4,,,,0,0,,0,,1.75,0,,1,1,2,0,,,,,,,,,,59.2,55.4,56,,7.8,,33.8,7,2,125,Insufficient data,2021,2026-07-27,,1,0.79,0,0.75,78.8,12,SRC_STATCAN_2021_PROFILE,SRC_STATCAN_2021_DA_GEOGRAPHY,Screening dataset - not property validated,2026-07-27,"Candidate is market-zone centroid; transit, real estate, price and property data not collected; estimated median income from DA aggregation."
LON-NORTH-LONDON-5KM,Ontario,,M0007,London,LON-NORTH-LONDON,North London,Higher-Income Suburban Market,0,LON-NORTH-LONDON-C,North London centroid candidate,Approximate market-zone centroid; no property address collected,43.030798,-81.259027,5,72942,,0.1,52.75,1382.8,15075,0.20667105371390967,17031,0.23348687998683887,17031,0.23348687998683887,26995,9430,0.34925925925925927,6990,0.2589368401555844,115405,96264,36235,31950,4250,0.5490162385084629,0.1172899130674762,,,,,,,,,,,,8,2,,4,2,4,4,1.1,0.27,9118,2129,8516,0,1.25,3.84,,,,,,,,,,1,5,5,8,8,,,,0,0,,0,,1.38,0,,1,1,2,0,,,,,,,,,,52.5,61.5,54.9,,13.9,,33.5,16,3,126,Insufficient data,2021,2026-07-27,,1,0.64,0,0.75,73.6,12,SRC_STATCAN_2021_PROFILE,SRC_STATCAN_2021_DA_GEOGRAPHY,Screening dataset - not property validated,2026-07-27,"Candidate is market-zone centroid; transit, real estate, price and property data not collected; estimated median income from DA aggregation."
WAT-WEST-WATERLO-5KM,Ontario,,M0011,Waterloo,WAT-WEST-WATERLO,West Waterloo,Higher-Income Suburban Market,0,WAT-WEST-WATERLO-C,West Waterloo centroid candidate,Approximate market-zone centroid; no property address collected,43.481344,-80.576422,5,26935,,0.157,19.52,1379.9,5315,0.19732689808798962,6155,0.22851308706144421,6155,0.22851308706144421,8860,1740,0.19627749576988154,900,0.10158013544018059,142732,118884,13965,12400,1550,0.5871212121212122,0.11099176512710347,,,,,,,,,,,,11,2,,7,5,6,5,4.08,0.74,2449,560,3078,0,1.58,2.64,,,,,,,,,,1,8,8,11,11,,,,0,0,,0,,1.55,0,,1,1,2,0,,,,,,,,,,41.1,100,85.6,,2.2,,33.5,12,3,127,Insufficient data,2021,2026-07-27,,1,0.59,0,0.75,71.9,12,SRC_STATCAN_2021_PROFILE,SRC_STATCAN_2021_DA_GEOGRAPHY,Screening dataset - not property validated,2026-07-27,"Candidate is market-zone centroid; transit, real estate, price and property data not collected; estimated median income from DA aggregation."
BAR-NORTHEAST-BA-5KM,Ontario,,M0001,Barrie,BAR-NORTHEAST-BA,Northeast Barrie,Mixed Residential Market,0,BAR-NORTHEAST-BA-C,Northeast Barrie centroid candidate,Approximate market-zone centroid; no property address collected,44.402199,-79.674172,5,35360,,0.045,13.73,2575.4,9125,0.25805995475113125,9817,0.27763009049773757,9817,0.27763009049773757,14805,6645,0.4500507958008805,5905,0.3988517392772712,94266,79329,18865,16515,2395,0.5556864064602961,0.12695467797508614,,,,,,,,,,,,4,3,,1,0,0,4,1.13,0.85,8840,2454,3272,0,1.3,1.54,,,,,,,,,,1,3,3,4,4,,,,0,0,,0,,1.75,0,,1,1,2,0,,,,,,,,,,69.9,24.3,31.8,,13.4,,33.4,6,2,128,Insufficient data,2021,2026-07-27,,1,0.82,0,0.75,80.1,12,SRC_STATCAN_2021_PROFILE,SRC_STATCAN_2021_DA_GEOGRAPHY,Screening dataset - not property validated,2026-07-27,"Candidate is market-zone centroid; transit, real estate, price and property data not collected; estimated median income from DA aggregation."
KIT-SOUTH-KITCHE-5KM,Ontario,,M0006,Kitchener,KIT-SOUTH-KITCHE,South Kitchener,Higher-Income Suburban Market,0,KIT-SOUTH-KITCHE-C,South Kitchener centroid candidate,Approximate market-zone centroid; no property address collected,43.389653,-80.455306,5,48001,,0.10099999999999999,46.97,1022,11025,0.22968271494343867,12275,0.25572383908668567,12275,0.25572383908668567,15970,4015,0.2528337531486146,2315,0.14495929868503443,127335,111861,26660,24060,2605,0.6385350318471338,0.0977119279819955,,,,,,,,,,,,5,2,,3,1,0,5,1.04,0.42,9600,2455,6138,0,2,3.25,,,,,,,,,,2,4,4,5,5,,,,0,0,,0,,2,0,,1,1,2,0,,,,,,,,,,45.5,62.2,76.1,,14.7,,33.4,13,3,129,Insufficient data,2021,2026-07-27,,1,0.79,0,0.75,78.9,12,SRC_STATCAN_2021_PROFILE,SRC_STATCAN_2021_DA_GEOGRAPHY,Screening dataset - not property validated,2026-07-27,"Candidate is market-zone centroid; transit, real estate, price and property data not collected; estimated median income from DA aggregation."
BAR-NORTHEAST-BA-3KM,Ontario,,M0001,Barrie,BAR-NORTHEAST-BA,Northeast Barrie,Mixed Residential Market,0,BAR-NORTHEAST-BA-C,Northeast Barrie centroid candidate,Approximate market-zone centroid; no property address collected,44.402199,-79.674172,3,33209,,0.045,8.24,2575.4,5475,0.25805995475113125,5890,0.27763009049773757,9220,0.2776355807160709,8883,3987,0.4500507958008805,3543,0.3988517392772712,94266,79329,11319,9909,1437,0.5556864064602961,0.12695467797508614,,,,,,,,,,,,4,3,,1,0,0,4,1.2,0.9,8302,2305,3073,0,1.3,1.54,,,,,,,,,,1,3,3,4,4,,,,0,0,,0,,1.75,0,,1,1,2,0,,,,,,,,,,69.9,24.3,31.8,,12.4,,33.2,7,3,130,Insufficient data,2021,2026-07-27,,1,0.82,0,0.75,80.1,12,SRC_STATCAN_2021_PROFILE,SRC_STATCAN_2021_DA_GEOGRAPHY,Screening dataset - not property validated,2026-07-27,"Candidate is market-zone centroid; transit, real estate, price and property data not collected; estimated median income from DA aggregation."
LON-NORTHEAST-LO-3KM,Ontario,,M0007,London,LON-NORTHEAST-LO,Northeast London,Lower-Density Residential Market,0,LON-NORTHEAST-LO-C,Northeast London centroid candidate,Approximate market-zone centroid; no property address collected,43.004176,-81.188478,3,48597,,0.1,33.37,1111.1,9513,0.25654924677594215,10306,0.27794048639989644,13507,0.2779389674259728,15348,6417,0.4174473067915691,4344,0.2830336200156372,78299,69190,19482,16665,2841,0.534545804464973,0.14582691715429627,,,,,,,,,,,,4,3,,1,1,1,3,0.82,0.62,12149,3377,4502,0,1.31,1.31,,,,,,,,,,2,2,2,4,4,,,,0,0,,0,,1.5,0,,1,1,2,0,,,,,,,,,,58.3,61.5,18,,19.1,,33.1,17,3,131,Insufficient data,2021,2026-07-27,,1,0.86,0,0.75,81.4,12,SRC_STATCAN_2021_PROFILE,SRC_STATCAN_2021_DA_GEOGRAPHY,Screening dataset - not property validated,2026-07-27,"Candidate is market-zone centroid; transit, real estate, price and property data not collected; estimated median income from DA aggregation."
GUE-NORTH-GUELPH-5KM,Ontario,,M0003,Guelph,GUE-NORTH-GUELPH,North Guelph,Mixed Residential Market,0,GUE-NORTH-GUELPH-C,North Guelph centroid candidate,Approximate market-zone centroid; no property address collected,43.56345,-80.2423,5,51276,,0.091,25.52,2009.2,10805,0.2107223652390982,11833,0.23077073094625167,11833,0.23077073094625167,21280,6870,0.3232180663373324,7340,0.3449248120300752,104641,89863,28460,25690,2740,0.6153293413173653,0.09627547434996486,,,,,,,,,,,,8,2,,4,2,3,5,1.56,0.39,6410,1479,5917,0,0.65,1.34,,,,,,,,,,2,5,4,8,8,,,,0,0,,0,,1.38,0,,1,1,2,0,,,,,,,,,,58.8,55.4,46.1,,9.1,,33,8,3,132,Insufficient data,2021,2026-07-27,,1,0.64,0,0.75,73.8,12,SRC_STATCAN_2021_PROFILE,SRC_STATCAN_2021_DA_GEOGRAPHY,Screening dataset - not property validated,2026-07-27,"Candidate is market-zone centroid; transit, real estate, price and property data not collected; estimated median income from DA aggregation."
GUE-WEST-GUELPH-5KM,Ontario,,M0003,Guelph,GUE-WEST-GUELPH,West Guelph,Mixed Residential Market,0,GUE-WEST-GUELPH-C,West Guelph centroid candidate,Approximate market-zone centroid; no property address collected,43.534926,-80.278632,5,40652,,0.091,21.73,1870.8,8845,0.21757847092393978,9729,0.23932401849847487,9729,0.23932401849847487,15800,6500,0.41191381495564006,6130,0.3879746835443038,100094,88726,22195,19630,2595,0.5892240732402821,0.11691822482541113,,,,,,,,,,,,10,2,,5,4,5,5,2.46,0.49,4065,973,4865,0,1.07,2.53,,,,,,,,,,2,6,5,10,10,,,,0,0,,0,,1.3,0,,1,1,2,0,,,,,,,,,,62,55.4,44.6,,5,,33,9,3,133,Insufficient data,2021,2026-07-27,,1,0.6,0,0.75,72.4,12,SRC_STATCAN_2021_PROFILE,SRC_STATCAN_2021_DA_GEOGRAPHY,Screening dataset - not property validated,2026-07-27,"Candidate is market-zone centroid; transit, real estate, price and property data not collected; estimated median income from DA aggregation."
THU-WEST-THUNDER-1KM,Ontario,,M0010,Thunder Bay,THU-WEST-THUNDER,West Thunder Bay,Higher-Income Suburban Market,0,THU-WEST-THUNDER-C,West Thunder Bay centroid candidate,Approximate market-zone centroid; no property address collected,48.383708,-89.352748,1,2140,,0.009000000000000001,34.21,62.5,314,0.14675640306599363,363,0.1695644045616003,363,0.16962616822429907,813,32,0.03975155279503106,13,0.015990159901599015,141705,126099,1099,1007,91,0.5641456582633053,0.08280254777070063,,,,,,,,,,,,0,0,,0,0,0,0,0,0,,,,1,3.11,8.35,,,,,,,,,,0,0,0,0,0,,,,0,0,,0,,,1,,1,1,3,100,,,,,,,,,,23,0,95.4,,1.7,,33,9,3,134,Insufficient data,2021,2026-07-27,,1,0.6,0,0.6,70,12,SRC_STATCAN_2021_PROFILE,SRC_STATCAN_2021_DA_GEOGRAPHY,Screening dataset - not property validated,2026-07-27,"Candidate is market-zone centroid; transit, real estate, price and property data not collected; estimated median income from DA aggregation."
WIN-NORTHWEST-WI-5KM,Ontario,,M0012,Windsor,WIN-NORTHWEST-WI,Northwest Windsor,Value-Oriented Rental Market,0,WIN-NORTHWEST-WI-C,Northwest Windsor centroid candidate,Approximate market-zone centroid; no property address collected,42.30778,-83.026393,5,59563,,0.057,17.83,3340.6,16125,0.27072175679532595,17293,0.2903312459076944,17293,0.2903312459076944,27635,16040,0.5805284111473037,14135,0.5114890537362041,66800,55926,27505,22025,5525,0.4415597433841219,0.20087256862388655,,,,,,,,,,,,8,3,,1,1,4,4,1.34,0.5,7445,2162,5764,0,1.31,3.23,,,,,,,,,,1,2,2,8,8,,,,0,0,,0,,0.63,0,,1,1,2,0,,,,,,,,,,76.8,32.4,0,,10.9,,32.9,12,3,135,Insufficient data,2021,2026-07-27,,1,0.66,0,0.75,74.4,12,SRC_STATCAN_2021_PROFILE,SRC_STATCAN_2021_DA_GEOGRAPHY,Screening dataset - not property validated,2026-07-27,"Candidate is market-zone centroid; transit, real estate, price and property data not collected; estimated median income from DA aggregation."
KIT-NORTH-KITCHE-3KM,Ontario,,M0006,Kitchener,KIT-NORTH-KITCHE,North Kitchener,Mixed Residential Market,0,KIT-NORTH-KITCHE-C,North Kitchener centroid candidate,Approximate market-zone centroid; no property address collected,43.46506,-80.460264,3,27566,,0.10099999999999999,12.53,1457.1,3744,0.20510123586642123,4127,0.22607152248225085,6232,0.22607560037727636,7623,2655,0.34911242603550297,2415,0.3168044077134986,107754,90282,10143,9066,1092,0.5925490196078431,0.10766045548654243,,,,,,,,,,,,4,2,,1,1,2,2,1.45,0.73,6892,1558,3116,0,0.3,1.45,,,,,,,,,,1,3,2,4,4,,,,0,0,,0,,1.5,0,,1,1,2,0,,,,,,,,,,55.5,62.2,46.7,,10,,32.8,14,2,136,Insufficient data,2021,2026-07-27,,1,0.55,0,0.75,70.5,12,SRC_STATCAN_2021_PROFILE,SRC_STATCAN_2021_DA_GEOGRAPHY,Screening dataset - not property validated,2026-07-27,"Candidate is market-zone centroid; transit, real estate, price and property data not collected; estimated median income from DA aggregation."
BAR-NORTHWEST-BA-3KM,Ontario,,M0001,Barrie,BAR-NORTHWEST-BA,Northwest Barrie,Mixed Residential Market,0,BAR-NORTHWEST-BA-C,Northwest Barrie centroid candidate,Approximate market-zone centroid; no property address collected,44.395267,-79.715095,3,37568,,0.045,10.97,2076.8,4818,0.21152174485683428,5291,0.23227879777678265,8726,0.2322721465076661,8925,3246,0.3641871423763043,2949,0.3304201680672269,98175,86010,11925,10266,1659,0.5492776886035313,0.13911949685534591,,,,,,,,,,,,3,3,,0,0,0,3,0.8,0.8,12523,2909,2909,0,1.15,1.15,,,,,,,,,,1,2,2,3,3,,,,0,0,,0,,1.67,0,,1,1,2,0,,,,,,,,,,59.6,24.3,40.9,,19.8,,32.3,8,2,137,Insufficient data,2021,2026-07-27,,1,0.88,0,0.75,82.2,12,SRC_STATCAN_2021_PROFILE,SRC_STATCAN_2021_DA_GEOGRAPHY,Screening dataset - not property validated,2026-07-27,"Candidate is market-zone centroid; transit, real estate, price and property data not collected; estimated median income from DA aggregation."
GUE-SOUTH-GUELPH-5KM,Ontario,,M0003,Guelph,GUE-SOUTH-GUELPH,South Guelph,Mixed Residential Market,0,GUE-SOUTH-GUELPH-C,South Guelph centroid candidate,Approximate market-zone centroid; no property address collected,43.517929,-80.23856,5,22586,,0.091,14.4,1568.5,6030,0.2669795448507925,6630,0.2935446736916674,6630,0.2935446736916674,8975,3620,0.4004424778761062,2530,0.2818941504178273,115684,97081,12730,11150,1580,0.5793712652637049,0.12411626080125687,,,,,,,,,,,,11,2,,6,4,3,8,4.87,0.89,2053,603,3315,0,1.25,1.48,,,,,,,,,,2,7,6,11,11,,,,0,0,,0,,1.36,0,,1,1,2,0,,,,,,,,,,59.2,55.4,56,,1.5,,32.2,10,3,138,Insufficient data,2021,2026-07-27,,1,0.65,0,0.75,73.8,12,SRC_STATCAN_2021_PROFILE,SRC_STATCAN_2021_DA_GEOGRAPHY,Screening dataset - not property validated,2026-07-27,"Candidate is market-zone centroid; transit, real estate, price and property data not collected; estimated median income from DA aggregation."
GUE-SOUTHEAST-GU-3KM,Ontario,,M0003,Guelph,GUE-SOUTHEAST-GU,Southeast Guelph,Higher-Income Suburban Market,0,GUE-SOUTHEAST-GU-C,Southeast Guelph centroid candidate,Approximate market-zone centroid; no property address collected,43.512499,-80.195457,3,28173,,0.091,15.45,1135,4143,0.23626223225894752,4658,0.26561965373297747,7483,0.2656089163383381,6255,1383,0.22184793070259864,1080,0.17266187050359713,137571,117460,9939,8892,1062,0.6160881313656205,0.1068517959553275,,,,,,,,,,,,5,1,,4,2,0,5,1.77,0.35,5635,1497,7483,0,1.32,1.98,,,,,,,,,,1,5,4,5,5,,,,0,0,,0,,2,0,,1,1,2,0,,,,,,,,,,45,55.4,83.7,,7.8,,31.6,11,2,139,Insufficient data,2021,2026-07-27,,1,0.69,0,0.75,75.4,12,SRC_STATCAN_2021_PROFILE,SRC_STATCAN_2021_DA_GEOGRAPHY,Screening dataset - not property validated,2026-07-27,"Candidate is market-zone centroid; transit, real estate, price and property data not collected; estimated median income from DA aggregation."
KIT-NORTH-KITCHE-5KM,Ontario,,M0006,Kitchener,KIT-NORTH-KITCHE,North Kitchener,Mixed Residential Market,0,KIT-NORTH-KITCHE-C,North Kitchener centroid candidate,Approximate market-zone centroid; no property address collected,43.46506,-80.460264,5,30424,,0.10099999999999999,20.88,1457.1,6240,0.20510123586642123,6878,0.22607152248225085,6878,0.22607152248225085,12705,4425,0.34911242603550297,4025,0.3168044077134986,107754,90282,16905,15110,1820,0.5925490196078431,0.10766045548654243,,,,,,,,,,,,9,3,,4,4,5,4,2.96,0.99,3380,764,2293,0,0.3,1.45,,,,,,,,,,2,6,5,9,9,,,,0,0,,0,,1.44,0,,1,1,2,0,,,,,,,,,,55.5,62.2,46.7,,3.9,,31.3,15,3,140,Insufficient data,2021,2026-07-27,,1,0.58,0,0.75,71.5,12,SRC_STATCAN_2021_PROFILE,SRC_STATCAN_2021_DA_GEOGRAPHY,Screening dataset - not property validated,2026-07-27,"Candidate is market-zone centroid; transit, real estate, price and property data not collected; estimated median income from DA aggregation."
BAR-NORTHWEST-BA-5KM,Ontario,,M0001,Barrie,BAR-NORTHWEST-BA,Northwest Barrie,Mixed Residential Market,0,BAR-NORTHWEST-BA-C,Northwest Barrie centroid candidate,Approximate market-zone centroid; no property address collected,44.395267,-79.715095,5,37963,,0.045,18.28,2076.8,8030,0.21152174485683428,8818,0.23227879777678265,8818,0.23227879777678265,14875,5410,0.3641871423763043,4915,0.3304201680672269,98175,86010,19875,17110,2765,0.5492776886035313,0.13911949685534591,,,,,,,,,,,,4,3,,1,0,0,4,1.05,0.79,9491,2205,2939,0,1.15,1.15,,,,,,,,,,1,3,3,4,4,,,,0,0,,0,,1.75,0,,1,1,2,0,,,,,,,,,,59.6,24.3,40.9,,14.5,,31,9,3,141,Insufficient data,2021,2026-07-27,,1,0.82,0,0.75,80.1,12,SRC_STATCAN_2021_PROFILE,SRC_STATCAN_2021_DA_GEOGRAPHY,Screening dataset - not property validated,2026-07-27,"Candidate is market-zone centroid; transit, real estate, price and property data not collected; estimated median income from DA aggregation."
GUE-SOUTHEAST-GU-5KM,Ontario,,M0003,Guelph,GUE-SOUTHEAST-GU,Southeast Guelph,Higher-Income Suburban Market,0,GUE-SOUTHEAST-GU-C,Southeast Guelph centroid candidate,Approximate market-zone centroid; no property address collected,43.512499,-80.195457,5,29226,,0.091,25.75,1135,6905,0.23626223225894752,7763,0.26561965373297747,7763,0.26561965373297747,10425,2305,0.22184793070259864,1800,0.17266187050359713,137571,117460,16565,14820,1770,0.6160881313656205,0.1068517959553275,,,,,,,,,,,,7,2,,4,2,1,6,2.4,0.68,4175,1109,3882,0,1.32,1.98,,,,,,,,,,2,5,4,7,7,,,,0,0,,0,,1.57,0,,1,1,2,0,,,,,,,,,,45,55.4,83.7,,5.2,,31,12,3,142,Insufficient data,2021,2026-07-27,,1,0.7,0,0.75,75.8,12,SRC_STATCAN_2021_PROFILE,SRC_STATCAN_2021_DA_GEOGRAPHY,Screening dataset - not property validated,2026-07-27,"Candidate is market-zone centroid; transit, real estate, price and property data not collected; estimated median income from DA aggregation."
HAM-EAST-HAMILTO-5KM,Ontario,,M0004,Hamilton,HAM-EAST-HAMILTO,East Hamilton,Lower-Density Residential Market,0,HAM-EAST-HAMILTO-C,East Hamilton centroid candidate,Approximate market-zone centroid; no property address collected,43.223877,-79.727585,5,72137,,0.06,84.86,850.1,12785,0.17723221093197666,14349,0.19891317908978748,14349,0.19891317908978748,28600,9605,0.33613298337707787,8900,0.3111888111888112,99835,85635,35140,30720,4430,0.5075169337518586,0.12606715993170176,,,,,,,,,,,,5,2,,2,1,1,4,0.69,0.28,14427,2870,7175,0,1.67,2.34,,,,,,,,,,1,3,3,5,5,,,,0,0,,0,,1.4,0,,1,1,2,0,,,,,,,,,,49.7,34.5,40.4,,23.1,,30.7,19,3,143,Insufficient data,2021,2026-07-27,,1,0.68,0,0.75,75,12,SRC_STATCAN_2021_PROFILE,SRC_STATCAN_2021_DA_GEOGRAPHY,Screening dataset - not property validated,2026-07-27,"Candidate is market-zone centroid; transit, real estate, price and property data not collected; estimated median income from DA aggregation."
LON-SOUTHEAST-LO-3KM,Ontario,,M0007,London,LON-SOUTHEAST-LO,Southeast London,Lower-Density Residential Market,0,LON-SOUTHEAST-LO-C,Southeast London centroid candidate,Approximate market-zone centroid; no property address collected,42.957284,-81.199035,3,44643,,0.1,47.09,618,5808,0.1995999752562014,6479,0.2226529476050065,9940,0.22265528750308,11475,3609,0.31450980392156863,2334,0.20339869281045753,86952,77900,14526,12555,1920,0.5326460481099656,0.13217678645187939,,,,,,,,,,,,4,1,,2,1,1,3,0.9,0.22,11161,2485,9940,0,2.55,2.67,,,,,,,,,,1,2,2,4,4,,,,0,0,,0,,1.25,0,,1,1,2,0,,,,,,,,,,48.3,61.5,29.9,,17.4,,30.4,18,2,144,Insufficient data,2021,2026-07-27,,1,0.69,0,0.75,75.3,12,SRC_STATCAN_2021_PROFILE,SRC_STATCAN_2021_DA_GEOGRAPHY,Screening dataset - not property validated,2026-07-27,"Candidate is market-zone centroid; transit, real estate, price and property data not collected; estimated median income from DA aggregation."
LON-SOUTH-LONDON-5KM,Ontario,,M0007,London,LON-SOUTH-LONDON,South London,Lower-Density Residential Market,0,LON-SOUTH-LONDON-C,South London centroid candidate,Approximate market-zone centroid; no property address collected,42.938015,-81.267106,5,70842,,0.1,139.02,509.6,13790,0.1946585358967844,15444,0.21800626746845092,15444,0.21800626746845092,28240,11685,0.41436170212765955,9770,0.3459631728045326,93422,80115,34140,29455,4685,0.5136454791176214,0.1372290568248389,,,,,,,,,,,,11,2,,6,3,4,7,1.55,0.28,6440,1404,7722,0,1.01,2.28,,,,,,,,,,2,6,6,11,11,,,,0,0,,0,,1.27,0,,1,1,2,0,,,,,,,,,,53.2,61.5,32.9,,9.2,,30.4,19,3,145,Insufficient data,2021,2026-07-27,,1,0.66,0,0.75,74.3,12,SRC_STATCAN_2021_PROFILE,SRC_STATCAN_2021_DA_GEOGRAPHY,Screening dataset - not property validated,2026-07-27,"Candidate is market-zone centroid; transit, real estate, price and property data not collected; estimated median income from DA aggregation."
HAM-WEST-HAMILTO-5KM,Ontario,,M0004,Hamilton,HAM-WEST-HAMILTO,West Hamilton,Higher-Income Suburban Market,0,HAM-WEST-HAMILTO-C,West Hamilton centroid candidate,Approximate market-zone centroid; no property address collected,43.237192,-79.954336,5,97733,,0.06,139.22,702,18755,0.19190038165205203,21183,0.21674357688805215,21183,0.21674357688805215,36925,9175,0.24847664184157076,7670,0.2077183480027082,133151,110894,50235,44605,5690,0.5498982925476176,0.11326764208221358,,,,,,,,,,,,8,2,,3,3,6,2,0.82,0.2,12217,2648,10592,0,1.42,2.71,,,,,,,,,,1,5,4,8,8,,,,0,0,,0,,1.25,0,,1,1,2,0,,,,,,,,,,41.7,34.5,74.7,,19.3,,30.3,20,2,146,Insufficient data,2021,2026-07-27,,1,0.5,0,0.75,68.8,12,SRC_STATCAN_2021_PROFILE,SRC_STATCAN_2021_DA_GEOGRAPHY,Screening dataset - not property validated,2026-07-27,"Candidate is market-zone centroid; transit, real estate, price and property data not collected; estimated median income from DA aggregation."
ST--SOUTHEAST-ST-3KM,Ontario,,M0009,St. Catharines,ST--SOUTHEAST-ST,Southeast St. Catharines,Mixed Residential Market,0,ST--SOUTHEAST-ST-C,Southeast St. Catharines centroid candidate,Approximate market-zone centroid; no property address collected,43.148749,-79.217101,3,28136,,0.027999999999999997,11.22,1504.6,3963,0.23475263008245664,4285,0.25380295706568096,7141,0.25380295706568096,7377,2868,0.3902040816326531,2544,0.34485563237088246,80153,69409,8505,7047,1467,0.4907039899728431,0.1724867724867725,,,,,,,,,,,,2,2,,0,0,0,2,0.71,0.71,14068,3571,3571,0,1.5,1.5,,,,,,,,,,2,1,0,2,2,,,,0,0,,0,,1.5,0,,1,1,2,0,,,,,,,,,,58.9,12.8,18.3,,22.5,,29.4,5,2,147,Insufficient data,2021,2026-07-27,,1,0.82,0,0.75,80.1,12,SRC_STATCAN_2021_PROFILE,SRC_STATCAN_2021_DA_GEOGRAPHY,Screening dataset - not property validated,2026-07-27,"Candidate is market-zone centroid; transit, real estate, price and property data not collected; estimated median income from DA aggregation."
HAM-WEST-HAMILTO-3KM,Ontario,,M0004,Hamilton,HAM-WEST-HAMILTO,West Hamilton,Higher-Income Suburban Market,0,HAM-WEST-HAMILTO-C,West Hamilton centroid candidate,Approximate market-zone centroid; no property address collected,43.237192,-79.954336,3,58640,,0.06,83.53,702,11253,0.19190038165205203,12710,0.21674357688805215,12710,0.2167462482946794,22155,5505,0.24847664184157076,4602,0.2077183480027082,133151,110894,30141,26763,3414,0.5498982925476176,0.11326764208221358,,,,,,,,,,,,6,2,,3,3,4,2,1.02,0.34,9773,2118,6355,0,1.42,2.71,,,,,,,,,,1,5,4,6,6,,,,0,0,,0,,1.67,0,,1,1,2,0,,,,,,,,,,41.7,34.5,74.7,,15,,29.3,21,3,148,Insufficient data,2021,2026-07-27,,1,0.52,0,0.75,69.3,12,SRC_STATCAN_2021_PROFILE,SRC_STATCAN_2021_DA_GEOGRAPHY,Screening dataset - not property validated,2026-07-27,"Candidate is market-zone centroid; transit, real estate, price and property data not collected; estimated median income from DA aggregation."
HAM-SOUTH-HAMILT-5KM,Ontario,,M0004,Hamilton,HAM-SOUTH-HAMILT,South Hamilton,Mixed Residential Market,0,HAM-SOUTH-HAMILT-C,South Hamilton centroid candidate,Approximate market-zone centroid; no property address collected,43.211881,-79.874986,5,111366,,0.06,50.13,2221.5,21750,0.19530197726415602,24558,0.2205161359840526,24558,0.2205161359840526,39910,11145,0.27879924953095686,5400,0.1353044349787021,103515,92425,54150,46880,7230,0.5109815248787399,0.1335180055401662,,,,,,,,,,,,14,3,,6,3,8,6,1.26,0.27,7955,1754,8186,0,0.98,1.09,,,,,,,,,,1,9,8,14,14,,,,0,0,,0,,1.29,0,,1,1,2,0,,,,,,,,,,50.9,34.5,49.6,,11.8,,29.2,22,3,149,Insufficient data,2021,2026-07-27,,1,0.54,0,0.75,70,12,SRC_STATCAN_2021_PROFILE,SRC_STATCAN_2021_DA_GEOGRAPHY,Screening dataset - not property validated,2026-07-27,"Candidate is market-zone centroid; transit, real estate, price and property data not collected; estimated median income from DA aggregation."
HAM-SOUTHEAST-HA-1KM,Ontario,,M0004,Hamilton,HAM-SOUTHEAST-HA,Southeast Hamilton,Higher-Income Suburban Market,0,HAM-SOUTHEAST-HA-C,Southeast Hamilton centroid candidate,Approximate market-zone centroid; no property address collected,43.195201,-79.792599,1,11405,,0.06,13.59,839.5,2294,0.2011327967454013,2582,0.22641906465358513,2582,0.22639193336256028,3858,837,0.2172333246820659,417,0.10808709175738725,115206,103356,5896,5202,716,0.5715855400505438,0.12143826322930801,,,,,,,,,,,,1,1,,0,0,0,1,0.88,0.88,11405,2582,2582,0,0.19,0.19,,,,,,,,,,1,1,0,1,1,,,,0,0,,0,,2,0,,1,1,2,0,,,,,,,,,,41.2,34.5,64.5,,17.8,,28.8,23,2,150,Insufficient data,2021,2026-07-27,,1,0.65,0,0.75,74,12,SRC_STATCAN_2021_PROFILE,SRC_STATCAN_2021_DA_GEOGRAPHY,Screening dataset - not property validated,2026-07-27,"Candidate is market-zone centroid; transit, real estate, price and property data not collected; estimated median income from DA aggregation."
LON-SOUTHWEST-LO-5KM,Ontario,,M0007,London,LON-SOUTHWEST-LO,Southwest London,Higher-Income Suburban Market,0,LON-SOUTHWEST-LO-C,Southwest London centroid candidate,Approximate market-zone centroid; no property address collected,42.956733,-81.328666,5,39910,,0.1,43.68,913.7,5275,0.1321723878727136,6239,0.15632673515409673,6239,0.15632673515409673,15795,3435,0.21774960380348654,2485,0.15732826843937955,140410,115527,19115,17030,2065,0.5227935533384497,0.10803034266283024,,,,,,,,,,,,8,3,,3,1,2,6,2,0.75,4989,780,2080,0,2.11,2.11,,,,,,,,,,2,3,3,8,8,,,,0,0,,0,,1,0,,1,1,2,0,,,,,,,,,,36.1,61.5,81,,6.7,,28.6,20,3,151,Insufficient data,2021,2026-07-27,,1,0.76,0,0.75,77.7,12,SRC_STATCAN_2021_PROFILE,SRC_STATCAN_2021_DA_GEOGRAPHY,Screening dataset - not property validated,2026-07-27,"Candidate is market-zone centroid; transit, real estate, price and property data not collected; estimated median income from DA aggregation."
BAR-SOUTHWEST-BA-3KM,Ontario,,M0001,Barrie,BAR-SOUTHWEST-BA,Southwest Barrie,Higher-Income Suburban Market,0,BAR-SOUTHWEST-BA-C,Southwest Barrie centroid candidate,Approximate market-zone centroid; no property address collected,44.344212,-79.714389,3,35348,,0.045,24.82,907.8,4719,0.2094261749434163,5367,0.23818399680468647,8419,0.23817471992757724,7923,1953,0.24705882352941178,1404,0.1772056039379023,118557,106091,12783,11265,1524,0.6213801092172762,0.11922084017836189,,,,,,,,,,,,4,2,,1,0,1,3,1.13,0.57,8837,2105,4210,0,0.76,0.76,,,,,,,,,,1,3,2,4,4,,,,0,0,,0,,1.5,0,,1,1,2,0,,,,,,,,,,45.1,24.3,68.2,,13.4,,28.4,10,1,152,Insufficient data,2021,2026-07-27,,1,0.6,0,0.75,72.2,12,SRC_STATCAN_2021_PROFILE,SRC_STATCAN_2021_DA_GEOGRAPHY,Screening dataset - not property validated,2026-07-27,"Candidate is market-zone centroid; transit, real estate, price and property data not collected; estimated median income from DA aggregation."
WIN-NORTHEAST-2--3KM,Ontario,,M0012,Windsor,WIN-NORTHEAST-2-,Northeast 2 Windsor,Mixed Residential Market,0,WIN-NORTHEAST-2--C,Northeast 2 Windsor centroid candidate,Approximate market-zone centroid; no property address collected,42.312907,-82.971922,3,41438,,0.057,11.32,2226.7,4788,0.18991860631158075,5290,0.20981484125850824,8694,0.20980742313818235,11445,3786,0.3316688567674113,2889,0.2524246395806029,81797,68848,11799,9456,2340,0.44620611551528877,0.19832189168573605,,,,,,,,,,,,4,2,,0,0,2,2,0.97,0.48,10360,2174,4347,0,1.34,1.34,,,,,,,,,,1,1,1,4,4,,,,0,0,,0,,0.75,0,,1,1,2,0,,,,,,,,,,55.3,32.4,17.6,,16,,28.4,13,2,153,Insufficient data,2021,2026-07-27,,1,0.73,0,0.75,76.6,12,SRC_STATCAN_2021_PROFILE,SRC_STATCAN_2021_DA_GEOGRAPHY,Screening dataset - not property validated,2026-07-27,"Candidate is market-zone centroid; transit, real estate, price and property data not collected; estimated median income from DA aggregation."
LON-SOUTHEAST-LO-5KM,Ontario,,M0007,London,LON-SOUTHEAST-LO,Southeast London,Lower-Density Residential Market,0,LON-SOUTHEAST-LO-C,Southeast London centroid candidate,Approximate market-zone centroid; no property address collected,42.957284,-81.199035,5,48497,,0.1,78.48,618,9680,0.1995999752562014,10798,0.2226529476050065,10798,0.2226529476050065,19125,6015,0.31450980392156863,3890,0.20339869281045753,86952,77900,24210,20925,3200,0.5326460481099656,0.13217678645187939,,,,,,,,,,,,8,1,,4,2,3,5,1.65,0.21,6062,1350,10798,0,2.55,2.67,,,,,,,,,,1,4,4,8,8,,,,0,0,,0,,1.13,0,,1,1,2,0,,,,,,,,,,48.3,61.5,29.9,,8.5,,28.2,21,3,154,Insufficient data,2021,2026-07-27,,1,0.62,0,0.75,72.9,12,SRC_STATCAN_2021_PROFILE,SRC_STATCAN_2021_DA_GEOGRAPHY,Screening dataset - not property validated,2026-07-27,"Candidate is market-zone centroid; transit, real estate, price and property data not collected; estimated median income from DA aggregation."
GRE-WEST-GREATER-5KM,Ontario,,M0002,Greater Sudbury / Grand Sudbury,GRE-WEST-GREATER,West Greater Sudbury / Grand Sudbury,Lower-Density Residential Market,0,GRE-WEST-GREATER-C,West Greater Sudbury / Grand Sudbury centroid candidate,Approximate market-zone centroid; no property address collected,46.579991,-81.216544,5,19950,,0.027999999999999997,548.53,36.4,3340,0.1674185463659148,3738,0.18736842105263157,3738,0.18736842105263157,8365,2085,0.24880668257756564,1440,0.17214584578601316,106627,93289,9785,9110,680,0.5502869223799456,0.06949412365866121,,,,,,,,,,,,1,1,,0,0,0,1,0.5,0.5,19950,3738,3738,0,1.38,1.38,,,,,,,,,,1,1,0,1,1,,,,0,0,,0,,2,0,,1,1,2,0,,,,,,,,,,38.6,12.8,50.8,,32.7,,28.1,14,2,155,Insufficient data,2021,2026-07-27,,1,0.65,0,0.75,74,12,SRC_STATCAN_2021_PROFILE,SRC_STATCAN_2021_DA_GEOGRAPHY,Screening dataset - not property validated,2026-07-27,"Candidate is market-zone centroid; transit, real estate, price and property data not collected; estimated median income from DA aggregation."
ST--SOUTHWEST-ST-3KM,Ontario,,M0009,St. Catharines,ST--SOUTHWEST-ST,Southwest St. Catharines,Lower-Density Residential Market,0,ST--SOUTHWEST-ST-C,Southwest St. Catharines centroid candidate,Approximate market-zone centroid; no property address collected,43.141598,-79.259964,3,24134,,0.027999999999999997,18.5,803,3261,0.21948067681621775,3643,0.24516415620078344,5917,0.24517278528217454,6072,2181,0.3588351431391905,1677,0.27618577075098816,104352,82199,7566,6354,1200,0.5114706592610481,0.1586042823156225,,,,,,,,,,,,2,1,,1,1,1,1,0.83,0.41,12067,2959,5917,0,1.68,2.9,,,,,,,,,,1,1,1,2,2,,,,0,0,,0,,1.5,0,,1,1,2,0,,,,,,,,,,52.5,12.8,35.7,,19,,28,6,2,156,Insufficient data,2021,2026-07-27,,1,0.72,0,0.75,76.6,12,SRC_STATCAN_2021_PROFILE,SRC_STATCAN_2021_DA_GEOGRAPHY,Screening dataset - not property validated,2026-07-27,"Candidate is market-zone centroid; transit, real estate, price and property data not collected; estimated median income from DA aggregation."
BAR-SOUTHWEST-BA-1KM,Ontario,,M0001,Barrie,BAR-SOUTHWEST-BA,Southwest Barrie,Higher-Income Suburban Market,0,BAR-SOUTHWEST-BA-C,Southwest Barrie centroid candidate,Approximate market-zone centroid; no property address collected,44.344212,-79.714389,1,7640,,0.045,8.27,907.8,1573,0.2094261749434163,1789,0.23818399680468647,1820,0.23821989528795812,2641,651,0.24705882352941178,468,0.1772056039379023,118557,106091,4261,3755,508,0.6213801092172762,0.11922084017836189,,,,,,,,,,,,1,1,,0,0,0,1,1.31,1.31,7640,1820,1820,0,0.76,0.76,,,,,,,,,,1,1,0,1,1,,,,0,0,,0,,2,0,,1,1,2,0,,,,,,,,,,45.1,24.3,68.2,,11.3,,27.9,11,2,157,Insufficient data,2021,2026-07-27,,1,0.65,0,0.75,74,12,SRC_STATCAN_2021_PROFILE,SRC_STATCAN_2021_DA_GEOGRAPHY,Screening dataset - not property validated,2026-07-27,"Candidate is market-zone centroid; transit, real estate, price and property data not collected; estimated median income from DA aggregation."
BAR-SOUTHWEST-BA-5KM,Ontario,,M0001,Barrie,BAR-SOUTHWEST-BA,Southwest Barrie,Higher-Income Suburban Market,0,BAR-SOUTHWEST-BA-C,Southwest Barrie centroid candidate,Approximate market-zone centroid; no property address collected,44.344212,-79.714389,5,37555,,0.045,41.37,907.8,7865,0.2094261749434163,8945,0.23818399680468647,8945,0.23818399680468647,13205,3255,0.24705882352941178,2340,0.1772056039379023,118557,106091,21305,18775,2540,0.6213801092172762,0.11922084017836189,,,,,,,,,,,,6,2,,3,2,2,4,1.6,0.53,6259,1491,4473,0,0.76,0.76,,,,,,,,,,1,5,4,6,6,,,,0,0,,0,,1.67,0,,1,1,2,0,,,,,,,,,,45.1,24.3,68.2,,8.9,,27.3,12,3,158,Insufficient data,2021,2026-07-27,,1,0.58,0,0.75,71.7,12,SRC_STATCAN_2021_PROFILE,SRC_STATCAN_2021_DA_GEOGRAPHY,Screening dataset - not property validated,2026-07-27,"Candidate is market-zone centroid; transit, real estate, price and property data not collected; estimated median income from DA aggregation."
KIN-WEST-KINGSTO-5KM,Ontario,,M0005,Kingston,KIN-WEST-KINGSTO,West Kingston,Higher-Income Suburban Market,0,KIN-WEST-KINGSTO-C,West Kingston centroid candidate,Approximate market-zone centroid; no property address collected,44.25483,-76.585041,5,50806,,0.07,143.85,353.2,8535,0.1679919694524269,9671,0.19035153328347046,9671,0.19035153328347046,20060,5030,0.25043564849390093,3225,0.16076769690927217,114665,100898,25900,23200,2695,0.5546921697549313,0.10405405405405405,,,,,,,,,,,,6,3,,3,2,1,5,1.18,0.59,8468,1612,3224,0,0.57,0.88,,,,,,,,,,1,5,5,6,6,,,,0,0,,0,,1.83,0,,1,1,2,0,,,,,,,,,,39.1,41.2,61.2,,12.7,,27.1,10,1,159,Insufficient data,2021,2026-07-27,,1,0.67,0,0.75,74.9,12,SRC_STATCAN_2021_PROFILE,SRC_STATCAN_2021_DA_GEOGRAPHY,Screening dataset - not property validated,2026-07-27,"Candidate is market-zone centroid; transit, real estate, price and property data not collected; estimated median income from DA aggregation."
HAM-SOUTHEAST-HA-5KM,Ontario,,M0004,Hamilton,HAM-SOUTHEAST-HA,Southeast Hamilton,Higher-Income Suburban Market,0,HAM-SOUTHEAST-HA-C,Southeast Hamilton centroid candidate,Approximate market-zone centroid; no property address collected,43.195201,-79.792599,5,57027,,0.06,67.93,839.5,11470,0.2011327967454013,12912,0.22641906465358513,12912,0.22641906465358513,19290,4185,0.2172333246820659,2085,0.10808709175738725,115206,103356,29480,26010,3580,0.5715855400505438,0.12143826322930801,,,,,,,,,,,,8,2,,5,3,3,5,1.4,0.35,7128,1614,6456,0,0.19,0.19,,,,,,,,,,1,7,6,8,8,,,,0,0,,0,,1.75,0,,1,1,2,0,,,,,,,,,,41.2,34.5,64.5,,10.4,,26.9,24,3,160,Insufficient data,2021,2026-07-27,,1,0.57,0,0.75,71.4,12,SRC_STATCAN_2021_PROFILE,SRC_STATCAN_2021_DA_GEOGRAPHY,Screening dataset - not property validated,2026-07-27,"Candidate is market-zone centroid; transit, real estate, price and property data not collected; estimated median income from DA aggregation."
KIN-WEST-KINGSTO-3KM,Ontario,,M0005,Kingston,KIN-WEST-KINGSTO,West Kingston,Higher-Income Suburban Market,0,KIN-WEST-KINGSTO-C,West Kingston centroid candidate,Approximate market-zone centroid; no property address collected,44.25483,-76.585041,3,40081,,0.07,86.31,353.2,5121,0.1679919694524269,5803,0.19035153328347046,7629,0.190339562386168,12036,3018,0.25043564849390093,1935,0.16076769690927217,114665,100898,15540,13920,1617,0.5546921697549313,0.10405405405405405,,,,,,,,,,,,5,3,,2,2,1,4,1.25,0.75,8016,1526,2543,0,0.57,0.88,,,,,,,,,,1,4,4,5,5,,,,0,0,,0,,1.8,0,,1,1,2,0,,,,,,,,,,39.1,41.2,61.2,,11.9,,26.9,11,2,161,Insufficient data,2021,2026-07-27,,1,0.68,0,0.75,75,12,SRC_STATCAN_2021_PROFILE,SRC_STATCAN_2021_DA_GEOGRAPHY,Screening dataset - not property validated,2026-07-27,"Candidate is market-zone centroid; transit, real estate, price and property data not collected; estimated median income from DA aggregation."
ST--NORTHEAST-ST-3KM,Ontario,,M0009,St. Catharines,ST--NORTHEAST-ST,Northeast St. Catharines,Mixed Residential Market,0,ST--NORTHEAST-ST-C,Northeast St. Catharines centroid candidate,Approximate market-zone centroid; no property address collected,43.193865,-79.222639,3,41440,,0.027999999999999997,11.87,2187.2,4377,0.16862373445518006,4885,0.18817900235772733,7798,0.18817567567567567,11100,3726,0.3358572201189832,2850,0.25675675675675674,85928,74827,12357,10407,1959,0.4768384879725086,0.15853362466618112,,,,,,,,,,,,5,2,,2,1,2,3,1.21,0.48,8288,1560,3899,0,0.86,2.07,,,,,,,,,,1,3,3,5,5,,,,0,0,,0,,1.4,0,,1,1,2,0,,,,,,,,,,55.6,12.8,25.7,,12.4,,26.4,7,2,162,Insufficient data,2021,2026-07-27,,1,0.71,0,0.75,76.1,12,SRC_STATCAN_2021_PROFILE,SRC_STATCAN_2021_DA_GEOGRAPHY,Screening dataset - not property validated,2026-07-27,"Candidate is market-zone centroid; transit, real estate, price and property data not collected; estimated median income from DA aggregation."
THU-SOUTHWEST-TH-5KM,Ontario,,M0010,Thunder Bay,THU-SOUTHWEST-TH,Southwest Thunder Bay,Mixed Residential Market,0,THU-SOUTHWEST-TH-C,Southwest Thunder Bay centroid candidate,Approximate market-zone centroid; no property address collected,48.380083,-89.284354,5,27465,,0.009000000000000001,21.89,1254.7,5475,0.1993446204259967,5993,0.21820498816675768,5993,0.21820498816675768,12125,3495,0.286123618501842,2640,0.2177319587628866,89433,78988,13245,11830,1400,0.513232104121475,0.10570026425066063,,,,,,,,,,,,2,1,,1,0,0,2,0.73,0.36,13733,2997,5993,0,1.96,3.99,,,,,,,,,,1,1,1,2,2,,,,0,0,,0,,1.5,0,,1,1,2,0,,,,,,,,,,50.2,0,31.4,,21.9,,26.2,10,3,163,Insufficient data,2021,2026-07-27,,1,0.93,0,0.75,83.6,12,SRC_STATCAN_2021_PROFILE,SRC_STATCAN_2021_DA_GEOGRAPHY,Screening dataset - not property validated,2026-07-27,"Candidate is market-zone centroid; transit, real estate, price and property data not collected; estimated median income from DA aggregation."
THU-SOUTHEAST-TH-3KM,Ontario,,M0010,Thunder Bay,THU-SOUTHEAST-TH,Southeast Thunder Bay,Value-Oriented Rental Market,0,THU-SOUTHEAST-TH-C,Southeast Thunder Bay centroid candidate,Approximate market-zone centroid; no property address collected,48.387888,-89.247167,3,14334,,0.009000000000000001,17.28,570,2415,0.24520255863539445,2593,0.2632348461772769,3773,0.2632203153341705,4686,2136,0.454661558109834,1827,0.38988476312419973,70030,60023,4647,3999,639,0.4918819188191882,0.13750806972240154,,,,,,,,,,,,1,1,,0,0,0,1,0.7,0.7,14334,3773,3773,0,1.79,1.79,,,,,,,,,,1,0,0,1,1,,,,0,0,,0,,1,0,,1,1,2,0,,,,,,,,,,56.3,0,5.6,,22.9,,26,11,2,164,Insufficient data,2021,2026-07-27,,1,1,0,0.75,86.3,12,SRC_STATCAN_2021_PROFILE,SRC_STATCAN_2021_DA_GEOGRAPHY,Screening dataset - not property validated,2026-07-27,"Candidate is market-zone centroid; transit, real estate, price and property data not collected; estimated median income from DA aggregation."
WIN-NORTHEAST-2--5KM,Ontario,,M0012,Windsor,WIN-NORTHEAST-2-,Northeast 2 Windsor,Mixed Residential Market,0,WIN-NORTHEAST-2--C,Northeast 2 Windsor centroid candidate,Approximate market-zone centroid; no property address collected,42.312907,-82.971922,5,42018,,0.057,18.87,2226.7,7980,0.18991860631158075,8816,0.20981484125850824,8816,0.20981484125850824,19075,6310,0.3316688567674113,4815,0.2524246395806029,81797,68848,19665,15760,3900,0.44620611551528877,0.19832189168573605,,,,,,,,,,,,10,4,,2,2,5,5,2.38,0.95,4202,882,2204,0,1.34,1.34,,,,,,,,,,1,4,4,10,10,,,,0,0,,0,,0.9,0,,1,1,2,0,,,,,,,,,,55.3,32.4,17.6,,5.3,,25.7,14,3,165,Insufficient data,2021,2026-07-27,,1,0.66,0,0.75,74.2,12,SRC_STATCAN_2021_PROFILE,SRC_STATCAN_2021_DA_GEOGRAPHY,Screening dataset - not property validated,2026-07-27,"Candidate is market-zone centroid; transit, real estate, price and property data not collected; estimated median income from DA aggregation."
KIN-WEST-KINGSTO-1KM,Ontario,,M0005,Kingston,KIN-WEST-KINGSTO,West Kingston,Higher-Income Suburban Market,0,KIN-WEST-KINGSTO-C,West Kingston centroid candidate,Approximate market-zone centroid; no property address collected,44.25483,-76.585041,1,10161,,0.07,28.77,353.2,1707,0.1679919694524269,1934,0.19035153328347046,1934,0.19033559689006987,4012,1006,0.25043564849390093,645,0.16076769690927217,114665,100898,5180,4640,539,0.5546921697549313,0.10405405405405405,,,,,,,,,,,,2,1,,1,1,1,1,1.97,0.98,5081,967,1934,0,0.57,0.88,,,,,,,,,,1,1,1,2,2,,,,0,0,,0,,1.5,0,,1,1,2,0,,,,,,,,,,39.1,41.2,61.2,,6.8,,25.6,12,3,166,Insufficient data,2021,2026-07-27,,1,0.72,0,0.75,76.6,12,SRC_STATCAN_2021_PROFILE,SRC_STATCAN_2021_DA_GEOGRAPHY,Screening dataset - not property validated,2026-07-27,"Candidate is market-zone centroid; transit, real estate, price and property data not collected; estimated median income from DA aggregation."
ST--NORTHWEST-ST-3KM,Ontario,,M0009,St. Catharines,ST--NORTHWEST-ST,Northwest St. Catharines,Mixed Residential Market,0,ST--NORTHWEST-ST-C,Northwest St. Catharines centroid candidate,Approximate market-zone centroid; no property address collected,43.18149,-79.257891,3,39375,,0.027999999999999997,16.12,1513.1,4470,0.18330790807539,4920,0.20176172432459033,7944,0.20175238095238096,10773,3747,0.34694444444444444,3366,0.31244778613199664,91510,77032,11838,10110,1737,0.49617196702002353,0.14673086670045615,,,,,,,,,,,,7,2,,2,3,5,2,1.78,0.51,5625,1135,3972,0,1.07,1.07,,,,,,,,,,1,3,3,7,7,,,,0,0,,0,,1,0,,1,1,2,0,,,,,,,,,,54.6,12.8,28.7,,7.8,,25.2,8,2,167,Insufficient data,2021,2026-07-27,,1,0.56,0,0.75,70.8,12,SRC_STATCAN_2021_PROFILE,SRC_STATCAN_2021_DA_GEOGRAPHY,Screening dataset - not property validated,2026-07-27,"Candidate is market-zone centroid; transit, real estate, price and property data not collected; estimated median income from DA aggregation."
ST--NORTHEAST-ST-5KM,Ontario,,M0009,St. Catharines,ST--NORTHEAST-ST,Northeast St. Catharines,Mixed Residential Market,0,ST--NORTHEAST-ST-C,Northeast St. Catharines centroid candidate,Approximate market-zone centroid; no property address collected,43.193865,-79.222639,5,43262,,0.027999999999999997,19.78,2187.2,7295,0.16862373445518006,8141,0.18817900235772733,8141,0.18817900235772733,18500,6210,0.3358572201189832,4750,0.25675675675675674,85928,74827,20595,17345,3265,0.4768384879725086,0.15853362466618112,,,,,,,,,,,,8,3,,2,2,4,4,1.85,0.69,5408,1018,2714,0,0.86,2.07,,,,,,,,,,1,4,4,8,8,,,,0,0,,0,,1.13,0,,1,1,2,0,,,,,,,,,,55.6,12.8,25.7,,7.4,,25.2,9,3,168,Insufficient data,2021,2026-07-27,,1,0.64,0,0.75,73.6,12,SRC_STATCAN_2021_PROFILE,SRC_STATCAN_2021_DA_GEOGRAPHY,Screening dataset - not property validated,2026-07-27,"Candidate is market-zone centroid; transit, real estate, price and property data not collected; estimated median income from DA aggregation."
ST--NORTHWEST-ST-5KM,Ontario,,M0009,St. Catharines,ST--NORTHWEST-ST,Northwest St. Catharines,Mixed Residential Market,0,ST--NORTHWEST-ST-C,Northwest St. Catharines centroid candidate,Approximate market-zone centroid; no property address collected,43.18149,-79.257891,5,40642,,0.027999999999999997,26.86,1513.1,7450,0.18330790807539,8200,0.20176172432459033,8200,0.20176172432459033,17955,6245,0.34694444444444444,5610,0.31244778613199664,91510,77032,19730,16850,2895,0.49617196702002353,0.14673086670045615,,,,,,,,,,,,9,3,,3,3,5,4,2.21,0.74,4516,911,2733,0,1.07,1.07,,,,,,,,,,1,5,5,9,9,,,,0,0,,0,,1.22,0,,1,1,2,0,,,,,,,,,,54.6,12.8,28.7,,5.8,,24.7,10,3,169,Insufficient data,2021,2026-07-27,,1,0.62,0,0.75,72.8,12,SRC_STATCAN_2021_PROFILE,SRC_STATCAN_2021_DA_GEOGRAPHY,Screening dataset - not property validated,2026-07-27,"Candidate is market-zone centroid; transit, real estate, price and property data not collected; estimated median income from DA aggregation."
GRE-WEST-GREATER-3KM,Ontario,,M0002,Greater Sudbury / Grand Sudbury,GRE-WEST-GREATER,West Greater Sudbury / Grand Sudbury,Lower-Density Residential Market,0,GRE-WEST-GREATER-C,West Greater Sudbury / Grand Sudbury centroid candidate,Approximate market-zone centroid; no property address collected,46.579991,-81.216544,3,11970,,0.027999999999999997,329.12,36.4,2004,0.1674185463659148,2243,0.18736842105263157,2243,0.18738512949039265,5019,1251,0.24880668257756564,864,0.17214584578601316,106627,93289,5871,5466,408,0.5502869223799456,0.06949412365866121,,,,,,,,,,,,1,1,,0,0,0,1,0.84,0.84,11970,2243,2243,0,1.38,1.38,,,,,,,,,,1,1,0,1,1,,,,0,0,,0,,2,0,,1,1,2,0,,,,,,,,,,38.6,12.8,50.8,,18.8,,24.6,15,3,170,Insufficient data,2021,2026-07-27,,1,0.65,0,0.75,74,12,SRC_STATCAN_2021_PROFILE,SRC_STATCAN_2021_DA_GEOGRAPHY,Screening dataset - not property validated,2026-07-27,"Candidate is market-zone centroid; transit, real estate, price and property data not collected; estimated median income from DA aggregation."
ST--SOUTHEAST-ST-5KM,Ontario,,M0009,St. Catharines,ST--SOUTHEAST-ST,Southeast St. Catharines,Mixed Residential Market,0,ST--SOUTHEAST-ST-C,Southeast St. Catharines centroid candidate,Approximate market-zone centroid; no property address collected,43.148749,-79.217101,5,28136,,0.027999999999999997,18.7,1504.6,6605,0.23475263008245664,7141,0.25380295706568096,7141,0.25380295706568096,12295,4780,0.3902040816326531,4240,0.34485563237088246,80153,69409,14175,11745,2445,0.4907039899728431,0.1724867724867725,,,,,,,,,,,,9,5,,3,2,3,6,3.2,1.78,3126,793,1428,0,1.5,1.5,,,,,,,,,,3,6,5,9,9,,,,0,0,,0,,1.56,0,,1,1,2,0,,,,,,,,,,58.9,12.8,18.3,,3.4,,24.6,11,3,171,Insufficient data,2021,2026-07-27,,1,0.7,0,0.75,75.8,12,SRC_STATCAN_2021_PROFILE,SRC_STATCAN_2021_DA_GEOGRAPHY,Screening dataset - not property validated,2026-07-27,"Candidate is market-zone centroid; transit, real estate, price and property data not collected; estimated median income from DA aggregation."
WIN-SOUTH-WINDSO-5KM,Ontario,,M0012,Windsor,WIN-SOUTH-WINDSO,South Windsor,Higher-Income Suburban Market,0,WIN-SOUTH-WINDSO-C,South Windsor centroid candidate,Approximate market-zone centroid; no property address collected,42.259511,-82.996954,5,48189,,0.057,53.64,898.4,8905,0.18479321006868787,10329,0.2143435223806263,10329,0.2143435223806263,16440,2185,0.13274605103280682,730,0.04440389294403893,119744,102827,23340,19505,3780,0.49833929483903927,0.16195372750642673,,,,,,,,,,,,7,3,,2,0,2,5,1.45,0.62,6884,1476,3443,0,0.59,1.73,,,,,,,,,,1,3,3,7,7,,,,0,0,,0,,1,0,,1,1,2,0,,,,,,,,,,35.6,32.4,63.8,,10,,24.6,15,3,172,Insufficient data,2021,2026-07-27,,1,0.77,0,0.75,78.3,12,SRC_STATCAN_2021_PROFILE,SRC_STATCAN_2021_DA_GEOGRAPHY,Screening dataset - not property validated,2026-07-27,"Candidate is market-zone centroid; transit, real estate, price and property data not collected; estimated median income from DA aggregation."
ST--SOUTHWEST-ST-5KM,Ontario,,M0009,St. Catharines,ST--SOUTHWEST-ST,Southwest St. Catharines,Lower-Density Residential Market,0,ST--SOUTHWEST-ST-C,Southwest St. Catharines centroid candidate,Approximate market-zone centroid; no property address collected,43.141598,-79.259964,5,24763,,0.027999999999999997,30.84,803,5435,0.21948067681621775,6071,0.24516415620078344,6071,0.24516415620078344,10120,3635,0.3588351431391905,2795,0.27618577075098816,104352,82199,12610,10590,2000,0.5114706592610481,0.1586042823156225,,,,,,,,,,,,6,4,,1,1,2,4,2.42,1.62,4127,1012,1518,0,1.68,2.9,,,,,,,,,,3,3,2,6,6,,,,0,0,,0,,1.33,0,,1,1,2,0,,,,,,,,,,52.5,12.8,35.7,,5.2,,24.5,12,3,173,Insufficient data,2021,2026-07-27,,1,0.7,0,0.75,75.8,12,SRC_STATCAN_2021_PROFILE,SRC_STATCAN_2021_DA_GEOGRAPHY,Screening dataset - not property validated,2026-07-27,"Candidate is market-zone centroid; transit, real estate, price and property data not collected; estimated median income from DA aggregation."
THU-SOUTHEAST-TH-5KM,Ontario,,M0010,Thunder Bay,THU-SOUTHEAST-TH,Southeast Thunder Bay,Value-Oriented Rental Market,0,THU-SOUTHEAST-TH-C,Southeast Thunder Bay centroid candidate,Approximate market-zone centroid; no property address collected,48.387888,-89.247167,5,16415,,0.009000000000000001,28.8,570,4025,0.24520255863539445,4321,0.2632348461772769,4321,0.2632348461772769,7810,3560,0.454661558109834,3045,0.38988476312419973,70030,60023,7745,6665,1065,0.4918819188191882,0.13750806972240154,,,,,,,,,,,,2,1,,1,0,0,2,1.22,0.61,8208,2161,4321,0,1.79,1.79,,,,,,,,,,1,1,1,2,2,,,,0,0,,0,,1.5,0,,1,1,2,0,,,,,,,,,,56.3,0,5.6,,12.3,,23.3,12,3,174,Insufficient data,2021,2026-07-27,,1,0.93,0,0.75,83.6,12,SRC_STATCAN_2021_PROFILE,SRC_STATCAN_2021_DA_GEOGRAPHY,Screening dataset - not property validated,2026-07-27,"Candidate is market-zone centroid; transit, real estate, price and property data not collected; estimated median income from DA aggregation."